# Blender 3.4.1
# www.blender.org
mtllib OWL.mtl
o OWL.001
v -0.710273 2.840086 -0.047627
v -0.710273 2.840086 -0.724304
v 0.805050 2.840086 -0.047627
v 0.805050 2.840086 -0.724304
v -0.710273 4.859282 -0.047627
v -0.710273 4.859282 -0.724304
v 0.805050 4.859282 -0.724304
v 0.805050 4.859282 -0.047627
v 0.299942 2.840086 -0.724304
v -0.205165 2.840086 -0.724304
v -0.205165 2.840086 -0.047627
v 0.299942 2.840086 -0.047627
v 0.299942 4.859841 -0.047627
v -0.205165 4.859841 -0.047627
v -0.205165 5.376787 -0.724304
v 0.299942 5.376787 -0.724304
v 0.483618 5.371851 -0.724304
v 0.651987 5.371851 -0.724304
v 0.483618 2.840086 -0.047627
v 0.719590 2.840086 -0.047627
v 0.426674 5.376787 -0.724304
v 0.708930 4.859282 -0.724304
v 0.719590 2.840086 -0.724304
v 0.483618 2.840086 -0.724304
v 0.660468 5.371851 -0.047627
v 0.483618 5.371851 -0.047627
v 0.708930 4.859282 -0.047627
v 0.426674 5.121906 -0.047627
v -0.373535 2.840086 -0.724304
v -0.609506 2.840086 -0.724304
v -0.373535 5.371851 -0.047627
v -0.550385 5.371851 -0.047627
v -0.301400 5.122465 -0.047627
v -0.614040 4.859282 -0.047627
v -0.541904 5.371851 -0.724304
v -0.373535 5.371851 -0.724304
v -0.609506 2.840086 -0.047627
v -0.373535 2.840086 -0.047627
v -0.614040 4.859282 -0.724304
v -0.301400 5.376787 -0.724304
v -0.359281 5.320833 -0.047627
v -0.558879 5.316801 -0.047627
v 0.665872 5.321329 -0.047627
v 0.472835 5.322006 -0.047627
v 0.660468 5.371851 -0.723829
v 0.483618 5.371851 -0.723829
v -0.373535 5.371851 -0.723829
v -0.550385 5.371851 -0.723829
v -0.709776 2.849995 -0.047851
v -0.709776 2.849995 -0.724080
v 0.804543 2.849995 -0.047851
v 0.804543 2.849995 -0.724080
v -0.709776 2.276824 -0.047851
v -0.709776 2.276824 -0.724080
v 0.804543 2.276824 -0.047851
v 0.804543 2.276824 -0.724080
v 0.291375 2.849995 -0.724080
v -0.190087 2.849995 -0.724080
v -0.190087 2.849995 -0.047851
v 0.291375 2.849995 -0.047851
v 0.291375 2.276824 -0.724080
v -0.190087 2.276824 -0.724080
v -0.190087 2.276824 -0.047851
v 0.291375 2.276824 -0.047851
v 0.483324 2.849995 -0.047851
v 0.721074 2.849995 -0.047851
v 0.483324 2.276824 -0.047851
v 0.721074 2.276824 -0.047851
v 0.721074 2.849995 -0.724080
v 0.483324 2.849995 -0.724080
v 0.721074 2.276824 -0.724080
v 0.483324 2.276824 -0.724080
v -0.373261 2.849995 -0.724080
v -0.611011 2.849995 -0.724080
v -0.373261 2.276824 -0.724080
v -0.611011 2.276824 -0.724080
v -0.611011 2.849995 -0.047851
v -0.373261 2.849995 -0.047851
v -0.611011 2.276824 -0.047851
v -0.373261 2.276824 -0.047851
v -0.709776 1.456579 -0.047851
v -0.709776 1.456579 -0.724080
v -0.190087 1.456579 -0.724080
v -0.190087 1.456579 -0.047851
v -0.373261 1.456579 -0.724080
v -0.611011 1.456579 -0.724080
v -0.611011 1.456579 -0.047851
v -0.373261 1.456579 -0.047851
v 0.804543 1.465593 -0.047851
v 0.804543 1.465593 -0.724080
v 0.291375 1.465593 -0.724080
v 0.291375 1.465593 -0.047851
v 0.483324 1.465593 -0.047851
v 0.721074 1.465593 -0.047851
v 0.721074 1.465593 -0.724080
v 0.483324 1.465593 -0.724080
v 0.804543 2.771835 -0.724080
v -0.709776 2.771835 -0.724080
v -0.709776 2.771835 -0.047851
v 0.804543 2.771835 -0.047851
v 0.291375 2.771835 -0.047851
v -0.190087 2.771835 -0.047851
v -0.190087 2.771835 -0.724080
v 0.291375 2.771835 -0.724080
v 0.721074 2.771835 -0.047851
v 0.483324 2.771835 -0.047851
v 0.483324 2.771835 -0.724080
v 0.721074 2.771835 -0.724080
v -0.611011 2.771835 -0.724080
v -0.373261 2.771835 -0.724080
v -0.373261 2.771835 -0.047851
v -0.611011 2.771835 -0.047851
v -0.352204 7.519506 0.299068
v -0.352204 7.519506 0.471680
v -0.073916 7.379974 0.299068
v -0.073916 7.379974 0.471680
v -0.333899 7.208735 0.299068
v -0.333899 7.208735 0.471680
v 0.068176 7.621974 0.202264
v 0.068176 7.621974 0.568483
v 0.398418 7.049977 0.202264
v 0.398418 7.049977 0.568483
v -0.262067 7.049977 0.202264
v -0.262067 7.049977 0.568483
v 0.517516 7.519506 0.471680
v 0.517516 7.519506 0.299068
v 0.239229 7.379973 0.471680
v 0.239229 7.379973 0.299068
v 0.499211 7.208735 0.471680
v 0.499211 7.208735 0.299068
v -0.944627 5.418746 0.626838
v -0.944626 7.444349 0.626838
v -0.944627 5.418746 -1.398767
v -0.944626 7.444349 -1.398767
v 1.080979 5.418745 0.626838
v 1.080979 7.444349 0.626838
v 1.080979 5.418745 -1.398767
v 1.080978 7.444349 -1.398767
v 0.706077 5.418746 -1.398767
v -0.569726 5.418746 -1.398767
v -0.569726 7.444349 -1.398767
v 0.706078 7.444349 -1.398767
v -0.569726 5.418746 0.626838
v 0.706077 5.418746 0.626838
v 0.706078 7.444349 0.626838
v -0.569726 7.444349 0.626838
v -0.944626 7.042321 0.626838
v -0.944626 7.042321 -1.398767
v 1.080978 7.042321 -1.398767
v 1.080979 7.042321 0.626838
v 0.706077 7.042321 0.626838
v -0.569725 7.042321 0.626838
v -0.569725 7.042321 -1.398767
v 0.706077 7.042321 -1.398767
v -0.348449 7.139187 0.513671
v -0.348448 7.077058 0.740748
v -0.266786 7.131143 0.513671
v -0.278906 7.070209 0.740748
v -0.188262 7.107324 0.513671
v -0.212037 7.049924 0.740748
v -0.115893 7.068641 0.513671
v -0.150410 7.016983 0.740748
v -0.052461 7.016583 0.513671
v -0.096393 6.972653 0.740748
v -0.000404 6.953153 0.513671
v -0.052062 6.918635 0.740748
v 0.038278 6.880784 0.513671
v -0.019122 6.857009 0.740748
v 0.062098 6.802259 0.513671
v 0.001162 6.790139 0.740748
v 0.070141 6.720597 0.513671
v 0.008012 6.720597 0.740748
v 0.062097 6.638935 0.513671
v 0.001162 6.651055 0.740748
v 0.038278 6.560410 0.513671
v -0.019122 6.584186 0.740748
v -0.000405 6.488041 0.513671
v -0.052063 6.522558 0.740748
v -0.052462 6.424610 0.513671
v -0.096393 6.468542 0.740748
v -0.115893 6.372553 0.513671
v -0.150410 6.424212 0.740748
v -0.188262 6.333871 0.513671
v -0.212037 6.391270 0.740748
v -0.266786 6.310050 0.513671
v -0.278907 6.370986 0.740748
v -0.348449 6.302008 0.513671
v -0.348448 6.364136 0.740748
v -0.430111 6.310051 0.513671
v -0.417991 6.370986 0.740748
v -0.508636 6.333872 0.513671
v -0.484860 6.391271 0.740748
v -0.581004 6.372553 0.513671
v -0.546487 6.424211 0.740748
v -0.644435 6.424610 0.513671
v -0.600504 6.468542 0.740748
v -0.696493 6.488042 0.513671
v -0.644834 6.522558 0.740748
v -0.735174 6.560410 0.513671
v -0.677775 6.584186 0.740748
v -0.758994 6.638935 0.513671
v -0.698060 6.651054 0.740748
v -0.767038 6.720597 0.513671
v -0.704909 6.720597 0.740748
v -0.758994 6.802260 0.513671
v -0.698059 6.790139 0.740748
v -0.735174 6.880784 0.513671
v -0.677775 6.857009 0.740748
v -0.696492 6.953153 0.513671
v -0.644834 6.918636 0.740748
v -0.644435 7.016584 0.513671
v -0.600504 6.972653 0.740748
v -0.581004 7.068641 0.513671
v -0.546487 7.016983 0.740748
v -0.508635 7.107324 0.513671
v -0.484860 7.049924 0.740748
v -0.430110 7.131143 0.513671
v -0.417990 7.070209 0.740748
v -0.266786 7.131143 0.740748
v -0.348449 7.139187 0.740748
v -0.188262 7.107324 0.740748
v -0.115893 7.068641 0.740748
v -0.052461 7.016583 0.740748
v -0.000404 6.953153 0.740748
v 0.038278 6.880784 0.740748
v 0.062098 6.802259 0.740748
v 0.070141 6.720597 0.740748
v 0.062097 6.638935 0.740748
v 0.038278 6.560410 0.740748
v -0.000405 6.488041 0.740748
v -0.052462 6.424610 0.740748
v -0.115893 6.372553 0.740748
v -0.188262 6.333871 0.740748
v -0.266786 6.310050 0.740748
v -0.348449 6.302008 0.740748
v -0.430111 6.310051 0.740748
v -0.508636 6.333872 0.740748
v -0.581004 6.372553 0.740748
v -0.644435 6.424610 0.740748
v -0.696493 6.488042 0.740748
v -0.735174 6.560410 0.740748
v -0.758994 6.638935 0.740748
v -0.767038 6.720597 0.740748
v -0.758994 6.802260 0.740748
v -0.735174 6.880784 0.740748
v -0.696492 6.953153 0.740748
v -0.644435 7.016584 0.740748
v -0.581004 7.068641 0.740748
v -0.508635 7.107324 0.740748
v -0.430110 7.131143 0.740748
v -0.278906 7.070209 0.687591
v -0.348448 7.077058 0.687591
v -0.212037 7.049924 0.687591
v -0.150410 7.016983 0.687591
v -0.096393 6.972653 0.687591
v -0.052062 6.918635 0.687591
v -0.019122 6.857009 0.687591
v 0.001162 6.790139 0.687591
v 0.008012 6.720597 0.687591
v 0.001162 6.651055 0.687591
v -0.019122 6.584186 0.687591
v -0.052063 6.522558 0.687591
v -0.096393 6.468542 0.687591
v -0.150410 6.424212 0.687591
v -0.212037 6.391270 0.687591
v -0.278907 6.370986 0.687591
v -0.348448 6.364136 0.687591
v -0.417991 6.370986 0.687591
v -0.484860 6.391271 0.687591
v -0.546487 6.424211 0.687591
v -0.600504 6.468542 0.687591
v -0.644834 6.522558 0.687591
v -0.677775 6.584186 0.687591
v -0.698060 6.651054 0.687591
v -0.704909 6.720597 0.687591
v -0.698059 6.790139 0.687591
v -0.677775 6.857009 0.687591
v -0.644834 6.918636 0.687591
v -0.600504 6.972653 0.687591
v -0.546487 7.016983 0.687591
v -0.484860 7.049924 0.687591
v -0.417990 7.070209 0.687591
v 0.505854 7.139186 0.513671
v 0.505854 7.077058 0.740748
v 0.587517 7.131143 0.513671
v 0.575397 7.070209 0.740748
v 0.666041 7.107324 0.513671
v 0.642266 7.049923 0.740748
v 0.738411 7.068641 0.513671
v 0.703894 7.016983 0.740748
v 0.801841 7.016584 0.513671
v 0.757910 6.972653 0.740748
v 0.853899 6.953153 0.513671
v 0.802241 6.918636 0.740748
v 0.892581 6.880784 0.513671
v 0.835182 6.857009 0.740748
v 0.916400 6.802259 0.513671
v 0.855466 6.790139 0.740748
v 0.924444 6.720597 0.513671
v 0.862315 6.720597 0.740748
v 0.916400 6.638935 0.513671
v 0.855466 6.651055 0.740748
v 0.892580 6.560410 0.513671
v 0.835181 6.584186 0.740748
v 0.853898 6.488042 0.513671
v 0.802241 6.522558 0.740748
v 0.801842 6.424611 0.513671
v 0.757911 6.468542 0.740748
v 0.738410 6.372553 0.513671
v 0.703894 6.424211 0.740748
v 0.666041 6.333872 0.513671
v 0.642266 6.391270 0.740748
v 0.587518 6.310050 0.513671
v 0.575397 6.370986 0.740748
v 0.505854 6.302008 0.513671
v 0.505854 6.364136 0.740748
v 0.424192 6.310051 0.513671
v 0.436312 6.370986 0.740748
v 0.345667 6.333872 0.513671
v 0.369443 6.391271 0.740748
v 0.273299 6.372553 0.513671
v 0.307815 6.424212 0.740748
v 0.209867 6.424610 0.513671
v 0.253799 6.468542 0.740748
v 0.157810 6.488042 0.513671
v 0.209468 6.522558 0.740748
v 0.119129 6.560410 0.513671
v 0.176528 6.584185 0.740748
v 0.095309 6.638935 0.513671
v 0.156243 6.651055 0.740748
v 0.087266 6.720597 0.513671
v 0.149394 6.720597 0.740748
v 0.095309 6.802260 0.513671
v 0.156243 6.790139 0.740748
v 0.119129 6.880785 0.513671
v 0.176528 6.857009 0.740748
v 0.157811 6.953153 0.513671
v 0.209469 6.918636 0.740748
v 0.209868 7.016584 0.513671
v 0.253800 6.972653 0.740748
v 0.273299 7.068641 0.513671
v 0.307816 7.016984 0.740748
v 0.345668 7.107324 0.513671
v 0.369444 7.049924 0.740748
v 0.424192 7.131143 0.513671
v 0.436313 7.070209 0.740748
v 0.587517 7.131143 0.740748
v 0.505854 7.139186 0.740748
v 0.666041 7.107324 0.740748
v 0.738411 7.068641 0.740748
v 0.801841 7.016584 0.740748
v 0.853899 6.953153 0.740748
v 0.892581 6.880784 0.740748
v 0.916400 6.802259 0.740748
v 0.924444 6.720597 0.740748
v 0.916400 6.638935 0.740748
v 0.892580 6.560410 0.740748
v 0.853898 6.488042 0.740748
v 0.801842 6.424611 0.740748
v 0.738410 6.372553 0.740748
v 0.666041 6.333872 0.740748
v 0.587518 6.310050 0.740748
v 0.505854 6.302008 0.740748
v 0.424192 6.310051 0.740748
v 0.345667 6.333872 0.740748
v 0.273299 6.372553 0.740748
v 0.209867 6.424610 0.740748
v 0.157810 6.488042 0.740748
v 0.119129 6.560410 0.740748
v 0.095309 6.638935 0.740748
v 0.087266 6.720597 0.740748
v 0.095309 6.802260 0.740748
v 0.119129 6.880785 0.740748
v 0.157811 6.953153 0.740748
v 0.209868 7.016584 0.740748
v 0.273299 7.068641 0.740748
v 0.345668 7.107324 0.740748
v 0.424192 7.131143 0.740748
v 0.575397 7.070209 0.687591
v 0.505854 7.077058 0.687591
v 0.642266 7.049923 0.687591
v 0.703894 7.016983 0.687591
v 0.757910 6.972653 0.687591
v 0.802241 6.918636 0.687591
v 0.835182 6.857009 0.687591
v 0.855466 6.790139 0.687591
v 0.862315 6.720597 0.687591
v 0.855466 6.651055 0.687591
v 0.835181 6.584186 0.687591
v 0.802241 6.522558 0.687591
v 0.757911 6.468542 0.687591
v 0.703894 6.424211 0.687591
v 0.642266 6.391270 0.687591
v 0.575397 6.370986 0.687591
v 0.505854 6.364136 0.687591
v 0.436312 6.370986 0.687591
v 0.369443 6.391271 0.687591
v 0.307815 6.424212 0.687591
v 0.253799 6.468542 0.687591
v 0.209468 6.522558 0.687591
v 0.176528 6.584185 0.687591
v 0.156243 6.651055 0.687591
v 0.149394 6.720597 0.687591
v 0.156243 6.790139 0.687591
v 0.176528 6.857009 0.687591
v 0.209469 6.918636 0.687591
v 0.253800 6.972653 0.687591
v 0.307816 7.016984 0.687591
v 0.369444 7.049924 0.687591
v 0.436313 7.070209 0.687591
v -0.451320 6.516100 0.725297
v -0.451320 6.790994 0.725297
v -0.451320 6.516100 0.592108
v -0.451320 6.790994 0.592108
v -0.176425 6.516100 0.725297
v -0.176425 6.790994 0.725297
v -0.176425 6.516100 0.592108
v -0.176425 6.790994 0.592108
v -0.227303 6.516100 0.592108
v -0.400442 6.516099 0.592108
v -0.400442 6.790995 0.592108
v -0.227303 6.790994 0.592108
v -0.400442 6.516099 0.725297
v -0.227303 6.516100 0.725297
v -0.227303 6.790994 0.725297
v -0.400442 6.790995 0.725297
v -0.451320 6.736436 0.725297
v -0.451320 6.736436 0.592108
v -0.176425 6.736435 0.592108
v -0.176425 6.736435 0.725297
v -0.227303 6.736435 0.725297
v -0.400442 6.736436 0.725297
v -0.400442 6.736436 0.592108
v -0.227303 6.736435 0.592108
v 0.344609 6.516100 0.725297
v 0.344610 6.790994 0.725297
v 0.344609 6.516100 0.592108
v 0.344610 6.790994 0.592108
v 0.619503 6.516100 0.725297
v 0.619504 6.790994 0.725297
v 0.619503 6.516100 0.592108
v 0.619504 6.790994 0.592108
v 0.568625 6.516100 0.592108
v 0.395487 6.516100 0.592108
v 0.395487 6.790994 0.592108
v 0.568626 6.790994 0.592108
v 0.395487 6.516100 0.725297
v 0.568625 6.516100 0.725297
v 0.568626 6.790994 0.725297
v 0.395487 6.790994 0.725297
v 0.344610 6.736434 0.725297
v 0.344610 6.736434 0.592108
v 0.619503 6.736434 0.592108
v 0.619503 6.736434 0.725297
v 0.568625 6.736435 0.725297
v 0.395487 6.736436 0.725297
v 0.395487 6.736436 0.592108
v 0.568625 6.736435 0.592108
v -0.010716 6.253101 0.881145
v 0.163040 6.253101 0.881144
v -0.010717 6.256163 0.626779
v 0.163040 6.256163 0.626779
v -0.010716 6.112649 0.623190
v 0.163039 6.112650 0.623190
v 0.188060 6.252422 0.954640
v -0.035737 6.252422 0.954640
v 0.188060 6.256670 0.627023
v -0.035736 6.256670 0.627023
v 0.188060 6.441572 0.627023
v -0.035737 6.441573 0.627023
v 0.376140 5.424243 -0.541942
v 0.376140 5.424243 -0.226775
v -0.695354 2.862797 -0.051698
v -0.351000 5.364097 -0.205535
v -0.695354 2.862797 -0.720233
v -0.351000 5.364097 -0.566397
v 0.801735 2.862797 -0.051698
v 0.457380 5.364097 -0.205535
v 0.801734 2.862797 -0.720233
v 0.457380 5.364097 -0.566397
v -0.695355 4.857696 -0.051698
v -0.695354 4.857696 -0.720233
v 0.801735 4.857695 -0.720233
v 0.801735 4.857695 -0.051698
v -1.160729 4.857695 -0.051698
v -1.160729 5.364097 -0.051698
v -1.160728 5.364097 -0.720233
v -1.160729 4.857695 -0.720233
v 1.250959 5.364097 -0.720233
v 1.250959 5.364097 -0.051698
v 1.250959 4.857695 -0.720233
v 1.250959 4.857695 -0.051698
v -0.721432 4.857695 -0.051698
v -0.721431 4.857695 -0.720233
v -0.721431 5.364097 -0.720233
v -0.721432 5.364097 -0.051698
v 0.821148 5.364097 -0.051698
v 0.821148 5.364097 -0.720233
v 0.821148 4.857695 -0.720233
v 0.821148 4.857695 -0.051698
v -1.160729 3.095132 -0.051698
v -1.160728 3.095132 -0.720233
v -0.721431 3.095132 -0.051698
v 1.250958 3.095132 -0.720233
v 1.250958 3.095132 -0.051698
v 0.821148 3.095132 -0.720233
v -0.721431 3.095132 -0.720233
v 0.821148 3.095132 -0.051698
v 1.012380 5.364098 -0.051698
v 1.012380 4.857696 -0.720233
v 1.012380 5.364098 -0.720233
v 1.012380 4.857695 -0.051698
v 1.012380 3.095132 -0.720233
v 1.012380 3.095132 -0.051698
v -0.941080 4.857695 -0.051698
v -0.941080 5.364098 -0.720233
v -0.941080 4.857695 -0.720233
v -0.941080 5.364098 -0.051698
v -0.941080 3.095132 -0.051698
v -0.941080 3.095132 -0.720233
v -1.160729 2.803465 -0.051698
v -1.160728 2.803465 -0.720233
v -0.941080 2.803465 -0.051698
v 1.250959 2.803465 -0.720233
v 1.250959 2.803465 -0.051698
v 1.012380 2.803465 -0.720233
v 1.012380 2.803465 -0.051698
v -0.941080 2.803465 -0.720233
v -0.695354 2.296148 -0.051698
v -0.695354 2.296148 -0.720233
v 0.801734 2.296148 -0.051698
v 0.801734 2.296148 -0.720233
v 0.302705 2.862797 -0.720233
v -0.196325 2.862797 -0.720233
v -0.150418 5.364097 -0.566397
v 0.256798 5.364097 -0.566397
v -0.196325 2.862797 -0.051698
v 0.302705 2.862797 -0.051698
v 0.256798 5.364097 -0.205535
v -0.150418 5.364097 -0.205535
v 0.302705 4.857695 -0.051698
v -0.196325 4.857696 -0.051698
v -0.196325 4.857696 -0.720233
v 0.302705 4.857695 -0.720233
v 0.302705 2.296148 -0.720233
v -0.196325 2.296148 -0.720233
v -0.196325 2.296148 -0.051698
v 0.302705 2.296148 -0.051698
v -0.695354 0.712144 -0.720233
v -0.695354 0.712144 -0.051698
v -0.196325 0.712144 -0.720233
v 0.801735 0.712144 -0.051698
v 0.801735 0.712144 -0.720233
v 0.302705 0.712144 -0.051698
v 0.302705 0.712144 -0.720233
v -0.196325 0.712144 -0.051698
v -0.695354 5.364097 -0.051698
v -0.695354 5.364097 -0.720233
v 0.302705 5.364097 -0.720233
v 0.801735 5.364097 -0.720233
v 0.801735 5.364097 -0.051698
v -0.196325 5.364097 -0.051698
v -0.196325 5.364097 -0.720233
v 0.302705 5.364097 -0.051698
v 0.256797 5.454097 -0.566397
v 0.256797 5.454097 -0.205535
v -0.150418 5.454097 -0.566397
v -0.150418 5.454097 -0.205535
v -0.351000 5.454097 -0.205535
v -0.351000 5.454097 -0.566397
v 0.457381 5.454097 -0.566397
v 0.457381 5.454097 -0.205535
v 0.484171 5.364097 -0.720233
v 0.650513 5.364098 -0.720233
v 0.484171 2.862797 -0.051698
v 0.650513 2.862797 -0.051698
v 0.427911 4.857695 -0.720233
v 0.706772 4.857696 -0.720233
v 0.484170 2.296148 -0.051698
v 0.650514 2.296148 -0.051698
v 0.650513 2.862797 -0.720233
v 0.484171 2.862797 -0.720233
v 0.650513 5.364098 -0.051698
v 0.484171 5.364097 -0.051698
v 0.706772 4.857696 -0.051698
v 0.427911 4.857695 -0.051698
v 0.650514 2.296148 -0.720233
v 0.484170 2.296148 -0.720233
v 0.484170 0.712144 -0.051698
v 0.650513 0.712145 -0.051698
v 0.650513 0.712145 -0.720233
v 0.484170 0.712144 -0.720233
v 0.329737 5.364097 -0.566397
v 0.396598 5.364097 -0.566397
v 0.396598 5.364097 -0.205535
v 0.329737 5.364097 -0.205535
v 0.329738 5.454097 -0.566397
v 0.396598 5.454097 -0.566397
v 0.396598 5.454097 -0.205535
v 0.329738 5.454097 -0.205535
v -0.362668 2.862797 -0.720233
v -0.529011 2.862797 -0.720233
v -0.362668 5.364097 -0.051698
v -0.529011 5.364097 -0.051698
v -0.291402 4.857695 -0.051698
v -0.600279 4.857695 -0.051698
v -0.362668 2.296148 -0.720233
v -0.529011 2.296148 -0.720233
v -0.529011 5.364097 -0.720233
v -0.362668 5.364097 -0.720233
v -0.529011 2.862797 -0.051698
v -0.362668 2.862797 -0.051698
v -0.600280 4.857695 -0.720233
v -0.291401 4.857695 -0.720233
v -0.529011 2.296148 -0.051698
v -0.362668 2.296148 -0.051698
v -0.362668 0.712144 -0.720233
v -0.529011 0.712144 -0.720233
v -0.529011 0.712144 -0.051698
v -0.362668 0.712144 -0.051698
v -0.217279 5.364097 -0.205535
v -0.284139 5.364097 -0.205535
v -0.284139 5.364097 -0.566397
v -0.217279 5.364097 -0.566397
v -0.217278 5.454097 -0.205535
v -0.284139 5.454097 -0.205535
v -0.284139 5.454097 -0.566397
v -0.217278 5.454097 -0.566397
v -0.705309 0.523386 -0.043644
v -0.705309 0.988125 -0.244970
v -0.705309 0.523386 -0.729708
v -0.705309 0.988125 -0.528381
v -0.185420 0.523386 -0.043644
v -0.185420 0.988125 -0.244970
v -0.185420 0.523386 -0.729708
v -0.185420 0.988125 -0.528381
v -0.705309 0.838482 -0.244970
v -0.705309 0.838482 -0.528381
v -0.185420 0.838482 -0.528381
v -0.185420 0.838482 -0.244970
v -0.321365 0.783331 0.210243
v -0.185420 0.523386 0.501630
v -0.705309 0.523386 0.501630
v -0.569364 0.783331 0.210243
v -0.705309 0.576257 -0.729708
v -0.185420 0.576257 -0.729708
v -0.185420 0.576257 -0.043644
v -0.705309 0.576257 -0.043644
v -0.185420 0.576257 0.501630
v -0.705309 0.576257 0.501630
v -0.588272 0.783331 0.056939
v -0.705309 1.043276 -0.043644
v -0.705309 1.043276 -0.729708
v -0.185420 1.043276 -0.729708
v -0.185420 1.043276 -0.043644
v -0.705309 0.783331 -0.729708
v -0.185420 0.783331 -0.729708
v -0.302457 0.783331 0.056939
v -0.185420 0.783331 -0.043644
v -0.705309 0.783331 -0.043644
v -0.348820 0.783331 0.327737
v -0.541909 0.783331 0.327737
v -0.345415 0.783331 0.384270
v -0.545314 0.783331 0.384270
v -0.302457 0.783331 0.139000
v -0.588272 0.783331 0.139000
v -0.185420 0.783331 0.501630
v -0.705309 0.783331 0.501630
v -0.321424 0.783331 0.274981
v -0.569305 0.783331 0.274981
v 0.291535 0.523386 -0.043644
v 0.291535 0.988125 -0.244970
v 0.291535 0.523386 -0.729708
v 0.291535 0.988125 -0.528381
v 0.811424 0.523386 -0.043644
v 0.811424 0.988125 -0.244970
v 0.811424 0.523386 -0.729708
v 0.811424 0.988125 -0.528381
v 0.291535 0.838482 -0.244970
v 0.291535 0.838482 -0.528381
v 0.811424 0.838482 -0.528381
v 0.811424 0.838482 -0.244970
v 0.675479 0.783331 0.210243
v 0.811424 0.523386 0.501630
v 0.291535 0.523386 0.501630
v 0.427480 0.783331 0.210243
v 0.291535 0.576257 -0.729708
v 0.811424 0.576257 -0.729708
v 0.811424 0.576257 -0.043644
v 0.291535 0.576257 -0.043644
v 0.811424 0.576257 0.501630
v 0.291535 0.576257 0.501630
v 0.408572 0.783331 0.056939
v 0.291535 1.043276 -0.043644
v 0.291535 1.043276 -0.729708
v 0.811424 1.043276 -0.729708
v 0.811424 1.043276 -0.043644
v 0.291535 0.783331 -0.729708
v 0.811424 0.783331 -0.729708
v 0.694387 0.783331 0.056939
v 0.811424 0.783331 -0.043644
v 0.291535 0.783331 -0.043644
v 0.648024 0.783331 0.327737
v 0.454935 0.783331 0.327737
v 0.651429 0.783331 0.384270
v 0.451530 0.783331 0.384270
v 0.694387 0.783331 0.139000
v 0.408572 0.783331 0.139000
v 0.811424 0.783331 0.501630
v 0.291535 0.783331 0.501630
v 0.675420 0.783331 0.274981
v 0.427539 0.783331 0.274981
v 0.232575 4.109749 -0.045584
v 0.232575 3.655886 -0.045584
v 0.157043 3.655886 -0.045584
v 0.157043 3.991296 -0.045584
v 0.082852 3.961059 -0.045584
v 0.082852 4.040859 -0.045584
v 0.225648 4.109749 -0.045584
v -0.032457 4.109749 -0.045584
v -0.032457 3.655886 -0.045584
v -0.107990 3.655886 -0.045584
v -0.107990 3.991296 -0.045584
v -0.182181 3.961059 -0.045584
v -0.182181 4.040859 -0.045584
v -0.039385 4.109749 -0.045584
v 0.232575 4.109749 -0.091594
v 0.232575 3.655886 -0.091594
v 0.157043 3.655886 -0.091594
v 0.157043 3.991296 -0.091594
v 0.082852 3.961059 -0.091594
v 0.082852 4.040859 -0.091594
v 0.225648 4.109749 -0.091594
v -0.032458 4.109749 -0.091594
v -0.032458 3.655886 -0.091594
v -0.107990 3.655886 -0.091594
v -0.107990 3.991296 -0.091594
v -0.182181 3.961059 -0.091594
v -0.182181 4.040859 -0.091594
v -0.039385 4.109749 -0.091594
v -0.032458 4.109749 -0.091594
v -0.032457 4.109749 -0.045584
v -0.032458 3.655886 -0.091594
v -0.032457 3.655886 -0.045584
v -0.107990 3.655886 -0.091594
v -0.107990 3.655886 -0.045584
v -0.107990 3.991296 -0.091594
v -0.107990 3.991296 -0.045584
v -0.182181 3.961059 -0.091594
v -0.182181 3.961059 -0.045584
v -0.182181 4.040859 -0.091594
v -0.182181 4.040859 -0.045584
v -0.039385 4.109749 -0.091594
v -0.039385 4.109749 -0.045584
v 0.232575 4.109749 -0.091594
v 0.232575 4.109749 -0.045584
v 0.232575 3.655886 -0.091594
v 0.232575 3.655886 -0.045584
v 0.157043 3.655886 -0.091594
v 0.157043 3.655886 -0.045584
v 0.157043 3.991296 -0.091594
v 0.157043 3.991296 -0.045584
v 0.082852 3.961059 -0.091594
v 0.082852 3.961059 -0.045584
v 0.082852 4.040859 -0.091594
v 0.082852 4.040859 -0.045584
v 0.225648 4.109749 -0.091594
v 0.225648 4.109749 -0.045584
v -0.221436 4.506481 -0.740612
v -0.221436 3.673525 -0.740612
v -0.116201 3.673525 -0.740613
v -0.116201 4.289088 -0.740613
v -0.012834 4.233596 -0.740613
v -0.012834 4.380050 -0.740613
v -0.211785 4.506481 -0.740612
v 0.147820 4.506481 -0.740613
v 0.147820 3.673525 -0.740613
v 0.253055 3.673525 -0.740613
v 0.253055 4.289088 -0.740613
v 0.356422 4.233596 -0.740613
v 0.356422 4.380050 -0.740613
v 0.157472 4.506481 -0.740613
v -0.221436 4.506481 -0.676509
v -0.221436 3.673525 -0.676509
v -0.116201 3.673525 -0.676509
v -0.116201 4.289088 -0.676509
v -0.012834 4.233596 -0.676509
v -0.012834 4.380050 -0.676509
v -0.211785 4.506481 -0.676509
v 0.147820 4.506481 -0.676509
v 0.147820 3.673525 -0.676509
v 0.253055 3.673525 -0.676509
v 0.253055 4.289088 -0.676509
v 0.356422 4.233596 -0.676509
v 0.356422 4.380050 -0.676510
v 0.157472 4.506481 -0.676509
v 0.147820 4.506481 -0.676509
v 0.147820 4.506481 -0.740613
v 0.147820 3.673525 -0.676509
v 0.147820 3.673525 -0.740613
v 0.253055 3.673525 -0.676509
v 0.253055 3.673525 -0.740613
v 0.253055 4.289088 -0.676509
v 0.253055 4.289088 -0.740613
v 0.356422 4.233596 -0.676509
v 0.356422 4.233596 -0.740613
v 0.356422 4.380050 -0.676510
v 0.356422 4.380050 -0.740613
v 0.157472 4.506481 -0.676509
v 0.157472 4.506481 -0.740613
v -0.221436 4.506481 -0.676509
v -0.221436 4.506481 -0.740612
v -0.221436 3.673525 -0.676509
v -0.221436 3.673525 -0.740612
v -0.116201 3.673525 -0.676509
v -0.116201 3.673525 -0.740613
v -0.116201 4.289088 -0.676509
v -0.116201 4.289088 -0.740613
v -0.012834 4.233596 -0.676509
v -0.012834 4.233596 -0.740613
v -0.012834 4.380050 -0.676509
v -0.012834 4.380050 -0.740613
v -0.211785 4.506481 -0.676509
v -0.211785 4.506481 -0.740612
v 0.163263 4.394397 -0.046789
v 0.163263 4.287333 -0.046789
v 0.210533 4.287333 -0.046789
v 0.210533 4.262959 -0.046789
v 0.136107 4.262959 -0.046789
v 0.136107 4.394397 -0.046789
v 0.069959 4.394397 -0.046789
v 0.085665 4.311978 -0.046789
v 0.098585 4.394397 -0.046789
v 0.125508 4.394397 -0.046789
v 0.101602 4.262959 -0.046789
v 0.073441 4.262959 -0.046789
v 0.058354 4.337886 -0.046789
v 0.043577 4.262959 -0.046789
v 0.015494 4.262959 -0.046789
v -0.008490 4.394397 -0.046789
v 0.018511 4.394397 -0.046789
v 0.031431 4.311978 -0.046789
v 0.046904 4.394397 -0.046789
v -0.015608 4.332018 -0.046789
v -0.015608 4.325970 -0.046789
v -0.015650 4.322796 -0.046789
v -0.015777 4.319684 -0.046789
v -0.015990 4.316632 -0.046789
v -0.016287 4.313643 -0.046789
v -0.016669 4.310715 -0.046789
v -0.017136 4.307848 -0.046789
v -0.017687 4.305042 -0.046789
v -0.018324 4.302299 -0.046789
v -0.019046 4.299616 -0.046789
v -0.019852 4.296995 -0.046789
v -0.020743 4.294436 -0.046789
v -0.021720 4.291937 -0.046789
v -0.022774 4.289517 -0.046789
v -0.023900 4.287191 -0.046789
v -0.025097 4.284961 -0.046789
v -0.026366 4.282825 -0.046789
v -0.027706 4.280783 -0.046789
v -0.029118 4.278836 -0.046789
v -0.030601 4.276984 -0.046789
v -0.032155 4.275227 -0.046789
v -0.033781 4.273564 -0.046789
v -0.035479 4.271996 -0.046789
v -0.037248 4.270522 -0.046789
v -0.039088 4.269143 -0.046789
v -0.040986 4.267867 -0.046789
v -0.042928 4.266702 -0.046789
v -0.044912 4.265648 -0.046789
v -0.046941 4.264705 -0.046789
v -0.049013 4.263873 -0.046789
v -0.051128 4.263151 -0.046789
v -0.053287 4.262541 -0.046789
v -0.055490 4.262042 -0.046789
v -0.057736 4.261653 -0.046789
v -0.060025 4.261376 -0.046789
v -0.062359 4.261209 -0.046789
v -0.064735 4.261154 -0.046789
v -0.067111 4.261208 -0.046789
v -0.069442 4.261368 -0.046789
v -0.071727 4.261636 -0.046789
v -0.073967 4.262012 -0.046789
v -0.076163 4.262494 -0.046789
v -0.078313 4.263083 -0.046789
v -0.080418 4.263781 -0.046789
v -0.082478 4.264585 -0.046789
v -0.084492 4.265496 -0.046789
v -0.086462 4.266514 -0.046789
v -0.088387 4.267640 -0.046789
v -0.090266 4.268872 -0.046789
v -0.092089 4.270205 -0.046789
v -0.093843 4.271629 -0.046789
v -0.095529 4.273146 -0.046789
v -0.097147 4.274755 -0.046789
v -0.098697 4.276456 -0.046789
v -0.100178 4.278249 -0.046789
v -0.101592 4.280135 -0.046789
v -0.102937 4.282113 -0.046789
v -0.104214 4.284182 -0.046789
v -0.105422 4.286344 -0.046789
v -0.106562 4.288598 -0.046789
v -0.107635 4.290944 -0.046789
v -0.108631 4.293366 -0.046789
v -0.109546 4.295846 -0.046789
v -0.110379 4.298386 -0.046789
v -0.111129 4.300984 -0.046789
v -0.111797 4.303642 -0.046789
v -0.112383 4.306358 -0.046789
v -0.112887 4.309134 -0.046789
v -0.113308 4.311968 -0.046789
v -0.113647 4.314861 -0.046789
v -0.113904 4.317813 -0.046789
v -0.114079 4.320824 -0.046789
v -0.114172 4.323894 -0.046789
v -0.114172 4.331296 -0.046789
v -0.114130 4.334484 -0.046789
v -0.114003 4.337609 -0.046789
v -0.113792 4.340671 -0.046789
v -0.113497 4.343668 -0.046789
v -0.113118 4.346603 -0.046789
v -0.112654 4.349475 -0.046789
v -0.112105 4.352283 -0.046789
v -0.111473 4.355028 -0.046789
v -0.110756 4.357709 -0.046789
v -0.109954 4.360328 -0.046789
v -0.109069 4.362883 -0.046789
v -0.108099 4.365374 -0.046789
v -0.107050 4.367787 -0.046789
v -0.105928 4.370107 -0.046789
v -0.104733 4.372334 -0.046789
v -0.103465 4.374467 -0.046789
v -0.102124 4.376506 -0.046789
v -0.100710 4.378453 -0.046789
v -0.099223 4.380305 -0.046789
v -0.097663 4.382065 -0.046789
v -0.096030 4.383731 -0.046789
v -0.094323 4.385303 -0.046789
v -0.092544 4.386783 -0.046789
v -0.090691 4.388168 -0.046789
v -0.088781 4.389452 -0.046789
v -0.086826 4.390623 -0.046789
v -0.084829 4.391683 -0.046789
v -0.082787 4.392632 -0.046789
v -0.080702 4.393469 -0.046789
v -0.078574 4.394194 -0.046789
v -0.076402 4.394808 -0.046789
v -0.074187 4.395310 -0.046789
v -0.071928 4.395700 -0.046789
v -0.069625 4.395979 -0.046789
v -0.067279 4.396147 -0.046789
v -0.064890 4.396203 -0.046789
v -0.062526 4.396147 -0.046789
v -0.060205 4.395982 -0.046789
v -0.057927 4.395706 -0.046789
v -0.055692 4.395320 -0.046789
v -0.053500 4.394824 -0.046789
v -0.051351 4.394217 -0.046789
v -0.049245 4.393499 -0.046789
v -0.047182 4.392672 -0.046789
v -0.045161 4.391734 -0.046789
v -0.043184 4.390686 -0.046789
v -0.041250 4.389527 -0.046789
v -0.039359 4.388258 -0.046789
v -0.037524 4.386888 -0.046789
v -0.035758 4.385424 -0.046789
v -0.034062 4.383866 -0.046789
v -0.032435 4.382215 -0.046789
v -0.030877 4.380471 -0.046789
v -0.029388 4.378633 -0.046789
v -0.027969 4.376702 -0.046789
v -0.026619 4.374678 -0.046789
v -0.025339 4.372560 -0.046789
v -0.024128 4.370348 -0.046789
v -0.022986 4.368043 -0.046789
v -0.021913 4.365645 -0.046789
v -0.020918 4.363171 -0.046789
v -0.020008 4.360636 -0.046789
v -0.019183 4.358042 -0.046789
v -0.018444 4.355389 -0.046789
v -0.017791 4.352676 -0.046789
v -0.017223 4.349904 -0.046789
v -0.016740 4.347072 -0.046789
v -0.016343 4.344180 -0.046789
v -0.016031 4.341229 -0.046789
v -0.015804 4.338218 -0.046789
v -0.015663 4.335148 -0.046789
v -0.043227 4.325428 -0.046789
v -0.043227 4.331477 -0.046789
v -0.043266 4.334676 -0.046789
v -0.043383 4.337744 -0.046789
v -0.043578 4.340682 -0.046789
v -0.043851 4.343488 -0.046789
v -0.044201 4.346163 -0.046789
v -0.044630 4.348708 -0.046789
v -0.045136 4.351121 -0.046789
v -0.045720 4.353403 -0.046789
v -0.046382 4.355554 -0.046789
v -0.047123 4.357574 -0.046789
v -0.047940 4.359464 -0.046789
v -0.048836 4.361222 -0.046789
v -0.049805 4.362844 -0.046789
v -0.050840 4.364325 -0.046789
v -0.051943 4.365665 -0.046789
v -0.053113 4.366864 -0.046789
v -0.054350 4.367922 -0.046789
v -0.055654 4.368838 -0.046789
v -0.057026 4.369614 -0.046789
v -0.058464 4.370249 -0.046789
v -0.059970 4.370743 -0.046789
v -0.061543 4.371095 -0.046789
v -0.063183 4.371307 -0.046789
v -0.064890 4.371377 -0.046789
v -0.068160 4.371129 -0.046789
v -0.071163 4.370384 -0.046789
v -0.073898 4.369143 -0.046789
v -0.076366 4.367405 -0.046789
v -0.078566 4.365171 -0.046789
v -0.080498 4.362441 -0.046789
v -0.082163 4.359213 -0.046789
v -0.083561 4.355489 -0.046789
v -0.084691 4.351269 -0.046789
v -0.085553 4.346552 -0.046789
v -0.086148 4.341339 -0.046789
v -0.086475 4.335629 -0.046789
v -0.086552 4.325970 -0.046789
v -0.086514 4.322813 -0.046789
v -0.086400 4.319779 -0.046789
v -0.086209 4.316869 -0.046789
v -0.085942 4.314084 -0.046789
v -0.085599 4.311423 -0.046789
v -0.085179 4.308886 -0.046789
v -0.084683 4.306473 -0.046789
v -0.084111 4.304184 -0.046789
v -0.083463 4.302020 -0.046789
v -0.082738 4.299979 -0.046789
v -0.081937 4.298062 -0.046789
v -0.081059 4.296270 -0.046789
v -0.080107 4.294612 -0.046789
v -0.079080 4.293098 -0.046789
v -0.077979 4.291728 -0.046789
v -0.076804 4.290503 -0.046789
v -0.075555 4.289422 -0.046789
v -0.074232 4.288484 -0.046789
v -0.072834 4.287691 -0.046789
v -0.071363 4.287042 -0.046789
v -0.069817 4.286538 -0.046789
v -0.068197 4.286177 -0.046789
v -0.066503 4.285961 -0.046789
v -0.064735 4.285889 -0.046789
v -0.063053 4.285960 -0.046789
v -0.061436 4.286172 -0.046789
v -0.059885 4.286526 -0.046789
v -0.058400 4.287022 -0.046789
v -0.056980 4.287660 -0.046789
v -0.055625 4.288439 -0.046789
v -0.054336 4.289360 -0.046789
v -0.053113 4.290422 -0.046789
v -0.051955 4.291627 -0.046789
v -0.050863 4.292973 -0.046789
v -0.049836 4.294460 -0.046789
v -0.048875 4.296090 -0.046789
v -0.047985 4.297852 -0.046789
v -0.047171 4.299738 -0.046789
v -0.046433 4.301749 -0.046789
v -0.045772 4.303883 -0.046789
v -0.045187 4.306142 -0.046789
v -0.044678 4.308525 -0.046789
v -0.044245 4.311032 -0.046789
v -0.043889 4.313663 -0.046789
v -0.043609 4.316418 -0.046789
v -0.043406 4.319297 -0.046789
v -0.043278 4.322301 -0.046789
v 0.163263 4.394397 -0.062718
v 0.163263 4.287333 -0.062718
v 0.210533 4.287333 -0.062718
v 0.210533 4.262959 -0.062718
v 0.136107 4.262959 -0.062718
v 0.136107 4.394397 -0.062718
v 0.069959 4.394397 -0.062718
v 0.085665 4.311978 -0.062718
v 0.098585 4.394397 -0.062718
v 0.125508 4.394397 -0.062718
v 0.101602 4.262959 -0.062718
v 0.073441 4.262959 -0.062718
v 0.058354 4.337886 -0.062718
v 0.043577 4.262959 -0.062718
v 0.015494 4.262959 -0.062718
v -0.008490 4.394397 -0.062718
v 0.018511 4.394397 -0.062718
v 0.031431 4.311978 -0.062718
v 0.046904 4.394397 -0.062718
v -0.015608 4.332018 -0.062718
v -0.015608 4.325970 -0.062718
v -0.015650 4.322796 -0.062718
v -0.015777 4.319684 -0.062718
v -0.015990 4.316632 -0.062718
v -0.016287 4.313643 -0.062718
v -0.016669 4.310715 -0.062718
v -0.017136 4.307848 -0.062718
v -0.017687 4.305042 -0.062718
v -0.018324 4.302299 -0.062718
v -0.019046 4.299616 -0.062718
v -0.019852 4.296995 -0.062718
v -0.020743 4.294436 -0.062718
v -0.021720 4.291937 -0.062718
v -0.022774 4.289517 -0.062718
v -0.023900 4.287191 -0.062718
v -0.025097 4.284961 -0.062718
v -0.026366 4.282825 -0.062718
v -0.027706 4.280783 -0.062718
v -0.029118 4.278836 -0.062718
v -0.030601 4.276984 -0.062718
v -0.032155 4.275227 -0.062718
v -0.033781 4.273564 -0.062718
v -0.035479 4.271996 -0.062718
v -0.037248 4.270522 -0.062718
v -0.039088 4.269143 -0.062718
v -0.040986 4.267867 -0.062718
v -0.042928 4.266702 -0.062718
v -0.044912 4.265648 -0.062718
v -0.046941 4.264705 -0.062718
v -0.049013 4.263873 -0.062718
v -0.051128 4.263151 -0.062718
v -0.053287 4.262541 -0.062718
v -0.055490 4.262042 -0.062718
v -0.057736 4.261653 -0.062718
v -0.060025 4.261376 -0.062718
v -0.062359 4.261209 -0.062718
v -0.064735 4.261154 -0.062718
v -0.067111 4.261208 -0.062718
v -0.069442 4.261368 -0.062718
v -0.071727 4.261636 -0.062718
v -0.073967 4.262012 -0.062718
v -0.076163 4.262494 -0.062718
v -0.078313 4.263083 -0.062718
v -0.080418 4.263781 -0.062718
v -0.082478 4.264585 -0.062718
v -0.084492 4.265496 -0.062718
v -0.086462 4.266514 -0.062718
v -0.088387 4.267640 -0.062718
v -0.090266 4.268872 -0.062718
v -0.092089 4.270205 -0.062718
v -0.093843 4.271629 -0.062718
v -0.095529 4.273146 -0.062718
v -0.097147 4.274755 -0.062718
v -0.098697 4.276456 -0.062718
v -0.100178 4.278249 -0.062718
v -0.101592 4.280135 -0.062718
v -0.102937 4.282113 -0.062718
v -0.104214 4.284182 -0.062718
v -0.105422 4.286344 -0.062718
v -0.106562 4.288598 -0.062718
v -0.107635 4.290944 -0.062718
v -0.108631 4.293366 -0.062718
v -0.109546 4.295846 -0.062718
v -0.110379 4.298386 -0.062718
v -0.111129 4.300984 -0.062718
v -0.111797 4.303642 -0.062718
v -0.112383 4.306358 -0.062718
v -0.112887 4.309134 -0.062718
v -0.113308 4.311968 -0.062718
v -0.113647 4.314861 -0.062718
v -0.113904 4.317813 -0.062718
v -0.114079 4.320824 -0.062718
v -0.114172 4.323894 -0.062718
v -0.114172 4.331296 -0.062718
v -0.114130 4.334484 -0.062718
v -0.114003 4.337609 -0.062718
v -0.113792 4.340671 -0.062718
v -0.113497 4.343668 -0.062718
v -0.113118 4.346603 -0.062718
v -0.112654 4.349475 -0.062718
v -0.112105 4.352283 -0.062718
v -0.111473 4.355028 -0.062718
v -0.110756 4.357709 -0.062718
v -0.109955 4.360328 -0.062718
v -0.109069 4.362883 -0.062718
v -0.108099 4.365374 -0.062718
v -0.107050 4.367787 -0.062718
v -0.105928 4.370107 -0.062718
v -0.104733 4.372334 -0.062718
v -0.103465 4.374467 -0.062718
v -0.102124 4.376506 -0.062718
v -0.100710 4.378453 -0.062718
v -0.099223 4.380305 -0.062718
v -0.097663 4.382065 -0.062718
v -0.096030 4.383731 -0.062718
v -0.094323 4.385303 -0.062718
v -0.092544 4.386783 -0.062718
v -0.090691 4.388168 -0.062718
v -0.088781 4.389452 -0.062718
v -0.086826 4.390623 -0.062718
v -0.084829 4.391683 -0.062718
v -0.082787 4.392632 -0.062718
v -0.080702 4.393469 -0.062718
v -0.078574 4.394194 -0.062718
v -0.076402 4.394808 -0.062718
v -0.074187 4.395310 -0.062718
v -0.071928 4.395700 -0.062718
v -0.069625 4.395979 -0.062718
v -0.067279 4.396147 -0.062718
v -0.064890 4.396203 -0.062718
v -0.062526 4.396147 -0.062718
v -0.060205 4.395982 -0.062718
v -0.057927 4.395706 -0.062718
v -0.055692 4.395320 -0.062718
v -0.053500 4.394824 -0.062718
v -0.051351 4.394217 -0.062718
v -0.049245 4.393499 -0.062718
v -0.047182 4.392672 -0.062718
v -0.045161 4.391734 -0.062718
v -0.043184 4.390686 -0.062718
v -0.041250 4.389527 -0.062718
v -0.039359 4.388258 -0.062718
v -0.037524 4.386888 -0.062718
v -0.035758 4.385424 -0.062718
v -0.034062 4.383866 -0.062718
v -0.032435 4.382215 -0.062718
v -0.030877 4.380471 -0.062718
v -0.029388 4.378633 -0.062718
v -0.027969 4.376702 -0.062718
v -0.026619 4.374678 -0.062718
v -0.025339 4.372560 -0.062718
v -0.024128 4.370348 -0.062718
v -0.022986 4.368043 -0.062718
v -0.021913 4.365645 -0.062718
v -0.020918 4.363171 -0.062718
v -0.020008 4.360636 -0.062718
v -0.019183 4.358042 -0.062718
v -0.018444 4.355389 -0.062718
v -0.017791 4.352676 -0.062718
v -0.017223 4.349904 -0.062718
v -0.016740 4.347072 -0.062718
v -0.016343 4.344180 -0.062718
v -0.016031 4.341229 -0.062718
v -0.015804 4.338218 -0.062718
v -0.015663 4.335148 -0.062718
v -0.043227 4.325428 -0.062718
v -0.043227 4.331477 -0.062718
v -0.043266 4.334676 -0.062718
v -0.043383 4.337744 -0.062718
v -0.043578 4.340682 -0.062718
v -0.043851 4.343488 -0.062718
v -0.044201 4.346163 -0.062718
v -0.044630 4.348708 -0.062718
v -0.045136 4.351121 -0.062718
v -0.045720 4.353403 -0.062718
v -0.046382 4.355554 -0.062718
v -0.047123 4.357574 -0.062718
v -0.047940 4.359464 -0.062718
v -0.048836 4.361222 -0.062718
v -0.049805 4.362844 -0.062718
v -0.050840 4.364325 -0.062718
v -0.051943 4.365665 -0.062718
v -0.053113 4.366864 -0.062718
v -0.054350 4.367922 -0.062718
v -0.055654 4.368838 -0.062718
v -0.057026 4.369614 -0.062718
v -0.058464 4.370249 -0.062718
v -0.059970 4.370743 -0.062718
v -0.061543 4.371095 -0.062718
v -0.063183 4.371307 -0.062718
v -0.064890 4.371377 -0.062718
v -0.068160 4.371129 -0.062718
v -0.071163 4.370384 -0.062718
v -0.073898 4.369143 -0.062718
v -0.076366 4.367405 -0.062718
v -0.078566 4.365171 -0.062718
v -0.080498 4.362441 -0.062718
v -0.082163 4.359213 -0.062718
v -0.083561 4.355489 -0.062718
v -0.084691 4.351269 -0.062718
v -0.085553 4.346552 -0.062718
v -0.086148 4.341339 -0.062718
v -0.086475 4.335629 -0.062718
v -0.086552 4.325970 -0.062718
v -0.086514 4.322813 -0.062718
v -0.086400 4.319779 -0.062718
v -0.086209 4.316869 -0.062718
v -0.085942 4.314084 -0.062718
v -0.085599 4.311423 -0.062718
v -0.085179 4.308886 -0.062718
v -0.084683 4.306473 -0.062718
v -0.084111 4.304184 -0.062718
v -0.083463 4.302020 -0.062718
v -0.082738 4.299979 -0.062718
v -0.081937 4.298062 -0.062718
v -0.081059 4.296270 -0.062718
v -0.080107 4.294612 -0.062718
v -0.079080 4.293098 -0.062718
v -0.077979 4.291728 -0.062718
v -0.076804 4.290503 -0.062718
v -0.075555 4.289422 -0.062718
v -0.074232 4.288484 -0.062718
v -0.072834 4.287691 -0.062718
v -0.071363 4.287042 -0.062718
v -0.069817 4.286538 -0.062718
v -0.068197 4.286177 -0.062718
v -0.066503 4.285961 -0.062718
v -0.064735 4.285889 -0.062718
v -0.063053 4.285960 -0.062718
v -0.061436 4.286172 -0.062718
v -0.059885 4.286526 -0.062718
v -0.058400 4.287022 -0.062718
v -0.056980 4.287660 -0.062718
v -0.055625 4.288439 -0.062718
v -0.054336 4.289360 -0.062718
v -0.053113 4.290422 -0.062718
v -0.051955 4.291627 -0.062718
v -0.050863 4.292973 -0.062718
v -0.049836 4.294460 -0.062718
v -0.048875 4.296090 -0.062718
v -0.047985 4.297852 -0.062718
v -0.047171 4.299738 -0.062718
v -0.046433 4.301749 -0.062718
v -0.045772 4.303883 -0.062718
v -0.045187 4.306142 -0.062718
v -0.044678 4.308525 -0.062718
v -0.044245 4.311032 -0.062718
v -0.043889 4.313663 -0.062718
v -0.043609 4.316418 -0.062718
v -0.043406 4.319297 -0.062718
v -0.043278 4.322301 -0.062718
v -0.015608 4.332018 -0.062718
v -0.015608 4.332018 -0.046789
v -0.015608 4.325970 -0.062718
v -0.015608 4.325970 -0.046789
v -0.015650 4.322796 -0.062718
v -0.015650 4.322796 -0.046789
v -0.015777 4.319684 -0.062718
v -0.015777 4.319684 -0.046789
v -0.015990 4.316632 -0.062718
v -0.015990 4.316632 -0.046789
v -0.016287 4.313643 -0.062718
v -0.016287 4.313643 -0.046789
v -0.016669 4.310715 -0.062718
v -0.016669 4.310715 -0.046789
v -0.017136 4.307848 -0.062718
v -0.017136 4.307848 -0.046789
v -0.017687 4.305042 -0.062718
v -0.017687 4.305042 -0.046789
v -0.018324 4.302299 -0.062718
v -0.018324 4.302299 -0.046789
v -0.019046 4.299616 -0.062718
v -0.019046 4.299616 -0.046789
v -0.019852 4.296995 -0.062718
v -0.019852 4.296995 -0.046789
v -0.020743 4.294436 -0.062718
v -0.020743 4.294436 -0.046789
v -0.021720 4.291937 -0.062718
v -0.021720 4.291937 -0.046789
v -0.022774 4.289517 -0.062718
v -0.022774 4.289517 -0.046789
v -0.023900 4.287191 -0.062718
v -0.023900 4.287191 -0.046789
v -0.025097 4.284961 -0.062718
v -0.025097 4.284961 -0.046789
v -0.026366 4.282825 -0.062718
v -0.026366 4.282825 -0.046789
v -0.027706 4.280783 -0.062718
v -0.027706 4.280783 -0.046789
v -0.029118 4.278836 -0.062718
v -0.029118 4.278836 -0.046789
v -0.030601 4.276984 -0.062718
v -0.030601 4.276984 -0.046789
v -0.032155 4.275227 -0.062718
v -0.032155 4.275227 -0.046789
v -0.033781 4.273564 -0.062718
v -0.033781 4.273564 -0.046789
v -0.035479 4.271996 -0.062718
v -0.035479 4.271996 -0.046789
v -0.037248 4.270522 -0.062718
v -0.037248 4.270522 -0.046789
v -0.039088 4.269143 -0.062718
v -0.039088 4.269143 -0.046789
v -0.040986 4.267867 -0.062718
v -0.040986 4.267867 -0.046789
v -0.042928 4.266702 -0.062718
v -0.042928 4.266702 -0.046789
v -0.044912 4.265648 -0.062718
v -0.044912 4.265648 -0.046789
v -0.046941 4.264705 -0.062718
v -0.046941 4.264705 -0.046789
v -0.049013 4.263873 -0.062718
v -0.049013 4.263873 -0.046789
v -0.051128 4.263151 -0.062718
v -0.051128 4.263151 -0.046789
v -0.053287 4.262541 -0.062718
v -0.053287 4.262541 -0.046789
v -0.055490 4.262042 -0.062718
v -0.055490 4.262042 -0.046789
v -0.057736 4.261653 -0.062718
v -0.057736 4.261653 -0.046789
v -0.060025 4.261376 -0.062718
v -0.060025 4.261376 -0.046789
v -0.062359 4.261209 -0.062718
v -0.062359 4.261209 -0.046789
v -0.064735 4.261154 -0.062718
v -0.064735 4.261154 -0.046789
v -0.067111 4.261208 -0.062718
v -0.067111 4.261208 -0.046789
v -0.069442 4.261368 -0.062718
v -0.069442 4.261368 -0.046789
v -0.071727 4.261636 -0.062718
v -0.071727 4.261636 -0.046789
v -0.073967 4.262012 -0.062718
v -0.073967 4.262012 -0.046789
v -0.076163 4.262494 -0.062718
v -0.076163 4.262494 -0.046789
v -0.078313 4.263083 -0.062718
v -0.078313 4.263083 -0.046789
v -0.080418 4.263781 -0.062718
v -0.080418 4.263781 -0.046789
v -0.082478 4.264585 -0.062718
v -0.082478 4.264585 -0.046789
v -0.084492 4.265496 -0.062718
v -0.084492 4.265496 -0.046789
v -0.086462 4.266514 -0.062718
v -0.086462 4.266514 -0.046789
v -0.088387 4.267640 -0.062718
v -0.088387 4.267640 -0.046789
v -0.090266 4.268872 -0.062718
v -0.090266 4.268872 -0.046789
v -0.092089 4.270205 -0.062718
v -0.092089 4.270205 -0.046789
v -0.093843 4.271629 -0.062718
v -0.093843 4.271629 -0.046789
v -0.095529 4.273146 -0.062718
v -0.095529 4.273146 -0.046789
v -0.097147 4.274755 -0.062718
v -0.097147 4.274755 -0.046789
v -0.098697 4.276456 -0.062718
v -0.098697 4.276456 -0.046789
v -0.100178 4.278249 -0.062718
v -0.100178 4.278249 -0.046789
v -0.101592 4.280135 -0.062718
v -0.101592 4.280135 -0.046789
v -0.102937 4.282113 -0.062718
v -0.102937 4.282113 -0.046789
v -0.104214 4.284182 -0.062718
v -0.104214 4.284182 -0.046789
v -0.105422 4.286344 -0.062718
v -0.105422 4.286344 -0.046789
v -0.106562 4.288598 -0.062718
v -0.106562 4.288598 -0.046789
v -0.107635 4.290944 -0.062718
v -0.107635 4.290944 -0.046789
v -0.108631 4.293366 -0.062718
v -0.108631 4.293366 -0.046789
v -0.109546 4.295846 -0.062718
v -0.109546 4.295846 -0.046789
v -0.110379 4.298386 -0.062718
v -0.110379 4.298386 -0.046789
v -0.111129 4.300984 -0.062718
v -0.111129 4.300984 -0.046789
v -0.111797 4.303642 -0.062718
v -0.111797 4.303642 -0.046789
v -0.112383 4.306358 -0.062718
v -0.112383 4.306358 -0.046789
v -0.112887 4.309134 -0.062718
v -0.112887 4.309134 -0.046789
v -0.113308 4.311968 -0.062718
v -0.113308 4.311968 -0.046789
v -0.113647 4.314861 -0.062718
v -0.113647 4.314861 -0.046789
v -0.113904 4.317813 -0.062718
v -0.113904 4.317813 -0.046789
v -0.114079 4.320824 -0.062718
v -0.114079 4.320824 -0.046789
v -0.114172 4.323894 -0.062718
v -0.114172 4.323894 -0.046789
v -0.114172 4.331296 -0.062718
v -0.114172 4.331296 -0.046789
v -0.114130 4.334484 -0.062718
v -0.114130 4.334484 -0.046789
v -0.114003 4.337609 -0.062718
v -0.114003 4.337609 -0.046789
v -0.113792 4.340671 -0.062718
v -0.113792 4.340671 -0.046789
v -0.113497 4.343668 -0.062718
v -0.113497 4.343668 -0.046789
v -0.113118 4.346603 -0.062718
v -0.113118 4.346603 -0.046789
v -0.112654 4.349475 -0.062718
v -0.112654 4.349475 -0.046789
v -0.112105 4.352283 -0.062718
v -0.112105 4.352283 -0.046789
v -0.111473 4.355028 -0.062718
v -0.111473 4.355028 -0.046789
v -0.110756 4.357709 -0.062718
v -0.110756 4.357709 -0.046789
v -0.109955 4.360328 -0.062718
v -0.109954 4.360328 -0.046789
v -0.109069 4.362883 -0.062718
v -0.109069 4.362883 -0.046789
v -0.108099 4.365374 -0.062718
v -0.108099 4.365374 -0.046789
v -0.107050 4.367787 -0.062718
v -0.107050 4.367787 -0.046789
v -0.105928 4.370107 -0.062718
v -0.105928 4.370107 -0.046789
v -0.104733 4.372334 -0.062718
v -0.104733 4.372334 -0.046789
v -0.103465 4.374467 -0.062718
v -0.103465 4.374467 -0.046789
v -0.102124 4.376506 -0.062718
v -0.102124 4.376506 -0.046789
v -0.100710 4.378453 -0.062718
v -0.100710 4.378453 -0.046789
v -0.099223 4.380305 -0.062718
v -0.099223 4.380305 -0.046789
v -0.097663 4.382065 -0.062718
v -0.097663 4.382065 -0.046789
v -0.096030 4.383731 -0.062718
v -0.096030 4.383731 -0.046789
v -0.094323 4.385303 -0.062718
v -0.094323 4.385303 -0.046789
v -0.092544 4.386783 -0.062718
v -0.092544 4.386783 -0.046789
v -0.090691 4.388168 -0.062718
v -0.090691 4.388168 -0.046789
v -0.088781 4.389452 -0.062718
v -0.088781 4.389452 -0.046789
v -0.086826 4.390623 -0.062718
v -0.086826 4.390623 -0.046789
v -0.084829 4.391683 -0.062718
v -0.084829 4.391683 -0.046789
v -0.082787 4.392632 -0.062718
v -0.082787 4.392632 -0.046789
v -0.080702 4.393469 -0.062718
v -0.080702 4.393469 -0.046789
v -0.078574 4.394194 -0.062718
v -0.078574 4.394194 -0.046789
v -0.076402 4.394808 -0.062718
v -0.076402 4.394808 -0.046789
v -0.074187 4.395310 -0.062718
v -0.074187 4.395310 -0.046789
v -0.071928 4.395700 -0.062718
v -0.071928 4.395700 -0.046789
v -0.069625 4.395979 -0.062718
v -0.069625 4.395979 -0.046789
v -0.067279 4.396147 -0.062718
v -0.067279 4.396147 -0.046789
v -0.064890 4.396203 -0.062718
v -0.064890 4.396203 -0.046789
v -0.062526 4.396147 -0.062718
v -0.062526 4.396147 -0.046789
v -0.060205 4.395982 -0.062718
v -0.060205 4.395982 -0.046789
v -0.057927 4.395706 -0.062718
v -0.057927 4.395706 -0.046789
v -0.055692 4.395320 -0.062718
v -0.055692 4.395320 -0.046789
v -0.053500 4.394824 -0.062718
v -0.053500 4.394824 -0.046789
v -0.051351 4.394217 -0.062718
v -0.051351 4.394217 -0.046789
v -0.049245 4.393499 -0.062718
v -0.049245 4.393499 -0.046789
v -0.047182 4.392672 -0.062718
v -0.047182 4.392672 -0.046789
v -0.045161 4.391734 -0.062718
v -0.045161 4.391734 -0.046789
v -0.043184 4.390686 -0.062718
v -0.043184 4.390686 -0.046789
v -0.041250 4.389527 -0.062718
v -0.041250 4.389527 -0.046789
v -0.039359 4.388258 -0.062718
v -0.039359 4.388258 -0.046789
v -0.037524 4.386888 -0.062718
v -0.037524 4.386888 -0.046789
v -0.035758 4.385424 -0.062718
v -0.035758 4.385424 -0.046789
v -0.034062 4.383866 -0.062718
v -0.034062 4.383866 -0.046789
v -0.032435 4.382215 -0.062718
v -0.032435 4.382215 -0.046789
v -0.030877 4.380471 -0.062718
v -0.030877 4.380471 -0.046789
v -0.029388 4.378633 -0.062718
v -0.029388 4.378633 -0.046789
v -0.027969 4.376702 -0.062718
v -0.027969 4.376702 -0.046789
v -0.026619 4.374678 -0.062718
v -0.026619 4.374678 -0.046789
v -0.025339 4.372560 -0.062718
v -0.025339 4.372560 -0.046789
v -0.024128 4.370348 -0.062718
v -0.024128 4.370348 -0.046789
v -0.022986 4.368043 -0.062718
v -0.022986 4.368043 -0.046789
v -0.021913 4.365645 -0.062718
v -0.021913 4.365645 -0.046789
v -0.020918 4.363171 -0.062718
v -0.020918 4.363171 -0.046789
v -0.020008 4.360636 -0.062718
v -0.020008 4.360636 -0.046789
v -0.019183 4.358042 -0.062718
v -0.019183 4.358042 -0.046789
v -0.018444 4.355389 -0.062718
v -0.018444 4.355389 -0.046789
v -0.017791 4.352676 -0.062718
v -0.017791 4.352676 -0.046789
v -0.017223 4.349904 -0.062718
v -0.017223 4.349904 -0.046789
v -0.016740 4.347072 -0.062718
v -0.016740 4.347072 -0.046789
v -0.016343 4.344180 -0.062718
v -0.016343 4.344180 -0.046789
v -0.016031 4.341229 -0.062718
v -0.016031 4.341229 -0.046789
v -0.015804 4.338218 -0.062718
v -0.015804 4.338218 -0.046789
v -0.015663 4.335148 -0.062718
v -0.015663 4.335148 -0.046789
v -0.043227 4.325428 -0.062718
v -0.043227 4.325428 -0.046789
v -0.043227 4.331477 -0.062718
v -0.043227 4.331477 -0.046789
v -0.043266 4.334676 -0.062718
v -0.043266 4.334676 -0.046789
v -0.043383 4.337744 -0.062718
v -0.043383 4.337744 -0.046789
v -0.043578 4.340682 -0.062718
v -0.043578 4.340682 -0.046789
v -0.043851 4.343488 -0.062718
v -0.043851 4.343488 -0.046789
v -0.044201 4.346163 -0.062718
v -0.044201 4.346163 -0.046789
v -0.044630 4.348708 -0.062718
v -0.044630 4.348708 -0.046789
v -0.045136 4.351121 -0.062718
v -0.045136 4.351121 -0.046789
v -0.045720 4.353403 -0.062718
v -0.045720 4.353403 -0.046789
v -0.046382 4.355554 -0.062718
v -0.046382 4.355554 -0.046789
v -0.047123 4.357574 -0.062718
v -0.047123 4.357574 -0.046789
v -0.047940 4.359464 -0.062718
v -0.047940 4.359464 -0.046789
v -0.048836 4.361222 -0.062718
v -0.048836 4.361222 -0.046789
v -0.049805 4.362844 -0.062718
v -0.049805 4.362844 -0.046789
v -0.050840 4.364325 -0.062718
v -0.050840 4.364325 -0.046789
v -0.051943 4.365665 -0.062718
v -0.051943 4.365665 -0.046789
v -0.053113 4.366864 -0.062718
v -0.053113 4.366864 -0.046789
v -0.054350 4.367922 -0.062718
v -0.054350 4.367922 -0.046789
v -0.055654 4.368838 -0.062718
v -0.055654 4.368838 -0.046789
v -0.057026 4.369614 -0.062718
v -0.057026 4.369614 -0.046789
v -0.058464 4.370249 -0.062718
v -0.058464 4.370249 -0.046789
v -0.059970 4.370743 -0.062718
v -0.059970 4.370743 -0.046789
v -0.061543 4.371095 -0.062718
v -0.061543 4.371095 -0.046789
v -0.063183 4.371307 -0.062718
v -0.063183 4.371307 -0.046789
v -0.064890 4.371377 -0.062718
v -0.064890 4.371377 -0.046789
v -0.068160 4.371129 -0.062718
v -0.068160 4.371129 -0.046789
v -0.071163 4.370384 -0.062718
v -0.071163 4.370384 -0.046789
v -0.073898 4.369143 -0.062718
v -0.073898 4.369143 -0.046789
v -0.076366 4.367405 -0.062718
v -0.076366 4.367405 -0.046789
v -0.078566 4.365171 -0.062718
v -0.078566 4.365171 -0.046789
v -0.080498 4.362441 -0.062718
v -0.080498 4.362441 -0.046789
v -0.082163 4.359213 -0.062718
v -0.082163 4.359213 -0.046789
v -0.083561 4.355489 -0.062718
v -0.083561 4.355489 -0.046789
v -0.084691 4.351269 -0.062718
v -0.084691 4.351269 -0.046789
v -0.085553 4.346552 -0.062718
v -0.085553 4.346552 -0.046789
v -0.086148 4.341339 -0.062718
v -0.086148 4.341339 -0.046789
v -0.086475 4.335629 -0.062718
v -0.086475 4.335629 -0.046789
v -0.086552 4.325970 -0.062718
v -0.086552 4.325970 -0.046789
v -0.086514 4.322813 -0.062718
v -0.086514 4.322813 -0.046789
v -0.086400 4.319779 -0.062718
v -0.086400 4.319779 -0.046789
v -0.086209 4.316869 -0.062718
v -0.086209 4.316869 -0.046789
v -0.085942 4.314084 -0.062718
v -0.085942 4.314084 -0.046789
v -0.085599 4.311423 -0.062718
v -0.085599 4.311423 -0.046789
v -0.085179 4.308886 -0.062718
v -0.085179 4.308886 -0.046789
v -0.084683 4.306473 -0.062718
v -0.084683 4.306473 -0.046789
v -0.084111 4.304184 -0.062718
v -0.084111 4.304184 -0.046789
v -0.083463 4.302020 -0.062718
v -0.083463 4.302020 -0.046789
v -0.082738 4.299979 -0.062718
v -0.082738 4.299979 -0.046789
v -0.081937 4.298062 -0.062718
v -0.081937 4.298062 -0.046789
v -0.081059 4.296270 -0.062718
v -0.081059 4.296270 -0.046789
v -0.080107 4.294612 -0.062718
v -0.080107 4.294612 -0.046789
v -0.079080 4.293098 -0.062718
v -0.079080 4.293098 -0.046789
v -0.077979 4.291728 -0.062718
v -0.077979 4.291728 -0.046789
v -0.076804 4.290503 -0.062718
v -0.076804 4.290503 -0.046789
v -0.075555 4.289422 -0.062718
v -0.075555 4.289422 -0.046789
v -0.074232 4.288484 -0.062718
v -0.074232 4.288484 -0.046789
v -0.072834 4.287691 -0.062718
v -0.072834 4.287691 -0.046789
v -0.071363 4.287042 -0.062718
v -0.071363 4.287042 -0.046789
v -0.069817 4.286538 -0.062718
v -0.069817 4.286538 -0.046789
v -0.068197 4.286177 -0.062718
v -0.068197 4.286177 -0.046789
v -0.066503 4.285961 -0.062718
v -0.066503 4.285961 -0.046789
v -0.064735 4.285889 -0.062718
v -0.064735 4.285889 -0.046789
v -0.063053 4.285960 -0.062718
v -0.063053 4.285960 -0.046789
v -0.061436 4.286172 -0.062718
v -0.061436 4.286172 -0.046789
v -0.059885 4.286526 -0.062718
v -0.059885 4.286526 -0.046789
v -0.058400 4.287022 -0.062718
v -0.058400 4.287022 -0.046789
v -0.056980 4.287660 -0.062718
v -0.056980 4.287660 -0.046789
v -0.055625 4.288439 -0.062718
v -0.055625 4.288439 -0.046789
v -0.054336 4.289360 -0.062718
v -0.054336 4.289360 -0.046789
v -0.053113 4.290422 -0.062718
v -0.053113 4.290422 -0.046789
v -0.051955 4.291627 -0.062718
v -0.051955 4.291627 -0.046789
v -0.050863 4.292973 -0.062718
v -0.050863 4.292973 -0.046789
v -0.049836 4.294460 -0.062718
v -0.049836 4.294460 -0.046789
v -0.048875 4.296090 -0.062718
v -0.048875 4.296090 -0.046789
v -0.047985 4.297852 -0.062718
v -0.047985 4.297852 -0.046789
v -0.047171 4.299738 -0.062718
v -0.047171 4.299738 -0.046789
v -0.046433 4.301749 -0.062718
v -0.046433 4.301749 -0.046789
v -0.045772 4.303883 -0.062718
v -0.045772 4.303883 -0.046789
v -0.045187 4.306142 -0.062718
v -0.045187 4.306142 -0.046789
v -0.044678 4.308525 -0.062718
v -0.044678 4.308525 -0.046789
v -0.044245 4.311032 -0.062718
v -0.044245 4.311032 -0.046789
v -0.043889 4.313663 -0.062718
v -0.043889 4.313663 -0.046789
v -0.043609 4.316418 -0.062718
v -0.043609 4.316418 -0.046789
v -0.043406 4.319297 -0.062718
v -0.043406 4.319297 -0.046789
v -0.043278 4.322301 -0.062718
v -0.043278 4.322301 -0.046789
v 0.069959 4.394397 -0.062718
v 0.069959 4.394397 -0.046789
v 0.085665 4.311978 -0.062718
v 0.085665 4.311978 -0.046789
v 0.098585 4.394397 -0.062718
v 0.098585 4.394397 -0.046789
v 0.125508 4.394397 -0.062718
v 0.125508 4.394397 -0.046789
v 0.101602 4.262959 -0.062718
v 0.101602 4.262959 -0.046789
v 0.073441 4.262959 -0.062718
v 0.073441 4.262959 -0.046789
v 0.058354 4.337886 -0.062718
v 0.058354 4.337886 -0.046789
v 0.043577 4.262959 -0.062718
v 0.043577 4.262959 -0.046789
v 0.015494 4.262959 -0.062718
v 0.015494 4.262959 -0.046789
v -0.008490 4.394397 -0.062718
v -0.008490 4.394397 -0.046789
v 0.018511 4.394397 -0.062718
v 0.018511 4.394397 -0.046789
v 0.031431 4.311978 -0.062718
v 0.031431 4.311978 -0.046789
v 0.046904 4.394397 -0.062718
v 0.046904 4.394397 -0.046789
v 0.163263 4.394397 -0.062718
v 0.163263 4.394397 -0.046789
v 0.163263 4.287333 -0.062718
v 0.163263 4.287333 -0.046789
v 0.210533 4.287333 -0.062718
v 0.210533 4.287333 -0.046789
v 0.210533 4.262959 -0.062718
v 0.210533 4.262959 -0.046789
v 0.136107 4.262959 -0.062718
v 0.136107 4.262959 -0.046789
v 0.136107 4.394397 -0.062718
v 0.136107 4.394397 -0.046789
vn -0.0000 -0.0000 1.0000
vn 1.0000 -0.0000 -0.0000
vn -0.0000 -0.0000 -1.0000
vn -1.0000 -0.0000 -0.0000
vn -0.0000 1.0000 -0.0000
vn -0.0000 -1.0000 -0.0000
vn 0.4482 0.8939 -0.0000
vn 0.5501 -0.8351 -0.0000
vn -0.9983 -0.0588 -0.0000
vn 0.8660 0.5000 -0.0000
vn -0.8660 0.5000 -0.0000
vn -0.4482 0.8939 -0.0000
vn -0.5501 -0.8351 -0.0000
vn 0.9983 -0.0588 -0.0000
vn 0.1958 0.9806 -0.0000
vn 0.3841 0.9233 -0.0000
vn 0.5573 0.8303 -0.0000
vn 0.7088 0.7054 -0.0000
vn 0.8329 0.5535 -0.0000
vn 0.9247 0.3807 -0.0000
vn 0.9810 0.1939 -0.0000
vn 0.9810 -0.1939 -0.0000
vn 0.9247 -0.3807 -0.0000
vn 0.8329 -0.5535 -0.0000
vn 0.7089 -0.7054 -0.0000
vn 0.5573 -0.8303 -0.0000
vn 0.3841 -0.9233 -0.0000
vn 0.1958 -0.9806 -0.0000
vn -0.1958 -0.9806 -0.0000
vn -0.3840 -0.9233 -0.0000
vn -0.5573 -0.8303 -0.0000
vn -0.7089 -0.7054 -0.0000
vn -0.8329 -0.5535 -0.0000
vn -0.9247 -0.3807 -0.0000
vn -0.9810 -0.1939 -0.0000
vn -0.9810 0.1939 -0.0000
vn -0.9247 0.3807 -0.0000
vn -0.8329 0.5535 -0.0000
vn -0.7088 0.7054 -0.0000
vn -0.5573 0.8303 -0.0000
vn -0.3841 0.9233 -0.0000
vn -0.3841 -0.9233 -0.0000
vn -0.1958 0.9806 -0.0000
vn 0.7088 -0.7054 -0.0000
vn 0.1959 0.9806 -0.0000
vn 0.7089 0.7054 -0.0000
vn -0.7089 0.7054 -0.0000
vn 0.3840 -0.9233 -0.0000
vn -0.7088 -0.7054 -0.0000
vn -0.0000 0.9999 0.0120
vn -0.0000 0.0250 -0.9997
vn -0.0000 -0.8783 0.4782
vn -0.0000 -0.9999 -0.0130
vn -0.0000 0.8660 0.5000
vn 0.3774 -0.9260 -0.0000
vn -0.4345 0.9007 -0.0000
vn -0.2273 0.9738 -0.0000
vn -0.4730 -0.8811 -0.0000
vn 0.5364 0.8440 -0.0000
vn 0.2880 0.9576 -0.0000
vn 0.5363 0.8440 -0.0000
vn -0.0000 0.0001 1.0000
vn -0.0000 0.0003 -1.0000
vn -0.0000 -0.0001 -1.0000
vn -0.0000 0.0001 -1.0000
vn -0.0000 0.0002 -1.0000
vn -0.0000 -0.0003 -1.0000
vn 1.0000 0.0089 -0.0000
vn 1.0000 -0.0067 -0.0000
vn 0.9996 -0.0271 -0.0000
vn 0.9985 -0.0551 -0.0000
vn 0.9965 -0.0841 -0.0000
vn 0.9935 -0.1141 -0.0000
vn 0.9894 -0.1450 -0.0000
vn 0.9842 -0.1769 -0.0000
vn 0.9778 -0.2095 -0.0000
vn 0.9701 -0.2429 -0.0000
vn 0.9609 -0.2769 -0.0000
vn 0.9503 -0.3115 -0.0000
vn 0.9381 -0.3464 -0.0000
vn 0.9243 -0.3817 -0.0000
vn 0.9086 -0.4176 -0.0000
vn 0.8908 -0.4543 -0.0000
vn 0.8707 -0.4918 -0.0000
vn 0.8482 -0.5298 -0.0000
vn 0.8231 -0.5679 -0.0000
vn 0.7954 -0.6061 -0.0000
vn 0.7651 -0.6439 -0.0000
vn 0.7323 -0.6809 -0.0000
vn 0.6971 -0.7170 -0.0000
vn 0.6596 -0.7516 -0.0000
vn 0.6201 -0.7845 -0.0000
vn 0.5791 -0.8153 -0.0000
vn 0.5366 -0.8439 -0.0000
vn 0.4921 -0.8705 -0.0000
vn 0.4456 -0.8952 -0.0000
vn 0.3974 -0.9176 -0.0000
vn 0.3479 -0.9375 -0.0000
vn 0.2975 -0.9547 -0.0000
vn 0.2467 -0.9691 -0.0000
vn 0.1959 -0.9806 -0.0000
vn 0.1454 -0.9894 -0.0000
vn 0.0958 -0.9954 -0.0000
vn 0.0473 -0.9989 -0.0000
vn 0.0004 -1.0000 -0.0000
vn -0.0457 -0.9990 -0.0000
vn -0.0927 -0.9957 -0.0000
vn -0.1409 -0.9900 -0.0000
vn -0.1900 -0.9818 -0.0000
vn -0.2397 -0.9709 -0.0000
vn -0.2895 -0.9572 -0.0000
vn -0.3391 -0.9407 -0.0000
vn -0.3881 -0.9216 -0.0000
vn -0.4359 -0.9000 -0.0000
vn -0.4824 -0.8760 -0.0000
vn -0.5270 -0.8499 -0.0000
vn -0.5696 -0.8219 -0.0000
vn -0.6106 -0.7920 -0.0000
vn -0.6499 -0.7600 -0.0000
vn -0.6873 -0.7264 -0.0000
vn -0.7225 -0.6914 -0.0000
vn -0.7554 -0.6553 -0.0000
vn -0.7859 -0.6184 -0.0000
vn -0.8138 -0.5811 -0.0000
vn -0.8393 -0.5437 -0.0000
vn -0.8622 -0.5065 -0.0000
vn -0.8828 -0.4697 -0.0000
vn -0.9011 -0.4335 -0.0000
vn -0.9173 -0.3981 -0.0000
vn -0.9317 -0.3633 -0.0000
vn -0.9444 -0.3287 -0.0000
vn -0.9557 -0.2944 -0.0000
vn -0.9654 -0.2606 -0.0000
vn -0.9738 -0.2273 -0.0000
vn -0.9809 -0.1947 -0.0000
vn -0.9867 -0.1628 -0.0000
vn -0.9913 -0.1318 -0.0000
vn -0.9948 -0.1016 -0.0000
vn -0.9974 -0.0724 -0.0000
vn -0.9990 -0.0441 -0.0000
vn -0.9999 -0.0151 -0.0000
vn -1.0000 0.0066 -0.0000
vn -0.9996 0.0268 -0.0000
vn -0.9985 0.0546 -0.0000
vn -0.9965 0.0834 -0.0000
vn -0.9936 0.1131 -0.0000
vn -0.9896 0.1439 -0.0000
vn -0.9845 0.1756 -0.0000
vn -0.9781 0.2081 -0.0000
vn -0.9704 0.2414 -0.0000
vn -0.9613 0.2755 -0.0000
vn -0.9507 0.3101 -0.0000
vn -0.9385 0.3452 -0.0000
vn -0.9089 0.4170 -0.0000
vn -0.8909 0.4541 -0.0000
vn -0.8706 0.4919 -0.0000
vn -0.8479 0.5302 -0.0000
vn -0.8226 0.5686 -0.0000
vn -0.7948 0.6069 -0.0000
vn -0.7644 0.6448 -0.0000
vn -0.7315 0.6819 -0.0000
vn -0.6962 0.7178 -0.0000
vn -0.6588 0.7523 -0.0000
vn -0.6194 0.7850 -0.0000
vn -0.5786 0.8156 -0.0000
vn -0.5362 0.8441 -0.0000
vn -0.4917 0.8707 -0.0000
vn -0.4453 0.8954 -0.0000
vn -0.3972 0.9177 -0.0000
vn -0.3478 0.9376 -0.0000
vn -0.2974 0.9547 -0.0000
vn -0.2466 0.9691 -0.0000
vn -0.1454 0.9894 -0.0000
vn -0.0958 0.9954 -0.0000
vn -0.0473 0.9989 -0.0000
vn 0.0473 0.9989 -0.0000
vn 0.0957 0.9954 -0.0000
vn 0.1453 0.9894 -0.0000
vn 0.1957 0.9807 -0.0000
vn 0.2465 0.9691 -0.0000
vn 0.2972 0.9548 -0.0000
vn 0.3475 0.9377 -0.0000
vn 0.3969 0.9179 -0.0000
vn 0.4450 0.8955 -0.0000
vn 0.4914 0.8709 -0.0000
vn 0.5358 0.8443 -0.0000
vn 0.5781 0.8160 -0.0000
vn 0.6187 0.7856 -0.0000
vn 0.6576 0.7533 -0.0000
vn 0.6946 0.7194 -0.0000
vn 0.7294 0.6841 -0.0000
vn 0.7618 0.6478 -0.0000
vn 0.7918 0.6108 -0.0000
vn 0.8192 0.5735 -0.0000
vn 0.8442 0.5361 -0.0000
vn 0.8667 0.4989 -0.0000
vn 0.8868 0.4622 -0.0000
vn 0.9047 0.4261 -0.0000
vn 0.9205 0.3907 -0.0000
vn 0.9347 0.3555 -0.0000
vn 0.9473 0.3204 -0.0000
vn 0.9583 0.2856 -0.0000
vn 0.9679 0.2513 -0.0000
vn 0.9761 0.2175 -0.0000
vn 0.9829 0.1844 -0.0000
vn 0.9884 0.1521 -0.0000
vn 0.9927 0.1206 -0.0000
vn 0.9959 0.0900 -0.0000
vn 0.9982 0.0604 -0.0000
vn 0.9995 0.0318 -0.0000
vn -1.0000 0.0082 -0.0000
vn -1.0000 -0.0061 -0.0000
vn -0.9997 -0.0251 -0.0000
vn -0.9986 -0.0521 -0.0000
vn -0.9967 -0.0814 -0.0000
vn -0.9936 -0.1133 -0.0000
vn -0.9890 -0.1480 -0.0000
vn -0.9826 -0.1857 -0.0000
vn -0.9740 -0.2267 -0.0000
vn -0.9626 -0.2711 -0.0000
vn -0.9477 -0.3191 -0.0000
vn -0.9288 -0.3707 -0.0000
vn -0.9049 -0.4257 -0.0000
vn -0.8754 -0.4833 -0.0000
vn -0.8398 -0.5429 -0.0000
vn -0.7967 -0.6044 -0.0000
vn -0.7449 -0.6672 -0.0000
vn -0.6839 -0.7296 -0.0000
vn -0.6136 -0.7896 -0.0000
vn -0.5348 -0.8450 -0.0000
vn -0.4490 -0.8935 -0.0000
vn -0.3584 -0.9336 -0.0000
vn -0.2657 -0.9641 -0.0000
vn -0.1737 -0.9848 -0.0000
vn -0.0848 -0.9964 -0.0000
vn 0.0173 -0.9999 -0.0000
vn 0.1592 -0.9872 -0.0000
vn 0.3294 -0.9442 -0.0000
vn 0.4982 -0.8671 -0.0000
vn 0.6482 -0.7614 -0.0000
vn 0.7680 -0.6404 -0.0000
vn 0.8552 -0.5183 -0.0000
vn 0.9144 -0.4049 -0.0000
vn 0.9524 -0.3049 -0.0000
vn 0.9757 -0.2192 -0.0000
vn 0.9892 -0.1466 -0.0000
vn 0.9964 -0.0853 -0.0000
vn 0.9995 -0.0326 -0.0000
vn 1.0000 0.0020 -0.0000
vn 0.9997 0.0249 -0.0000
vn 0.9987 0.0516 -0.0000
vn 0.9968 0.0804 -0.0000
vn 0.9937 0.1117 -0.0000
vn 0.9894 0.1456 -0.0000
vn 0.9833 0.1822 -0.0000
vn 0.9751 0.2219 -0.0000
vn 0.9643 0.2647 -0.0000
vn 0.9505 0.3108 -0.0000
vn 0.9329 0.3602 -0.0000
vn 0.9109 0.4127 -0.0000
vn 0.8832 0.4689 -0.0000
vn 0.8481 0.5298 -0.0000
vn 0.8045 0.5940 -0.0000
vn 0.7517 0.6595 -0.0000
vn 0.6893 0.7245 -0.0000
vn 0.6174 0.7866 -0.0000
vn 0.5369 0.8437 -0.0000
vn 0.4495 0.8933 -0.0000
vn 0.3577 0.9338 -0.0000
vn 0.2643 0.9644 -0.0000
vn 0.1723 0.9851 -0.0000
vn 0.0838 0.9965 -0.0000
vn -0.0007 1.0000 -0.0000
vn -0.0864 0.9963 -0.0000
vn -0.1768 0.9842 -0.0000
vn -0.2702 0.9628 -0.0000
vn -0.3639 0.9314 -0.0000
vn -0.4551 0.8904 -0.0000
vn -0.5411 0.8410 -0.0000
vn -0.6197 0.7849 -0.0000
vn -0.6894 0.7244 -0.0000
vn -0.7497 0.6618 -0.0000
vn -0.8006 0.5992 -0.0000
vn -0.8429 0.5381 -0.0000
vn -0.8775 0.4795 -0.0000
vn -0.9059 0.4235 -0.0000
vn -0.9289 0.3703 -0.0000
vn -0.9474 0.3202 -0.0000
vn -0.9619 0.2733 -0.0000
vn -0.9732 0.2298 -0.0000
vn -0.9819 0.1894 -0.0000
vn -0.9884 0.1521 -0.0000
vn -0.9931 0.1176 -0.0000
vn -0.9963 0.0858 -0.0000
vn -0.9984 0.0564 -0.0000
vn -0.9996 0.0293 -0.0000
vn 0.9823 0.1872 -0.0000
vn -0.9879 0.1549 -0.0000
vn 0.9839 -0.1789 -0.0000
vn -0.9803 -0.1974 -0.0000
vn 0.9811 -0.1935 -0.0000
vn -0.9838 -0.1795 -0.0000
vn 0.9879 0.1549 -0.0000
vn -0.9828 0.1845 -0.0000
vt 0.375000 1.000000
vt 0.375000 0.000000
vt 0.375000 0.250000
vt 0.375000 0.750000
vt 0.375000 0.500000
vt 0.562500 1.000000
vt 0.562500 0.000000
vt 0.562500 0.250000
vt 0.562500 0.500000
vt 0.562500 0.750000
vt 0.375000 0.416667
vt 0.375000 0.333333
vt 0.375000 0.916667
vt 0.375000 0.833333
vt 0.562500 0.833333
vt 0.562500 0.916667
vt 0.562500 0.333333
vt 0.562500 0.416667
vt 0.625000 0.446970
vt 0.625000 0.474747
vt 0.375000 0.803030
vt 0.375000 0.775253
vt 0.562500 0.446970
vt 0.562500 0.474747
vt 0.375000 0.474747
vt 0.375000 0.446970
vt 0.625000 0.775253
vt 0.625000 0.803030
vt 0.562500 0.775253
vt 0.562500 0.803030
vt 0.375000 0.305556
vt 0.375000 0.277778
vt 0.625000 0.944444
vt 0.625000 0.972222
vt 0.562500 0.944444
vt 0.562500 0.972222
vt 0.625000 0.277778
vt 0.625000 0.305556
vt 0.375000 0.972222
vt 0.375000 0.944444
vt 0.562500 0.277778
vt 0.562500 0.305556
vt 0.612214 0.944444
vt 0.612214 0.972222
vt 0.613165 0.775252
vt 0.613165 0.803030
vt 0.625000 0.775253
vt 0.625000 0.803030
vt 0.625000 0.944444
vt 0.625000 0.972222
vt 0.375000 1.000000
vt 0.375000 0.000000
vt 0.375000 0.250000
vt 0.375000 0.750000
vt 0.375000 0.500000
vt 0.375000 0.000000
vt 0.375000 1.000000
vt 0.375000 0.250000
vt 0.375000 0.750000
vt 0.375000 0.500000
vt 0.375000 0.416667
vt 0.375000 0.333333
vt 0.375000 0.916667
vt 0.375000 0.833333
vt 0.291667 0.500000
vt 0.375000 0.416667
vt 0.208333 0.500000
vt 0.375000 0.333333
vt 0.208333 0.750000
vt 0.375000 0.916667
vt 0.291667 0.750000
vt 0.375000 0.833333
vt 0.375000 0.803030
vt 0.375000 0.775253
vt 0.375000 0.803030
vt 0.375000 0.775253
vt 0.375000 0.474747
vt 0.375000 0.446970
vt 0.375000 0.474747
vt 0.375000 0.446970
vt 0.375000 0.305556
vt 0.375000 0.277778
vt 0.375000 0.305556
vt 0.375000 0.277778
vt 0.375000 0.972222
vt 0.375000 0.944444
vt 0.375000 0.972222
vt 0.375000 0.944444
vt 0.375000 0.000000
vt 0.375000 1.000000
vt 0.375000 0.250000
vt 0.208333 0.500000
vt 0.375000 0.333333
vt 0.208333 0.750000
vt 0.375000 0.916667
vt 0.375000 0.305556
vt 0.375000 0.277778
vt 0.375000 0.972222
vt 0.375000 0.944444
vt 0.375000 0.750000
vt 0.375000 0.500000
vt 0.291667 0.500000
vt 0.375000 0.416667
vt 0.291667 0.750000
vt 0.375000 0.833333
vt 0.375000 0.803030
vt 0.375000 0.775253
vt 0.375000 0.474747
vt 0.375000 0.446970
vt 0.375000 0.500000
vt 0.375000 0.250000
vt 0.375000 1.000000
vt 0.375000 0.000000
vt 0.375000 0.750000
vt 0.375000 0.833333
vt 0.375000 0.916667
vt 0.375000 0.333333
vt 0.375000 0.416667
vt 0.375000 0.775253
vt 0.375000 0.803030
vt 0.375000 0.446970
vt 0.375000 0.474747
vt 0.375000 0.277778
vt 0.375000 0.305556
vt 0.375000 0.944444
vt 0.375000 0.972222
vt 1.000000 0.500000
vt -0.000000 0.500000
vt 0.750000 0.490000
vt 1.000000 1.000000
vt 0.250000 0.490000
vt -0.000000 1.000000
vt 0.666667 0.500000
vt 0.957846 0.130000
vt 0.666667 1.000000
vt 0.457846 0.130000
vt 0.333333 0.500000
vt 0.542154 0.130000
vt 0.042154 0.130000
vt 0.333333 1.000000
vt 1.000000 0.500000
vt -0.000000 0.500000
vt 0.750000 0.490000
vt 1.000000 1.000000
vt 0.250000 0.490000
vt -0.000000 1.000000
vt 0.666667 0.500000
vt 0.957846 0.130000
vt 0.666667 1.000000
vt 0.457846 0.130000
vt 0.333333 0.500000
vt 0.542154 0.130000
vt 0.042154 0.130000
vt 0.333333 1.000000
vt 1.000000 0.500000
vt -0.000000 0.500000
vt 0.750000 0.490000
vt 1.000000 1.000000
vt 0.250000 0.490000
vt -0.000000 1.000000
vt 0.666667 0.500000
vt 0.957846 0.130000
vt 0.666667 1.000000
vt 0.457846 0.130000
vt 0.333333 0.500000
vt 0.542154 0.130000
vt 0.042154 0.130000
vt 0.333333 1.000000
vt 0.125000 0.750000
vt 0.375000 1.000000
vt 0.375000 0.000000
vt 0.625000 0.000000
vt 0.625000 1.000000
vt 0.875000 0.750000
vt 0.125000 0.500000
vt 0.375000 0.250000
vt 0.875000 0.500000
vt 0.625000 0.250000
vt 0.375000 0.750000
vt 0.625000 0.750000
vt 0.375000 0.500000
vt 0.625000 0.500000
vt 0.291667 0.500000
vt 0.375000 0.416667
vt 0.208333 0.500000
vt 0.375000 0.333333
vt 0.791667 0.500000
vt 0.625000 0.333333
vt 0.708333 0.500000
vt 0.625000 0.416667
vt 0.208333 0.750000
vt 0.375000 0.916667
vt 0.291667 0.750000
vt 0.375000 0.833333
vt 0.708333 0.750000
vt 0.625000 0.833333
vt 0.791667 0.750000
vt 0.625000 0.916667
vt 0.575382 1.000000
vt 0.575382 0.000000
vt 0.575382 0.250000
vt 0.575382 0.500000
vt 0.575382 0.750000
vt 0.575382 0.833333
vt 0.575382 0.916667
vt 0.575382 0.333333
vt 0.575382 0.416667
vt 1.000000 0.500000
vt 0.000000 0.500000
vt 0.750000 0.490000
vt 0.250000 0.454378
vt 0.968750 0.500000
vt 0.796822 0.485388
vt 0.289872 0.450451
vt 0.937500 0.500000
vt 0.841844 0.471731
vt 0.328212 0.438821
vt 0.906250 0.500000
vt 0.883337 0.449553
vt 0.363547 0.419934
vt 0.875000 0.500000
vt 0.919706 0.419706
vt 0.394517 0.394517
vt 0.843750 0.500000
vt 0.949553 0.383337
vt 0.419934 0.363547
vt 0.812500 0.500000
vt 0.971731 0.341844
vt 0.438821 0.328212
vt 0.781250 0.500000
vt 0.985388 0.296822
vt 0.450451 0.289872
vt 0.750000 0.500000
vt 0.990000 0.250000
vt 0.454378 0.250000
vt 0.718750 0.500000
vt 0.985388 0.203178
vt 0.450451 0.210128
vt 0.687500 0.500000
vt 0.971731 0.158156
vt 0.438821 0.171788
vt 0.656250 0.500000
vt 0.949553 0.116663
vt 0.419935 0.136454
vt 0.625000 0.500000
vt 0.919706 0.080294
vt 0.394517 0.105483
vt 0.593750 0.500000
vt 0.883337 0.050447
vt 0.363546 0.080066
vt 0.562500 0.500000
vt 0.841844 0.028269
vt 0.328212 0.061179
vt 0.531250 0.500000
vt 0.796822 0.014612
vt 0.289872 0.049549
vt 0.500000 0.500000
vt 0.750000 0.010000
vt 0.250000 0.045622
vt 0.468750 0.500000
vt 0.703178 0.014612
vt 0.210128 0.049549
vt 0.437500 0.500000
vt 0.658156 0.028269
vt 0.171788 0.061179
vt 0.406250 0.500000
vt 0.616663 0.050447
vt 0.136453 0.080066
vt 0.375000 0.500000
vt 0.580294 0.080294
vt 0.105483 0.105483
vt 0.343750 0.500000
vt 0.550447 0.116663
vt 0.080066 0.136454
vt 0.312500 0.500000
vt 0.528269 0.158156
vt 0.061179 0.171788
vt 0.281250 0.500000
vt 0.514611 0.203179
vt 0.049549 0.210128
vt 0.250000 0.500000
vt 0.510000 0.250000
vt 0.045622 0.250000
vt 0.218750 0.500000
vt 0.514612 0.296822
vt 0.049549 0.289872
vt 0.187500 0.500000
vt 0.528269 0.341844
vt 0.061179 0.328212
vt 0.156250 0.500000
vt 0.550447 0.383337
vt 0.080066 0.363547
vt 0.125000 0.500000
vt 0.580295 0.419706
vt 0.105483 0.394517
vt 0.093750 0.500000
vt 0.616663 0.449553
vt 0.136454 0.419935
vt 0.062500 0.500000
vt 0.658156 0.471731
vt 0.171788 0.438821
vt 0.031250 0.500000
vt 0.703179 0.485389
vt 0.210128 0.450451
vt 0.968750 1.000000
vt 0.296822 0.485388
vt 1.000000 1.000000
vt 0.000000 1.000000
vt 0.250000 0.490000
vt 0.937500 1.000000
vt 0.341844 0.471731
vt 0.906250 1.000000
vt 0.383337 0.449553
vt 0.875000 1.000000
vt 0.419706 0.419706
vt 0.843750 1.000000
vt 0.449553 0.383337
vt 0.812500 1.000000
vt 0.471731 0.341844
vt 0.781250 1.000000
vt 0.485388 0.296822
vt 0.750000 1.000000
vt 0.490000 0.250000
vt 0.718750 1.000000
vt 0.485388 0.203178
vt 0.687500 1.000000
vt 0.471731 0.158156
vt 0.656250 1.000000
vt 0.449553 0.116663
vt 0.625000 1.000000
vt 0.419706 0.080294
vt 0.593750 1.000000
vt 0.383337 0.050447
vt 0.562500 1.000000
vt 0.341844 0.028269
vt 0.531250 1.000000
vt 0.296822 0.014612
vt 0.500000 1.000000
vt 0.250000 0.010000
vt 0.468750 1.000000
vt 0.203178 0.014612
vt 0.437500 1.000000
vt 0.158156 0.028269
vt 0.406250 1.000000
vt 0.116663 0.050447
vt 0.375000 1.000000
vt 0.080294 0.080294
vt 0.343750 1.000000
vt 0.050447 0.116663
vt 0.312500 1.000000
vt 0.028269 0.158156
vt 0.281250 1.000000
vt 0.014611 0.203179
vt 0.250000 1.000000
vt 0.010000 0.250000
vt 0.218750 1.000000
vt 0.014612 0.296822
vt 0.187500 1.000000
vt 0.028269 0.341844
vt 0.156250 1.000000
vt 0.050447 0.383337
vt 0.125000 1.000000
vt 0.080295 0.419706
vt 0.093750 1.000000
vt 0.116663 0.449553
vt 0.062500 1.000000
vt 0.158156 0.471731
vt 0.031250 1.000000
vt 0.203179 0.485389
vt 0.289872 0.450451
vt 0.250000 0.454378
vt 0.328212 0.438821
vt 0.363547 0.419934
vt 0.394517 0.394517
vt 0.419934 0.363547
vt 0.438821 0.328212
vt 0.450451 0.289872
vt 0.454378 0.250000
vt 0.450451 0.210128
vt 0.438821 0.171788
vt 0.419935 0.136454
vt 0.394517 0.105483
vt 0.363546 0.080066
vt 0.328212 0.061179
vt 0.289872 0.049549
vt 0.250000 0.045622
vt 0.210128 0.049549
vt 0.171788 0.061179
vt 0.136453 0.080066
vt 0.105483 0.105483
vt 0.080066 0.136454
vt 0.061179 0.171788
vt 0.049549 0.210128
vt 0.045622 0.250000
vt 0.049549 0.289872
vt 0.061179 0.328212
vt 0.080066 0.363547
vt 0.105483 0.394517
vt 0.136454 0.419935
vt 0.171788 0.438821
vt 0.210128 0.450451
vt 1.000000 0.500000
vt 0.000000 0.500000
vt 0.750000 0.490000
vt 0.250000 0.454378
vt 0.968750 0.500000
vt 0.796822 0.485388
vt 0.289872 0.450451
vt 0.937500 0.500000
vt 0.841844 0.471731
vt 0.328212 0.438821
vt 0.906250 0.500000
vt 0.883337 0.449553
vt 0.363547 0.419934
vt 0.875000 0.500000
vt 0.919706 0.419706
vt 0.394517 0.394517
vt 0.843750 0.500000
vt 0.949553 0.383337
vt 0.419934 0.363547
vt 0.812500 0.500000
vt 0.971731 0.341844
vt 0.438821 0.328212
vt 0.781250 0.500000
vt 0.985388 0.296822
vt 0.450451 0.289872
vt 0.750000 0.500000
vt 0.990000 0.250000
vt 0.454378 0.250000
vt 0.718750 0.500000
vt 0.985388 0.203178
vt 0.450451 0.210128
vt 0.687500 0.500000
vt 0.971731 0.158156
vt 0.438821 0.171788
vt 0.656250 0.500000
vt 0.949553 0.116663
vt 0.419935 0.136454
vt 0.625000 0.500000
vt 0.919706 0.080294
vt 0.394517 0.105483
vt 0.593750 0.500000
vt 0.883337 0.050447
vt 0.363546 0.080066
vt 0.562500 0.500000
vt 0.841844 0.028269
vt 0.328212 0.061179
vt 0.531250 0.500000
vt 0.796822 0.014612
vt 0.289872 0.049549
vt 0.500000 0.500000
vt 0.750000 0.010000
vt 0.250000 0.045622
vt 0.468750 0.500000
vt 0.703178 0.014612
vt 0.210128 0.049549
vt 0.437500 0.500000
vt 0.658156 0.028269
vt 0.171788 0.061179
vt 0.406250 0.500000
vt 0.616663 0.050447
vt 0.136453 0.080066
vt 0.375000 0.500000
vt 0.580294 0.080294
vt 0.105483 0.105483
vt 0.343750 0.500000
vt 0.550447 0.116663
vt 0.080066 0.136454
vt 0.312500 0.500000
vt 0.528269 0.158156
vt 0.061179 0.171788
vt 0.281250 0.500000
vt 0.514611 0.203179
vt 0.049549 0.210128
vt 0.250000 0.500000
vt 0.510000 0.250000
vt 0.045622 0.250000
vt 0.218750 0.500000
vt 0.514612 0.296822
vt 0.049549 0.289872
vt 0.187500 0.500000
vt 0.528269 0.341844
vt 0.061179 0.328212
vt 0.156250 0.500000
vt 0.550447 0.383337
vt 0.080066 0.363547
vt 0.125000 0.500000
vt 0.580295 0.419706
vt 0.105483 0.394517
vt 0.093750 0.500000
vt 0.616663 0.449553
vt 0.136454 0.419935
vt 0.062500 0.500000
vt 0.658156 0.471731
vt 0.171788 0.438821
vt 0.031250 0.500000
vt 0.703179 0.485389
vt 0.210128 0.450451
vt 0.968750 1.000000
vt 0.296822 0.485388
vt 1.000000 1.000000
vt 0.000000 1.000000
vt 0.250000 0.490000
vt 0.937500 1.000000
vt 0.341844 0.471731
vt 0.906250 1.000000
vt 0.383337 0.449553
vt 0.875000 1.000000
vt 0.419706 0.419706
vt 0.843750 1.000000
vt 0.449553 0.383337
vt 0.812500 1.000000
vt 0.471731 0.341844
vt 0.781250 1.000000
vt 0.485388 0.296822
vt 0.750000 1.000000
vt 0.490000 0.250000
vt 0.718750 1.000000
vt 0.485388 0.203178
vt 0.687500 1.000000
vt 0.471731 0.158156
vt 0.656250 1.000000
vt 0.449553 0.116663
vt 0.625000 1.000000
vt 0.419706 0.080294
vt 0.593750 1.000000
vt 0.383337 0.050447
vt 0.562500 1.000000
vt 0.341844 0.028269
vt 0.531250 1.000000
vt 0.296822 0.014612
vt 0.500000 1.000000
vt 0.250000 0.010000
vt 0.468750 1.000000
vt 0.203178 0.014612
vt 0.437500 1.000000
vt 0.158156 0.028269
vt 0.406250 1.000000
vt 0.116663 0.050447
vt 0.375000 1.000000
vt 0.080294 0.080294
vt 0.343750 1.000000
vt 0.050447 0.116663
vt 0.312500 1.000000
vt 0.028269 0.158156
vt 0.281250 1.000000
vt 0.014611 0.203179
vt 0.250000 1.000000
vt 0.010000 0.250000
vt 0.218750 1.000000
vt 0.014612 0.296822
vt 0.187500 1.000000
vt 0.028269 0.341844
vt 0.156250 1.000000
vt 0.050447 0.383337
vt 0.125000 1.000000
vt 0.080295 0.419706
vt 0.093750 1.000000
vt 0.116663 0.449553
vt 0.062500 1.000000
vt 0.158156 0.471731
vt 0.031250 1.000000
vt 0.203179 0.485389
vt 0.289872 0.450451
vt 0.250000 0.454378
vt 0.328212 0.438821
vt 0.363547 0.419934
vt 0.394517 0.394517
vt 0.419934 0.363547
vt 0.438821 0.328212
vt 0.450451 0.289872
vt 0.454378 0.250000
vt 0.450451 0.210128
vt 0.438821 0.171788
vt 0.419935 0.136454
vt 0.394517 0.105483
vt 0.363546 0.080066
vt 0.328212 0.061179
vt 0.289872 0.049549
vt 0.250000 0.045622
vt 0.210128 0.049549
vt 0.171788 0.061179
vt 0.136453 0.080066
vt 0.105483 0.105483
vt 0.080066 0.136454
vt 0.061179 0.171788
vt 0.049549 0.210128
vt 0.045622 0.250000
vt 0.049549 0.289872
vt 0.061179 0.328212
vt 0.080066 0.363547
vt 0.105483 0.394517
vt 0.136454 0.419935
vt 0.171788 0.438821
vt 0.210128 0.450451
vt 0.125000 0.750000
vt 0.375000 1.000000
vt 0.375000 0.000000
vt 0.625000 0.000000
vt 0.625000 1.000000
vt 0.875000 0.750000
vt 0.125000 0.500000
vt 0.375000 0.250000
vt 0.875000 0.500000
vt 0.625000 0.250000
vt 0.375000 0.750000
vt 0.625000 0.750000
vt 0.375000 0.500000
vt 0.625000 0.500000
vt 0.291667 0.500000
vt 0.375000 0.416667
vt 0.208333 0.500000
vt 0.375000 0.333333
vt 0.791667 0.500000
vt 0.625000 0.333333
vt 0.708333 0.500000
vt 0.625000 0.416667
vt 0.208333 0.750000
vt 0.375000 0.916667
vt 0.291667 0.750000
vt 0.375000 0.833333
vt 0.708333 0.750000
vt 0.625000 0.833333
vt 0.791667 0.750000
vt 0.625000 0.916667
vt 0.575382 1.000000
vt 0.575382 0.000000
vt 0.575382 0.250000
vt 0.575382 0.500000
vt 0.575382 0.750000
vt 0.575382 0.833333
vt 0.575382 0.916667
vt 0.575382 0.333333
vt 0.575382 0.416667
vt 0.125000 0.750000
vt 0.375000 1.000000
vt 0.375000 0.000000
vt 0.625000 0.000000
vt 0.625000 1.000000
vt 0.875000 0.750000
vt 0.125000 0.500000
vt 0.375000 0.250000
vt 0.875000 0.500000
vt 0.625000 0.250000
vt 0.375000 0.750000
vt 0.625000 0.750000
vt 0.375000 0.500000
vt 0.625000 0.500000
vt 0.291667 0.500000
vt 0.375000 0.416667
vt 0.208333 0.500000
vt 0.375000 0.333333
vt 0.791667 0.500000
vt 0.625000 0.333333
vt 0.708333 0.500000
vt 0.625000 0.416667
vt 0.208333 0.750000
vt 0.375000 0.916667
vt 0.291667 0.750000
vt 0.375000 0.833333
vt 0.708333 0.750000
vt 0.625000 0.833333
vt 0.791667 0.750000
vt 0.625000 0.916667
vt 0.575382 1.000000
vt 0.575382 0.000000
vt 0.575382 0.250000
vt 0.575382 0.500000
vt 0.575382 0.750000
vt 0.575382 0.833333
vt 0.575382 0.916667
vt 0.575382 0.333333
vt 0.575382 0.416667
vt 1.000000 0.500000
vt -0.000000 0.500000
vt 0.750000 0.490000
vt 1.000000 1.000000
vt 0.250000 0.490000
vt -0.000000 1.000000
vt 0.666667 0.500000
vt 0.957846 0.130000
vt 0.666667 1.000000
vt 0.457846 0.130000
vt 0.333333 0.500000
vt 0.542154 0.130000
vt 0.042154 0.130000
vt 0.333333 1.000000
vt 1.000000 0.500000
vt -0.000000 0.500000
vt 0.750000 0.490000
vt 1.000000 1.000000
vt 0.250000 0.490000
vt -0.000000 1.000000
vt 0.666667 0.500000
vt 0.957846 0.130000
vt 0.666667 1.000000
vt 0.457846 0.130000
vt 0.333333 0.500000
vt 0.542154 0.130000
vt 0.042154 0.130000
vt 0.333333 1.000000
vt 0.375000 0.000000
vt 0.375000 1.000000
vt 0.832714 0.707686
vt 0.375000 0.250000
vt 0.832714 0.542314
vt 0.375000 0.750000
vt 0.667286 0.707686
vt 0.375000 0.500000
vt 0.667286 0.542314
vt 0.562500 1.000000
vt 0.562500 0.000000
vt 0.562500 0.250000
vt 0.562500 0.500000
vt 0.562500 0.750000
vt 0.562500 1.000000
vt 0.562500 0.000000
vt 0.625000 0.000000
vt 0.875000 0.750000
vt 0.625000 1.000000
vt 0.875000 0.500000
vt 0.625000 0.250000
vt 0.562500 0.250000
vt 0.625000 0.500000
vt 0.625000 0.750000
vt 0.562500 0.500000
vt 0.562500 0.750000
vt 0.562500 0.000000
vt 0.562500 1.000000
vt 0.562500 0.250000
vt 0.625000 0.250000
vt 0.875000 0.500000
vt 0.625000 1.000000
vt 0.875000 0.750000
vt 0.625000 0.750000
vt 0.625000 0.500000
vt 0.562500 0.500000
vt 0.562500 0.750000
vt 0.562500 1.000000
vt 0.562500 0.000000
vt 0.562500 0.250000
vt 0.562500 1.000000
vt 0.562500 0.000000
vt 0.562500 0.500000
vt 0.562500 0.750000
vt 0.562500 0.500000
vt 0.562500 0.250000
vt 0.562500 0.750000
vt 0.625000 0.750000
vt 0.562500 0.500000
vt 0.625000 0.500000
vt 0.562500 0.750000
vt 0.562500 0.500000
vt 0.562500 0.750000
vt 0.562500 1.000000
vt 0.625000 0.250000
vt 0.875000 0.500000
vt 0.562500 0.250000
vt 0.625000 1.000000
vt 0.875000 0.750000
vt 0.562500 1.000000
vt 0.562500 0.000000
vt 0.562500 0.250000
vt 0.562500 1.000000
vt 0.562500 0.000000
vt 0.562500 0.250000
vt 0.562500 1.000000
vt 0.562500 0.000000
vt 0.562500 0.500000
vt 0.562500 0.750000
vt 0.562500 0.500000
vt 0.562500 0.750000
vt 0.562500 0.250000
vt 0.375000 1.000000
vt 0.375000 0.000000
vt 0.375000 0.250000
vt 0.375000 0.750000
vt 0.375000 0.500000
vt 0.375000 0.416667
vt 0.375000 0.333333
vt 0.791667 0.542314
vt 0.708333 0.542314
vt 0.375000 0.916667
vt 0.375000 0.833333
vt 0.708333 0.707686
vt 0.791667 0.707686
vt 0.562500 0.833333
vt 0.562500 0.916667
vt 0.562500 0.333333
vt 0.562500 0.416667
vt 0.291667 0.500000
vt 0.375000 0.416667
vt 0.208333 0.500000
vt 0.375000 0.333333
vt 0.208333 0.750000
vt 0.375000 0.916667
vt 0.291667 0.750000
vt 0.375000 0.833333
vt 0.375000 0.250000
vt 0.125000 0.500000
vt 0.375000 1.000000
vt 0.375000 0.000000
vt 0.125000 0.750000
vt 0.208333 0.500000
vt 0.375000 0.333333
vt 0.375000 0.750000
vt 0.375000 0.500000
vt 0.375000 0.833333
vt 0.291667 0.750000
vt 0.375000 0.416667
vt 0.291667 0.500000
vt 0.208333 0.750000
vt 0.375000 0.916667
vt 0.625000 1.000000
vt 0.875000 0.750000
vt 0.875000 0.500000
vt 0.625000 0.250000
vt 0.708333 0.500000
vt 0.625000 0.416667
vt 0.625000 0.500000
vt 0.625000 0.750000
vt 0.791667 0.750000
vt 0.625000 0.916667
vt 0.625000 0.333333
vt 0.791667 0.500000
vt 0.625000 0.833333
vt 0.708333 0.750000
vt 0.708333 0.542314
vt 0.708333 0.707686
vt 0.791667 0.542314
vt 0.791667 0.707686
vt 0.832714 0.707686
vt 0.832714 0.542314
vt 0.667286 0.542314
vt 0.667286 0.707686
vt 0.678030 0.500000
vt 0.625000 0.446970
vt 0.650253 0.500000
vt 0.625000 0.474747
vt 0.375000 0.803030
vt 0.375000 0.775253
vt 0.562500 0.446970
vt 0.562500 0.474747
vt 0.375000 0.803030
vt 0.375000 0.775253
vt 0.375000 0.474747
vt 0.375000 0.446970
vt 0.650252 0.750000
vt 0.625000 0.775253
vt 0.678030 0.750000
vt 0.625000 0.803030
vt 0.562500 0.775253
vt 0.562500 0.803030
vt 0.375000 0.474747
vt 0.375000 0.446970
vt 0.375000 0.803030
vt 0.321970 0.750000
vt 0.375000 0.775253
vt 0.349747 0.750000
vt 0.375000 0.474747
vt 0.349747 0.500000
vt 0.375000 0.446970
vt 0.321970 0.500000
vt 0.693407 0.542314
vt 0.679724 0.542314
vt 0.679724 0.707686
vt 0.693407 0.707686
vt 0.693407 0.542314
vt 0.679724 0.542314
vt 0.679724 0.707686
vt 0.693407 0.707686
vt 0.375000 0.305556
vt 0.375000 0.277778
vt 0.819444 0.750000
vt 0.625000 0.944444
vt 0.847222 0.750000
vt 0.625000 0.972222
vt 0.562500 0.944444
vt 0.562500 0.972222
vt 0.375000 0.305556
vt 0.375000 0.277778
vt 0.847222 0.500000
vt 0.625000 0.277778
vt 0.819444 0.500000
vt 0.625000 0.305556
vt 0.375000 0.972222
vt 0.375000 0.944444
vt 0.562500 0.277778
vt 0.562500 0.305556
vt 0.375000 0.972222
vt 0.375000 0.944444
vt 0.375000 0.305556
vt 0.180556 0.500000
vt 0.375000 0.277778
vt 0.152778 0.500000
vt 0.375000 0.972222
vt 0.152778 0.750000
vt 0.375000 0.944444
vt 0.180556 0.750000
vt 0.805349 0.707686
vt 0.819032 0.707686
vt 0.819032 0.542314
vt 0.805349 0.542314
vt 0.805349 0.707686
vt 0.819032 0.707686
vt 0.819032 0.542314
vt 0.805349 0.542314
vt 0.125000 0.750000
vt 0.375000 0.000000
vt 0.598479 0.020097
vt 0.125000 0.500000
vt 0.375000 0.250000
vt 0.598479 0.229903
vt 0.375000 0.750000
vt 0.598479 0.729903
vt 0.375000 0.500000
vt 0.598479 0.520097
vt 0.526521 0.020097
vt 0.526521 0.229903
vt 0.526521 0.520097
vt 0.526521 0.729903
vt 0.500000 0.831044
vt 0.375000 0.750000
vt 0.375000 0.000000
vt 0.125000 0.750000
vt 0.375000 1.000000
vt 0.500000 0.918956
vt 0.400424 0.250000
vt 0.400424 0.500000
vt 0.400424 0.750000
vt 0.400424 0.000000
vt 0.400424 0.750000
vt 0.400424 1.000000
vt 0.400424 0.000000
vt 0.500000 0.943720
vt 0.625000 1.000000
vt 0.875000 0.750000
vt 0.625000 0.000000
vt 0.875000 0.500000
vt 0.625000 0.250000
vt 0.625000 0.500000
vt 0.625000 0.750000
vt 0.500000 0.250000
vt 0.500000 0.500000
vt 0.500000 0.806280
vt 0.500000 0.750000
vt 0.500000 0.000000
vt 0.500000 1.000000
vt 0.500000 0.825854
vt 0.500000 0.924146
vt 0.500000 0.802379
vt 0.500000 0.947621
vt 0.500000 0.806280
vt 0.500000 0.943720
vt 0.500000 0.750000
vt 0.500000 0.000000
vt 0.500000 1.000000
vt 0.500000 0.795051
vt 0.500000 0.954949
vt 0.125000 0.750000
vt 0.375000 0.000000
vt 0.598479 0.020097
vt 0.125000 0.500000
vt 0.375000 0.250000
vt 0.598479 0.229903
vt 0.375000 0.750000
vt 0.598479 0.729903
vt 0.375000 0.500000
vt 0.598479 0.520097
vt 0.526521 0.020097
vt 0.526521 0.229903
vt 0.526521 0.520097
vt 0.526521 0.729903
vt 0.500000 0.831044
vt 0.375000 0.750000
vt 0.375000 0.000000
vt 0.125000 0.750000
vt 0.375000 1.000000
vt 0.500000 0.918956
vt 0.400424 0.250000
vt 0.400424 0.500000
vt 0.400424 0.750000
vt 0.400424 0.000000
vt 0.400424 0.750000
vt 0.400424 1.000000
vt 0.400424 0.000000
vt 0.500000 0.943720
vt 0.625000 1.000000
vt 0.875000 0.750000
vt 0.625000 0.000000
vt 0.875000 0.500000
vt 0.625000 0.250000
vt 0.625000 0.500000
vt 0.625000 0.750000
vt 0.500000 0.250000
vt 0.500000 0.500000
vt 0.500000 0.806280
vt 0.500000 0.750000
vt 0.500000 0.000000
vt 0.500000 1.000000
vt 0.500000 0.825854
vt 0.500000 0.924146
vt 0.500000 0.802379
vt 0.500000 0.947621
vt 0.500000 0.806280
vt 0.500000 0.943720
vt 0.500000 0.750000
vt 0.500000 0.000000
vt 0.500000 1.000000
vt 0.500000 0.795051
vt 0.500000 0.954949
vt 0.000000 0.000000
vt 0.166667 0.000000
vt 0.333333 0.000000
vt 0.500000 0.000000
vt 0.666667 0.000000
vt 0.833333 0.000000
vt 1.000000 0.000000
vt 0.000000 0.000000
vt 0.166667 0.000000
vt 0.333333 0.000000
vt 0.500000 0.000000
vt 0.666667 0.000000
vt 0.833333 0.000000
vt 1.000000 0.000000
vt 0.000000 0.000000
vt 0.166667 0.000000
vt 0.333333 0.000000
vt 0.500000 0.000000
vt 0.666667 0.000000
vt 0.833333 0.000000
vt 1.000000 0.000000
vt 0.000000 0.000000
vt 0.166667 0.000000
vt 0.333333 0.000000
vt 0.500000 0.000000
vt 0.666667 0.000000
vt 0.833333 0.000000
vt 1.000000 0.000000
vt 0.000000 0.000000
vt 1.000000 0.000000
vt 0.000000 1.000000
vt 1.000000 1.000000
vt 0.142857 0.000000
vt 0.142857 1.000000
vt 0.285714 0.000000
vt 0.285714 1.000000
vt 0.428571 0.000000
vt 0.428571 1.000000
vt 0.571429 0.000000
vt 0.571429 1.000000
vt 0.714286 0.000000
vt 0.714286 1.000000
vt 0.857143 0.000000
vt 0.857143 1.000000
vt 0.000000 0.000000
vt 1.000000 0.000000
vt 0.000000 1.000000
vt 1.000000 1.000000
vt 0.142857 0.000000
vt 0.142857 1.000000
vt 0.285714 0.000000
vt 0.285714 1.000000
vt 0.428571 0.000000
vt 0.428571 1.000000
vt 0.571429 0.000000
vt 0.571429 1.000000
vt 0.714286 0.000000
vt 0.714286 1.000000
vt 0.857143 0.000000
vt 0.857143 1.000000
vt 0.000000 0.000000
vt 0.166667 0.000000
vt 0.333333 0.000000
vt 0.500000 0.000000
vt 0.666667 0.000000
vt 0.833333 0.000000
vt 1.000000 0.000000
vt 0.000000 0.000000
vt 0.166667 0.000000
vt 0.333333 0.000000
vt 0.500000 0.000000
vt 0.666667 0.000000
vt 0.833333 0.000000
vt 1.000000 0.000000
vt 0.000000 0.000000
vt 0.166667 0.000000
vt 0.333333 0.000000
vt 0.500000 0.000000
vt 0.666667 0.000000
vt 0.833333 0.000000
vt 1.000000 0.000000
vt 0.000000 0.000000
vt 0.166667 0.000000
vt 0.333333 0.000000
vt 0.500000 0.000000
vt 0.666667 0.000000
vt 0.833333 0.000000
vt 1.000000 0.000000
vt 0.000000 0.000000
vt 1.000000 0.000000
vt 0.000000 1.000000
vt 1.000000 1.000000
vt 0.142857 0.000000
vt 0.142857 1.000000
vt 0.285714 0.000000
vt 0.285714 1.000000
vt 0.428571 0.000000
vt 0.428571 1.000000
vt 0.571429 0.000000
vt 0.571429 1.000000
vt 0.714286 0.000000
vt 0.714286 1.000000
vt 0.857143 0.000000
vt 0.857143 1.000000
vt 0.000000 0.000000
vt 1.000000 0.000000
vt 0.000000 1.000000
vt 1.000000 1.000000
vt 0.142857 0.000000
vt 0.142857 1.000000
vt 0.285714 0.000000
vt 0.285714 1.000000
vt 0.428571 0.000000
vt 0.428571 1.000000
vt 0.571429 0.000000
vt 0.571429 1.000000
vt 0.714286 0.000000
vt 0.714286 1.000000
vt 0.857143 0.000000
vt 0.857143 1.000000
vt 0.000000 0.000000
vt 0.200000 0.000000
vt 0.400000 0.000000
vt 0.600000 0.000000
vt 0.800000 0.000000
vt 1.000000 0.000000
vt 0.000000 0.000000
vt 0.083333 0.000000
vt 0.166667 0.000000
vt 0.250000 0.000000
vt 0.333333 0.000000
vt 0.416667 0.000000
vt 0.500000 0.000000
vt 0.583333 0.000000
vt 0.666667 0.000000
vt 0.750000 0.000000
vt 0.833333 0.000000
vt 0.916667 0.000000
vt 1.000000 0.000000
vt 0.000000 0.000000
vt 0.004329 0.000000
vt 0.008658 0.000000
vt 0.012987 0.000000
vt 0.017316 0.000000
vt 0.021645 0.000000
vt 0.025974 0.000000
vt 0.030303 0.000000
vt 0.034632 0.000000
vt 0.038961 0.000000
vt 0.043290 0.000000
vt 0.047619 0.000000
vt 0.051948 0.000000
vt 0.056277 0.000000
vt 0.060606 0.000000
vt 0.064935 0.000000
vt 0.069264 0.000000
vt 0.073593 0.000000
vt 0.077922 0.000000
vt 0.082251 0.000000
vt 0.086580 0.000000
vt 0.090909 0.000000
vt 0.095238 0.000000
vt 0.099567 0.000000
vt 0.103896 0.000000
vt 0.108225 0.000000
vt 0.112554 0.000000
vt 0.116883 0.000000
vt 0.121212 0.000000
vt 0.125541 0.000000
vt 0.129870 0.000000
vt 0.134199 0.000000
vt 0.138528 0.000000
vt 0.142857 0.000000
vt 0.147186 0.000000
vt 0.151515 0.000000
vt 0.155844 0.000000
vt 0.160173 0.000000
vt 0.164502 0.000000
vt 0.168831 0.000000
vt 0.173160 0.000000
vt 0.177489 0.000000
vt 0.181818 0.000000
vt 0.186147 0.000000
vt 0.190476 0.000000
vt 0.194805 0.000000
vt 0.199134 0.000000
vt 0.203463 0.000000
vt 0.207792 0.000000
vt 0.212121 0.000000
vt 0.216450 0.000000
vt 0.220779 0.000000
vt 0.225108 0.000000
vt 0.229437 0.000000
vt 0.233766 0.000000
vt 0.238095 0.000000
vt 0.242424 0.000000
vt 0.246753 0.000000
vt 0.251082 0.000000
vt 0.255411 0.000000
vt 0.259740 0.000000
vt 0.264069 0.000000
vt 0.268398 0.000000
vt 0.272727 0.000000
vt 0.277056 0.000000
vt 0.281385 0.000000
vt 0.285714 0.000000
vt 0.290043 0.000000
vt 0.294372 0.000000
vt 0.298701 0.000000
vt 0.303030 0.000000
vt 0.307359 0.000000
vt 0.311688 0.000000
vt 0.316017 0.000000
vt 0.320346 0.000000
vt 0.324675 0.000000
vt 0.329004 0.000000
vt 0.333333 0.000000
vt 0.337662 0.000000
vt 0.341991 0.000000
vt 0.346320 0.000000
vt 0.350649 0.000000
vt 0.354978 0.000000
vt 0.359307 0.000000
vt 0.363636 0.000000
vt 0.367965 0.000000
vt 0.372294 0.000000
vt 0.376623 0.000000
vt 0.380952 0.000000
vt 0.385281 0.000000
vt 0.389610 0.000000
vt 0.393939 0.000000
vt 0.398268 0.000000
vt 0.402597 0.000000
vt 0.406926 0.000000
vt 0.411255 0.000000
vt 0.415584 0.000000
vt 0.419913 0.000000
vt 0.424242 0.000000
vt 0.428571 0.000000
vt 0.432900 0.000000
vt 0.437229 0.000000
vt 0.441558 0.000000
vt 0.445887 0.000000
vt 0.450216 0.000000
vt 0.454545 0.000000
vt 0.458874 0.000000
vt 0.463203 0.000000
vt 0.467532 0.000000
vt 0.471861 0.000000
vt 0.476190 0.000000
vt 0.480519 0.000000
vt 0.484848 0.000000
vt 0.489177 0.000000
vt 0.493506 0.000000
vt 0.497835 0.000000
vt 0.502164 0.000000
vt 0.506494 0.000000
vt 0.510823 0.000000
vt 0.515152 0.000000
vt 0.519481 0.000000
vt 0.523810 0.000000
vt 0.528139 0.000000
vt 0.532468 0.000000
vt 0.536797 0.000000
vt 0.541126 0.000000
vt 0.545455 0.000000
vt 0.549784 0.000000
vt 0.554113 0.000000
vt 0.558442 0.000000
vt 0.562771 0.000000
vt 0.567100 0.000000
vt 0.571429 0.000000
vt 0.575758 0.000000
vt 0.580087 0.000000
vt 0.584416 0.000000
vt 0.588745 0.000000
vt 0.593074 0.000000
vt 0.597403 0.000000
vt 0.601732 0.000000
vt 0.606061 0.000000
vt 0.610390 0.000000
vt 0.614719 0.000000
vt 0.619048 0.000000
vt 0.623377 0.000000
vt 0.627706 0.000000
vt 0.632035 0.000000
vt 0.636364 0.000000
vt 0.640693 0.000000
vt 0.645022 0.000000
vt 0.649351 0.000000
vt 0.653680 0.000000
vt 0.658009 0.000000
vt 0.662338 0.000000
vt 0.666667 0.000000
vt 0.670996 0.000000
vt 0.675325 0.000000
vt 0.679654 0.000000
vt 0.683983 0.000000
vt 0.688312 0.000000
vt 0.692641 0.000000
vt 0.696970 0.000000
vt 0.701299 0.000000
vt 0.705628 0.000000
vt 0.709957 0.000000
vt 0.714286 0.000000
vt 0.718615 0.000000
vt 0.722944 0.000000
vt 0.727273 0.000000
vt 0.731602 0.000000
vt 0.735931 0.000000
vt 0.740260 0.000000
vt 0.744589 0.000000
vt 0.748918 0.000000
vt 0.753247 0.000000
vt 0.757576 0.000000
vt 0.761905 0.000000
vt 0.766234 0.000000
vt 0.770563 0.000000
vt 0.774892 0.000000
vt 0.779221 0.000000
vt 0.783550 0.000000
vt 0.787879 0.000000
vt 0.792208 0.000000
vt 0.796537 0.000000
vt 0.800866 0.000000
vt 0.805195 0.000000
vt 0.809524 0.000000
vt 0.813853 0.000000
vt 0.818182 0.000000
vt 0.822511 0.000000
vt 0.826840 0.000000
vt 0.831169 0.000000
vt 0.835498 0.000000
vt 0.839827 0.000000
vt 0.844156 0.000000
vt 0.848485 0.000000
vt 0.852814 0.000000
vt 0.857143 0.000000
vt 0.861472 0.000000
vt 0.865801 0.000000
vt 0.870130 0.000000
vt 0.874459 0.000000
vt 0.878788 0.000000
vt 0.883117 0.000000
vt 0.887446 0.000000
vt 0.891775 0.000000
vt 0.896104 0.000000
vt 0.900433 0.000000
vt 0.904762 0.000000
vt 0.909091 0.000000
vt 0.913420 0.000000
vt 0.917749 0.000000
vt 0.922078 0.000000
vt 0.926407 0.000000
vt 0.930736 0.000000
vt 0.935065 0.000000
vt 0.939394 0.000000
vt 0.943723 0.000000
vt 0.948052 0.000000
vt 0.952381 0.000000
vt 0.956710 0.000000
vt 0.961039 0.000000
vt 0.965368 0.000000
vt 0.969697 0.000000
vt 0.974026 0.000000
vt 0.978355 0.000000
vt 0.982684 0.000000
vt 0.987013 0.000000
vt 0.991342 0.000000
vt 0.995671 0.000000
vt 1.000000 0.000000
vt 0.000000 0.000000
vt 0.200000 0.000000
vt 0.400000 0.000000
vt 0.600000 0.000000
vt 0.800000 0.000000
vt 1.000000 0.000000
vt 0.000000 0.000000
vt 0.083333 0.000000
vt 0.166667 0.000000
vt 0.250000 0.000000
vt 0.333333 0.000000
vt 0.416667 0.000000
vt 0.500000 0.000000
vt 0.583333 0.000000
vt 0.666667 0.000000
vt 0.750000 0.000000
vt 0.833333 0.000000
vt 0.916667 0.000000
vt 1.000000 0.000000
vt 0.000000 0.000000
vt 0.004329 0.000000
vt 0.008658 0.000000
vt 0.012987 0.000000
vt 0.017316 0.000000
vt 0.021645 0.000000
vt 0.025974 0.000000
vt 0.030303 0.000000
vt 0.034632 0.000000
vt 0.038961 0.000000
vt 0.043290 0.000000
vt 0.047619 0.000000
vt 0.051948 0.000000
vt 0.056277 0.000000
vt 0.060606 0.000000
vt 0.064935 0.000000
vt 0.069264 0.000000
vt 0.073593 0.000000
vt 0.077922 0.000000
vt 0.082251 0.000000
vt 0.086580 0.000000
vt 0.090909 0.000000
vt 0.095238 0.000000
vt 0.099567 0.000000
vt 0.103896 0.000000
vt 0.108225 0.000000
vt 0.112554 0.000000
vt 0.116883 0.000000
vt 0.121212 0.000000
vt 0.125541 0.000000
vt 0.129870 0.000000
vt 0.134199 0.000000
vt 0.138528 0.000000
vt 0.142857 0.000000
vt 0.147186 0.000000
vt 0.151515 0.000000
vt 0.155844 0.000000
vt 0.160173 0.000000
vt 0.164502 0.000000
vt 0.168831 0.000000
vt 0.173160 0.000000
vt 0.177489 0.000000
vt 0.181818 0.000000
vt 0.186147 0.000000
vt 0.190476 0.000000
vt 0.194805 0.000000
vt 0.199134 0.000000
vt 0.203463 0.000000
vt 0.207792 0.000000
vt 0.212121 0.000000
vt 0.216450 0.000000
vt 0.220779 0.000000
vt 0.225108 0.000000
vt 0.229437 0.000000
vt 0.233766 0.000000
vt 0.238095 0.000000
vt 0.242424 0.000000
vt 0.246753 0.000000
vt 0.251082 0.000000
vt 0.255411 0.000000
vt 0.259740 0.000000
vt 0.264069 0.000000
vt 0.268398 0.000000
vt 0.272727 0.000000
vt 0.277056 0.000000
vt 0.281385 0.000000
vt 0.285714 0.000000
vt 0.290043 0.000000
vt 0.294372 0.000000
vt 0.298701 0.000000
vt 0.303030 0.000000
vt 0.307359 0.000000
vt 0.311688 0.000000
vt 0.316017 0.000000
vt 0.320346 0.000000
vt 0.324675 0.000000
vt 0.329004 0.000000
vt 0.333333 0.000000
vt 0.337662 0.000000
vt 0.341991 0.000000
vt 0.346320 0.000000
vt 0.350649 0.000000
vt 0.354978 0.000000
vt 0.359307 0.000000
vt 0.363636 0.000000
vt 0.367965 0.000000
vt 0.372294 0.000000
vt 0.376623 0.000000
vt 0.380952 0.000000
vt 0.385281 0.000000
vt 0.389610 0.000000
vt 0.393939 0.000000
vt 0.398268 0.000000
vt 0.402597 0.000000
vt 0.406926 0.000000
vt 0.411255 0.000000
vt 0.415584 0.000000
vt 0.419913 0.000000
vt 0.424242 0.000000
vt 0.428571 0.000000
vt 0.432900 0.000000
vt 0.437229 0.000000
vt 0.441558 0.000000
vt 0.445887 0.000000
vt 0.450216 0.000000
vt 0.454545 0.000000
vt 0.458874 0.000000
vt 0.463203 0.000000
vt 0.467532 0.000000
vt 0.471861 0.000000
vt 0.476190 0.000000
vt 0.480519 0.000000
vt 0.484848 0.000000
vt 0.489177 0.000000
vt 0.493506 0.000000
vt 0.497835 0.000000
vt 0.502164 0.000000
vt 0.506494 0.000000
vt 0.510823 0.000000
vt 0.515152 0.000000
vt 0.519481 0.000000
vt 0.523810 0.000000
vt 0.528139 0.000000
vt 0.532468 0.000000
vt 0.536797 0.000000
vt 0.541126 0.000000
vt 0.545455 0.000000
vt 0.549784 0.000000
vt 0.554113 0.000000
vt 0.558442 0.000000
vt 0.562771 0.000000
vt 0.567100 0.000000
vt 0.571429 0.000000
vt 0.575758 0.000000
vt 0.580087 0.000000
vt 0.584416 0.000000
vt 0.588745 0.000000
vt 0.593074 0.000000
vt 0.597403 0.000000
vt 0.601732 0.000000
vt 0.606061 0.000000
vt 0.610390 0.000000
vt 0.614719 0.000000
vt 0.619048 0.000000
vt 0.623377 0.000000
vt 0.627706 0.000000
vt 0.632035 0.000000
vt 0.636364 0.000000
vt 0.640693 0.000000
vt 0.645022 0.000000
vt 0.649351 0.000000
vt 0.653680 0.000000
vt 0.658009 0.000000
vt 0.662338 0.000000
vt 0.666667 0.000000
vt 0.670996 0.000000
vt 0.675325 0.000000
vt 0.679654 0.000000
vt 0.683983 0.000000
vt 0.688312 0.000000
vt 0.692641 0.000000
vt 0.696970 0.000000
vt 0.701299 0.000000
vt 0.705628 0.000000
vt 0.709957 0.000000
vt 0.714286 0.000000
vt 0.718615 0.000000
vt 0.722944 0.000000
vt 0.727273 0.000000
vt 0.731602 0.000000
vt 0.735931 0.000000
vt 0.740260 0.000000
vt 0.744589 0.000000
vt 0.748918 0.000000
vt 0.753247 0.000000
vt 0.757576 0.000000
vt 0.761905 0.000000
vt 0.766234 0.000000
vt 0.770563 0.000000
vt 0.774892 0.000000
vt 0.779221 0.000000
vt 0.783550 0.000000
vt 0.787879 0.000000
vt 0.792208 0.000000
vt 0.796537 0.000000
vt 0.800866 0.000000
vt 0.805195 0.000000
vt 0.809524 0.000000
vt 0.813853 0.000000
vt 0.818182 0.000000
vt 0.822511 0.000000
vt 0.826840 0.000000
vt 0.831169 0.000000
vt 0.835498 0.000000
vt 0.839827 0.000000
vt 0.844156 0.000000
vt 0.848485 0.000000
vt 0.852814 0.000000
vt 0.857143 0.000000
vt 0.861472 0.000000
vt 0.865801 0.000000
vt 0.870130 0.000000
vt 0.874459 0.000000
vt 0.878788 0.000000
vt 0.883117 0.000000
vt 0.887446 0.000000
vt 0.891775 0.000000
vt 0.896104 0.000000
vt 0.900433 0.000000
vt 0.904762 0.000000
vt 0.909091 0.000000
vt 0.913420 0.000000
vt 0.917749 0.000000
vt 0.922078 0.000000
vt 0.926407 0.000000
vt 0.930736 0.000000
vt 0.935065 0.000000
vt 0.939394 0.000000
vt 0.943723 0.000000
vt 0.948052 0.000000
vt 0.952381 0.000000
vt 0.956710 0.000000
vt 0.961039 0.000000
vt 0.965368 0.000000
vt 0.969697 0.000000
vt 0.974026 0.000000
vt 0.978355 0.000000
vt 0.982684 0.000000
vt 0.987013 0.000000
vt 0.991342 0.000000
vt 0.995671 0.000000
vt 1.000000 0.000000
vt 0.000000 0.000000
vt 1.000000 0.000000
vt 0.000000 1.000000
vt 1.000000 1.000000
vt 0.006849 0.000000
vt 0.006849 1.000000
vt 0.013699 0.000000
vt 0.013699 1.000000
vt 0.020548 0.000000
vt 0.020548 1.000000
vt 0.027397 0.000000
vt 0.027397 1.000000
vt 0.034247 0.000000
vt 0.034247 1.000000
vt 0.041096 0.000000
vt 0.041096 1.000000
vt 0.047945 0.000000
vt 0.047945 1.000000
vt 0.054795 0.000000
vt 0.054795 1.000000
vt 0.061644 0.000000
vt 0.061644 1.000000
vt 0.068493 0.000000
vt 0.068493 1.000000
vt 0.075342 0.000000
vt 0.075342 1.000000
vt 0.082192 0.000000
vt 0.082192 1.000000
vt 0.089041 0.000000
vt 0.089041 1.000000
vt 0.095890 0.000000
vt 0.095890 1.000000
vt 0.102740 0.000000
vt 0.102740 1.000000
vt 0.109589 0.000000
vt 0.109589 1.000000
vt 0.116438 0.000000
vt 0.116438 1.000000
vt 0.123288 0.000000
vt 0.123288 1.000000
vt 0.130137 0.000000
vt 0.130137 1.000000
vt 0.136986 0.000000
vt 0.136986 1.000000
vt 0.143836 0.000000
vt 0.143836 1.000000
vt 0.150685 0.000000
vt 0.150685 1.000000
vt 0.157534 0.000000
vt 0.157534 1.000000
vt 0.164384 0.000000
vt 0.164384 1.000000
vt 0.171233 0.000000
vt 0.171233 1.000000
vt 0.178082 0.000000
vt 0.178082 1.000000
vt 0.184932 0.000000
vt 0.184932 1.000000
vt 0.191781 0.000000
vt 0.191781 1.000000
vt 0.198630 0.000000
vt 0.198630 1.000000
vt 0.205479 0.000000
vt 0.205479 1.000000
vt 0.212329 0.000000
vt 0.212329 1.000000
vt 0.219178 0.000000
vt 0.219178 1.000000
vt 0.226027 0.000000
vt 0.226027 1.000000
vt 0.232877 0.000000
vt 0.232877 1.000000
vt 0.239726 0.000000
vt 0.239726 1.000000
vt 0.246575 0.000000
vt 0.246575 1.000000
vt 0.253425 0.000000
vt 0.253425 1.000000
vt 0.260274 0.000000
vt 0.260274 1.000000
vt 0.267123 0.000000
vt 0.267123 1.000000
vt 0.273973 0.000000
vt 0.273973 1.000000
vt 0.280822 0.000000
vt 0.280822 1.000000
vt 0.287671 0.000000
vt 0.287671 1.000000
vt 0.294521 0.000000
vt 0.294521 1.000000
vt 0.301370 0.000000
vt 0.301370 1.000000
vt 0.308219 0.000000
vt 0.308219 1.000000
vt 0.315068 0.000000
vt 0.315068 1.000000
vt 0.321918 0.000000
vt 0.321918 1.000000
vt 0.328767 0.000000
vt 0.328767 1.000000
vt 0.335616 0.000000
vt 0.335616 1.000000
vt 0.342466 0.000000
vt 0.342466 1.000000
vt 0.349315 0.000000
vt 0.349315 1.000000
vt 0.356164 0.000000
vt 0.356164 1.000000
vt 0.363014 0.000000
vt 0.363014 1.000000
vt 0.369863 0.000000
vt 0.369863 1.000000
vt 0.376712 0.000000
vt 0.376712 1.000000
vt 0.383562 0.000000
vt 0.383562 1.000000
vt 0.390411 0.000000
vt 0.390411 1.000000
vt 0.397260 0.000000
vt 0.397260 1.000000
vt 0.404110 0.000000
vt 0.404110 1.000000
vt 0.410959 0.000000
vt 0.410959 1.000000
vt 0.417808 0.000000
vt 0.417808 1.000000
vt 0.424658 0.000000
vt 0.424658 1.000000
vt 0.431507 0.000000
vt 0.431507 1.000000
vt 0.438356 0.000000
vt 0.438356 1.000000
vt 0.445205 0.000000
vt 0.445205 1.000000
vt 0.452055 0.000000
vt 0.452055 1.000000
vt 0.458904 0.000000
vt 0.458904 1.000000
vt 0.465753 0.000000
vt 0.465753 1.000000
vt 0.472603 0.000000
vt 0.472603 1.000000
vt 0.479452 0.000000
vt 0.479452 1.000000
vt 0.486301 0.000000
vt 0.486301 1.000000
vt 0.493151 0.000000
vt 0.493151 1.000000
vt 0.500000 0.000000
vt 0.500000 1.000000
vt 0.506849 0.000000
vt 0.506849 1.000000
vt 0.513699 0.000000
vt 0.513699 1.000000
vt 0.520548 0.000000
vt 0.520548 1.000000
vt 0.527397 0.000000
vt 0.527397 1.000000
vt 0.534247 0.000000
vt 0.534247 1.000000
vt 0.541096 0.000000
vt 0.541096 1.000000
vt 0.547945 0.000000
vt 0.547945 1.000000
vt 0.554795 0.000000
vt 0.554795 1.000000
vt 0.561644 0.000000
vt 0.561644 1.000000
vt 0.568493 0.000000
vt 0.568493 1.000000
vt 0.575342 0.000000
vt 0.575342 1.000000
vt 0.582192 0.000000
vt 0.582192 1.000000
vt 0.589041 0.000000
vt 0.589041 1.000000
vt 0.595890 0.000000
vt 0.595890 1.000000
vt 0.602740 0.000000
vt 0.602740 1.000000
vt 0.609589 0.000000
vt 0.609589 1.000000
vt 0.616438 0.000000
vt 0.616438 1.000000
vt 0.623288 0.000000
vt 0.623288 1.000000
vt 0.630137 0.000000
vt 0.630137 1.000000
vt 0.636986 0.000000
vt 0.636986 1.000000
vt 0.643836 0.000000
vt 0.643836 1.000000
vt 0.650685 0.000000
vt 0.650685 1.000000
vt 0.657534 0.000000
vt 0.657534 1.000000
vt 0.664384 0.000000
vt 0.664384 1.000000
vt 0.671233 0.000000
vt 0.671233 1.000000
vt 0.678082 0.000000
vt 0.678082 1.000000
vt 0.684932 0.000000
vt 0.684932 1.000000
vt 0.691781 0.000000
vt 0.691781 1.000000
vt 0.698630 0.000000
vt 0.698630 1.000000
vt 0.705479 0.000000
vt 0.705479 1.000000
vt 0.712329 0.000000
vt 0.712329 1.000000
vt 0.719178 0.000000
vt 0.719178 1.000000
vt 0.726027 0.000000
vt 0.726027 1.000000
vt 0.732877 0.000000
vt 0.732877 1.000000
vt 0.739726 0.000000
vt 0.739726 1.000000
vt 0.746575 0.000000
vt 0.746575 1.000000
vt 0.753425 0.000000
vt 0.753425 1.000000
vt 0.760274 0.000000
vt 0.760274 1.000000
vt 0.767123 0.000000
vt 0.767123 1.000000
vt 0.773973 0.000000
vt 0.773973 1.000000
vt 0.780822 0.000000
vt 0.780822 1.000000
vt 0.787671 0.000000
vt 0.787671 1.000000
vt 0.794521 0.000000
vt 0.794521 1.000000
vt 0.801370 0.000000
vt 0.801370 1.000000
vt 0.808219 0.000000
vt 0.808219 1.000000
vt 0.815068 0.000000
vt 0.815068 1.000000
vt 0.821918 0.000000
vt 0.821918 1.000000
vt 0.828767 0.000000
vt 0.828767 1.000000
vt 0.835616 0.000000
vt 0.835616 1.000000
vt 0.842466 0.000000
vt 0.842466 1.000000
vt 0.849315 0.000000
vt 0.849315 1.000000
vt 0.856164 0.000000
vt 0.856164 1.000000
vt 0.863014 0.000000
vt 0.863014 1.000000
vt 0.869863 0.000000
vt 0.869863 1.000000
vt 0.876712 0.000000
vt 0.876712 1.000000
vt 0.883562 0.000000
vt 0.883562 1.000000
vt 0.890411 0.000000
vt 0.890411 1.000000
vt 0.897260 0.000000
vt 0.897260 1.000000
vt 0.904110 0.000000
vt 0.904110 1.000000
vt 0.910959 0.000000
vt 0.910959 1.000000
vt 0.917808 0.000000
vt 0.917808 1.000000
vt 0.924658 0.000000
vt 0.924658 1.000000
vt 0.931507 0.000000
vt 0.931507 1.000000
vt 0.938356 0.000000
vt 0.938356 1.000000
vt 0.945205 0.000000
vt 0.945205 1.000000
vt 0.952055 0.000000
vt 0.952055 1.000000
vt 0.958904 0.000000
vt 0.958904 1.000000
vt 0.965753 0.000000
vt 0.965753 1.000000
vt 0.972603 0.000000
vt 0.972603 1.000000
vt 0.979452 0.000000
vt 0.979452 1.000000
vt 0.986301 0.000000
vt 0.986301 1.000000
vt 0.993151 0.000000
vt 0.993151 1.000000
vt 0.000000 0.000000
vt 1.000000 0.000000
vt 0.000000 1.000000
vt 1.000000 1.000000
vt 0.011628 0.000000
vt 0.011628 1.000000
vt 0.023256 0.000000
vt 0.023256 1.000000
vt 0.034884 0.000000
vt 0.034884 1.000000
vt 0.046512 0.000000
vt 0.046512 1.000000
vt 0.058140 0.000000
vt 0.058140 1.000000
vt 0.069767 0.000000
vt 0.069767 1.000000
vt 0.081395 0.000000
vt 0.081395 1.000000
vt 0.093023 0.000000
vt 0.093023 1.000000
vt 0.104651 0.000000
vt 0.104651 1.000000
vt 0.116279 0.000000
vt 0.116279 1.000000
vt 0.127907 0.000000
vt 0.127907 1.000000
vt 0.139535 0.000000
vt 0.139535 1.000000
vt 0.151163 0.000000
vt 0.151163 1.000000
vt 0.162791 0.000000
vt 0.162791 1.000000
vt 0.174419 0.000000
vt 0.174419 1.000000
vt 0.186047 0.000000
vt 0.186047 1.000000
vt 0.197674 0.000000
vt 0.197674 1.000000
vt 0.209302 0.000000
vt 0.209302 1.000000
vt 0.220930 0.000000
vt 0.220930 1.000000
vt 0.232558 0.000000
vt 0.232558 1.000000
vt 0.244186 0.000000
vt 0.244186 1.000000
vt 0.255814 0.000000
vt 0.255814 1.000000
vt 0.267442 0.000000
vt 0.267442 1.000000
vt 0.279070 0.000000
vt 0.279070 1.000000
vt 0.290698 0.000000
vt 0.290698 1.000000
vt 0.302326 0.000000
vt 0.302326 1.000000
vt 0.313953 0.000000
vt 0.313953 1.000000
vt 0.325581 0.000000
vt 0.325581 1.000000
vt 0.337209 0.000000
vt 0.337209 1.000000
vt 0.348837 0.000000
vt 0.348837 1.000000
vt 0.360465 0.000000
vt 0.360465 1.000000
vt 0.372093 0.000000
vt 0.372093 1.000000
vt 0.383721 0.000000
vt 0.383721 1.000000
vt 0.395349 0.000000
vt 0.395349 1.000000
vt 0.406977 0.000000
vt 0.406977 1.000000
vt 0.418605 0.000000
vt 0.418605 1.000000
vt 0.430233 0.000000
vt 0.430233 1.000000
vt 0.441860 0.000000
vt 0.441860 1.000000
vt 0.453488 0.000000
vt 0.453488 1.000000
vt 0.465116 0.000000
vt 0.465116 1.000000
vt 0.476744 0.000000
vt 0.476744 1.000000
vt 0.488372 0.000000
vt 0.488372 1.000000
vt 0.500000 0.000000
vt 0.500000 1.000000
vt 0.511628 0.000000
vt 0.511628 1.000000
vt 0.523256 0.000000
vt 0.523256 1.000000
vt 0.534884 0.000000
vt 0.534884 1.000000
vt 0.546512 0.000000
vt 0.546512 1.000000
vt 0.558140 0.000000
vt 0.558140 1.000000
vt 0.569767 0.000000
vt 0.569767 1.000000
vt 0.581395 0.000000
vt 0.581395 1.000000
vt 0.593023 0.000000
vt 0.593023 1.000000
vt 0.604651 0.000000
vt 0.604651 1.000000
vt 0.616279 0.000000
vt 0.616279 1.000000
vt 0.627907 0.000000
vt 0.627907 1.000000
vt 0.639535 0.000000
vt 0.639535 1.000000
vt 0.651163 0.000000
vt 0.651163 1.000000
vt 0.662791 0.000000
vt 0.662791 1.000000
vt 0.674419 0.000000
vt 0.674419 1.000000
vt 0.686047 0.000000
vt 0.686047 1.000000
vt 0.697674 0.000000
vt 0.697674 1.000000
vt 0.709302 0.000000
vt 0.709302 1.000000
vt 0.720930 0.000000
vt 0.720930 1.000000
vt 0.732558 0.000000
vt 0.732558 1.000000
vt 0.744186 0.000000
vt 0.744186 1.000000
vt 0.755814 0.000000
vt 0.755814 1.000000
vt 0.767442 0.000000
vt 0.767442 1.000000
vt 0.779070 0.000000
vt 0.779070 1.000000
vt 0.790698 0.000000
vt 0.790698 1.000000
vt 0.802326 0.000000
vt 0.802326 1.000000
vt 0.813953 0.000000
vt 0.813953 1.000000
vt 0.825581 0.000000
vt 0.825581 1.000000
vt 0.837209 0.000000
vt 0.837209 1.000000
vt 0.848837 0.000000
vt 0.848837 1.000000
vt 0.860465 0.000000
vt 0.860465 1.000000
vt 0.872093 0.000000
vt 0.872093 1.000000
vt 0.883721 0.000000
vt 0.883721 1.000000
vt 0.895349 0.000000
vt 0.895349 1.000000
vt 0.906977 0.000000
vt 0.906977 1.000000
vt 0.918605 0.000000
vt 0.918605 1.000000
vt 0.930233 0.000000
vt 0.930233 1.000000
vt 0.941860 0.000000
vt 0.941860 1.000000
vt 0.953488 0.000000
vt 0.953488 1.000000
vt 0.965116 0.000000
vt 0.965116 1.000000
vt 0.976744 0.000000
vt 0.976744 1.000000
vt 0.988372 0.000000
vt 0.988372 1.000000
vt 0.000000 0.000000
vt 1.000000 0.000000
vt 0.000000 1.000000
vt 1.000000 1.000000
vt 0.076923 0.000000
vt 0.076923 1.000000
vt 0.153846 0.000000
vt 0.153846 1.000000
vt 0.230769 0.000000
vt 0.230769 1.000000
vt 0.307692 0.000000
vt 0.307692 1.000000
vt 0.384615 0.000000
vt 0.384615 1.000000
vt 0.461538 0.000000
vt 0.461538 1.000000
vt 0.538462 0.000000
vt 0.538462 1.000000
vt 0.615385 0.000000
vt 0.615385 1.000000
vt 0.692308 0.000000
vt 0.692308 1.000000
vt 0.769231 0.000000
vt 0.769231 1.000000
vt 0.846154 0.000000
vt 0.846154 1.000000
vt 0.923077 0.000000
vt 0.923077 1.000000
vt 0.000000 0.000000
vt 1.000000 0.000000
vt 0.000000 1.000000
vt 1.000000 1.000000
vt 0.166667 0.000000
vt 0.166667 1.000000
vt 0.333333 0.000000
vt 0.333333 1.000000
vt 0.500000 0.000000
vt 0.500000 1.000000
vt 0.666667 0.000000
vt 0.666667 1.000000
vt 0.833333 0.000000
vt 0.833333 1.000000
s 0
usemtl Material.608
f 29/31/3 40/42/3 15/17/3 10/12/3
f 10/12/3 15/17/3 16/18/3 9/11/3
f 19/21/1 28/30/1 13/15/1 12/14/1
f 12/14/1 13/15/1 14/16/1 11/13/1
f 20/22/1 27/29/1 28/30/1 19/21/1
f 9/11/3 16/18/3 21/23/3 24/26/3
f 24/26/3 21/23/3 22/24/3 23/25/3
f 21/23/3 17/19/3 18/20/3 22/24/3
f 39/41/3 35/37/3 36/38/3 40/42/3
f 30/32/3 39/41/3 40/42/3 29/31/3
f 11/13/1 14/16/1 33/35/1 38/40/1
f 38/40/1 33/35/1 34/36/1 37/39/1
f 33/35/1 41/43/1 42/44/1 34/36/1
f 27/29/1 43/45/1 44/46/1 28/30/1
usemtl Material.609
f 37/39/1 34/36/1 5/6/1 1/1/1
f 4/5/2 7/9/2 8/10/2 3/4/2
f 23/25/3 22/24/3 7/9/3 4/5/3
f 1/2/4 5/7/4 6/8/4 2/3/4
f 3/4/1 8/10/1 27/29/1 20/22/1
f 2/3/3 6/8/3 39/41/3 30/32/3
usemtl Material.610
f 43/45/1 25/27/1 26/28/1 44/46/1
f 41/43/1 31/33/1 32/34/1 42/44/1
f 32/34/5 31/33/5 47/49/5 48/50/5
f 26/28/5 25/27/5 45/47/5 46/48/5
usemtl Material.611
f 106/120/1 101/115/1 64/72/1 67/75/1
f 101/115/1 102/116/1 63/70/1 64/72/1
f 62/67/6 61/65/6 64/71/6 63/69/6
f 110/124/3 103/117/3 62/68/3 75/83/3
f 103/117/3 104/118/3 61/66/3 62/68/3
f 105/119/1 106/120/1 67/75/1 68/76/1
f 104/118/3 107/121/3 72/80/3 61/66/3
f 107/121/3 108/122/3 71/79/3 72/80/3
f 109/123/3 110/124/3 75/83/3 76/84/3
f 102/116/1 111/125/1 80/88/1 63/70/1
f 111/125/1 112/126/1 79/87/1 80/88/1
f 80/88/1 79/87/1 87/98/1 88/99/1
f 76/84/3 75/83/3 85/96/3 86/97/3
f 62/67/2 63/69/2 84/94/2 83/92/2
f 75/83/3 62/68/3 83/93/3 85/96/3
f 63/70/1 80/88/1 88/99/1 84/95/1
f 64/71/4 61/65/4 91/102/4 92/104/4
f 67/75/1 64/72/1 92/105/1 93/106/1
f 72/80/3 71/79/3 95/108/3 96/109/3
f 68/76/1 67/75/1 93/106/1 94/107/1
f 61/66/3 72/80/3 96/109/3 91/103/3
usemtl Material.612
f 108/122/3 97/110/3 56/60/3 71/79/3
f 99/113/4 98/111/4 54/58/4 53/56/4
f 97/110/2 100/114/2 55/59/2 56/60/2
f 112/126/1 99/112/1 53/57/1 79/87/1
f 100/114/1 105/119/1 68/76/1 55/59/1
f 98/111/3 109/123/3 76/84/3 54/58/3
f 53/56/4 54/58/4 82/91/4 81/89/4
f 79/87/1 53/57/1 81/90/1 87/98/1
f 54/58/3 76/84/3 86/97/3 82/91/3
f 71/79/3 56/60/3 90/101/3 95/108/3
f 56/60/2 55/59/2 89/100/2 90/101/2
f 55/59/1 68/76/1 94/107/1 89/100/1
usemtl Material.613
f 78/86/1 77/85/1 112/126/1 111/125/1
f 59/63/1 78/86/1 111/125/1 102/116/1
f 74/82/3 73/81/3 110/124/3 109/123/3
f 50/53/3 74/82/3 109/123/3 98/111/3
f 70/78/3 69/77/3 108/122/3 107/121/3
f 57/61/3 70/78/3 107/121/3 104/118/3
f 66/74/1 65/73/1 106/120/1 105/119/1
f 51/54/1 66/74/1 105/119/1 100/114/1
f 58/62/3 57/61/3 104/118/3 103/117/3
f 73/81/3 58/62/3 103/117/3 110/124/3
f 60/64/1 59/63/1 102/116/1 101/115/1
f 65/73/1 60/64/1 101/115/1 106/120/1
f 77/85/1 49/51/1 99/112/1 112/126/1
f 52/55/2 51/54/2 100/114/2 97/110/2
f 49/52/4 50/53/4 98/111/4 99/113/4
f 69/77/3 52/55/3 97/110/3 108/122/3
usemtl Material.614
f 113/127/7 114/130/7 116/135/7 115/133/7
f 115/133/8 116/135/8 118/140/8 117/137/8
f 116/136/1 114/131/1 118/139/1
f 117/137/9 118/140/9 114/132/9 113/128/9
f 113/129/3 115/134/3 117/138/3
f 119/141/10 120/144/10 122/149/10 121/147/10
f 121/147/6 122/149/6 124/154/6 123/151/6
f 122/150/1 120/145/1 124/153/1
f 123/151/11 124/154/11 120/146/11 119/142/11
f 119/143/3 121/148/3 123/152/3
f 125/155/12 126/158/12 128/163/12 127/161/12
f 127/161/13 128/163/13 130/168/13 129/165/13
f 128/164/3 126/159/3 130/167/3
f 129/165/14 130/168/14 126/160/14 125/156/14
f 125/157/1 127/162/1 129/166/1
usemtl Material.615
f 140/185/6 139/183/6 144/193/6 143/191/6
f 144/194/1 151/204/1 152/205/1 143/192/1
f 517/758/3 494/730/3 507/747/3 520/763/3
f 578/843/3 574/839/3 560/820/3 483/714/3
f 511/751/5 509/749/5 490/725/5 489/724/5
f 606/879/1 604/877/1 557/814/1 481/711/1
f 581/846/3 479/709/3 532/778/3 587/854/3
f 595/866/1 478/708/1 572/835/1 599/870/1
f 611/886/1 606/879/1 481/711/1 473/703/1
f 479/709/2 483/714/2 484/715/2 477/707/2
f 581/846/3 578/843/3 483/714/3 479/709/3
f 473/702/4 481/712/4 482/713/4 475/705/4
f 485/717/4 486/718/4 487/722/4 488/723/4
f 518/760/5 516/757/5 487/721/5 486/719/5
f 516/756/3 517/758/3 488/723/3 487/722/3
f 515/755/1 518/759/1 486/720/1 485/716/1
f 491/726/2 489/724/2 490/725/2 492/727/2
f 500/738/4 499/737/4 506/746/4 508/748/4
f 509/749/1 512/752/1 492/727/1 490/725/1
f 510/750/3 511/751/3 489/724/3 491/726/3
f 481/711/1 557/814/1 496/733/1 493/729/1
f 558/817/3 482/713/3 494/730/3 495/731/3
f 557/815/5 558/816/5 495/732/5 496/734/5
f 482/713/6 481/712/6 493/728/6 494/730/6
f 483/714/3 560/820/3 498/736/3 499/737/3
f 561/821/1 484/715/1 500/738/1 497/735/1
f 484/715/6 483/714/6 499/737/6 500/738/6
f 560/820/5 561/821/5 497/735/5 498/736/5
f 519/761/1 501/739/1 521/764/1 523/767/1
f 513/753/3 504/744/3 524/769/3 526/771/3
f 515/755/1 485/716/1 501/739/1 519/761/1
f 491/726/2 492/727/2 505/745/2 504/744/2
f 512/752/1 500/738/1 508/748/1 514/754/1
f 485/717/4 488/723/4 502/741/4 501/740/4
f 510/750/3 491/726/3 504/744/3 513/753/3
f 494/730/2 493/728/2 503/743/2 507/747/2
f 499/737/3 510/750/3 513/753/3 506/746/3
f 492/727/1 512/752/1 514/754/1 505/745/1
f 508/748/6 506/746/6 513/753/6 514/754/6
f 499/737/3 498/736/3 511/751/3 510/750/3
f 497/735/1 500/738/1 512/752/1 509/749/1
f 498/736/5 497/735/5 509/749/5 511/751/5
f 493/729/1 515/755/1 519/761/1 503/742/1
f 507/747/6 503/743/6 519/762/6 520/763/6
f 493/729/1 496/733/1 518/759/1 515/755/1
f 495/731/3 494/730/3 517/758/3 516/756/3
f 496/734/5 495/732/5 516/757/5 518/760/5
f 488/723/3 517/758/3 520/763/3 502/741/3
f 528/773/6 523/768/6 521/765/6 522/766/6
f 527/772/6 526/771/6 524/769/6 525/770/6
f 505/745/1 514/754/1 527/772/1 525/770/1
f 520/763/2 519/762/2 523/768/2 528/773/2
f 514/754/4 513/753/4 526/771/4 527/772/4
f 504/744/2 505/745/2 525/770/2 524/769/2
f 502/741/3 520/763/3 528/773/3 522/766/3
f 501/740/4 502/741/4 522/766/4 521/765/4
f 532/778/2 531/777/2 552/806/2 553/807/2
f 473/702/4 475/705/4 530/776/4 529/775/4
f 479/709/2 477/707/2 531/777/2 532/778/2
f 611/886/1 473/703/1 529/774/1 615/890/1
f 575/840/1 538/784/1 548/798/1 579/844/1
f 538/784/1 537/783/1 547/796/1 548/798/1
f 546/793/2 547/795/2 556/812/2 551/804/2
f 546/793/6 545/791/6 548/797/6 547/795/6
f 601/872/3 614/889/3 543/789/3 534/780/3
f 534/780/3 543/789/3 544/790/3 533/779/3
f 575/840/1 586/853/1 541/787/1 538/784/1
f 538/784/1 541/787/1 542/788/1 537/783/1
f 593/864/3 536/782/3 565/828/3 597/868/3
f 621/900/1 540/786/1 568/831/1 625/904/1
f 601/872/3 534/780/3 546/794/3 607/880/3
f 534/780/3 533/779/3 545/792/3 546/794/3
f 586/853/1 584/851/1 564/826/1 541/787/1
f 541/787/1 564/826/1 562/823/1 542/788/1
f 614/889/3 610/885/3 563/824/3 543/789/3
f 543/789/3 563/824/3 559/819/3 544/790/3
f 591/861/6 553/807/6 552/806/6 590/859/6
f 617/893/6 551/804/6 556/812/6 620/899/6
f 615/890/1 529/774/1 550/801/1 619/896/1
f 529/775/4 530/776/4 549/799/4 550/802/4
f 587/854/3 532/778/3 553/807/3 591/860/3
f 548/797/4 545/791/4 555/811/4 554/809/4
f 579/844/1 548/798/1 554/808/1 589/856/1
f 607/880/3 546/794/3 551/805/3 617/892/3
f 474/704/5 476/706/5 558/816/5 557/815/5
f 594/865/5 480/710/5 560/820/5 574/838/5
f 480/710/5 478/708/5 561/821/5 560/820/5
f 622/901/5 474/704/5 557/815/5 604/876/5
f 624/903/5 535/781/5 563/825/5 610/884/5
f 535/781/5 536/782/5 559/818/5 563/825/5
f 596/867/5 539/785/5 564/827/5 584/850/5
f 539/785/5 540/786/5 562/822/5 564/827/5
f 627/906/5 570/833/5 569/832/5 626/905/5
f 597/868/5 565/828/5 566/829/5 600/871/5
f 565/828/5 567/830/5 568/831/5 566/829/5
f 623/902/3 476/706/3 570/833/3 627/906/3
f 478/708/2 480/710/2 571/834/2 572/835/2
f 476/706/4 474/704/4 569/832/4 570/833/4
f 540/786/1 539/785/1 566/829/1 568/831/1
f 536/782/3 535/781/3 567/830/3 565/828/3
f 571/834/5 598/869/5 599/870/5 572/835/5
f 598/869/5 597/868/5 600/871/5 599/870/5
f 478/708/5 595/866/5 583/848/5 561/821/5
f 595/866/5 596/867/5 584/850/5 583/848/5
f 536/782/5 593/864/5 573/836/5 559/818/5
f 593/864/5 594/865/5 574/838/5 573/836/5
f 531/777/1 580/845/1 590/858/1 552/806/1
f 580/845/1 579/844/1 589/856/1 590/858/1
f 545/792/3 588/855/3 592/862/3 555/810/3
f 588/855/3 587/854/3 591/860/3 592/862/3
f 555/811/6 592/863/6 589/857/6 554/809/6
f 592/863/6 591/861/6 590/859/6 589/857/6
f 484/715/1 561/821/1 583/849/1 585/852/1
f 585/852/1 583/849/1 584/851/1 586/853/1
f 480/710/3 594/865/3 598/869/3 571/834/3
f 594/865/3 593/864/3 597/868/3 598/869/3
f 477/707/1 484/715/1 585/852/1 576/841/1
f 576/841/1 585/852/1 586/853/1 575/840/1
f 477/707/1 576/841/1 580/845/1 531/777/1
f 576/841/1 575/840/1 579/844/1 580/845/1
f 533/779/3 544/790/3 577/842/3 582/847/3
f 582/847/3 577/842/3 578/843/3 581/846/3
f 539/785/1 596/867/1 600/871/1 566/829/1
f 596/867/1 595/866/1 599/870/1 600/871/1
f 533/779/3 582/847/3 588/855/3 545/792/3
f 582/847/3 581/846/3 587/854/3 588/855/3
f 544/790/3 559/819/3 573/837/3 577/842/3
f 577/842/3 573/837/3 574/839/3 578/843/3
f 535/781/3 624/903/3 628/907/3 567/830/3
f 624/903/3 623/902/3 627/906/3 628/907/3
f 567/830/5 628/907/5 625/904/5 568/831/5
f 628/907/5 627/906/5 626/905/5 625/904/5
f 476/706/5 623/902/5 609/882/5 558/816/5
f 623/902/5 624/903/5 610/884/5 609/882/5
f 540/786/5 621/900/5 603/874/5 562/822/5
f 621/900/5 622/901/5 604/876/5 603/874/5
f 530/776/3 608/881/3 618/894/3 549/799/3
f 608/881/3 607/880/3 617/892/3 618/894/3
f 547/796/1 616/891/1 620/898/1 556/813/1
f 616/891/1 615/890/1 619/896/1 620/898/1
f 549/800/6 618/895/6 619/897/6 550/803/6
f 618/895/6 617/893/6 620/899/6 619/897/6
f 482/713/3 558/817/3 609/883/3 613/888/3
f 613/888/3 609/883/3 610/885/3 614/889/3
f 475/705/3 602/873/3 608/881/3 530/776/3
f 602/873/3 601/872/3 607/880/3 608/881/3
f 474/704/1 622/901/1 626/905/1 569/832/1
f 622/901/1 621/900/1 625/904/1 626/905/1
f 475/705/3 482/713/3 613/888/3 602/873/3
f 602/873/3 613/888/3 614/889/3 601/872/3
f 537/783/1 612/887/1 616/891/1 547/796/1
f 612/887/1 611/886/1 615/890/1 616/891/1
f 537/783/1 542/788/1 605/878/1 612/887/1
f 612/887/1 605/878/1 606/879/1 611/886/1
f 542/788/1 562/823/1 603/875/1 605/878/1
f 605/878/1 603/875/1 604/877/1 606/879/1
usemtl Material.616
f 147/200/4 132/172/4 134/178/4 148/201/4
f 154/207/3 142/190/3 138/182/3 149/202/3
f 149/202/2 138/182/2 136/180/2 150/203/2
f 152/205/1 146/198/1 132/173/1 147/199/1
f 139/183/6 137/181/6 135/179/6 144/193/6
f 141/187/5 134/177/5 132/174/5 146/197/5
f 138/182/5 142/189/5 145/195/5 136/180/5
f 142/189/5 141/187/5 146/197/5 145/195/5
f 133/175/6 140/185/6 143/191/6 131/169/6
f 150/203/1 136/180/1 145/196/1 151/204/1
f 151/204/1 145/196/1 146/198/1 152/205/1
f 148/201/3 134/178/3 141/188/3 153/206/3
f 153/206/3 141/188/3 142/190/3 154/207/3
f 140/186/3 153/206/3 154/207/3 139/184/3
f 133/176/3 148/201/3 153/206/3 140/186/3
f 135/179/1 150/203/1 151/204/1 144/194/1
f 143/192/1 152/205/1 147/199/1 131/170/1
f 137/181/2 149/202/2 150/203/2 135/179/2
f 139/184/3 154/207/3 149/202/3 137/181/3
f 131/171/4 147/200/4 148/201/4 133/176/4
s 1
f 155/208/5 220/307/5 219/305/15 157/212/15
f 157/212/15 219/305/15 221/310/16 159/215/16
f 159/215/16 221/310/16 222/312/17 161/218/17
f 161/218/17 222/312/17 223/314/18 163/221/18
f 163/221/18 223/314/18 224/316/19 165/224/19
f 165/224/19 224/316/19 225/318/20 167/227/20
f 167/227/20 225/318/20 226/320/21 169/230/21
f 169/230/21 226/320/21 227/322/2 171/233/2
f 171/233/2 227/322/2 228/324/22 173/236/22
f 173/236/22 228/324/22 229/326/23 175/239/23
f 175/239/23 229/326/23 230/328/24 177/242/24
f 177/242/24 230/328/24 231/330/25 179/245/25
f 179/245/25 231/330/25 232/332/26 181/248/26
f 181/248/26 232/332/26 233/334/27 183/251/27
f 183/251/27 233/334/27 234/336/28 185/254/28
f 185/254/28 234/336/28 235/338/6 187/257/6
f 187/257/6 235/338/6 236/340/29 189/260/29
f 189/260/29 236/340/29 237/342/30 191/263/30
f 191/263/30 237/342/30 238/344/31 193/266/31
f 193/266/31 238/344/31 239/346/32 195/269/32
f 195/269/32 239/346/32 240/348/33 197/272/33
f 197/272/33 240/348/33 241/350/34 199/275/34
f 199/275/34 241/350/34 242/352/35 201/278/35
f 201/278/35 242/352/35 243/354/4 203/281/4
f 203/281/4 243/354/4 244/356/36 205/284/36
f 205/284/36 244/356/36 245/358/37 207/287/37
f 207/287/37 245/358/37 246/360/38 209/290/38
f 209/290/38 246/360/38 247/362/39 211/293/39
f 211/293/39 247/362/39 248/364/40 213/296/40
f 213/296/40 248/364/40 249/366/41 215/299/41
f 160/217/42 158/214/29 251/370/29 253/372/42
f 215/299/41 249/366/41 250/368/43 217/302/43
f 217/302/43 250/368/43 220/308/5 155/209/5
f 155/210/3 157/213/3 159/216/3 161/219/3 163/222/3 165/225/3 167/228/3 169/231/3 171/234/3 173/237/3 175/240/3 177/243/3 179/246/3 181/249/3 183/252/3 185/255/3 187/258/3 189/261/3 191/264/3 193/267/3 195/270/3 197/273/3 199/276/3 201/279/3 203/282/3 205/285/3 207/288/3 209/291/3 211/294/3 213/297/3 215/300/3 217/303/3
f 156/211/1 158/214/1 219/306/1 220/309/1
f 158/214/1 160/217/1 221/311/1 219/306/1
f 160/217/1 162/220/1 222/313/1 221/311/1
f 162/220/1 164/223/1 223/315/1 222/313/1
f 164/223/1 166/226/1 224/317/1 223/315/1
f 166/226/1 168/229/1 225/319/1 224/317/1
f 168/229/1 170/232/1 226/321/1 225/319/1
f 170/232/1 172/235/1 227/323/1 226/321/1
f 172/235/1 174/238/1 228/325/1 227/323/1
f 174/238/1 176/241/1 229/327/1 228/325/1
f 176/241/1 178/244/1 230/329/1 229/327/1
f 178/244/1 180/247/1 231/331/1 230/329/1
f 180/247/1 182/250/1 232/333/1 231/331/1
f 182/250/1 184/253/1 233/335/1 232/333/1
f 184/253/1 186/256/1 234/337/1 233/335/1
f 186/256/1 188/259/1 235/339/1 234/337/1
f 188/259/1 190/262/1 236/341/1 235/339/1
f 190/262/1 192/265/1 237/343/1 236/341/1
f 192/265/1 194/268/1 238/345/1 237/343/1
f 194/268/1 196/271/1 239/347/1 238/345/1
f 196/271/1 198/274/1 240/349/1 239/347/1
f 198/274/1 200/277/1 241/351/1 240/349/1
f 200/277/1 202/280/1 242/353/1 241/351/1
f 202/280/1 204/283/1 243/355/1 242/353/1
f 204/283/1 206/286/1 244/357/1 243/355/1
f 206/286/1 208/289/1 245/359/1 244/357/1
f 208/289/1 210/292/1 246/361/1 245/359/1
f 210/292/1 212/295/1 247/363/1 246/361/1
f 212/295/1 214/298/1 248/365/1 247/363/1
f 214/298/1 216/301/1 249/367/1 248/365/1
f 216/301/1 218/304/1 250/369/1 249/367/1
f 218/304/1 156/211/1 220/309/1 250/369/1
f 214/298/26 212/295/44 279/398/44 280/399/26
f 188/259/5 186/256/43 266/385/43 267/386/5
f 162/220/31 160/217/42 253/372/42 254/373/31
f 216/301/27 214/298/26 280/399/26 281/400/27
f 190/262/45 188/259/5 267/386/5 268/387/45
f 164/223/32 162/220/31 254/373/31 255/374/32
f 218/304/28 216/301/27 281/400/27 282/401/28
f 192/265/16 190/262/45 268/387/45 269/388/16
f 166/226/33 164/223/32 255/374/32 256/375/33
f 156/211/6 218/304/28 282/401/28 252/371/6
f 194/268/17 192/265/16 269/388/16 270/389/17
f 168/229/34 166/226/33 256/375/33 257/376/34
f 196/271/46 194/268/17 270/389/17 271/390/46
f 170/232/35 168/229/34 257/376/34 258/377/35
f 198/274/19 196/271/46 271/390/46 272/391/19
f 172/235/4 170/232/35 258/377/35 259/378/4
f 200/277/20 198/274/19 272/391/19 273/392/20
f 174/238/36 172/235/4 259/378/4 260/379/36
f 202/280/21 200/277/20 273/392/20 274/393/21
f 176/241/37 174/238/36 260/379/36 261/380/37
f 204/283/2 202/280/21 274/393/21 275/394/2
f 178/244/38 176/241/37 261/380/37 262/381/38
f 206/286/22 204/283/2 275/394/2 276/395/22
f 180/247/39 178/244/38 262/381/38 263/382/39
f 208/289/23 206/286/22 276/395/22 277/396/23
f 182/250/40 180/247/39 263/382/39 264/383/40
f 210/292/24 208/289/23 277/396/23 278/397/24
f 184/253/41 182/250/40 264/383/40 265/384/41
f 158/214/29 156/211/6 252/371/6 251/370/29
f 212/295/44 210/292/24 278/397/24 279/398/44
f 186/256/43 184/253/41 265/384/41 266/385/43
f 283/402/5 348/501/5 347/499/15 285/406/15
f 285/406/15 347/499/15 349/504/16 287/409/16
f 287/409/16 349/504/16 350/506/17 289/412/17
f 289/412/17 350/506/17 351/508/18 291/415/18
f 291/415/18 351/508/18 352/510/19 293/418/19
f 293/418/19 352/510/19 353/512/20 295/421/20
f 295/421/20 353/512/20 354/514/21 297/424/21
f 297/424/21 354/514/21 355/516/2 299/427/2
f 299/427/2 355/516/2 356/518/22 301/430/22
f 301/430/22 356/518/22 357/520/23 303/433/23
f 303/433/23 357/520/23 358/522/24 305/436/24
f 305/436/24 358/522/24 359/524/25 307/439/25
f 307/439/25 359/524/25 360/526/26 309/442/26
f 309/442/26 360/526/26 361/528/27 311/445/27
f 311/445/27 361/528/27 362/530/28 313/448/28
f 313/448/28 362/530/28 363/532/6 315/451/6
f 315/451/6 363/532/6 364/534/29 317/454/29
f 317/454/29 364/534/29 365/536/30 319/457/30
f 319/457/30 365/536/30 366/538/31 321/460/31
f 321/460/31 366/538/31 367/540/32 323/463/32
f 323/463/32 367/540/32 368/542/33 325/466/33
f 325/466/33 368/542/33 369/544/34 327/469/34
f 327/469/34 369/544/34 370/546/35 329/472/35
f 329/472/35 370/546/35 371/548/4 331/475/4
f 331/475/4 371/548/4 372/550/36 333/478/36
f 333/478/36 372/550/36 373/552/37 335/481/37
f 335/481/37 373/552/37 374/554/38 337/484/38
f 337/484/38 374/554/38 375/556/39 339/487/39
f 339/487/39 375/556/39 376/558/40 341/490/40
f 341/490/40 376/558/40 377/560/41 343/493/41
f 326/468/19 324/465/18 399/584/18 400/585/19
f 343/493/41 377/560/41 378/562/43 345/496/43
f 345/496/43 378/562/43 348/502/5 283/403/5
f 283/404/3 285/407/3 287/410/3 289/413/3 291/416/3 293/419/3 295/422/3 297/425/3 299/428/3 301/431/3 303/434/3 305/437/3 307/440/3 309/443/3 311/446/3 313/449/3 315/452/3 317/455/3 319/458/3 321/461/3 323/464/3 325/467/3 327/470/3 329/473/3 331/476/3 333/479/3 335/482/3 337/485/3 339/488/3 341/491/3 343/494/3 345/497/3
f 284/405/1 286/408/1 347/500/1 348/503/1
f 286/408/1 288/411/1 349/505/1 347/500/1
f 288/411/1 290/414/1 350/507/1 349/505/1
f 290/414/1 292/417/1 351/509/1 350/507/1
f 292/417/1 294/420/1 352/511/1 351/509/1
f 294/420/1 296/423/1 353/513/1 352/511/1
f 296/423/1 298/426/1 354/515/1 353/513/1
f 298/426/1 300/429/1 355/517/1 354/515/1
f 300/429/1 302/432/1 356/519/1 355/517/1
f 302/432/1 304/435/1 357/521/1 356/519/1
f 304/435/1 306/438/1 358/523/1 357/521/1
f 306/438/1 308/441/1 359/525/1 358/523/1
f 308/441/1 310/444/1 360/527/1 359/525/1
f 310/444/1 312/447/1 361/529/1 360/527/1
f 312/447/1 314/450/1 362/531/1 361/529/1
f 314/450/1 316/453/1 363/533/1 362/531/1
f 316/453/1 318/456/1 364/535/1 363/533/1
f 318/456/1 320/459/1 365/537/1 364/535/1
f 320/459/1 322/462/1 366/539/1 365/537/1
f 322/462/1 324/465/1 367/541/1 366/539/1
f 324/465/1 326/468/1 368/543/1 367/541/1
f 326/468/1 328/471/1 369/545/1 368/543/1
f 328/471/1 330/474/1 370/547/1 369/545/1
f 330/474/1 332/477/1 371/549/1 370/547/1
f 332/477/1 334/480/1 372/551/1 371/549/1
f 334/480/1 336/483/1 373/553/1 372/551/1
f 336/483/1 338/486/1 374/555/1 373/553/1
f 338/486/1 340/489/1 375/557/1 374/555/1
f 340/489/1 342/492/1 376/559/1 375/557/1
f 342/492/1 344/495/1 377/561/1 376/559/1
f 344/495/1 346/498/1 378/563/1 377/561/1
f 346/498/1 284/405/1 348/503/1 378/563/1
f 300/429/4 298/426/35 386/571/35 387/572/4
f 328/471/20 326/468/19 400/585/19 401/586/20
f 302/432/36 300/429/4 387/572/4 388/573/36
f 330/474/21 328/471/20 401/586/20 402/587/21
f 304/435/37 302/432/36 388/573/36 389/574/37
f 332/477/2 330/474/21 402/587/21 403/588/2
f 306/438/38 304/435/37 389/574/37 390/575/38
f 334/480/22 332/477/2 403/588/2 404/589/22
f 308/441/47 306/438/38 390/575/38 391/576/47
f 336/483/23 334/480/22 404/589/22 405/590/23
f 310/444/40 308/441/47 391/576/47 392/577/40
f 338/486/24 336/483/23 405/590/23 406/591/24
f 312/447/41 310/444/40 392/577/40 393/578/41
f 286/408/29 284/405/6 380/565/6 379/564/29
f 340/489/25 338/486/24 406/591/24 407/592/25
f 314/450/43 312/447/41 393/578/41 394/579/43
f 288/411/42 286/408/29 379/564/29 381/566/42
f 342/492/26 340/489/25 407/592/25 408/593/26
f 316/453/5 314/450/43 394/579/43 395/580/5
f 290/414/31 288/411/42 381/566/42 382/567/31
f 344/495/48 342/492/26 408/593/26 409/594/48
f 318/456/45 316/453/5 395/580/5 396/581/45
f 292/417/49 290/414/31 382/567/31 383/568/49
f 346/498/28 344/495/48 409/594/48 410/595/28
f 320/459/16 318/456/45 396/581/45 397/582/16
f 294/420/33 292/417/49 383/568/49 384/569/33
f 284/405/6 346/498/28 410/595/28 380/565/6
f 322/462/17 320/459/16 397/582/16 398/583/17
f 296/423/34 294/420/33 384/569/33 385/570/34
f 324/465/18 322/462/17 398/583/17 399/584/18
f 298/426/35 296/423/34 385/570/34 386/571/35
usemtl Material.617
f 251/370/1 252/371/1 282/401/1 281/400/1 280/399/1 279/398/1 278/397/1 277/396/1 276/395/1 275/394/1 274/393/1 273/392/1 272/391/1 271/390/1 270/389/1 269/388/1 268/387/1 267/386/1 266/385/1 265/384/1 264/383/1 263/382/1 262/381/1 261/380/1 260/379/1 259/378/1 258/377/1 257/376/1 256/375/1 255/374/1 254/373/1 253/372/1
f 379/564/1 380/565/1 410/595/1 409/594/1 408/593/1 407/592/1 406/591/1 405/590/1 404/589/1 403/588/1 402/587/1 401/586/1 400/585/1 399/584/1 398/583/1 397/582/1 396/581/1 395/580/1 394/579/1 393/578/1 392/577/1 391/576/1 390/575/1 389/574/1 388/573/1 387/572/1 386/571/1 385/570/1 384/569/1 383/568/1 382/567/1 381/566/1
s 0
usemtl Material.618
f 427/627/4 412/599/4 414/605/4 428/628/4
f 434/634/3 422/617/3 418/609/3 429/629/3
f 429/629/2 418/609/2 416/607/2 430/630/2
f 432/632/1 426/625/1 412/600/1 427/626/1
f 419/610/6 417/608/6 415/606/6 424/620/6
f 421/614/5 414/604/5 412/601/5 426/624/5
f 418/609/5 422/616/5 425/622/5 416/607/5
f 422/616/5 421/614/5 426/624/5 425/622/5
f 413/602/6 420/612/6 423/618/6 411/596/6
f 420/612/6 419/610/6 424/620/6 423/618/6
f 430/630/1 416/607/1 425/623/1 431/631/1
f 431/631/1 425/623/1 426/625/1 432/632/1
f 428/628/3 414/605/3 421/615/3 433/633/3
f 433/633/3 421/615/3 422/617/3 434/634/3
f 420/613/3 433/633/3 434/634/3 419/611/3
f 413/603/3 428/628/3 433/633/3 420/613/3
f 424/621/1 431/631/1 432/632/1 423/619/1
f 415/606/1 430/630/1 431/631/1 424/621/1
f 423/619/1 432/632/1 427/626/1 411/597/1
f 417/608/2 429/629/2 430/630/2 415/606/2
f 419/611/3 434/634/3 429/629/3 417/608/3
f 411/598/4 427/627/4 428/628/4 413/603/4
f 451/666/4 436/638/4 438/644/4 452/667/4
f 458/673/3 446/656/3 442/648/3 453/668/3
f 453/668/2 442/648/2 440/646/2 454/669/2
f 456/671/1 450/664/1 436/639/1 451/665/1
f 443/649/6 441/647/6 439/645/6 448/659/6
f 445/653/5 438/643/5 436/640/5 450/663/5
f 442/648/5 446/655/5 449/661/5 440/646/5
f 446/655/5 445/653/5 450/663/5 449/661/5
f 437/641/6 444/651/6 447/657/6 435/635/6
f 444/651/6 443/649/6 448/659/6 447/657/6
f 454/669/1 440/646/1 449/662/1 455/670/1
f 455/670/1 449/662/1 450/664/1 456/671/1
f 452/667/3 438/644/3 445/654/3 457/672/3
f 457/672/3 445/654/3 446/656/3 458/673/3
f 444/652/3 457/672/3 458/673/3 443/650/3
f 437/642/3 452/667/3 457/672/3 444/652/3
f 448/660/1 455/670/1 456/671/1 447/658/1
f 439/645/1 454/669/1 455/670/1 448/660/1
f 447/658/1 456/671/1 451/665/1 435/636/1
f 441/647/2 453/668/2 454/669/2 439/645/2
f 443/650/3 458/673/3 453/668/3 441/647/3
f 435/637/4 451/666/4 452/667/4 437/642/4
usemtl Material.619
f 459/674/50 460/677/50 462/682/50 461/680/50
f 461/680/51 462/682/51 464/687/51 463/684/51
f 462/683/2 460/678/2 464/686/2
f 463/684/52 464/687/52 460/679/52 459/675/52
f 459/676/4 461/681/4 463/685/4
f 465/688/53 466/691/53 468/696/53 467/694/53
f 467/694/3 468/696/3 470/701/3 469/698/3
f 468/697/4 466/692/4 470/700/4
f 469/698/54 470/701/54 466/693/54 465/689/54
f 465/690/2 467/695/2 469/699/2
usemtl Material.650
f 656/943/3 653/940/3 654/941/3 657/944/3
f 659/946/1 655/942/1 652/936/1 660/948/1
f 654/941/5 653/939/5 652/937/5 655/942/5
f 646/929/2 657/944/2 659/946/2 647/930/2
f 645/928/3 656/943/3 657/944/3 646/929/3
f 648/931/4 660/947/4 656/943/4 645/928/4
f 649/932/1 667/955/1 668/957/1 650/933/1
f 647/930/2 659/946/2 667/955/2 649/932/2
f 660/947/4 648/931/4 650/934/4 668/956/4
f 630/910/4 637/918/4 660/947/4 652/938/4
f 632/913/4 630/910/4 652/938/4 653/940/4
f 634/915/2 636/917/2 654/941/2 655/942/2
f 638/919/4 632/913/4 653/940/4 656/943/4
f 636/917/2 639/920/2 657/944/2 654/941/2
f 640/921/2 634/915/2 655/942/2 659/946/2
f 639/920/2 640/921/2 659/946/2 657/944/2
f 637/918/4 638/919/4 656/943/4 660/947/4
f 651/935/5 658/945/5 659/946/5 660/948/5
f 666/954/5 651/935/5 660/948/5 668/957/5
f 658/945/5 665/953/5 667/955/5 659/946/5
f 644/927/5 641/922/5 665/953/5 666/954/5
f 641/922/5 669/958/5 667/955/5 665/953/5
f 670/959/5 644/927/5 666/954/5 668/957/5
f 663/951/5 664/952/5 668/957/5 667/955/5
f 662/950/5 661/949/5 669/958/5 670/959/5
f 661/949/5 663/951/5 667/955/5 669/958/5
f 664/952/5 662/950/5 670/959/5 668/957/5
f 698/995/3 695/992/3 696/993/3 699/996/3
f 701/998/1 697/994/1 694/988/1 702/1000/1
f 696/993/5 695/991/5 694/989/5 697/994/5
f 688/981/2 699/996/2 701/998/2 689/982/2
f 687/980/3 698/995/3 699/996/3 688/981/3
f 690/983/4 702/999/4 698/995/4 687/980/4
f 691/984/1 709/1007/1 710/1009/1 692/985/1
f 689/982/2 701/998/2 709/1007/2 691/984/2
f 702/999/4 690/983/4 692/986/4 710/1008/4
f 672/962/4 679/970/4 702/999/4 694/990/4
f 674/965/4 672/962/4 694/990/4 695/992/4
f 676/967/2 678/969/2 696/993/2 697/994/2
f 680/971/4 674/965/4 695/992/4 698/995/4
f 678/969/2 681/972/2 699/996/2 696/993/2
f 682/973/2 676/967/2 697/994/2 701/998/2
f 681/972/2 682/973/2 701/998/2 699/996/2
f 679/970/4 680/971/4 698/995/4 702/999/4
f 693/987/5 700/997/5 701/998/5 702/1000/5
f 708/1006/5 693/987/5 702/1000/5 710/1009/5
f 700/997/5 707/1005/5 709/1007/5 701/998/5
f 686/979/5 683/974/5 707/1005/5 708/1006/5
f 683/974/5 711/1010/5 709/1007/5 707/1005/5
f 712/1011/5 686/979/5 708/1006/5 710/1009/5
f 705/1003/5 706/1004/5 710/1009/5 709/1007/5
f 704/1002/5 703/1001/5 711/1010/5 712/1011/5
f 703/1001/5 705/1003/5 709/1007/5 711/1010/5
f 706/1004/5 704/1002/5 712/1011/5 710/1009/5
usemtl Material.651
f 631/911/6 635/916/6 633/914/6 629/908/6
f 648/931/4 629/909/4 643/924/4 650/934/4
f 629/908/6 633/914/6 642/923/6 643/925/6
f 633/914/2 647/930/2 649/932/2 642/923/2
f 642/923/1 649/932/1 650/933/1 643/926/1
f 629/909/4 648/931/4 645/928/4 631/912/4
f 631/912/3 645/928/3 646/929/3 635/916/3
f 635/916/2 646/929/2 647/930/2 633/914/2
f 673/963/6 677/968/6 675/966/6 671/960/6
f 690/983/4 671/961/4 685/976/4 692/986/4
f 671/960/6 675/966/6 684/975/6 685/977/6
f 675/966/2 689/982/2 691/984/2 684/975/2
f 684/975/1 691/984/1 692/985/1 685/978/1
f 671/961/4 690/983/4 687/980/4 673/964/4
f 673/964/3 687/980/3 688/981/3 677/968/3
f 677/968/2 688/981/2 689/982/2 675/966/2
usemtl Material.652
f 637/918/4 630/910/4 632/913/4 638/919/4
f 639/920/2 636/917/2 634/915/2 640/921/2
f 679/970/4 672/962/4 674/965/4 680/971/4
f 681/972/2 678/969/2 676/967/2 682/973/2
usemtl Material.653
f 658/945/5 651/935/5 666/954/5 665/953/5
f 641/922/5 644/927/5 670/959/5 669/958/5
f 661/949/5 662/950/5 664/952/5 663/951/5
f 700/997/5 693/987/5 708/1006/5 707/1005/5
f 683/974/5 686/979/5 712/1011/5 711/1010/5
f 703/1001/5 704/1002/5 706/1004/5 705/1003/5
usemtl Material.654
f 718/1017/1 713/1012/1 719/1018/1
f 718/1017/1 716/1015/1 713/1012/1
f 716/1015/1 714/1013/1 713/1012/1
f 717/1016/1 716/1015/1 718/1017/1
f 715/1014/1 714/1013/1 716/1015/1
f 725/1024/1 720/1019/1 726/1025/1
f 725/1024/1 723/1022/1 720/1019/1
f 723/1022/1 721/1020/1 720/1019/1
f 724/1023/1 723/1022/1 725/1024/1
f 722/1021/1 721/1020/1 723/1022/1
f 727/1026/3 732/1031/3 733/1032/3
f 730/1029/3 732/1031/3 727/1026/3
f 728/1027/3 730/1029/3 727/1026/3
f 730/1029/3 731/1030/3 732/1031/3
f 728/1027/3 729/1028/3 730/1029/3
f 734/1033/3 739/1038/3 740/1039/3
f 737/1036/3 739/1038/3 734/1033/3
f 735/1034/3 737/1036/3 734/1033/3
f 737/1036/3 738/1037/3 739/1038/3
f 735/1034/3 736/1035/3 737/1036/3
s 1
f 742/1042/2 744/1045/2 743/1044/2 741/1040/2
f 744/1045/6 746/1047/6 745/1046/6 743/1044/6
f 746/1047/4 748/1049/4 747/1048/4 745/1046/4
f 748/1049/55 750/1051/55 749/1050/55 747/1048/55
f 750/1051/4 752/1053/4 751/1052/4 749/1050/4
f 752/1053/56 754/1055/57 753/1054/57 751/1052/56
f 754/1055/57 742/1043/5 741/1041/5 753/1054/57
f 756/1058/2 758/1061/2 757/1060/2 755/1056/2
f 758/1061/6 760/1063/6 759/1062/6 757/1060/6
f 760/1063/4 762/1065/4 761/1064/4 759/1062/4
f 762/1065/55 764/1067/55 763/1066/55 761/1064/55
f 764/1067/4 766/1069/4 765/1068/4 763/1066/4
f 766/1069/56 768/1071/57 767/1070/57 765/1068/56
f 768/1071/57 756/1059/5 755/1057/5 767/1070/57
s 0
usemtl Material.655
f 774/1077/3 769/1072/3 775/1078/3
f 774/1077/3 772/1075/3 769/1072/3
f 772/1075/3 770/1073/3 769/1072/3
f 773/1076/3 772/1075/3 774/1077/3
f 771/1074/3 770/1073/3 772/1075/3
f 781/1084/3 776/1079/3 782/1085/3
f 781/1084/3 779/1082/3 776/1079/3
f 779/1082/3 777/1080/3 776/1079/3
f 780/1083/3 779/1082/3 781/1084/3
f 778/1081/3 777/1080/3 779/1082/3
f 783/1086/1 788/1091/1 789/1092/1
f 786/1089/1 788/1091/1 783/1086/1
f 784/1087/1 786/1089/1 783/1086/1
f 786/1089/1 787/1090/1 788/1091/1
f 784/1087/1 785/1088/1 786/1089/1
f 790/1093/1 795/1098/1 796/1099/1
f 793/1096/1 795/1098/1 790/1093/1
f 791/1094/1 793/1096/1 790/1093/1
f 793/1096/1 794/1097/1 795/1098/1
f 791/1094/1 792/1095/1 793/1096/1
s 1
f 798/1102/4 800/1105/4 799/1104/4 797/1100/4
f 800/1105/6 802/1107/6 801/1106/6 799/1104/6
f 802/1107/2 804/1109/2 803/1108/2 801/1106/2
f 804/1109/58 806/1111/58 805/1110/58 803/1108/58
f 806/1111/2 808/1113/2 807/1112/2 805/1110/2
f 808/1113/59 810/1115/60 809/1114/60 807/1112/59
f 810/1115/60 798/1103/5 797/1101/5 809/1114/60
f 812/1118/4 814/1121/4 813/1120/4 811/1116/4
f 814/1121/6 816/1123/6 815/1122/6 813/1120/6
f 816/1123/2 818/1125/2 817/1124/2 815/1122/2
f 818/1125/58 820/1127/58 819/1126/58 817/1124/58
f 820/1127/2 822/1129/2 821/1128/2 819/1126/2
f 822/1129/61 824/1131/60 823/1130/60 821/1128/61
f 824/1131/60 812/1119/5 811/1117/5 823/1130/60
s 0
usemtl Material.656
f 829/1136/1 825/1132/1 830/1137/1
f 829/1136/1 826/1133/1 825/1132/1
f 829/1136/1 827/1134/1 826/1133/1
f 829/1136/1 828/1135/1 827/1134/1
f 839/1146/1 841/1148/1 840/1147/1
f 839/1146/1 842/1149/1 841/1148/1
f 842/1149/1 831/1138/1 843/1150/1
f 842/1149/1 837/1144/1 831/1138/1
f 837/1144/1 832/1139/1 831/1138/1
f 832/1139/1 834/1141/1 833/1140/1
f 832/1139/1 835/1142/1 834/1141/1
f 842/1149/1 838/1145/1 837/1144/1
f 836/1143/1 832/1139/1 837/1144/1
f 839/1146/1 838/1145/1 842/1149/1
f 836/1143/1 835/1142/1 832/1139/1
f 953/1260/1 955/1262/1 954/1261/1
f 953/1260/1 956/1263/1 955/1262/1
f 952/1259/1 956/1263/1 953/1260/1
f 952/1259/1 957/1264/1 956/1263/1
f 951/1258/1 957/1264/1 952/1259/1
f 951/1258/1 958/1265/1 957/1264/1
f 950/1257/1 958/1265/1 951/1258/1
f 950/1257/1 959/1266/1 958/1265/1
f 949/1256/1 959/1266/1 950/1257/1
f 949/1256/1 960/1267/1 959/1266/1
f 948/1255/1 960/1267/1 949/1256/1
f 948/1255/1 961/1268/1 960/1267/1
f 947/1254/1 961/1268/1 948/1255/1
f 947/1254/1 962/1269/1 961/1268/1
f 946/1253/1 962/1269/1 947/1254/1
f 946/1253/1 963/1270/1 962/1269/1
f 945/1252/1 963/1270/1 946/1253/1
f 945/1252/1 964/1271/1 963/1270/1
f 944/1251/1 964/1271/1 945/1252/1
f 944/1251/1 965/1272/1 964/1271/1
f 943/1250/1 965/1272/1 944/1251/1
f 943/1250/1 966/1273/1 965/1272/1
f 942/1249/1 966/1273/1 943/1250/1
f 942/1249/1 967/1274/1 966/1273/1
f 941/1248/1 967/1274/1 942/1249/1
f 941/1248/1 968/1275/1 967/1274/1
f 940/1247/1 968/1275/1 941/1248/1
f 940/1247/1 969/1276/1 968/1275/1
f 939/1246/1 969/1276/1 940/1247/1
f 939/1246/1 970/1277/1 969/1276/1
f 938/1245/1 970/1277/1 939/1246/1
f 938/1245/1 971/1278/1 970/1277/1
f 937/1244/1 971/1278/1 938/1245/1
f 937/1244/1 972/1279/1 971/1278/1
f 936/1243/1 972/1279/1 937/1244/1
f 936/1243/1 973/1280/1 972/1279/1
f 935/1242/1 973/1280/1 936/1243/1
f 935/1242/1 974/1281/1 973/1280/1
f 934/1241/1 974/1281/1 935/1242/1
f 934/1241/1 975/1282/1 974/1281/1
f 933/1240/1 975/1282/1 934/1241/1
f 933/1240/1 1015/1322/1 975/1282/1
f 1015/1322/1 976/1283/1 975/1282/1
f 932/1239/1 1015/1322/1 933/1240/1
f 932/1239/1 1016/1323/1 1015/1322/1
f 1014/1321/62 976/1283/62 1015/1322/62
f 1013/1320/1 976/1283/1 1014/1321/1
f 932/1239/1 1017/1324/1 1016/1323/1
f 1012/1319/1 976/1283/1 1013/1320/1
f 1011/1318/1 976/1283/1 1012/1319/1
f 932/1239/1 1018/1325/1 1017/1324/1
f 1011/1318/1 977/1284/1 976/1283/1
f 1010/1317/1 977/1284/1 1011/1318/1
f 931/1238/1 1018/1325/1 932/1239/1
f 1009/1316/1 977/1284/1 1010/1317/1
f 931/1238/1 1019/1326/1 1018/1325/1
f 1008/1315/1 977/1284/1 1009/1316/1
f 1008/1315/1 978/1285/1 977/1284/1
f 1007/1314/1 978/1285/1 1008/1315/1
f 930/1237/1 1019/1326/1 931/1238/1
f 930/1237/1 1020/1327/1 1019/1326/1
f 1006/1313/1 978/1285/1 1007/1314/1
f 1005/1312/1 978/1285/1 1006/1313/1
f 1005/1312/1 979/1286/1 978/1285/1
f 929/1236/1 1020/1327/1 930/1237/1
f 929/1236/1 1021/1328/1 1020/1327/1
f 1004/1311/1 979/1286/1 1005/1312/1
f 1004/1311/1 980/1287/1 979/1286/1
f 928/1235/1 1021/1328/1 929/1236/1
f 1003/1310/1 980/1287/1 1004/1311/1
f 928/1235/1 1022/1329/1 1021/1328/1
f 1002/1309/1 980/1287/1 1003/1310/1
f 1002/1309/1 981/1288/1 980/1287/1
f 927/1234/1 1022/1329/1 928/1235/1
f 1001/1308/1 981/1288/1 1002/1309/1
f 927/1234/1 1023/1330/1 1022/1329/1
f 1001/1308/1 982/1289/1 981/1288/1
f 926/1233/1 1023/1330/1 927/1234/1
f 1000/1307/1 982/1289/1 1001/1308/1
f 999/1306/1 982/1289/1 1000/1307/1
f 926/1233/1 1024/1331/1 1023/1330/1
f 999/1306/1 983/1290/1 982/1289/1
f 925/1232/1 1024/1331/1 926/1233/1
f 998/1305/1 983/1290/1 999/1306/1
f 998/1305/1 984/1291/1 983/1290/1
f 924/1231/1 1024/1331/1 925/1232/1
f 924/1231/1 1025/1332/1 1024/1331/1
f 997/1304/1 984/1291/1 998/1305/1
f 997/1304/1 985/1292/1 984/1291/1
f 923/1230/1 1025/1332/1 924/1231/1
f 996/1303/1 985/1292/1 997/1304/1
f 996/1303/1 986/1293/1 985/1292/1
f 922/1229/1 1025/1332/1 923/1230/1
f 922/1229/1 1026/1333/1 1025/1332/1
f 995/1302/1 986/1293/1 996/1303/1
f 995/1302/1 987/1294/1 986/1293/1
f 921/1228/1 1026/1333/1 922/1229/1
f 994/1301/1 987/1294/1 995/1302/1
f 921/1228/1 1027/1334/1 1026/1333/1
f 994/1301/1 988/1295/1 987/1294/1
f 993/1300/1 988/1295/1 994/1301/1
f 920/1227/1 1027/1334/1 921/1228/1
f 993/1300/1 989/1296/1 988/1295/1
f 992/1299/1 989/1296/1 993/1300/1
f 919/1226/1 1027/1334/1 920/1227/1
f 919/1226/1 1028/1335/1 1027/1334/1
f 992/1299/1 844/1151/1 989/1296/1
f 991/1298/1 844/1151/1 992/1299/1
f 918/1225/1 1028/1335/1 919/1226/1
f 991/1298/1 845/1152/1 844/1151/1
f 990/1297/1 845/1152/1 991/1298/1
f 917/1224/1 1028/1335/1 918/1225/1
f 917/1224/1 1029/1336/1 1028/1335/1
f 990/1297/1 846/1153/1 845/1152/1
f 1075/1382/1 846/1153/1 990/1297/1
f 916/1223/1 1029/1336/1 917/1224/1
f 916/1223/1 1030/1337/1 1029/1336/1
f 1075/1382/1 847/1154/1 846/1153/1
f 1074/1381/1 847/1154/1 1075/1382/1
f 915/1222/1 1030/1337/1 916/1223/1
f 915/1222/1 1031/1338/1 1030/1337/1
f 1074/1381/1 848/1155/1 847/1154/1
f 1073/1380/1 848/1155/1 1074/1381/1
f 914/1221/1 1031/1338/1 915/1222/1
f 914/1221/1 1032/1339/1 1031/1338/1
f 1073/1380/1 849/1156/1 848/1155/1
f 1072/1379/1 849/1156/1 1073/1380/1
f 913/1220/1 1032/1339/1 914/1221/1
f 913/1220/1 1033/1340/1 1032/1339/1
f 1071/1378/1 849/1156/1 1072/1379/1
f 1071/1378/1 850/1157/1 849/1156/1
f 912/1219/1 1033/1340/1 913/1220/1
f 912/1219/1 1034/1341/1 1033/1340/1
f 1070/1377/1 850/1157/1 1071/1378/1
f 1070/1377/1 851/1158/1 850/1157/1
f 911/1218/1 1034/1341/1 912/1219/1
f 911/1218/1 1035/1342/1 1034/1341/1
f 1069/1376/1 851/1158/1 1070/1377/1
f 1069/1376/1 852/1159/1 851/1158/1
f 911/1218/1 1036/1343/1 1035/1342/1
f 910/1217/1 1036/1343/1 911/1218/1
f 1068/1375/1 852/1159/1 1069/1376/1
f 1068/1375/1 853/1160/1 852/1159/1
f 910/1217/1 1037/1344/1 1036/1343/1
f 1067/1374/1 853/1160/1 1068/1375/1
f 909/1216/1 1037/1344/1 910/1217/1
f 1067/1374/1 854/1161/1 853/1160/1
f 909/1216/1 1038/1345/1 1037/1344/1
f 1066/1373/1 854/1161/1 1067/1374/1
f 908/1215/1 1038/1345/1 909/1216/1
f 908/1215/1 1039/1346/1 1038/1345/1
f 1065/1372/1 854/1161/1 1066/1373/1
f 1065/1372/1 855/1162/1 854/1161/1
f 907/1214/1 1039/1346/1 908/1215/1
f 907/1214/1 1040/1347/1 1039/1346/1
f 1064/1371/1 855/1162/1 1065/1372/1
f 1064/1371/1 856/1163/1 855/1162/1
f 907/1214/1 1041/1348/1 1040/1347/1
f 1063/1370/1 856/1163/1 1064/1371/1
f 906/1213/1 1041/1348/1 907/1214/1
f 906/1213/1 1042/1349/1 1041/1348/1
f 1062/1369/1 856/1163/1 1063/1370/1
f 1062/1369/1 857/1164/1 856/1163/1
f 905/1212/1 1042/1349/1 906/1213/1
f 905/1212/1 1043/1350/1 1042/1349/1
f 1061/1368/1 857/1164/1 1062/1369/1
f 1061/1368/1 858/1165/1 857/1164/1
f 905/1212/1 1044/1351/1 1043/1350/1
f 1060/1367/1 858/1165/1 1061/1368/1
f 904/1211/1 1044/1351/1 905/1212/1
f 904/1211/1 1045/1352/1 1044/1351/1
f 1059/1366/1 858/1165/1 1060/1367/1
f 1059/1366/1 859/1166/1 858/1165/1
f 904/1211/1 1046/1353/1 1045/1352/1
f 1058/1365/1 859/1166/1 1059/1366/1
f 903/1210/1 1046/1353/1 904/1211/1
f 903/1210/1 1047/1354/1 1046/1353/1
f 1057/1364/1 859/1166/1 1058/1365/1
f 903/1210/1 1048/1355/1 1047/1354/1
f 1056/1363/1 859/1166/1 1057/1364/1
f 1056/1363/1 860/1167/1 859/1166/1
f 903/1210/1 1049/1356/1 1048/1355/1
f 1055/1362/1 860/1167/1 1056/1363/1
f 903/1210/1 1050/1357/1 1049/1356/1
f 1054/1361/1 860/1167/1 1055/1362/1
f 902/1209/1 1050/1357/1 903/1210/1
f 902/1209/1 1051/1358/1 1050/1357/1
f 1053/1360/1 860/1167/1 1054/1361/1
f 902/1209/1 1052/1359/1 1051/1358/1
f 1052/1359/1 860/1167/1 1053/1360/1
f 902/1209/1 860/1167/1 1052/1359/1
f 902/1209/1 861/1168/1 860/1167/1
f 901/1208/1 861/1168/1 902/1209/1
f 901/1208/1 862/1169/1 861/1168/1
f 900/1207/1 862/1169/1 901/1208/1
f 900/1207/1 863/1170/1 862/1169/1
f 899/1206/1 863/1170/1 900/1207/1
f 899/1206/1 864/1171/1 863/1170/1
f 898/1205/1 864/1171/1 899/1206/1
f 898/1205/1 865/1172/1 864/1171/1
f 897/1204/1 865/1172/1 898/1205/1
f 897/1204/1 866/1173/1 865/1172/1
f 896/1203/1 866/1173/1 897/1204/1
f 896/1203/1 867/1174/1 866/1173/1
f 895/1202/1 867/1174/1 896/1203/1
f 895/1202/1 868/1175/1 867/1174/1
f 894/1201/1 868/1175/1 895/1202/1
f 894/1201/1 869/1176/1 868/1175/1
f 893/1200/1 869/1176/1 894/1201/1
f 893/1200/1 870/1177/1 869/1176/1
f 892/1199/1 870/1177/1 893/1200/1
f 892/1199/1 871/1178/1 870/1177/1
f 891/1198/1 871/1178/1 892/1199/1
f 891/1198/1 872/1179/1 871/1178/1
f 890/1197/1 872/1179/1 891/1198/1
f 890/1197/1 873/1180/1 872/1179/1
f 889/1196/1 873/1180/1 890/1197/1
f 889/1196/1 874/1181/1 873/1180/1
f 888/1195/1 874/1181/1 889/1196/1
f 888/1195/1 875/1182/1 874/1181/1
f 887/1194/1 875/1182/1 888/1195/1
f 887/1194/1 876/1183/1 875/1182/1
f 886/1193/1 876/1183/1 887/1194/1
f 886/1193/1 877/1184/1 876/1183/1
f 885/1192/1 877/1184/1 886/1193/1
f 885/1192/1 878/1185/1 877/1184/1
f 884/1191/1 878/1185/1 885/1192/1
f 884/1191/1 879/1186/1 878/1185/1
f 883/1190/1 879/1186/1 884/1191/1
f 883/1190/1 880/1187/1 879/1186/1
f 882/1189/1 880/1187/1 883/1190/1
f 882/1189/1 881/1188/1 880/1187/1
f 1076/1383/3 1080/1387/3 1081/1388/3
f 1077/1384/3 1080/1387/3 1076/1383/3
f 1078/1385/3 1080/1387/3 1077/1384/3
f 1079/1386/3 1080/1387/3 1078/1385/3
f 1092/1399/3 1090/1397/3 1091/1398/3
f 1093/1400/3 1090/1397/3 1092/1399/3
f 1082/1389/3 1093/1400/3 1094/1401/3
f 1088/1395/3 1093/1400/3 1082/1389/3
f 1083/1390/3 1088/1395/3 1082/1389/3
f 1085/1392/3 1083/1390/3 1084/1391/3
f 1086/1393/3 1083/1390/3 1085/1392/3
f 1089/1396/3 1093/1400/3 1088/1395/3
f 1083/1390/3 1087/1394/3 1088/1395/3
f 1089/1396/3 1090/1397/3 1093/1400/3
f 1086/1393/3 1087/1394/3 1083/1390/3
f 1206/1513/63 1204/1511/63 1205/1512/63
f 1207/1514/64 1204/1511/64 1206/1513/64
f 1207/1514/65 1203/1510/65 1204/1511/65
f 1208/1515/3 1203/1510/3 1207/1514/3
f 1208/1515/3 1202/1509/3 1203/1510/3
f 1209/1516/3 1202/1509/3 1208/1515/3
f 1209/1516/3 1201/1508/3 1202/1509/3
f 1210/1517/3 1201/1508/3 1209/1516/3
f 1210/1517/3 1200/1507/3 1201/1508/3
f 1211/1518/3 1200/1507/3 1210/1517/3
f 1211/1518/3 1199/1506/3 1200/1507/3
f 1212/1519/3 1199/1506/3 1211/1518/3
f 1212/1519/3 1198/1505/3 1199/1506/3
f 1213/1520/3 1198/1505/3 1212/1519/3
f 1213/1520/3 1197/1504/3 1198/1505/3
f 1214/1521/3 1197/1504/3 1213/1520/3
f 1214/1521/3 1196/1503/3 1197/1504/3
f 1215/1522/3 1196/1503/3 1214/1521/3
f 1215/1522/3 1195/1502/3 1196/1503/3
f 1216/1523/3 1195/1502/3 1215/1522/3
f 1216/1523/3 1194/1501/3 1195/1502/3
f 1217/1524/3 1194/1501/3 1216/1523/3
f 1217/1524/3 1193/1500/3 1194/1501/3
f 1218/1525/3 1193/1500/3 1217/1524/3
f 1218/1525/3 1192/1499/3 1193/1500/3
f 1219/1526/3 1192/1499/3 1218/1525/3
f 1219/1526/3 1191/1498/3 1192/1499/3
f 1220/1527/3 1191/1498/3 1219/1526/3
f 1220/1527/3 1190/1497/3 1191/1498/3
f 1221/1528/3 1190/1497/3 1220/1527/3
f 1221/1528/3 1189/1496/3 1190/1497/3
f 1222/1529/3 1189/1496/3 1221/1528/3
f 1222/1529/3 1188/1495/3 1189/1496/3
f 1223/1530/3 1188/1495/3 1222/1529/3
f 1223/1530/3 1187/1494/3 1188/1495/3
f 1224/1531/3 1187/1494/3 1223/1530/3
f 1224/1531/3 1186/1493/3 1187/1494/3
f 1225/1532/3 1186/1493/3 1224/1531/3
f 1225/1532/3 1185/1492/3 1186/1493/3
f 1226/1533/3 1185/1492/3 1225/1532/3
f 1226/1533/3 1184/1491/3 1185/1492/3
f 1266/1573/3 1184/1491/3 1226/1533/3
f 1227/1534/3 1266/1573/3 1226/1533/3
f 1266/1573/3 1183/1490/3 1184/1491/3
f 1267/1574/3 1183/1490/3 1266/1573/3
f 1227/1534/64 1265/1572/64 1266/1573/64
f 1227/1534/66 1264/1571/66 1265/1572/66
f 1268/1575/3 1183/1490/3 1267/1574/3
f 1227/1534/3 1263/1570/3 1264/1571/3
f 1227/1534/3 1262/1569/3 1263/1570/3
f 1269/1576/3 1183/1490/3 1268/1575/3
f 1228/1535/3 1262/1569/3 1227/1534/3
f 1228/1535/3 1261/1568/3 1262/1569/3
f 1269/1576/3 1182/1489/3 1183/1490/3
f 1228/1535/3 1260/1567/3 1261/1568/3
f 1270/1577/3 1182/1489/3 1269/1576/3
f 1228/1535/3 1259/1566/3 1260/1567/3
f 1229/1536/3 1259/1566/3 1228/1535/3
f 1229/1536/3 1258/1565/3 1259/1566/3
f 1270/1577/3 1181/1488/3 1182/1489/3
f 1271/1578/3 1181/1488/3 1270/1577/3
f 1229/1536/3 1257/1564/3 1258/1565/3
f 1229/1536/3 1256/1563/3 1257/1564/3
f 1230/1537/3 1256/1563/3 1229/1536/3
f 1271/1578/3 1180/1487/3 1181/1488/3
f 1272/1579/3 1180/1487/3 1271/1578/3
f 1230/1537/3 1255/1562/3 1256/1563/3
f 1231/1538/3 1255/1562/3 1230/1537/3
f 1272/1579/3 1179/1486/3 1180/1487/3
f 1231/1538/3 1254/1561/3 1255/1562/3
f 1273/1580/3 1179/1486/3 1272/1579/3
f 1231/1538/3 1253/1560/3 1254/1561/3
f 1232/1539/3 1253/1560/3 1231/1538/3
f 1273/1580/3 1178/1485/3 1179/1486/3
f 1232/1539/3 1252/1559/3 1253/1560/3
f 1274/1581/3 1178/1485/3 1273/1580/3
f 1233/1540/3 1252/1559/3 1232/1539/3
f 1274/1581/3 1177/1484/3 1178/1485/3
f 1233/1540/3 1251/1558/3 1252/1559/3
f 1233/1540/3 1250/1557/3 1251/1558/3
f 1275/1582/3 1177/1484/3 1274/1581/3
f 1234/1541/3 1250/1557/3 1233/1540/3
f 1275/1582/3 1176/1483/3 1177/1484/3
f 1234/1541/3 1249/1556/3 1250/1557/3
f 1235/1542/3 1249/1556/3 1234/1541/3
f 1275/1582/3 1175/1482/3 1176/1483/3
f 1276/1583/3 1175/1482/3 1275/1582/3
f 1235/1542/3 1248/1555/3 1249/1556/3
f 1236/1543/3 1248/1555/3 1235/1542/3
f 1276/1583/3 1174/1481/3 1175/1482/3
f 1236/1543/3 1247/1554/3 1248/1555/3
f 1237/1544/3 1247/1554/3 1236/1543/3
f 1276/1583/3 1173/1480/3 1174/1481/3
f 1277/1584/3 1173/1480/3 1276/1583/3
f 1237/1544/3 1246/1553/3 1247/1554/3
f 1238/1545/3 1246/1553/3 1237/1544/3
f 1277/1584/3 1172/1479/3 1173/1480/3
f 1238/1545/3 1245/1552/3 1246/1553/3
f 1278/1585/3 1172/1479/3 1277/1584/3
f 1239/1546/3 1245/1552/3 1238/1545/3
f 1239/1546/3 1244/1551/3 1245/1552/3
f 1278/1585/3 1171/1478/3 1172/1479/3
f 1240/1547/3 1244/1551/3 1239/1546/3
f 1240/1547/3 1243/1550/3 1244/1551/3
f 1278/1585/3 1170/1477/3 1171/1478/3
f 1279/1586/3 1170/1477/3 1278/1585/3
f 1095/1402/3 1243/1550/3 1240/1547/3
f 1095/1402/3 1242/1549/3 1243/1550/3
f 1279/1586/3 1169/1476/3 1170/1477/3
f 1096/1403/3 1242/1549/3 1095/1402/3
f 1096/1403/3 1241/1548/3 1242/1549/3
f 1279/1586/3 1168/1475/3 1169/1476/3
f 1280/1587/3 1168/1475/3 1279/1586/3
f 1097/1404/3 1241/1548/3 1096/1403/3
f 1097/1404/3 1326/1633/3 1241/1548/3
f 1280/1587/3 1167/1474/3 1168/1475/3
f 1281/1588/3 1167/1474/3 1280/1587/3
f 1098/1405/3 1326/1633/3 1097/1404/3
f 1098/1405/3 1325/1632/3 1326/1633/3
f 1281/1588/3 1166/1473/3 1167/1474/3
f 1282/1589/3 1166/1473/3 1281/1588/3
f 1099/1406/3 1325/1632/3 1098/1405/3
f 1099/1406/3 1324/1631/3 1325/1632/3
f 1282/1589/3 1165/1472/3 1166/1473/3
f 1283/1590/3 1165/1472/3 1282/1589/3
f 1100/1407/3 1324/1631/3 1099/1406/3
f 1100/1407/3 1323/1630/3 1324/1631/3
f 1283/1590/3 1164/1471/3 1165/1472/3
f 1284/1591/3 1164/1471/3 1283/1590/3
f 1100/1407/3 1322/1629/3 1323/1630/3
f 1101/1408/3 1322/1629/3 1100/1407/3
f 1284/1591/3 1163/1470/3 1164/1471/3
f 1285/1592/3 1163/1470/3 1284/1591/3
f 1101/1408/3 1321/1628/3 1322/1629/3
f 1102/1409/3 1321/1628/3 1101/1408/3
f 1285/1592/3 1162/1469/3 1163/1470/3
f 1286/1593/3 1162/1469/3 1285/1592/3
f 1102/1409/3 1320/1627/3 1321/1628/3
f 1103/1410/3 1320/1627/3 1102/1409/3
f 1287/1594/3 1162/1469/3 1286/1593/3
f 1287/1594/3 1161/1468/3 1162/1469/3
f 1103/1410/3 1319/1626/3 1320/1627/3
f 1104/1411/3 1319/1626/3 1103/1410/3
f 1288/1595/3 1161/1468/3 1287/1594/3
f 1104/1411/3 1318/1625/3 1319/1626/3
f 1288/1595/3 1160/1467/3 1161/1468/3
f 1105/1412/3 1318/1625/3 1104/1411/3
f 1289/1596/3 1160/1467/3 1288/1595/3
f 1105/1412/3 1317/1624/3 1318/1625/3
f 1289/1596/3 1159/1466/3 1160/1467/3
f 1290/1597/3 1159/1466/3 1289/1596/3
f 1105/1412/3 1316/1623/3 1317/1624/3
f 1106/1413/3 1316/1623/3 1105/1412/3
f 1290/1597/3 1158/1465/3 1159/1466/3
f 1291/1598/3 1158/1465/3 1290/1597/3
f 1106/1413/3 1315/1622/3 1316/1623/3
f 1107/1414/3 1315/1622/3 1106/1413/3
f 1292/1599/3 1158/1465/3 1291/1598/3
f 1107/1414/3 1314/1621/3 1315/1622/3
f 1292/1599/3 1157/1464/3 1158/1465/3
f 1293/1600/3 1157/1464/3 1292/1599/3
f 1107/1414/3 1313/1620/3 1314/1621/3
f 1108/1415/3 1313/1620/3 1107/1414/3
f 1293/1600/3 1156/1463/3 1157/1464/3
f 1294/1601/3 1156/1463/3 1293/1600/3
f 1108/1415/3 1312/1619/3 1313/1620/3
f 1109/1416/3 1312/1619/3 1108/1415/3
f 1295/1602/3 1156/1463/3 1294/1601/3
f 1109/1416/3 1311/1618/3 1312/1619/3
f 1295/1602/3 1155/1462/3 1156/1463/3
f 1296/1603/3 1155/1462/3 1295/1602/3
f 1109/1416/3 1310/1617/3 1311/1618/3
f 1110/1417/3 1310/1617/3 1109/1416/3
f 1297/1604/3 1155/1462/3 1296/1603/3
f 1110/1417/3 1309/1616/3 1310/1617/3
f 1297/1604/3 1154/1461/3 1155/1462/3
f 1298/1605/3 1154/1461/3 1297/1604/3
f 1110/1417/3 1308/1615/3 1309/1616/3
f 1299/1606/3 1154/1461/3 1298/1605/3
f 1110/1417/3 1307/1614/3 1308/1615/3
f 1111/1418/3 1307/1614/3 1110/1417/3
f 1300/1607/3 1154/1461/3 1299/1606/3
f 1111/1418/3 1306/1613/3 1307/1614/3
f 1301/1608/3 1154/1461/3 1300/1607/3
f 1111/1418/3 1305/1612/3 1306/1613/3
f 1301/1608/3 1153/1460/3 1154/1461/3
f 1302/1609/3 1153/1460/3 1301/1608/3
f 1111/1418/64 1304/1611/64 1305/1612/64
f 1303/1610/3 1153/1460/3 1302/1609/3
f 1111/1418/3 1303/1610/3 1304/1611/3
f 1111/1418/3 1153/1460/3 1303/1610/3
f 1112/1419/3 1153/1460/3 1111/1418/3
f 1112/1419/3 1152/1459/3 1153/1460/3
f 1113/1420/3 1152/1459/3 1112/1419/3
f 1113/1420/3 1151/1458/3 1152/1459/3
f 1114/1421/3 1151/1458/3 1113/1420/3
f 1114/1421/3 1150/1457/3 1151/1458/3
f 1115/1422/3 1150/1457/3 1114/1421/3
f 1115/1422/3 1149/1456/3 1150/1457/3
f 1116/1423/3 1149/1456/3 1115/1422/3
f 1116/1423/3 1148/1455/3 1149/1456/3
f 1117/1424/3 1148/1455/3 1116/1423/3
f 1117/1424/3 1147/1454/3 1148/1455/3
f 1118/1425/3 1147/1454/3 1117/1424/3
f 1118/1425/3 1146/1453/3 1147/1454/3
f 1119/1426/3 1146/1453/3 1118/1425/3
f 1119/1426/3 1145/1452/3 1146/1453/3
f 1120/1427/3 1145/1452/3 1119/1426/3
f 1120/1427/3 1144/1451/3 1145/1452/3
f 1121/1428/3 1144/1451/3 1120/1427/3
f 1121/1428/3 1143/1450/3 1144/1451/3
f 1122/1429/3 1143/1450/3 1121/1428/3
f 1122/1429/3 1142/1449/3 1143/1450/3
f 1123/1430/3 1142/1449/3 1122/1429/3
f 1123/1430/3 1141/1448/3 1142/1449/3
f 1124/1431/3 1141/1448/3 1123/1430/3
f 1124/1431/3 1140/1447/3 1141/1448/3
f 1125/1432/3 1140/1447/3 1124/1431/3
f 1125/1432/3 1139/1446/3 1140/1447/3
f 1126/1433/3 1139/1446/3 1125/1432/3
f 1126/1433/3 1138/1445/3 1139/1446/3
f 1127/1434/3 1138/1445/3 1126/1433/3
f 1127/1434/3 1137/1444/3 1138/1445/3
f 1128/1435/3 1137/1444/3 1127/1434/3
f 1128/1435/3 1136/1443/3 1137/1444/3
f 1129/1436/3 1136/1443/3 1128/1435/3
f 1129/1436/3 1135/1442/3 1136/1443/3
f 1130/1437/3 1135/1442/3 1129/1436/3
f 1130/1437/3 1134/1441/3 1135/1442/3
f 1131/1438/65 1134/1441/65 1130/1437/65
f 1131/1438/64 1133/1440/64 1134/1441/64
f 1132/1439/67 1133/1440/67 1131/1438/67
s 1
f 1328/1636/68 1330/1639/69 1329/1638/69 1327/1634/68
f 1330/1639/69 1332/1641/70 1331/1640/70 1329/1638/69
f 1332/1641/70 1334/1643/71 1333/1642/71 1331/1640/70
f 1334/1643/71 1336/1645/72 1335/1644/72 1333/1642/71
f 1336/1645/72 1338/1647/73 1337/1646/73 1335/1644/72
f 1338/1647/73 1340/1649/74 1339/1648/74 1337/1646/73
f 1340/1649/74 1342/1651/75 1341/1650/75 1339/1648/74
f 1342/1651/75 1344/1653/76 1343/1652/76 1341/1650/75
f 1344/1653/76 1346/1655/77 1345/1654/77 1343/1652/76
f 1346/1655/77 1348/1657/78 1347/1656/78 1345/1654/77
f 1348/1657/78 1350/1659/79 1349/1658/79 1347/1656/78
f 1350/1659/79 1352/1661/80 1351/1660/80 1349/1658/79
f 1352/1661/80 1354/1663/81 1353/1662/81 1351/1660/80
f 1354/1663/81 1356/1665/82 1355/1664/82 1353/1662/81
f 1356/1665/82 1358/1667/83 1357/1666/83 1355/1664/82
f 1358/1667/83 1360/1669/84 1359/1668/84 1357/1666/83
f 1360/1669/84 1362/1671/85 1361/1670/85 1359/1668/84
f 1362/1671/85 1364/1673/86 1363/1672/86 1361/1670/85
f 1364/1673/86 1366/1675/87 1365/1674/87 1363/1672/86
f 1366/1675/87 1368/1677/88 1367/1676/88 1365/1674/87
f 1368/1677/88 1370/1679/89 1369/1678/89 1367/1676/88
f 1370/1679/89 1372/1681/90 1371/1680/90 1369/1678/89
f 1372/1681/90 1374/1683/91 1373/1682/91 1371/1680/90
f 1374/1683/91 1376/1685/92 1375/1684/92 1373/1682/91
f 1376/1685/92 1378/1687/93 1377/1686/93 1375/1684/92
f 1378/1687/93 1380/1689/94 1379/1688/94 1377/1686/93
f 1380/1689/94 1382/1691/95 1381/1690/95 1379/1688/94
f 1382/1691/95 1384/1693/96 1383/1692/96 1381/1690/95
f 1384/1693/96 1386/1695/97 1385/1694/97 1383/1692/96
f 1386/1695/97 1388/1697/98 1387/1696/98 1385/1694/97
f 1388/1697/98 1390/1699/99 1389/1698/99 1387/1696/98
f 1390/1699/99 1392/1701/100 1391/1700/100 1389/1698/99
f 1392/1701/100 1394/1703/101 1393/1702/101 1391/1700/100
f 1394/1703/101 1396/1705/102 1395/1704/102 1393/1702/101
f 1396/1705/102 1398/1707/103 1397/1706/103 1395/1704/102
f 1398/1707/103 1400/1709/104 1399/1708/104 1397/1706/103
f 1400/1709/104 1402/1711/105 1401/1710/105 1399/1708/104
f 1402/1711/105 1404/1713/106 1403/1712/106 1401/1710/105
f 1404/1713/106 1406/1715/107 1405/1714/107 1403/1712/106
f 1406/1715/107 1408/1717/108 1407/1716/108 1405/1714/107
f 1408/1717/108 1410/1719/109 1409/1718/109 1407/1716/108
f 1410/1719/109 1412/1721/110 1411/1720/110 1409/1718/109
f 1412/1721/110 1414/1723/111 1413/1722/111 1411/1720/110
f 1414/1723/111 1416/1725/112 1415/1724/112 1413/1722/111
f 1416/1725/112 1418/1727/113 1417/1726/113 1415/1724/112
f 1418/1727/113 1420/1729/114 1419/1728/114 1417/1726/113
f 1420/1729/114 1422/1731/115 1421/1730/115 1419/1728/114
f 1422/1731/115 1424/1733/116 1423/1732/116 1421/1730/115
f 1424/1733/116 1426/1735/117 1425/1734/117 1423/1732/116
f 1426/1735/117 1428/1737/118 1427/1736/118 1425/1734/117
f 1428/1737/118 1430/1739/119 1429/1738/119 1427/1736/118
f 1430/1739/119 1432/1741/120 1431/1740/120 1429/1738/119
f 1432/1741/120 1434/1743/121 1433/1742/121 1431/1740/120
f 1434/1743/121 1436/1745/122 1435/1744/122 1433/1742/121
f 1436/1745/122 1438/1747/123 1437/1746/123 1435/1744/122
f 1438/1747/123 1440/1749/124 1439/1748/124 1437/1746/123
f 1440/1749/124 1442/1751/125 1441/1750/125 1439/1748/124
f 1442/1751/125 1444/1753/126 1443/1752/126 1441/1750/125
f 1444/1753/126 1446/1755/127 1445/1754/127 1443/1752/126
f 1446/1755/127 1448/1757/128 1447/1756/128 1445/1754/127
f 1448/1757/128 1450/1759/129 1449/1758/129 1447/1756/128
f 1450/1759/129 1452/1761/130 1451/1760/130 1449/1758/129
f 1452/1761/130 1454/1763/131 1453/1762/131 1451/1760/130
f 1454/1763/131 1456/1765/132 1455/1764/132 1453/1762/131
f 1456/1765/132 1458/1767/133 1457/1766/133 1455/1764/132
f 1458/1767/133 1460/1769/134 1459/1768/134 1457/1766/133
f 1460/1769/134 1462/1771/135 1461/1770/135 1459/1768/134
f 1462/1771/135 1464/1773/136 1463/1772/136 1461/1770/135
f 1464/1773/136 1466/1775/137 1465/1774/137 1463/1772/136
f 1466/1775/137 1468/1777/138 1467/1776/138 1465/1774/137
f 1468/1777/138 1470/1779/139 1469/1778/139 1467/1776/138
f 1470/1779/139 1472/1781/140 1471/1780/140 1469/1778/139
f 1472/1781/140 1474/1783/141 1473/1782/141 1471/1780/140
f 1474/1783/141 1476/1785/142 1475/1784/142 1473/1782/141
f 1476/1785/142 1478/1787/143 1477/1786/143 1475/1784/142
f 1478/1787/143 1480/1789/144 1479/1788/144 1477/1786/143
f 1480/1789/144 1482/1791/145 1481/1790/145 1479/1788/144
f 1482/1791/145 1484/1793/146 1483/1792/146 1481/1790/145
f 1484/1793/146 1486/1795/147 1485/1794/147 1483/1792/146
f 1486/1795/147 1488/1797/148 1487/1796/148 1485/1794/147
f 1488/1797/148 1490/1799/149 1489/1798/149 1487/1796/148
f 1490/1799/149 1492/1801/150 1491/1800/150 1489/1798/149
f 1492/1801/150 1494/1803/151 1493/1802/151 1491/1800/150
f 1494/1803/151 1496/1805/152 1495/1804/152 1493/1802/151
f 1496/1805/152 1498/1807/153 1497/1806/153 1495/1804/152
f 1498/1807/153 1500/1809/37 1499/1808/37 1497/1806/153
f 1500/1809/37 1502/1811/154 1501/1810/154 1499/1808/37
f 1502/1811/154 1504/1813/155 1503/1812/155 1501/1810/154
f 1504/1813/155 1506/1815/156 1505/1814/156 1503/1812/155
f 1506/1815/156 1508/1817/157 1507/1816/157 1505/1814/156
f 1508/1817/157 1510/1819/158 1509/1818/158 1507/1816/157
f 1510/1819/158 1512/1821/159 1511/1820/159 1509/1818/158
f 1512/1821/159 1514/1823/160 1513/1822/160 1511/1820/159
f 1514/1823/160 1516/1825/161 1515/1824/161 1513/1822/160
f 1516/1825/161 1518/1827/162 1517/1826/162 1515/1824/161
f 1518/1827/162 1520/1829/163 1519/1828/163 1517/1826/162
f 1520/1829/163 1522/1831/164 1521/1830/164 1519/1828/163
f 1522/1831/164 1524/1833/165 1523/1832/165 1521/1830/164
f 1524/1833/165 1526/1835/166 1525/1834/166 1523/1832/165
f 1526/1835/166 1528/1837/167 1527/1836/167 1525/1834/166
f 1528/1837/167 1530/1839/168 1529/1838/168 1527/1836/167
f 1530/1839/168 1532/1841/169 1531/1840/169 1529/1838/168
f 1532/1841/169 1534/1843/170 1533/1842/170 1531/1840/169
f 1534/1843/170 1536/1845/171 1535/1844/171 1533/1842/170
f 1536/1845/171 1538/1847/172 1537/1846/172 1535/1844/171
f 1538/1847/172 1540/1849/43 1539/1848/43 1537/1846/172
f 1540/1849/43 1542/1851/173 1541/1850/173 1539/1848/43
f 1542/1851/173 1544/1853/174 1543/1852/174 1541/1850/173
f 1544/1853/174 1546/1855/175 1545/1854/175 1543/1852/174
f 1546/1855/175 1548/1857/5 1547/1856/5 1545/1854/175
f 1548/1857/5 1550/1859/176 1549/1858/176 1547/1856/5
f 1550/1859/176 1552/1861/177 1551/1860/177 1549/1858/176
f 1552/1861/177 1554/1863/178 1553/1862/178 1551/1860/177
f 1554/1863/178 1556/1865/179 1555/1864/179 1553/1862/178
f 1556/1865/179 1558/1867/180 1557/1866/180 1555/1864/179
f 1558/1867/180 1560/1869/181 1559/1868/181 1557/1866/180
f 1560/1869/181 1562/1871/182 1561/1870/182 1559/1868/181
f 1562/1871/182 1564/1873/183 1563/1872/183 1561/1870/182
f 1564/1873/183 1566/1875/184 1565/1874/184 1563/1872/183
f 1566/1875/184 1568/1877/185 1567/1876/185 1565/1874/184
f 1568/1877/185 1570/1879/186 1569/1878/186 1567/1876/185
f 1570/1879/186 1572/1881/187 1571/1880/187 1569/1878/186
f 1572/1881/187 1574/1883/188 1573/1882/188 1571/1880/187
f 1574/1883/188 1576/1885/189 1575/1884/189 1573/1882/188
f 1576/1885/189 1578/1887/190 1577/1886/190 1575/1884/189
f 1578/1887/190 1580/1889/191 1579/1888/191 1577/1886/190
f 1580/1889/191 1582/1891/192 1581/1890/192 1579/1888/191
f 1582/1891/192 1584/1893/193 1583/1892/193 1581/1890/192
f 1584/1893/193 1586/1895/194 1585/1894/194 1583/1892/193
f 1586/1895/194 1588/1897/195 1587/1896/195 1585/1894/194
f 1588/1897/195 1590/1899/196 1589/1898/196 1587/1896/195
f 1590/1899/196 1592/1901/197 1591/1900/197 1589/1898/196
f 1592/1901/197 1594/1903/198 1593/1902/198 1591/1900/197
f 1594/1903/198 1596/1905/199 1595/1904/199 1593/1902/198
f 1596/1905/199 1598/1907/200 1597/1906/200 1595/1904/199
f 1598/1907/200 1600/1909/201 1599/1908/201 1597/1906/200
f 1600/1909/201 1602/1911/202 1601/1910/202 1599/1908/201
f 1602/1911/202 1604/1913/203 1603/1912/203 1601/1910/202
f 1604/1913/203 1606/1915/204 1605/1914/204 1603/1912/203
f 1606/1915/204 1608/1917/205 1607/1916/205 1605/1914/204
f 1608/1917/205 1610/1919/206 1609/1918/206 1607/1916/205
f 1610/1919/206 1612/1921/207 1611/1920/207 1609/1918/206
f 1612/1921/207 1614/1923/208 1613/1922/208 1611/1920/207
f 1614/1923/208 1616/1925/209 1615/1924/209 1613/1922/208
f 1616/1925/209 1618/1927/210 1617/1926/210 1615/1924/209
f 1618/1927/210 1328/1637/68 1327/1635/68 1617/1926/210
f 1620/1930/211 1622/1933/212 1621/1932/212 1619/1928/211
f 1622/1933/212 1624/1935/213 1623/1934/213 1621/1932/212
f 1624/1935/213 1626/1937/214 1625/1936/214 1623/1934/213
f 1626/1937/214 1628/1939/215 1627/1938/215 1625/1936/214
f 1628/1939/215 1630/1941/216 1629/1940/216 1627/1938/215
f 1630/1941/216 1632/1943/217 1631/1942/217 1629/1940/216
f 1632/1943/217 1634/1945/218 1633/1944/218 1631/1942/217
f 1634/1945/218 1636/1947/219 1635/1946/219 1633/1944/218
f 1636/1947/219 1638/1949/220 1637/1948/220 1635/1946/219
f 1638/1949/220 1640/1951/221 1639/1950/221 1637/1948/220
f 1640/1951/221 1642/1953/222 1641/1952/222 1639/1950/221
f 1642/1953/222 1644/1955/223 1643/1954/223 1641/1952/222
f 1644/1955/223 1646/1957/224 1645/1956/224 1643/1954/223
f 1646/1957/224 1648/1959/225 1647/1958/225 1645/1956/224
f 1648/1959/225 1650/1961/226 1649/1960/226 1647/1958/225
f 1650/1961/226 1652/1963/227 1651/1962/227 1649/1960/226
f 1652/1963/227 1654/1965/228 1653/1964/228 1651/1962/227
f 1654/1965/228 1656/1967/229 1655/1966/229 1653/1964/228
f 1656/1967/229 1658/1969/230 1657/1968/230 1655/1966/229
f 1658/1969/230 1660/1971/231 1659/1970/231 1657/1968/230
f 1660/1971/231 1662/1973/232 1661/1972/232 1659/1970/231
f 1662/1973/232 1664/1975/233 1663/1974/233 1661/1972/232
f 1664/1975/233 1666/1977/234 1665/1976/234 1663/1974/233
f 1666/1977/234 1668/1979/235 1667/1978/235 1665/1976/234
f 1668/1979/235 1670/1981/236 1669/1980/236 1667/1978/235
f 1670/1981/236 1672/1983/237 1671/1982/237 1669/1980/236
f 1672/1983/237 1674/1985/238 1673/1984/238 1671/1982/237
f 1674/1985/238 1676/1987/239 1675/1986/239 1673/1984/238
f 1676/1987/239 1678/1989/240 1677/1988/240 1675/1986/239
f 1678/1989/240 1680/1991/241 1679/1990/241 1677/1988/240
f 1680/1991/241 1682/1993/242 1681/1992/242 1679/1990/241
f 1682/1993/242 1684/1995/243 1683/1994/243 1681/1992/242
f 1684/1995/243 1686/1997/244 1685/1996/244 1683/1994/243
f 1686/1997/244 1688/1999/245 1687/1998/245 1685/1996/244
f 1688/1999/245 1690/2001/246 1689/2000/246 1687/1998/245
f 1690/2001/246 1692/2003/247 1691/2002/247 1689/2000/246
f 1692/2003/247 1694/2005/248 1693/2004/248 1691/2002/247
f 1694/2005/248 1696/2007/249 1695/2006/249 1693/2004/248
f 1696/2007/249 1698/2009/250 1697/2008/250 1695/2006/249
f 1698/2009/250 1700/2011/251 1699/2010/251 1697/2008/250
f 1700/2011/251 1702/2013/252 1701/2012/252 1699/2010/251
f 1702/2013/252 1704/2015/253 1703/2014/253 1701/2012/252
f 1704/2015/253 1706/2017/254 1705/2016/254 1703/2014/253
f 1706/2017/254 1708/2019/255 1707/2018/255 1705/2016/254
f 1708/2019/255 1710/2021/256 1709/2020/256 1707/2018/255
f 1710/2021/256 1712/2023/257 1711/2022/257 1709/2020/256
f 1712/2023/257 1714/2025/258 1713/2024/258 1711/2022/257
f 1714/2025/258 1716/2027/259 1715/2026/259 1713/2024/258
f 1716/2027/259 1718/2029/260 1717/2028/260 1715/2026/259
f 1718/2029/260 1720/2031/261 1719/2030/261 1717/2028/260
f 1720/2031/261 1722/2033/262 1721/2032/262 1719/2030/261
f 1722/2033/262 1724/2035/263 1723/2034/263 1721/2032/262
f 1724/2035/263 1726/2037/264 1725/2036/264 1723/2034/263
f 1726/2037/264 1728/2039/265 1727/2038/265 1725/2036/264
f 1728/2039/265 1730/2041/266 1729/2040/266 1727/2038/265
f 1730/2041/266 1732/2043/267 1731/2042/267 1729/2040/266
f 1732/2043/267 1734/2045/268 1733/2044/268 1731/2042/267
f 1734/2045/268 1736/2047/269 1735/2046/269 1733/2044/268
f 1736/2047/269 1738/2049/270 1737/2048/270 1735/2046/269
f 1738/2049/270 1740/2051/271 1739/2050/271 1737/2048/270
f 1740/2051/271 1742/2053/272 1741/2052/272 1739/2050/271
f 1742/2053/272 1744/2055/273 1743/2054/273 1741/2052/272
f 1744/2055/273 1746/2057/274 1745/2056/274 1743/2054/273
f 1746/2057/274 1748/2059/275 1747/2058/275 1745/2056/274
f 1748/2059/275 1750/2061/276 1749/2060/276 1747/2058/275
f 1750/2061/276 1752/2063/277 1751/2062/277 1749/2060/276
f 1752/2063/277 1754/2065/278 1753/2064/278 1751/2062/277
f 1754/2065/278 1756/2067/279 1755/2066/279 1753/2064/278
f 1756/2067/279 1758/2069/280 1757/2068/280 1755/2066/279
f 1758/2069/280 1760/2071/281 1759/2070/281 1757/2068/280
f 1760/2071/281 1762/2073/282 1761/2072/282 1759/2070/281
f 1762/2073/282 1764/2075/283 1763/2074/283 1761/2072/282
f 1764/2075/283 1766/2077/284 1765/2076/284 1763/2074/283
f 1766/2077/284 1768/2079/285 1767/2078/285 1765/2076/284
f 1768/2079/285 1770/2081/286 1769/2080/286 1767/2078/285
f 1770/2081/286 1772/2083/287 1771/2082/287 1769/2080/286
f 1772/2083/287 1774/2085/288 1773/2084/288 1771/2082/287
f 1774/2085/288 1776/2087/289 1775/2086/289 1773/2084/288
f 1776/2087/289 1778/2089/290 1777/2088/290 1775/2086/289
f 1778/2089/290 1780/2091/291 1779/2090/291 1777/2088/290
f 1780/2091/291 1782/2093/292 1781/2092/292 1779/2090/291
f 1782/2093/292 1784/2095/293 1783/2094/293 1781/2092/292
f 1784/2095/293 1786/2097/294 1785/2096/294 1783/2094/293
f 1786/2097/294 1788/2099/295 1787/2098/295 1785/2096/294
f 1788/2099/295 1790/2101/296 1789/2100/296 1787/2098/295
f 1790/2101/296 1620/1931/211 1619/1929/211 1789/2100/296
f 1792/2104/297 1794/2107/297 1793/2106/297 1791/2102/297
f 1794/2107/298 1796/2109/298 1795/2108/298 1793/2106/298
f 1796/2109/5 1798/2111/5 1797/2110/5 1795/2108/5
f 1798/2111/299 1800/2113/299 1799/2112/299 1797/2110/299
f 1800/2113/6 1802/2115/6 1801/2114/6 1799/2112/6
f 1802/2115/300 1804/2117/300 1803/2116/300 1801/2114/300
f 1804/2117/301 1806/2119/301 1805/2118/301 1803/2116/301
f 1806/2119/6 1808/2121/6 1807/2120/6 1805/2118/6
f 1808/2121/302 1810/2123/302 1809/2122/302 1807/2120/302
f 1810/2123/5 1812/2125/5 1811/2124/5 1809/2122/5
f 1812/2125/303 1814/2127/303 1813/2126/303 1811/2124/303
f 1814/2127/304 1816/2129/304 1815/2128/304 1813/2126/304
f 1816/2129/5 1792/2105/5 1791/2103/5 1815/2128/5
f 1818/2132/2 1820/2135/2 1819/2134/2 1817/2130/2
f 1820/2135/5 1822/2137/5 1821/2136/5 1819/2134/5
f 1822/2137/2 1824/2139/2 1823/2138/2 1821/2136/2
f 1824/2139/6 1826/2141/6 1825/2140/6 1823/2138/6
f 1826/2141/4 1828/2143/4 1827/2142/4 1825/2140/4
f 1828/2143/5 1818/2133/5 1817/2131/5 1827/2142/5
l 471 472
