# Blender 4.0.2
# www.blender.org
mtllib RETRO GAME GHOST.mtl
o Cylinder.021
v 0.276888 -0.184796 -0.587132
v 0.383769 -0.178934 -0.540248
v 0.479451 -0.155482 -0.473414
v 0.560255 -0.155482 -0.389197
v 0.623076 -0.178934 -0.290835
v 0.665501 -0.184796 -0.182107
v 0.685899 -0.178700 -0.067191
v 0.683486 -0.154315 0.049496
v 0.658355 -0.154315 0.163470
v 0.611471 -0.178700 0.270352
v 0.544637 -0.184796 0.366033
v 0.460421 -0.184796 0.446837
v 0.362058 -0.178934 0.509658
v 0.253330 -0.155482 0.552083
v 0.138414 -0.155482 0.572481
v 0.021727 -0.178934 0.570068
v -0.092247 -0.184796 0.544937
v -0.199129 -0.178934 0.498053
v -0.294810 -0.155482 0.431219
v -0.375614 -0.155482 0.347003
v -0.438435 -0.178934 0.248640
v -0.480860 -0.184796 0.139912
v -0.501258 -0.184796 0.024996
v -0.498845 -0.178700 -0.091691
v -0.473714 -0.154315 -0.205665
v -0.426830 -0.154315 -0.312546
v -0.359996 -0.178700 -0.408228
v -0.275780 -0.184796 -0.489032
v -0.177417 -0.178934 -0.551853
v -0.068689 -0.155482 -0.594278
v 0.046227 -0.155482 -0.614676
v 0.162914 -0.178934 -0.612263
v 0.139347 0.780922 -0.165319
v 0.275322 0.268328 -0.582329
v 0.177406 0.751547 -0.282039
v 0.214268 0.683432 -0.395088
v 0.244365 0.586193 -0.487389
v 0.265447 0.467095 -0.552045
v 0.166580 0.780922 -0.153373
v 0.381297 0.268328 -0.535843
v 0.226678 0.751547 -0.260425
v 0.284887 0.683432 -0.364111
v 0.332412 0.586193 -0.448767
v 0.365703 0.467095 -0.508067
v 0.190958 0.780922 -0.136344
v 0.476166 0.268328 -0.469576
v 0.270787 0.751547 -0.229615
v 0.348105 0.683432 -0.319952
v 0.411233 0.586193 -0.393710
v 0.455453 0.467095 -0.445376
v 0.211547 0.780922 -0.114887
v 0.556284 0.268328 -0.386074
v 0.308038 0.751547 -0.190791
v 0.401494 0.683432 -0.264309
v 0.477798 0.586193 -0.324333
v 0.531249 0.467095 -0.366380
v 0.227553 0.780922 -0.089825
v 0.618573 0.268328 -0.288547
v 0.336998 0.751547 -0.145446
v 0.443002 0.683432 -0.199319
v 0.529550 0.586193 -0.243304
v 0.590176 0.467095 -0.274115
v 0.238363 0.780922 -0.062121
v 0.660638 0.268328 -0.180741
v 0.356556 0.751547 -0.095322
v 0.471033 0.683432 -0.127480
v 0.564499 0.586193 -0.153735
v 0.629971 0.467095 -0.172126
v 0.243560 0.780922 -0.032842
v 0.680863 0.268328 -0.066800
v 0.365960 0.751547 -0.042346
v 0.484510 0.683432 -0.051552
v 0.581303 0.586193 -0.059069
v 0.649104 0.467095 -0.064334
v 0.242945 0.780922 -0.003111
v 0.678470 0.268328 0.048897
v 0.364847 0.751547 0.011446
v 0.482916 0.683432 0.025545
v 0.579315 0.586193 0.037056
v 0.646841 0.467095 0.045120
v 0.236542 0.780922 0.025929
v 0.653552 0.268328 0.161904
v 0.353262 0.751547 0.063988
v 0.466311 0.683432 0.100850
v 0.558612 0.586193 0.130947
v 0.623268 0.467095 0.152029
v 0.224596 0.780922 0.053162
v 0.607066 0.268328 0.267879
v 0.331648 0.751547 0.113260
v 0.435334 0.683432 0.171469
v 0.519990 0.586193 0.218994
v 0.579290 0.467095 0.252285
v 0.207567 0.780922 0.077540
v 0.540799 0.268328 0.362748
v 0.300838 0.751547 0.157369
v 0.391176 0.683432 0.234688
v 0.464933 0.586193 0.297815
v 0.516599 0.467095 0.342036
v 0.186110 0.780922 0.098129
v 0.457297 0.268328 0.442867
v 0.262014 0.751547 0.194620
v 0.335532 0.683432 0.288076
v 0.395556 0.586193 0.364381
v 0.437603 0.467095 0.417831
v 0.161048 0.780922 0.114135
v 0.359770 0.268328 0.505155
v 0.216669 0.751547 0.223580
v 0.270542 0.683432 0.329584
v 0.314527 0.586193 0.416132
v 0.345338 0.467095 0.476758
v 0.133344 0.780922 0.124945
v 0.251964 0.268328 0.547220
v 0.166546 0.751547 0.243138
v 0.198703 0.683432 0.357615
v 0.224958 0.586193 0.451081
v 0.243349 0.467095 0.516553
v 0.104065 0.780922 0.130142
v 0.138023 0.268328 0.567445
v 0.113570 0.751547 0.252542
v 0.122776 0.683432 0.371092
v 0.130292 0.586193 0.467885
v 0.135557 0.467095 0.535687
v 0.074334 0.780922 0.129527
v 0.022326 0.268328 0.565052
v 0.059777 0.751547 0.251429
v 0.045678 0.683432 0.369498
v 0.034167 0.586193 0.465897
v 0.026103 0.467095 0.533423
v 0.045294 0.780922 0.123124
v -0.090681 0.268328 0.540134
v 0.007235 0.751547 0.239844
v -0.029627 0.683432 0.352893
v -0.059724 0.586193 0.445194
v -0.080806 0.467095 0.509850
v 0.018061 0.780922 0.111178
v -0.196656 0.268328 0.493649
v -0.042037 0.751547 0.218231
v -0.100246 0.683432 0.321916
v -0.147771 0.586193 0.406572
v -0.181062 0.467095 0.465873
v -0.006317 0.780922 0.094150
v -0.291525 0.268328 0.427382
v -0.086146 0.751547 0.187420
v -0.163465 0.683432 0.277758
v -0.226592 0.586193 0.351515
v -0.270813 0.467095 0.403181
v -0.026906 0.780922 0.072692
v -0.371644 0.268328 0.343880
v -0.123397 0.751547 0.148596
v -0.216853 0.683432 0.222114
v -0.293157 0.586193 0.282139
v -0.346608 0.467095 0.324185
v -0.042912 0.780922 0.047630
v -0.433932 0.268328 0.246352
v -0.152357 0.751547 0.103251
v -0.258361 0.683432 0.157124
v -0.344909 0.586193 0.201109
v -0.405535 0.467095 0.231920
v -0.053722 0.780922 0.019927
v -0.475997 0.268328 0.138546
v -0.171915 0.751547 0.053128
v -0.286392 0.683432 0.085285
v -0.379858 0.586193 0.111540
v -0.445330 0.467095 0.129931
v -0.058919 0.780922 -0.009353
v -0.496222 0.268328 0.024605
v -0.181319 0.751547 0.000152
v -0.299869 0.683432 0.009358
v -0.396662 0.586193 0.016874
v -0.464464 0.467095 0.022139
v -0.058304 0.780922 -0.039084
v -0.493829 0.268328 -0.091092
v -0.180206 0.751547 -0.053641
v -0.298275 0.683432 -0.067740
v -0.394674 0.586193 -0.079251
v -0.462200 0.467095 -0.087315
v -0.051901 0.780922 -0.068124
v -0.468911 0.268328 -0.204099
v -0.168621 0.751547 -0.106183
v -0.281670 0.683432 -0.143045
v -0.373971 0.586193 -0.173142
v -0.438627 0.467095 -0.194224
v -0.039955 0.780922 -0.095356
v -0.422425 0.268328 -0.310074
v -0.147007 0.751547 -0.155455
v -0.250693 0.683432 -0.213664
v -0.335349 0.586193 -0.261189
v -0.394650 0.467095 -0.294480
v -0.022926 0.780922 -0.119735
v -0.356158 0.268328 -0.404943
v -0.116197 0.751547 -0.199564
v -0.206535 0.683432 -0.276882
v -0.280292 0.586193 -0.340010
v -0.331958 0.467095 -0.384230
v -0.001469 0.780922 -0.140323
v -0.272656 0.268328 -0.485061
v -0.077373 0.751547 -0.236814
v -0.150891 0.683432 -0.330271
v -0.210915 0.586193 -0.406575
v -0.252962 0.467095 -0.460026
v 0.023593 0.780922 -0.156330
v -0.175129 0.268328 -0.547350
v -0.032028 0.751547 -0.265775
v -0.085901 0.683432 -0.371779
v -0.129886 0.586193 -0.458327
v -0.160697 0.467095 -0.518953
v 0.051297 0.780922 -0.167140
v -0.067323 0.268328 -0.589415
v 0.018095 0.751547 -0.285333
v -0.014062 0.683432 -0.399810
v -0.040317 0.586193 -0.493276
v -0.058708 0.467095 -0.558748
v 0.080576 0.780922 -0.172337
v 0.046618 0.268328 -0.609640
v 0.071071 0.751547 -0.294736
v 0.061865 0.683432 -0.413287
v 0.054349 0.586193 -0.510080
v 0.049084 0.467095 -0.577881
v 0.110307 0.780922 -0.171722
v 0.162315 0.268328 -0.607247
v 0.124864 0.751547 -0.293624
v 0.138963 0.683432 -0.411693
v 0.150474 0.586193 -0.508092
v 0.158538 0.467095 -0.575618
v 0.254107 -0.733620 -0.517265
v 0.276273 -0.588515 -0.585246
v 0.264577 -0.719293 -0.549377
v 0.272454 -0.693845 -0.573532
v 0.382798 -0.559201 -0.538518
v 0.347795 -0.698443 -0.476169
v 0.376767 -0.658668 -0.527775
v 0.364329 -0.684116 -0.505620
v 0.478161 -0.441944 -0.471907
v 0.431667 -0.557735 -0.417584
v 0.470149 -0.517960 -0.462546
v 0.453629 -0.543408 -0.443244
v 0.558696 -0.441944 -0.387971
v 0.502497 -0.557735 -0.343762
v 0.549012 -0.517960 -0.380353
v 0.529043 -0.543408 -0.364645
v 0.621308 -0.559201 -0.289936
v 0.557564 -0.698443 -0.257541
v 0.610324 -0.658668 -0.284354
v 0.587674 -0.684116 -0.272843
v 0.663591 -0.588515 -0.181570
v 0.594753 -0.733620 -0.162233
v 0.651730 -0.693845 -0.178238
v 0.627269 -0.719293 -0.171367
v 0.683921 -0.558034 -0.067038
v 0.612633 -0.697043 -0.061502
v 0.671638 -0.657268 -0.066084
v 0.646307 -0.682716 -0.064117
v 0.681516 -0.436110 0.049261
v 0.610518 -0.550734 0.040783
v 0.669282 -0.510959 0.047800
v 0.644055 -0.536406 0.044787
v 0.656469 -0.436110 0.162855
v 0.588489 -0.550734 0.140689
v 0.644755 -0.510959 0.159036
v 0.620600 -0.536406 0.151159
v 0.609741 -0.558034 0.269381
v 0.547392 -0.697043 0.234378
v 0.598998 -0.657268 0.263349
v 0.576843 -0.682716 0.250912
v 0.543130 -0.588515 0.364743
v 0.488807 -0.733620 0.318249
v 0.533769 -0.693845 0.356732
v 0.514467 -0.719293 0.340211
v 0.459194 -0.588515 0.445278
v 0.414985 -0.733620 0.389079
v 0.451576 -0.693845 0.435594
v 0.435868 -0.719293 0.415625
v 0.361159 -0.559201 0.507890
v 0.328764 -0.698443 0.444147
v 0.355577 -0.658668 0.496906
v 0.344066 -0.684116 0.474256
v 0.252794 -0.441944 0.550174
v 0.233456 -0.557735 0.481335
v 0.249462 -0.517960 0.538312
v 0.242590 -0.543408 0.513851
v 0.138261 -0.441944 0.570503
v 0.132725 -0.557735 0.499215
v 0.137307 -0.517960 0.558220
v 0.135340 -0.543408 0.532889
v 0.021962 -0.559201 0.568098
v 0.030440 -0.698443 0.497100
v 0.023423 -0.658668 0.555865
v 0.026436 -0.684116 0.530637
v -0.091632 -0.588515 0.543051
v -0.069466 -0.733620 0.475071
v -0.087813 -0.693845 0.531337
v -0.079936 -0.719293 0.507182
v -0.198157 -0.559201 0.496324
v -0.163154 -0.698443 0.433974
v -0.192126 -0.658668 0.485580
v -0.179688 -0.684116 0.463425
v -0.293520 -0.441944 0.429712
v -0.247026 -0.557735 0.375389
v -0.285508 -0.517960 0.420352
v -0.268988 -0.543408 0.401049
v -0.374055 -0.441944 0.345776
v -0.317856 -0.557735 0.301568
v -0.364371 -0.517960 0.338159
v -0.344402 -0.543408 0.322450
v -0.436667 -0.559201 0.247742
v -0.372923 -0.698443 0.215346
v -0.425683 -0.658668 0.242160
v -0.403033 -0.684116 0.230648
v -0.478950 -0.588515 0.139376
v -0.410112 -0.733620 0.120039
v -0.467089 -0.693845 0.136044
v -0.442628 -0.719293 0.129173
v -0.499280 -0.588515 0.024843
v -0.427992 -0.733620 0.019307
v -0.486997 -0.693845 0.023889
v -0.461666 -0.719293 0.021922
v -0.496875 -0.558034 -0.091456
v -0.425877 -0.697043 -0.082978
v -0.484642 -0.657268 -0.089995
v -0.459414 -0.682716 -0.086982
v -0.471828 -0.436110 -0.205050
v -0.403848 -0.550734 -0.182884
v -0.460114 -0.510959 -0.201231
v -0.435959 -0.536406 -0.193354
v -0.425101 -0.436110 -0.311575
v -0.362751 -0.550734 -0.276572
v -0.414357 -0.510959 -0.305544
v -0.392202 -0.536406 -0.293106
v -0.358489 -0.558034 -0.406938
v -0.304166 -0.697043 -0.360444
v -0.349129 -0.657268 -0.398926
v -0.329826 -0.682716 -0.382406
v -0.274553 -0.588515 -0.487473
v -0.230345 -0.733620 -0.431274
v -0.266936 -0.693845 -0.477789
v -0.251227 -0.719293 -0.457820
v -0.176519 -0.559201 -0.550085
v -0.144123 -0.698443 -0.486341
v -0.170936 -0.658668 -0.539101
v -0.159425 -0.684116 -0.516451
v -0.068153 -0.441944 -0.592368
v -0.048815 -0.557735 -0.523530
v -0.064821 -0.517960 -0.580507
v -0.057950 -0.543408 -0.556046
v 0.046380 -0.441944 -0.612698
v 0.051916 -0.557735 -0.541410
v 0.047334 -0.517960 -0.600415
v 0.049301 -0.543408 -0.575083
v 0.162679 -0.559201 -0.610293
v 0.154201 -0.698443 -0.539295
v 0.161218 -0.658668 -0.598059
v 0.158205 -0.684116 -0.572832
v 0.304439 -0.184705 -0.577392
v 0.331479 -0.184063 -0.566313
v 0.357944 -0.182323 -0.553922
v 0.408891 -0.173620 -0.525321
v 0.433250 -0.167208 -0.509179
v 0.456790 -0.160795 -0.491864
v 0.501177 -0.152184 -0.453873
v 0.521920 -0.151085 -0.433289
v 0.541628 -0.152184 -0.411714
v 0.577752 -0.160795 -0.365793
v 0.594080 -0.167208 -0.341558
v 0.609200 -0.173620 -0.316552
v 0.635671 -0.182323 -0.264467
v 0.646957 -0.184064 -0.237512
v 0.656909 -0.184705 -0.210037
v 0.672710 -0.184701 -0.153788
v 0.678520 -0.184034 -0.125150
v 0.682921 -0.182225 -0.096261
v 0.687444 -0.173175 -0.038010
v 0.687556 -0.166508 -0.008788
v 0.686236 -0.159840 0.020404
v 0.679309 -0.150886 0.078418
v 0.673718 -0.149743 0.107100
v 0.666728 -0.150886 0.135474
v 0.648615 -0.159840 0.191021
v 0.637536 -0.166508 0.218062
v 0.625145 -0.173176 0.244527
v 0.596544 -0.182225 0.295473
v 0.580402 -0.184034 0.319833
v 0.563087 -0.184701 0.343372
v 0.525096 -0.184796 0.387760
v 0.504512 -0.184796 0.408502
v 0.482937 -0.184796 0.428210
v 0.437016 -0.184705 0.464334
v 0.412781 -0.184063 0.480662
v 0.387775 -0.182323 0.495783
v 0.335690 -0.173620 0.522253
v 0.308735 -0.167208 0.533539
v 0.281260 -0.160795 0.543491
v 0.225011 -0.152184 0.559292
v 0.196373 -0.151085 0.565103
v 0.167484 -0.152184 0.569503
v 0.109233 -0.160795 0.574027
v 0.080011 -0.167208 0.574139
v 0.050819 -0.173620 0.572819
v -0.007195 -0.182323 0.565891
v -0.035877 -0.184064 0.560300
v -0.064251 -0.184705 0.553310
v -0.119798 -0.184705 0.535198
v -0.146839 -0.184063 0.524118
v -0.173303 -0.182323 0.511727
v -0.224250 -0.173620 0.483126
v -0.248609 -0.167208 0.466985
v -0.272149 -0.160795 0.449669
v -0.316537 -0.152184 0.411678
v -0.337279 -0.151085 0.391094
v -0.356987 -0.152184 0.369519
v -0.393111 -0.160795 0.323598
v -0.409439 -0.167208 0.299363
v -0.424559 -0.173620 0.274358
v -0.451030 -0.182323 0.222272
v -0.462316 -0.184064 0.195317
v -0.472268 -0.184705 0.167842
v -0.488069 -0.184796 0.111593
v -0.493879 -0.184796 0.082955
v -0.498280 -0.184796 0.054066
v -0.502804 -0.184701 -0.004185
v -0.502915 -0.184034 -0.033406
v -0.501595 -0.182225 -0.062599
v -0.494668 -0.173175 -0.120612
v -0.489077 -0.166508 -0.149295
v -0.482087 -0.159840 -0.177668
v -0.463975 -0.150886 -0.233216
v -0.452895 -0.149743 -0.260256
v -0.440504 -0.150886 -0.286721
v -0.411903 -0.159840 -0.337668
v -0.395761 -0.166508 -0.362027
v -0.378446 -0.173176 -0.385566
v -0.340455 -0.182225 -0.429954
v -0.319871 -0.184034 -0.450697
v -0.298296 -0.184701 -0.470405
v -0.252375 -0.184705 -0.506529
v -0.228140 -0.184063 -0.522856
v -0.203134 -0.182323 -0.537977
v -0.151049 -0.173620 -0.564448
v -0.124094 -0.167208 -0.575734
v -0.096619 -0.160795 -0.585686
v -0.040370 -0.152184 -0.601487
v -0.011732 -0.151085 -0.607297
v 0.017157 -0.152184 -0.611698
v 0.075408 -0.160795 -0.616221
v 0.104630 -0.167208 -0.616333
v 0.133822 -0.173620 -0.615013
v 0.191836 -0.182323 -0.608086
v 0.220518 -0.184063 -0.602495
v 0.248892 -0.184705 -0.595505
v 0.371241 0.433644 -0.517931
v 0.375638 0.393308 -0.525764
v 0.378967 0.340174 -0.531693
v 0.355691 0.268328 -0.549402
v 0.329450 0.268328 -0.561687
v 0.302639 0.268328 -0.572673
v 0.273847 0.340174 -0.577804
v 0.271739 0.393308 -0.571340
v 0.268954 0.433644 -0.562799
v 0.291290 0.467095 -0.542909
v 0.316655 0.467095 -0.532517
v 0.341479 0.467095 -0.520894
v 0.342249 0.558219 -0.466289
v 0.351134 0.528980 -0.482115
v 0.358981 0.498573 -0.496093
v 0.261190 0.498573 -0.538989
v 0.256221 0.528980 -0.523749
v 0.250594 0.558219 -0.506493
v 0.267061 0.586193 -0.479366
v 0.289336 0.586193 -0.470239
v 0.311138 0.586193 -0.460032
v 0.297892 0.661523 -0.387277
v 0.310181 0.637946 -0.409167
v 0.321705 0.612802 -0.429693
v 0.237584 0.612802 -0.466593
v 0.230286 0.637946 -0.444213
v 0.222504 0.661523 -0.420346
v 0.232472 0.683432 -0.388653
v 0.250338 0.683432 -0.381333
v 0.267824 0.683432 -0.373146
v 0.242063 0.737793 -0.287829
v 0.256924 0.721738 -0.314302
v 0.271215 0.703558 -0.339757
v 0.205610 0.703558 -0.368535
v 0.196560 0.721738 -0.340780
v 0.187149 0.737793 -0.311917
v 0.190107 0.751547 -0.277549
v 0.202573 0.751547 -0.272441
v 0.214773 0.751547 -0.266729
v 0.179250 0.777612 -0.175943
v 0.194893 0.771547 -0.203807
v 0.210864 0.762836 -0.232255
v 0.167391 0.762836 -0.251325
v 0.157277 0.771547 -0.220307
v 0.147371 0.777612 -0.189927
v 0.140209 0.782029 -0.151519
v 0.144898 0.782585 -0.140959
v 0.155843 0.782029 -0.144661
v 0.462809 0.433644 -0.453970
v 0.468650 0.393308 -0.460795
v 0.473071 0.340174 -0.465960
v 0.453697 0.268328 -0.487869
v 0.430358 0.268328 -0.505038
v 0.406205 0.268328 -0.521043
v 0.389268 0.467095 -0.494065
v 0.412117 0.467095 -0.478924
v 0.434197 0.467095 -0.462682
v 0.424299 0.558219 -0.408976
v 0.436101 0.528980 -0.422765
v 0.446524 0.498573 -0.434943
v 0.353107 0.586193 -0.436470
v 0.373174 0.586193 -0.423173
v 0.392565 0.586193 -0.408908
v 0.365380 0.661523 -0.340136
v 0.381704 0.637946 -0.359208
v 0.397010 0.612802 -0.377092
v 0.301485 0.683432 -0.354249
v 0.317580 0.683432 -0.343583
v 0.333133 0.683432 -0.332143
v 0.291222 0.737793 -0.253491
v 0.310963 0.721738 -0.276555
v 0.329945 0.703558 -0.298734
v 0.238259 0.751547 -0.253544
v 0.249489 0.751547 -0.246103
v 0.260340 0.751547 -0.238120
v 0.207789 0.777612 -0.156009
v 0.228567 0.771547 -0.180285
v 0.249781 0.762836 -0.205072
v 0.164733 0.782029 -0.139670
v 0.167271 0.782585 -0.128398
v 0.178728 0.782029 -0.129894
v 0.540139 0.433644 -0.373374
v 0.547200 0.393308 -0.378928
v 0.552543 0.340174 -0.383131
v 0.537816 0.268328 -0.408399
v 0.518275 0.268328 -0.429792
v 0.497709 0.268328 -0.450201
v 0.475834 0.467095 -0.427046
v 0.495290 0.467095 -0.407738
v 0.513777 0.467095 -0.387500
v 0.493592 0.558219 -0.336757
v 0.507857 0.528980 -0.347979
v 0.520455 0.498573 -0.357889
v 0.429131 0.586193 -0.377612
v 0.446219 0.586193 -0.360655
v 0.462454 0.586193 -0.342882
v 0.422375 0.661523 -0.280734
v 0.442105 0.637946 -0.296255
v 0.460607 0.612802 -0.310809
v 0.362461 0.683432 -0.307041
v 0.376166 0.683432 -0.293441
v 0.389188 0.683432 -0.279186
v 0.332738 0.737793 -0.210222
v 0.356599 0.721738 -0.228992
v 0.379543 0.703558 -0.247041
v 0.280803 0.751547 -0.220606
v 0.290365 0.751547 -0.211117
v 0.299451 0.751547 -0.201171
v 0.231890 0.777612 -0.130890
v 0.257005 0.771547 -0.150646
v 0.282647 0.762836 -0.170818
v 0.186474 0.782029 -0.123265
v 0.186764 0.782585 -0.111714
v 0.198293 0.782029 -0.110947
v 0.600260 0.433644 -0.279240
v 0.608268 0.393308 -0.283310
v 0.614330 0.340174 -0.286390
v 0.604815 0.268328 -0.314046
v 0.589822 0.268328 -0.338839
v 0.573633 0.268328 -0.362868
v 0.547661 0.467095 -0.344426
v 0.562977 0.467095 -0.321694
v 0.577160 0.467095 -0.298238
v 0.547463 0.558219 -0.252408
v 0.563644 0.528980 -0.260631
v 0.577934 0.498573 -0.267893
v 0.492212 0.586193 -0.305053
v 0.505663 0.586193 -0.285089
v 0.518119 0.586193 -0.264489
v 0.466686 0.661523 -0.211355
v 0.489065 0.637946 -0.222729
v 0.510050 0.612802 -0.233394
v 0.413055 0.683432 -0.248845
v 0.423843 0.683432 -0.232832
v 0.433834 0.683432 -0.216311
v 0.365015 0.737793 -0.159685
v 0.392079 0.721738 -0.173439
v 0.418104 0.703558 -0.186665
v 0.316104 0.751547 -0.180002
v 0.323631 0.751547 -0.168829
v 0.330602 0.751547 -0.157302
v 0.250627 0.777612 -0.101551
v 0.279114 0.771547 -0.116029
v 0.308199 0.762836 -0.130810
v 0.204597 0.782029 -0.102934
v 0.202628 0.782585 -0.091548
v 0.213786 0.782029 -0.088546
v 0.640862 0.433644 -0.175186
v 0.649510 0.393308 -0.177615
v 0.656055 0.340174 -0.179454
v 0.652119 0.268328 -0.208434
v 0.642251 0.268328 -0.235676
v 0.631061 0.268328 -0.262402
v 0.601990 0.467095 -0.249381
v 0.612577 0.467095 -0.224097
v 0.621912 0.467095 -0.198325
v 0.583844 0.558219 -0.159169
v 0.601318 0.528980 -0.164078
v 0.616750 0.498573 -0.168413
v 0.539925 0.586193 -0.221582
v 0.549223 0.586193 -0.199377
v 0.557421 0.586193 -0.176743
v 0.496610 0.661523 -0.134664
v 0.520778 0.637946 -0.141453
v 0.543440 0.612802 -0.147819
v 0.451324 0.683432 -0.181897
v 0.458781 0.683432 -0.164087
v 0.465356 0.683432 -0.145934
v 0.386812 0.737793 -0.103822
v 0.416040 0.721738 -0.112032
v 0.444145 0.703558 -0.119927
v 0.342804 0.751547 -0.133290
v 0.348007 0.751547 -0.120864
v 0.352595 0.751547 -0.108198
v 0.263281 0.777612 -0.069121
v 0.294045 0.771547 -0.077763
v 0.325455 0.762836 -0.086586
v 0.218405 0.782029 -0.079457
v 0.214253 0.782585 -0.068674
v 0.224610 0.782029 -0.063553
v 0.660383 0.433644 -0.065210
v 0.669339 0.393308 -0.065905
v 0.676117 0.340174 -0.066432
v 0.677910 0.268328 -0.095623
v 0.673547 0.268328 -0.124267
v 0.667785 0.268328 -0.152662
v 0.636733 0.467095 -0.145563
v 0.642183 0.467095 -0.118700
v 0.646311 0.467095 -0.091602
v 0.601336 0.558219 -0.060624
v 0.619432 0.528980 -0.062030
v 0.635413 0.498573 -0.063271
v 0.570437 0.586193 -0.130406
v 0.575224 0.586193 -0.106814
v 0.578849 0.586193 -0.083016
v 0.510997 0.661523 -0.053609
v 0.536026 0.637946 -0.055553
v 0.559495 0.612802 -0.057375
v 0.475796 0.683432 -0.108769
v 0.479635 0.683432 -0.089847
v 0.482543 0.683432 -0.070759
v 0.397292 0.737793 -0.044780
v 0.427560 0.721738 -0.047130
v 0.456665 0.703558 -0.049390
v 0.359879 0.751547 -0.082268
v 0.362558 0.751547 -0.069065
v 0.364587 0.751547 -0.055748
v 0.269365 0.777612 -0.034846
v 0.301224 0.771547 -0.037319
v 0.333751 0.762836 -0.039845
v 0.227367 0.782029 -0.053738
v 0.221192 0.782585 -0.043972
v 0.230351 0.782029 -0.036929
v 0.658073 0.433644 0.046461
v 0.666993 0.393308 0.047526
v 0.673744 0.340174 0.048333
v 0.681197 0.268328 0.020052
v 0.682506 0.268328 -0.008893
v 0.682395 0.268328 -0.037867
v 0.650554 0.467095 -0.036962
v 0.650659 0.467095 -0.009551
v 0.649421 0.467095 0.017831
v 0.599267 0.558219 0.039439
v 0.617289 0.528980 0.041591
v 0.633206 0.498573 0.043492
v 0.582576 0.586193 -0.035030
v 0.582668 0.586193 -0.010957
v 0.581581 0.586193 0.013091
v 0.509295 0.661523 0.028695
v 0.534222 0.637946 0.031672
v 0.557595 0.612802 0.034463
v 0.485531 0.683432 -0.032272
v 0.485605 0.683432 -0.012965
v 0.484733 0.683432 0.006323
v 0.396052 0.737793 0.015172
v 0.426197 0.721738 0.018772
v 0.455184 0.703558 0.022234
v 0.366672 0.751547 -0.028894
v 0.366724 0.751547 -0.015423
v 0.366115 0.751547 -0.001965
v 0.268646 0.777612 -0.000042
v 0.300375 0.771547 0.003747
v 0.332770 0.762836 0.007616
v 0.231140 0.782029 -0.026764
v 0.223178 0.782585 -0.018391
v 0.230787 0.782029 -0.009696
v 0.634023 0.433644 0.155536
v 0.642563 0.393308 0.158321
v 0.649027 0.340174 0.160429
v 0.661854 0.268328 0.134145
v 0.668785 0.268328 0.106012
v 0.674328 0.268328 0.077573
v 0.642923 0.467095 0.072249
v 0.637678 0.467095 0.099153
v 0.631122 0.467095 0.125768
v 0.577716 0.558219 0.137176
v 0.594972 0.528980 0.142803
v 0.610212 0.498573 0.147772
v 0.575874 0.586193 0.060882
v 0.571268 0.586193 0.084510
v 0.565510 0.586193 0.107884
v 0.491569 0.661523 0.109086
v 0.515436 0.637946 0.116869
v 0.537816 0.612802 0.124166
v 0.480156 0.683432 0.044654
v 0.476462 0.683432 0.063605
v 0.471844 0.683432 0.082352
v 0.383140 0.737793 0.073731
v 0.412004 0.721738 0.083142
v 0.439758 0.703558 0.092192
v 0.362921 0.751547 0.024779
v 0.360344 0.751547 0.038001
v 0.357122 0.751547 0.051082
v 0.261150 0.777612 0.033953
v 0.291530 0.771547 0.043859
v 0.322548 0.762836 0.053973
v 0.229579 0.782029 0.000427
v 0.220136 0.782585 0.007086
v 0.225903 0.782029 0.017098
v 0.589154 0.433644 0.257823
v 0.596987 0.393308 0.262220
v 0.602916 0.340174 0.265549
v 0.620625 0.268328 0.242273
v 0.632910 0.268328 0.216032
v 0.643896 0.268328 0.189222
v 0.614132 0.467095 0.177873
v 0.603740 0.467095 0.203237
v 0.592117 0.467095 0.228061
v 0.537512 0.558219 0.228831
v 0.553338 0.528980 0.237716
v 0.567316 0.498573 0.245563
v 0.550589 0.586193 0.153643
v 0.541462 0.586193 0.175919
v 0.531255 0.586193 0.197720
v 0.458500 0.661523 0.184474
v 0.480390 0.637946 0.196763
v 0.500916 0.612802 0.208287
v 0.459876 0.683432 0.119054
v 0.452556 0.683432 0.136920
v 0.444369 0.683432 0.154406
v 0.359052 0.737793 0.128645
v 0.385525 0.721738 0.143506
v 0.410981 0.703558 0.157797
v 0.348772 0.751547 0.076689
v 0.343664 0.751547 0.089155
v 0.337952 0.751547 0.101355
v 0.247166 0.777612 0.065832
v 0.275030 0.771547 0.081475
v 0.303479 0.762836 0.097446
v 0.222742 0.782029 0.026791
v 0.212182 0.782585 0.031480
v 0.215884 0.782029 0.042425
v 0.525193 0.433644 0.349391
v 0.532018 0.393308 0.355232
v 0.537183 0.340174 0.359653
v 0.559092 0.268328 0.340279
v 0.576261 0.268328 0.316940
v 0.592266 0.268328 0.292787
v 0.565289 0.467095 0.275850
v 0.550147 0.467095 0.298699
v 0.533905 0.467095 0.320779
v 0.480199 0.558219 0.310881
v 0.493988 0.528980 0.322683
v 0.506166 0.498573 0.333106
v 0.507693 0.586193 0.239689
v 0.494396 0.586193 0.259756
v 0.480132 0.586193 0.279147
v 0.411359 0.661523 0.251962
v 0.430431 0.637946 0.268286
v 0.448315 0.612802 0.283592
v 0.425472 0.683432 0.188067
v 0.414806 0.683432 0.204162
v 0.403366 0.683432 0.219715
v 0.324714 0.737793 0.177804
v 0.347778 0.721738 0.197545
v 0.369957 0.703558 0.216527
v 0.324767 0.751547 0.124841
v 0.317326 0.751547 0.136071
v 0.309343 0.751547 0.146922
v 0.227232 0.777612 0.094371
v 0.251508 0.771547 0.115149
v 0.276295 0.762836 0.136363
v 0.210893 0.782029 0.051315
v 0.199621 0.782585 0.053853
v 0.201117 0.782029 0.065310
v 0.444597 0.433644 0.426722
v 0.450151 0.393308 0.433782
v 0.454354 0.340174 0.439126
v 0.479622 0.268328 0.424398
v 0.501015 0.268328 0.404857
v 0.521424 0.268328 0.384291
v 0.498269 0.467095 0.362416
v 0.478961 0.467095 0.381872
v 0.458723 0.467095 0.400359
v 0.407980 0.558219 0.380174
v 0.419202 0.528980 0.394439
v 0.429113 0.498573 0.407038
v 0.448835 0.586193 0.315714
v 0.431878 0.586193 0.332801
v 0.414105 0.586193 0.349036
v 0.351958 0.661523 0.308957
v 0.367479 0.637946 0.328688
v 0.382032 0.612802 0.347189
v 0.378264 0.683432 0.249043
v 0.364664 0.683432 0.262748
v 0.350409 0.683432 0.275770
v 0.281445 0.737793 0.219320
v 0.300215 0.721738 0.243181
v 0.318264 0.703558 0.266125
v 0.291829 0.751547 0.167385
v 0.282340 0.751547 0.176947
v 0.272394 0.751547 0.186033
v 0.202113 0.777612 0.118472
v 0.221869 0.771547 0.143587
v 0.242041 0.762836 0.169229
v 0.194488 0.782029 0.073056
v 0.182938 0.782585 0.073347
v 0.182170 0.782029 0.084875
v 0.350463 0.433644 0.486843
v 0.354533 0.393308 0.494851
v 0.357613 0.340174 0.500912
v 0.385269 0.268328 0.491397
v 0.410062 0.268328 0.476405
v 0.434092 0.268328 0.460215
v 0.415649 0.467095 0.434243
v 0.392917 0.467095 0.449559
v 0.369461 0.467095 0.463742
v 0.323631 0.558219 0.434045
v 0.331854 0.528980 0.450226
v 0.339116 0.498573 0.464516
v 0.376276 0.586193 0.378794
v 0.356312 0.586193 0.392245
v 0.335712 0.586193 0.404701
v 0.282578 0.661523 0.353268
v 0.293952 0.637946 0.375647
v 0.304617 0.612802 0.396632
v 0.320068 0.683432 0.299637
v 0.304056 0.683432 0.310425
v 0.287534 0.683432 0.320416
v 0.230908 0.737793 0.251597
v 0.244662 0.721738 0.278661
v 0.257888 0.703558 0.304686
v 0.251225 0.751547 0.202686
v 0.240053 0.751547 0.210213
v 0.228525 0.751547 0.217184
v 0.172774 0.777612 0.137210
v 0.187252 0.771547 0.165696
v 0.202033 0.762836 0.194781
v 0.174157 0.782029 0.091179
v 0.162771 0.782585 0.089210
v 0.159769 0.782029 0.100368
v 0.246409 0.433644 0.527444
v 0.248838 0.393308 0.536092
v 0.250677 0.340174 0.542638
v 0.279657 0.268328 0.538701
v 0.306899 0.268328 0.528834
v 0.333625 0.268328 0.517643
v 0.320604 0.467095 0.488572
v 0.295320 0.467095 0.499159
v 0.269548 0.467095 0.508494
v 0.230392 0.558219 0.470426
v 0.235301 0.528980 0.487900
v 0.239636 0.498573 0.503332
v 0.292805 0.586193 0.426508
v 0.270600 0.586193 0.435805
v 0.247966 0.586193 0.444003
v 0.205887 0.661523 0.383192
v 0.212676 0.637946 0.407360
v 0.219042 0.612802 0.430023
v 0.253120 0.683432 0.337906
v 0.235310 0.683432 0.345363
v 0.217157 0.683432 0.351938
v 0.175045 0.737793 0.273394
v 0.183255 0.721738 0.302622
v 0.191150 0.703558 0.330727
v 0.204513 0.751547 0.229387
v 0.192087 0.751547 0.234590
v 0.179421 0.751547 0.239177
v 0.140344 0.777612 0.149864
v 0.148986 0.771547 0.180627
v 0.157809 0.762836 0.212037
v 0.150680 0.782029 0.104987
v 0.139897 0.782585 0.100835
v 0.134776 0.782029 0.111192
v 0.136433 0.433644 0.546965
v 0.137128 0.393308 0.555921
v 0.137655 0.340174 0.562699
v 0.166846 0.268328 0.564492
v 0.195490 0.268328 0.560129
v 0.223885 0.268328 0.554368
v 0.216786 0.467095 0.523315
v 0.189923 0.467095 0.528766
v 0.162825 0.467095 0.532893
v 0.131848 0.558219 0.487918
v 0.133253 0.528980 0.506014
v 0.134494 0.498573 0.521996
v 0.201629 0.586193 0.457020
v 0.178037 0.586193 0.461806
v 0.154239 0.586193 0.465432
v 0.124832 0.661523 0.397579
v 0.126776 0.637946 0.422608
v 0.128598 0.612802 0.446077
v 0.179992 0.683432 0.362378
v 0.161070 0.683432 0.366217
v 0.141982 0.683432 0.369125
v 0.116003 0.737793 0.283874
v 0.118353 0.721738 0.314142
v 0.120613 0.703558 0.343247
v 0.153491 0.751547 0.246461
v 0.140288 0.751547 0.249140
v 0.126971 0.751547 0.251169
v 0.106069 0.777612 0.155948
v 0.108543 0.771547 0.187806
v 0.111068 0.762836 0.220333
v 0.124961 0.782029 0.113950
v 0.115195 0.782585 0.107774
v 0.108152 0.782029 0.116933
v 0.024762 0.433644 0.544655
v 0.023697 0.393308 0.553575
v 0.022890 0.340174 0.560326
v 0.051171 0.268328 0.567779
v 0.080116 0.268328 0.569088
v 0.109090 0.268328 0.568977
v 0.108185 0.467095 0.537136
v 0.080774 0.467095 0.537241
v 0.053392 0.467095 0.536003
v 0.031784 0.558219 0.485849
v 0.029632 0.528980 0.503871
v 0.027731 0.498573 0.519788
v 0.106253 0.586193 0.469158
v 0.082180 0.586193 0.469250
v 0.058132 0.586193 0.468163
v 0.042528 0.661523 0.395877
v 0.039551 0.637946 0.420804
v 0.036760 0.612802 0.444178
v 0.103495 0.683432 0.372113
v 0.084188 0.683432 0.372187
v 0.064900 0.683432 0.371315
v 0.056051 0.737793 0.282635
v 0.052451 0.721738 0.312779
v 0.048990 0.703558 0.341766
v 0.100117 0.751547 0.253254
v 0.086646 0.751547 0.253306
v 0.073188 0.751547 0.252697
v 0.071265 0.777612 0.155228
v 0.067476 0.771547 0.186957
v 0.063608 0.762836 0.219352
v 0.097987 0.782029 0.117723
v 0.089614 0.782585 0.109761
v 0.080919 0.782029 0.117370
v -0.084313 0.433644 0.520605
v -0.087098 0.393308 0.529145
v -0.089206 0.340174 0.535609
v -0.062922 0.268328 0.548437
v -0.034789 0.268328 0.555367
v -0.006350 0.268328 0.560911
v -0.001026 0.467095 0.529505
v -0.027930 0.467095 0.524261
v -0.054545 0.467095 0.517704
v -0.065953 0.558219 0.464298
v -0.071580 0.528980 0.481554
v -0.076549 0.498573 0.496794
v 0.010341 0.586193 0.462456
v -0.013287 0.586193 0.457850
v -0.036661 0.586193 0.452092
v -0.037863 0.661523 0.378151
v -0.045646 0.637946 0.402018
v -0.052943 0.612802 0.424398
v 0.026569 0.683432 0.366738
v 0.007618 0.683432 0.363044
v -0.011129 0.683432 0.358426
v -0.002508 0.737793 0.269723
v -0.011919 0.721738 0.298586
v -0.020969 0.703558 0.326340
v 0.046444 0.751547 0.249504
v 0.033222 0.751547 0.246926
v 0.020141 0.751547 0.243704
v 0.037270 0.777612 0.147732
v 0.027364 0.771547 0.178112
v 0.017250 0.762836 0.209130
v 0.070796 0.782029 0.116161
v 0.064137 0.782585 0.106718
v 0.054125 0.782029 0.112485
v -0.186600 0.433644 0.475736
v -0.190997 0.393308 0.483570
v -0.194326 0.340174 0.489498
v -0.171050 0.268328 0.507207
v -0.144809 0.268328 0.519493
v -0.117999 0.268328 0.530478
v -0.106650 0.467095 0.500714
v -0.132014 0.467095 0.490322
v -0.156838 0.467095 0.478699
v -0.157608 0.558219 0.424094
v -0.166493 0.528980 0.439921
v -0.174340 0.498573 0.453898
v -0.082420 0.586193 0.437171
v -0.104696 0.586193 0.428044
v -0.126497 0.586193 0.417837
v -0.113251 0.661523 0.345082
v -0.125540 0.637946 0.366973
v -0.137064 0.612802 0.387499
v -0.047831 0.683432 0.346458
v -0.065697 0.683432 0.339138
v -0.083183 0.683432 0.330951
v -0.057422 0.737793 0.245634
v -0.072283 0.721738 0.272107
v -0.086574 0.703558 0.297563
v -0.005466 0.751547 0.235354
v -0.017932 0.751547 0.230246
v -0.030132 0.751547 0.224534
v 0.005391 0.777612 0.133748
v -0.010252 0.771547 0.161612
v -0.026223 0.762836 0.190061
v 0.044432 0.782029 0.109324
v 0.039743 0.782585 0.098764
v 0.028798 0.782029 0.102466
v -0.278168 0.433644 0.411775
v -0.284009 0.393308 0.418600
v -0.288430 0.340174 0.423765
v -0.269056 0.268328 0.445675
v -0.245717 0.268328 0.462843
v -0.221564 0.268328 0.478848
v -0.204627 0.467095 0.451871
v -0.227476 0.467095 0.436730
v -0.249556 0.467095 0.420487
v -0.239658 0.558219 0.366781
v -0.251460 0.528980 0.380570
v -0.261883 0.498573 0.392748
v -0.168466 0.586193 0.394275
v -0.188533 0.586193 0.380978
v -0.207924 0.586193 0.366714
v -0.180739 0.661523 0.297941
v -0.197063 0.637946 0.317013
v -0.212369 0.612802 0.334897
v -0.116844 0.683432 0.312054
v -0.132939 0.683432 0.301389
v -0.148492 0.683432 0.289948
v -0.106581 0.737793 0.211296
v -0.126322 0.721738 0.234361
v -0.145304 0.703558 0.256539
v -0.053618 0.751547 0.211349
v -0.064848 0.751547 0.203908
v -0.075699 0.751547 0.195925
v -0.023148 0.777612 0.113814
v -0.043926 0.771547 0.138090
v -0.065140 0.762836 0.162877
v 0.019908 0.782029 0.097476
v 0.017370 0.782585 0.086204
v 0.005913 0.782029 0.087700
v -0.355499 0.433644 0.331179
v -0.362559 0.393308 0.336733
v -0.367902 0.340174 0.340937
v -0.353175 0.268328 0.366205
v -0.333634 0.268328 0.387597
v -0.313068 0.268328 0.408006
v -0.291193 0.467095 0.384851
v -0.310649 0.467095 0.365543
v -0.329136 0.467095 0.345305
v -0.308951 0.558219 0.294562
v -0.323216 0.528980 0.305784
v -0.335815 0.498573 0.315695
v -0.244491 0.586193 0.335417
v -0.261578 0.586193 0.318461
v -0.277813 0.586193 0.300687
v -0.237734 0.661523 0.238540
v -0.257464 0.637946 0.254061
v -0.275966 0.612802 0.268615
v -0.177820 0.683432 0.264846
v -0.191525 0.683432 0.251246
v -0.204547 0.683432 0.236991
v -0.148097 0.737793 0.168027
v -0.171958 0.721738 0.186797
v -0.194902 0.703558 0.204846
v -0.096162 0.751547 0.178412
v -0.105724 0.751547 0.168922
v -0.114810 0.751547 0.158976
v -0.047249 0.777612 0.088695
v -0.072364 0.771547 0.108451
v -0.098006 0.762836 0.128623
v -0.001833 0.782029 0.081070
v -0.002123 0.782585 0.069520
v -0.013652 0.782029 0.068752
v -0.415619 0.433644 0.237045
v -0.423628 0.393308 0.241115
v -0.429689 0.340174 0.244195
v -0.420174 0.268328 0.271851
v -0.405181 0.268328 0.296644
v -0.388992 0.268328 0.320674
v -0.363020 0.467095 0.302231
v -0.378336 0.467095 0.279499
v -0.392519 0.467095 0.256043
v -0.362822 0.558219 0.210213
v -0.379003 0.528980 0.218436
v -0.393293 0.498573 0.225698
v -0.307571 0.586193 0.262858
v -0.321022 0.586193 0.242894
v -0.333478 0.586193 0.222295
v -0.282045 0.661523 0.169160
v -0.304424 0.637946 0.180534
v -0.325409 0.612802 0.191199
v -0.228414 0.683432 0.206650
v -0.239202 0.683432 0.190638
v -0.249193 0.683432 0.174116
v -0.180374 0.737793 0.117490
v -0.207438 0.721738 0.131244
v -0.233463 0.703558 0.144470
v -0.131463 0.751547 0.137807
v -0.138990 0.751547 0.126635
v -0.145961 0.751547 0.115107
v -0.065986 0.777612 0.059356
v -0.094473 0.771547 0.073834
v -0.123558 0.762836 0.088615
v -0.019956 0.782029 0.060739
v -0.017987 0.782585 0.049353
v -0.029145 0.782029 0.046351
v -0.456221 0.433644 0.132991
v -0.464869 0.393308 0.135420
v -0.471415 0.340174 0.137259
v -0.467478 0.268328 0.166239
v -0.457610 0.268328 0.193481
v -0.446420 0.268328 0.220207
v -0.417349 0.467095 0.207186
v -0.427936 0.467095 0.181902
v -0.437271 0.467095 0.156130
v -0.399203 0.558219 0.116974
v -0.416677 0.528980 0.121883
v -0.432109 0.498573 0.126218
v -0.355284 0.586193 0.179387
v -0.364582 0.586193 0.157182
v -0.372780 0.586193 0.134549
v -0.311969 0.661523 0.092470
v -0.336137 0.637946 0.099259
v -0.358799 0.612802 0.105625
v -0.266683 0.683432 0.139702
v -0.274140 0.683432 0.121892
v -0.280715 0.683432 0.103739
v -0.202171 0.737793 0.061627
v -0.231399 0.721738 0.069837
v -0.259504 0.703558 0.077732
v -0.158164 0.751547 0.091096
v -0.163366 0.751547 0.078670
v -0.167954 0.751547 0.066003
v -0.078640 0.777612 0.026926
v -0.109404 0.771547 0.035568
v -0.140814 0.762836 0.044391
v -0.033764 0.782029 0.037262
v -0.029612 0.782585 0.026480
v -0.039969 0.782029 0.021358
v -0.475742 0.433644 0.023015
v -0.484698 0.393308 0.023710
v -0.491476 0.340174 0.024237
v -0.493269 0.268328 0.053428
v -0.488906 0.268328 0.082072
v -0.483144 0.268328 0.110468
v -0.452092 0.467095 0.103368
v -0.457542 0.467095 0.076505
v -0.461670 0.467095 0.049407
v -0.416695 0.558219 0.018430
v -0.434791 0.528980 0.019835
v -0.450772 0.498573 0.021076
v -0.385797 0.586193 0.088211
v -0.390583 0.586193 0.064619
v -0.394208 0.586193 0.040821
v -0.326356 0.661523 0.011414
v -0.351385 0.637946 0.013358
v -0.374854 0.612802 0.015180
v -0.291155 0.683432 0.066574
v -0.294994 0.683432 0.047652
v -0.297902 0.683432 0.028565
v -0.212651 0.737793 0.002585
v -0.242919 0.721738 0.004935
v -0.272024 0.703558 0.007195
v -0.175238 0.751547 0.040073
v -0.177917 0.751547 0.026870
v -0.179946 0.751547 0.013553
v -0.084724 0.777612 -0.007349
v -0.116583 0.771547 -0.004875
v -0.149110 0.762836 -0.002349
v -0.042726 0.782029 0.011543
v -0.036551 0.782585 0.001778
v -0.045710 0.782029 -0.005266
v -0.473432 0.433644 -0.088656
v -0.482352 0.393308 -0.089721
v -0.489103 0.340174 -0.090527
v -0.496556 0.268328 -0.062247
v -0.497865 0.268328 -0.033302
v -0.497754 0.268328 -0.004328
v -0.465913 0.467095 -0.005233
v -0.466018 0.467095 -0.032643
v -0.464780 0.467095 -0.060026
v -0.414626 0.558219 -0.081634
v -0.432648 0.528980 -0.083786
v -0.448565 0.498573 -0.085687
v -0.397935 0.586193 -0.007165
v -0.398027 0.586193 -0.031237
v -0.396940 0.586193 -0.055286
v -0.324654 0.661523 -0.070890
v -0.349581 0.637946 -0.073867
v -0.372954 0.612802 -0.076658
v -0.300890 0.683432 -0.009923
v -0.300964 0.683432 -0.029230
v -0.300092 0.683432 -0.048518
v -0.211412 0.737793 -0.057367
v -0.241556 0.721738 -0.060967
v -0.270543 0.703558 -0.064428
v -0.182031 0.751547 -0.013301
v -0.182083 0.751547 -0.026772
v -0.181474 0.751547 -0.040229
v -0.084005 0.777612 -0.042153
v -0.115734 0.771547 -0.045942
v -0.148129 0.762836 -0.049810
v -0.046499 0.782029 -0.015430
v -0.038537 0.782585 -0.023803
v -0.046147 0.782029 -0.032499
v -0.449382 0.433644 -0.197731
v -0.457922 0.393308 -0.200516
v -0.464386 0.340174 -0.202623
v -0.477213 0.268328 -0.176340
v -0.484144 0.268328 -0.148207
v -0.489687 0.268328 -0.119768
v -0.458282 0.467095 -0.114444
v -0.453038 0.467095 -0.141348
v -0.446481 0.467095 -0.167963
v -0.393075 0.558219 -0.179371
v -0.410331 0.528980 -0.184998
v -0.425571 0.498573 -0.189967
v -0.391233 0.586193 -0.103077
v -0.386627 0.586193 -0.126705
v -0.380869 0.586193 -0.150079
v -0.306928 0.661523 -0.151281
v -0.330795 0.637946 -0.159063
v -0.353175 0.612802 -0.166361
v -0.295515 0.683432 -0.086849
v -0.291821 0.683432 -0.105800
v -0.287203 0.683432 -0.124547
v -0.198500 0.737793 -0.115925
v -0.227363 0.721738 -0.125337
v -0.255117 0.703558 -0.134387
v -0.178281 0.751547 -0.066974
v -0.175703 0.751547 -0.080196
v -0.172481 0.751547 -0.093277
v -0.076509 0.777612 -0.076148
v -0.106889 0.771547 -0.086054
v -0.137907 0.762836 -0.096168
v -0.044938 0.782029 -0.042622
v -0.035495 0.782585 -0.049281
v -0.041262 0.782029 -0.059293
v -0.404513 0.433644 -0.300018
v -0.412347 0.393308 -0.304415
v -0.418275 0.340174 -0.307744
v -0.435984 0.268328 -0.284468
v -0.448269 0.268328 -0.258227
v -0.459255 0.268328 -0.231416
v -0.429491 0.467095 -0.220067
v -0.419099 0.467095 -0.245432
v -0.407476 0.467095 -0.270256
v -0.352871 0.558219 -0.271026
v -0.368697 0.528980 -0.279911
v -0.382675 0.498573 -0.287758
v -0.365948 0.586193 -0.195838
v -0.356821 0.586193 -0.218113
v -0.346614 0.586193 -0.239915
v -0.273859 0.661523 -0.226669
v -0.295749 0.637946 -0.238958
v -0.316276 0.612802 -0.250481
v -0.275235 0.683432 -0.161249
v -0.267915 0.683432 -0.179115
v -0.259728 0.683432 -0.196601
v -0.174411 0.737793 -0.170840
v -0.200884 0.721738 -0.185701
v -0.226340 0.703558 -0.199992
v -0.164131 0.751547 -0.118884
v -0.159023 0.751547 -0.131349
v -0.153311 0.751547 -0.143550
v -0.062525 0.777612 -0.108027
v -0.090389 0.771547 -0.123670
v -0.118838 0.762836 -0.139641
v -0.038101 0.782029 -0.068986
v -0.027541 0.782585 -0.073675
v -0.031243 0.782029 -0.084620
v -0.340552 0.433644 -0.391586
v -0.347377 0.393308 -0.397427
v -0.352542 0.340174 -0.401848
v -0.374451 0.268328 -0.382474
v -0.391620 0.268328 -0.359135
v -0.407625 0.268328 -0.334982
v -0.380648 0.467095 -0.318045
v -0.365507 0.467095 -0.340894
v -0.349264 0.467095 -0.362974
v -0.295558 0.558219 -0.353076
v -0.309347 0.528980 -0.364878
v -0.321525 0.498573 -0.375301
v -0.323052 0.586193 -0.281884
v -0.309755 0.586193 -0.301951
v -0.295491 0.586193 -0.321342
v -0.226718 0.661523 -0.294157
v -0.245790 0.637946 -0.310481
v -0.263674 0.612802 -0.325787
v -0.240831 0.683432 -0.230262
v -0.230166 0.683432 -0.246357
v -0.218725 0.683432 -0.261910
v -0.140073 0.737793 -0.219999
v -0.163137 0.721738 -0.239740
v -0.185316 0.703558 -0.258722
v -0.140126 0.751547 -0.167036
v -0.132685 0.751547 -0.178266
v -0.124702 0.751547 -0.189117
v -0.042591 0.777612 -0.136566
v -0.066867 0.771547 -0.157343
v -0.091654 0.762836 -0.178558
v -0.026253 0.782029 -0.093510
v -0.014981 0.782585 -0.096048
v -0.016476 0.782029 -0.107505
v -0.259956 0.433644 -0.468916
v -0.265510 0.393308 -0.475977
v -0.269714 0.340174 -0.481320
v -0.294981 0.268328 -0.466593
v -0.316374 0.268328 -0.447052
v -0.336783 0.268328 -0.426485
v -0.313628 0.467095 -0.404610
v -0.294320 0.467095 -0.424067
v -0.274082 0.467095 -0.442554
v -0.223339 0.558219 -0.422368
v -0.234561 0.528980 -0.436634
v -0.244472 0.498573 -0.449232
v -0.264194 0.586193 -0.357908
v -0.247238 0.586193 -0.374995
v -0.229464 0.586193 -0.391231
v -0.167317 0.661523 -0.351152
v -0.182838 0.637946 -0.370882
v -0.197391 0.612802 -0.389383
v -0.193623 0.683432 -0.291238
v -0.180023 0.683432 -0.304942
v -0.165768 0.683432 -0.317964
v -0.096804 0.737793 -0.261515
v -0.115574 0.721738 -0.285376
v -0.133623 0.703558 -0.308320
v -0.107189 0.751547 -0.209580
v -0.097699 0.751547 -0.219142
v -0.087753 0.751547 -0.228228
v -0.017472 0.777612 -0.160667
v -0.037228 0.771547 -0.185782
v -0.057400 0.762836 -0.211424
v -0.009847 0.782029 -0.115251
v 0.001703 0.782585 -0.115541
v 0.002471 0.782029 -0.127070
v -0.165822 0.433644 -0.529037
v -0.169892 0.393308 -0.537045
v -0.172972 0.340174 -0.543107
v -0.200628 0.268328 -0.533592
v -0.225421 0.268328 -0.518599
v -0.249451 0.268328 -0.502410
v -0.231008 0.467095 -0.476438
v -0.208276 0.467095 -0.491754
v -0.184820 0.467095 -0.505937
v -0.138990 0.558219 -0.476240
v -0.147213 0.528980 -0.492421
v -0.154475 0.498573 -0.506711
v -0.191635 0.586193 -0.420989
v -0.171671 0.586193 -0.434440
v -0.151071 0.586193 -0.446896
v -0.097937 0.661523 -0.395462
v -0.109311 0.637946 -0.417842
v -0.119976 0.612802 -0.438827
v -0.135427 0.683432 -0.341832
v -0.119415 0.683432 -0.352620
v -0.102893 0.683432 -0.362611
v -0.046267 0.737793 -0.293792
v -0.060021 0.721738 -0.320856
v -0.073247 0.703558 -0.346881
v -0.066584 0.751547 -0.244881
v -0.055412 0.751547 -0.252408
v -0.043884 0.751547 -0.259378
v 0.011867 0.777612 -0.179404
v -0.002611 0.771547 -0.207891
v -0.017392 0.762836 -0.236976
v 0.010484 0.782029 -0.133373
v 0.021870 0.782585 -0.131405
v 0.024872 0.782029 -0.142563
v -0.061768 0.433644 -0.569638
v -0.064197 0.393308 -0.578287
v -0.066036 0.340174 -0.584832
v -0.095016 0.268328 -0.580896
v -0.122258 0.268328 -0.571028
v -0.148984 0.268328 -0.559838
v -0.135963 0.467095 -0.530767
v -0.110679 0.467095 -0.541354
v -0.084907 0.467095 -0.550689
v -0.045751 0.558219 -0.512621
v -0.050660 0.528980 -0.530095
v -0.054995 0.498573 -0.545527
v -0.108164 0.586193 -0.468702
v -0.085959 0.586193 -0.478000
v -0.063325 0.586193 -0.486198
v -0.021246 0.661523 -0.425387
v -0.028036 0.637946 -0.449555
v -0.034401 0.612802 -0.472217
v -0.068479 0.683432 -0.380100
v -0.050669 0.683432 -0.387557
v -0.032516 0.683432 -0.394133
v 0.009596 0.737793 -0.315589
v 0.001386 0.721738 -0.344817
v -0.006509 0.703558 -0.372921
v -0.019873 0.751547 -0.271581
v -0.007446 0.751547 -0.276784
v 0.005220 0.751547 -0.281372
v 0.044297 0.777612 -0.192058
v 0.035655 0.771547 -0.222822
v 0.026832 0.762836 -0.254231
v 0.033961 0.782029 -0.147182
v 0.044743 0.782585 -0.143030
v 0.049865 0.782029 -0.153387
v 0.048208 0.433644 -0.589159
v 0.047513 0.393308 -0.598116
v 0.046986 0.340174 -0.604894
v 0.017795 0.268328 -0.606687
v -0.010849 0.268328 -0.602324
v -0.039244 0.268328 -0.596562
v -0.032145 0.467095 -0.565510
v -0.005282 0.467095 -0.570960
v 0.021816 0.467095 -0.575088
v 0.052793 0.558219 -0.530113
v 0.051388 0.528980 -0.548209
v 0.050147 0.498573 -0.564190
v -0.016988 0.586193 -0.499214
v 0.006604 0.586193 -0.504001
v 0.030402 0.586193 -0.507626
v 0.059809 0.661523 -0.439774
v 0.057865 0.637946 -0.464803
v 0.056043 0.612802 -0.488271
v 0.004649 0.683432 -0.404573
v 0.023571 0.683432 -0.408412
v 0.042658 0.683432 -0.411319
v 0.068638 0.737793 -0.326069
v 0.066288 0.721738 -0.356337
v 0.064028 0.703558 -0.385442
v 0.031150 0.751547 -0.288656
v 0.044353 0.751547 -0.291335
v 0.057670 0.751547 -0.293364
v 0.078572 0.777612 -0.198142
v 0.076098 0.771547 -0.230001
v 0.073572 0.762836 -0.262528
v 0.059680 0.782029 -0.156144
v 0.069445 0.782585 -0.149969
v 0.076489 0.782029 -0.159128
v 0.159879 0.433644 -0.586850
v 0.160944 0.393308 -0.595770
v 0.161750 0.340174 -0.602521
v 0.133470 0.268328 -0.609974
v 0.104525 0.268328 -0.611283
v 0.075551 0.268328 -0.611172
v 0.076456 0.467095 -0.579331
v 0.103866 0.467095 -0.579436
v 0.131249 0.467095 -0.578198
v 0.152857 0.558219 -0.528044
v 0.155009 0.528980 -0.546066
v 0.156910 0.498573 -0.561983
v 0.078388 0.586193 -0.511353
v 0.102460 0.586193 -0.511445
v 0.126509 0.586193 -0.510357
v 0.142113 0.661523 -0.438072
v 0.145090 0.637946 -0.462999
v 0.147881 0.612802 -0.486372
v 0.081146 0.683432 -0.414308
v 0.100453 0.683432 -0.414382
v 0.119741 0.683432 -0.413510
v 0.128590 0.737793 -0.324829
v 0.132190 0.721738 -0.354974
v 0.135651 0.703558 -0.383961
v 0.084524 0.751547 -0.295449
v 0.097995 0.751547 -0.295501
v 0.111453 0.751547 -0.294892
v 0.113376 0.777612 -0.197423
v 0.117165 0.771547 -0.229151
v 0.121033 0.762836 -0.261547
v 0.086653 0.782029 -0.159917
v 0.095027 0.782585 -0.151955
v 0.103722 0.782029 -0.159564
v 0.247563 0.268328 -0.590631
v 0.219430 0.268328 -0.597562
v 0.190991 0.268328 -0.603105
v 0.185667 0.467095 -0.571700
v 0.212571 0.467095 -0.566455
v 0.239186 0.467095 -0.559899
v 0.174300 0.586193 -0.504651
v 0.197928 0.586193 -0.500045
v 0.221302 0.586193 -0.494287
v 0.158072 0.683432 -0.408933
v 0.177023 0.683432 -0.405239
v 0.195770 0.683432 -0.400620
v 0.138197 0.751547 -0.291698
v 0.151419 0.751547 -0.289121
v 0.164500 0.751547 -0.285899
v 0.113845 0.782029 -0.158356
v 0.120504 0.782585 -0.148913
v 0.130516 0.782029 -0.154679
v 0.276864 -0.059699 -0.587057
v 0.276692 0.062305 -0.586531
v 0.276227 0.174040 -0.585106
v 0.382726 0.174132 -0.538390
v 0.383460 0.063038 -0.539698
v 0.383731 -0.057226 -0.540179
v 0.162905 -0.057226 -0.612185
v 0.162839 0.063038 -0.611636
v 0.162661 0.174132 -0.610147
v 0.478065 0.174498 -0.471795
v 0.479040 0.065970 -0.472934
v 0.479399 -0.047332 -0.473354
v 0.558580 0.174498 -0.387880
v 0.559758 0.065970 -0.388807
v 0.560193 -0.047332 -0.389149
v 0.621176 0.174132 -0.289870
v 0.622513 0.063038 -0.290549
v 0.623006 -0.057226 -0.290799
v 0.663449 0.174040 -0.181531
v 0.664893 0.062305 -0.181936
v 0.665425 -0.059699 -0.182086
v 0.683774 0.174135 -0.067026
v 0.685269 0.063067 -0.067142
v 0.685820 -0.057127 -0.067185
v 0.681370 0.174516 0.049243
v 0.682859 0.066116 0.049421
v 0.683408 -0.046840 0.049487
v 0.656329 0.174516 0.162810
v 0.657754 0.066116 0.163274
v 0.658280 -0.046840 0.163446
v 0.609613 0.174135 0.269308
v 0.610921 0.063067 0.270043
v 0.611402 -0.057127 0.270313
v 0.543018 0.174040 0.364647
v 0.544157 0.062305 0.365622
v 0.544577 -0.059699 0.365981
v 0.459103 0.174040 0.445162
v 0.460030 0.062305 0.446341
v 0.460372 -0.059699 0.446775
v 0.361093 0.174132 0.507758
v 0.361772 0.063038 0.509095
v 0.362022 -0.057226 0.509588
v 0.252754 0.174498 0.550032
v 0.253159 0.065970 0.551475
v 0.253309 -0.047332 0.552007
v 0.138249 0.174498 0.570356
v 0.138365 0.065970 0.571851
v 0.138408 -0.047332 0.572402
v 0.021980 0.174132 0.567952
v 0.021802 0.063038 0.569441
v 0.021736 -0.057226 0.569990
v -0.091586 0.174040 0.542911
v -0.092051 0.062305 0.544337
v -0.092223 -0.059699 0.544862
v -0.198085 0.174132 0.496195
v -0.198819 0.063038 0.497503
v -0.199090 -0.057226 0.497985
v -0.293424 0.174498 0.429600
v -0.294399 0.065970 0.430739
v -0.294758 -0.047332 0.431159
v -0.373939 0.174498 0.345685
v -0.375117 0.065970 0.346612
v -0.375552 -0.047332 0.346954
v -0.436535 0.174132 0.247675
v -0.437872 0.063038 0.248354
v -0.438365 -0.057226 0.248605
v -0.478808 0.174040 0.139336
v -0.480252 0.062305 0.139741
v -0.480784 -0.059699 0.139891
v -0.499133 0.174040 0.024831
v -0.500628 0.062305 0.024947
v -0.501179 -0.059699 0.024990
v -0.496729 0.174135 -0.091438
v -0.498218 0.063067 -0.091616
v -0.498767 -0.057127 -0.091681
v -0.471688 0.174516 -0.205004
v -0.473114 0.066116 -0.205469
v -0.473639 -0.046840 -0.205641
v -0.424972 0.174516 -0.311503
v -0.426280 0.066116 -0.312237
v -0.426761 -0.046840 -0.312508
v -0.358377 0.174135 -0.406842
v -0.359516 0.063067 -0.407817
v -0.359936 -0.057127 -0.408176
v -0.274462 0.174040 -0.487357
v -0.275389 0.062305 -0.488535
v -0.275731 -0.059699 -0.488970
v -0.176452 0.174132 -0.549953
v -0.177131 0.063038 -0.551290
v -0.177381 -0.057226 -0.551783
v -0.068113 0.174498 -0.592226
v -0.068518 0.065970 -0.593670
v -0.068668 -0.047332 -0.594202
v 0.046392 0.174498 -0.612551
v 0.046276 0.065970 -0.614046
v 0.046233 -0.047332 -0.614597
v 0.273797 -0.684761 -0.577652
v 0.274873 -0.668553 -0.580953
v 0.275695 -0.638659 -0.583472
v 0.303732 -0.588057 -0.575539
v 0.330683 -0.584851 -0.564497
v 0.357059 -0.576148 -0.552147
v 0.381885 -0.605955 -0.536891
v 0.380588 -0.634109 -0.534581
v 0.378888 -0.649675 -0.531554
v 0.351562 -0.679005 -0.541120
v 0.325733 -0.689448 -0.553214
v 0.299343 -0.693296 -0.564027
v 0.266873 -0.714071 -0.556416
v 0.268968 -0.708032 -0.562843
v 0.270837 -0.701261 -0.568575
v 0.374215 -0.666084 -0.523229
v 0.371263 -0.672855 -0.517971
v 0.367954 -0.678894 -0.512077
v 0.340227 -0.704453 -0.518382
v 0.315527 -0.714896 -0.529947
v 0.290291 -0.718743 -0.540287
v 0.256833 -0.730603 -0.525625
v 0.259515 -0.727359 -0.533853
v 0.262111 -0.723665 -0.541814
v 0.360435 -0.688487 -0.498684
v 0.356336 -0.692182 -0.491382
v 0.352100 -0.695425 -0.483836
v 0.325158 -0.718780 -0.488155
v 0.301960 -0.729223 -0.499017
v 0.278257 -0.733071 -0.508728
v 0.407836 -0.532635 -0.523641
v 0.432115 -0.500573 -0.507553
v 0.455575 -0.468510 -0.490295
v 0.476947 -0.475141 -0.470489
v 0.475225 -0.496332 -0.468476
v 0.472967 -0.509334 -0.465839
v 0.448033 -0.549839 -0.480553
v 0.425059 -0.588314 -0.497453
v 0.401285 -0.626789 -0.513206
v 0.466759 -0.525376 -0.458585
v 0.462839 -0.532147 -0.454005
v 0.458443 -0.538186 -0.448869
v 0.432479 -0.575287 -0.460463
v 0.410510 -0.613762 -0.476624
v 0.387775 -0.652237 -0.491689
v 0.448456 -0.547779 -0.437201
v 0.443011 -0.551474 -0.430839
v 0.437384 -0.554717 -0.424264
v 0.411803 -0.589614 -0.433756
v 0.391169 -0.628089 -0.448935
v 0.369816 -0.666564 -0.463084
v 0.499815 -0.425455 -0.452431
v 0.520488 -0.419959 -0.431916
v 0.540131 -0.425455 -0.410412
v 0.557229 -0.475141 -0.386817
v 0.555147 -0.496332 -0.385179
v 0.552418 -0.509334 -0.383033
v 0.530833 -0.498173 -0.402328
v 0.511598 -0.491577 -0.423385
v 0.491354 -0.498173 -0.443475
v 0.544914 -0.525376 -0.377130
v 0.540175 -0.532147 -0.373402
v 0.534862 -0.538186 -0.369223
v 0.511659 -0.523621 -0.385659
v 0.493265 -0.517025 -0.405795
v 0.473906 -0.523621 -0.425006
v 0.522791 -0.547780 -0.359727
v 0.516209 -0.551474 -0.354549
v 0.509408 -0.554717 -0.349199
v 0.486170 -0.537948 -0.363499
v 0.468894 -0.531352 -0.382412
v 0.450712 -0.537948 -0.400455
v 0.576134 -0.468510 -0.364644
v 0.592408 -0.500573 -0.340490
v 0.607478 -0.532635 -0.315568
v 0.619644 -0.605955 -0.289091
v 0.617282 -0.634109 -0.287891
v 0.614187 -0.649675 -0.286318
v 0.596782 -0.626789 -0.309454
v 0.582024 -0.588314 -0.333859
v 0.566089 -0.549839 -0.357511
v 0.605676 -0.666084 -0.281992
v 0.600301 -0.672855 -0.279260
v 0.594275 -0.678894 -0.276198
v 0.574724 -0.652237 -0.296845
v 0.560612 -0.613762 -0.320183
v 0.545373 -0.575287 -0.342801
v 0.580583 -0.688487 -0.269239
v 0.573118 -0.692182 -0.265446
v 0.565403 -0.695425 -0.261525
v 0.545401 -0.666564 -0.280084
v 0.532147 -0.628089 -0.302003
v 0.517834 -0.589614 -0.323247
v 0.633861 -0.576148 -0.263656
v 0.645109 -0.584851 -0.236791
v 0.655028 -0.588057 -0.209408
v 0.661795 -0.638659 -0.181066
v 0.659244 -0.668553 -0.180349
v 0.655902 -0.684761 -0.179410
v 0.643344 -0.693296 -0.205498
v 0.633631 -0.689448 -0.232313
v 0.622616 -0.679005 -0.258620
v 0.646710 -0.701261 -0.176828
v 0.640905 -0.708032 -0.175198
v 0.634398 -0.714071 -0.173370
v 0.619250 -0.718743 -0.197435
v 0.609962 -0.714896 -0.223077
v 0.599429 -0.704453 -0.248234
v 0.619611 -0.723665 -0.169216
v 0.611549 -0.727359 -0.166952
v 0.603218 -0.730603 -0.164611
v 0.587221 -0.733071 -0.186716
v 0.578498 -0.729223 -0.210800
v 0.568605 -0.718780 -0.234427
v 0.670776 -0.588039 -0.153346
v 0.676567 -0.584705 -0.124803
v 0.680953 -0.575656 -0.096010
v 0.682061 -0.604654 -0.066893
v 0.679419 -0.632738 -0.066688
v 0.675958 -0.648279 -0.066419
v 0.668731 -0.678414 -0.094455
v 0.664436 -0.689273 -0.122650
v 0.658765 -0.693274 -0.150600
v 0.666439 -0.664684 -0.065680
v 0.660428 -0.671454 -0.065213
v 0.653689 -0.677494 -0.064690
v 0.643527 -0.703862 -0.091247
v 0.639420 -0.714721 -0.118209
v 0.633997 -0.718722 -0.144938
v 0.638376 -0.687087 -0.063501
v 0.630027 -0.690782 -0.062852
v 0.621400 -0.694025 -0.062182
v 0.610022 -0.718189 -0.086983
v 0.606165 -0.729048 -0.112306
v 0.601071 -0.733049 -0.137410
v 0.685462 -0.530411 -0.037954
v 0.685573 -0.497072 -0.008829
v 0.684258 -0.463733 0.020266
v 0.679663 -0.468632 0.049040
v 0.677033 -0.489477 0.048725
v 0.673585 -0.502351 0.048314
v 0.671967 -0.544107 0.019407
v 0.673255 -0.584113 -0.009084
v 0.673146 -0.624120 -0.037604
v 0.664105 -0.518375 0.047182
v 0.658118 -0.525145 0.046467
v 0.651407 -0.531184 0.045665
v 0.646621 -0.569555 0.017636
v 0.647853 -0.609561 -0.009609
v 0.647749 -0.649567 -0.036882
v 0.636156 -0.540778 0.043844
v 0.627841 -0.544473 0.042851
v 0.619249 -0.547716 0.041825
v 0.612929 -0.583882 0.015282
v 0.614086 -0.623888 -0.010307
v 0.613988 -0.663895 -0.035922
v 0.677353 -0.418964 0.078086
v 0.671781 -0.413249 0.106673
v 0.664814 -0.418964 0.134952
v 0.654695 -0.468632 0.162277
v 0.652176 -0.489477 0.161455
v 0.648875 -0.502351 0.160379
v 0.652927 -0.490384 0.131712
v 0.659749 -0.483526 0.104020
v 0.665206 -0.490384 0.076027
v 0.639798 -0.518375 0.157419
v 0.634066 -0.525145 0.155550
v 0.627639 -0.531184 0.153455
v 0.628414 -0.515832 0.125030
v 0.634938 -0.508973 0.098549
v 0.640156 -0.515832 0.071780
v 0.613037 -0.540778 0.148693
v 0.605076 -0.544473 0.146097
v 0.596848 -0.547716 0.143415
v 0.595828 -0.530159 0.116148
v 0.601955 -0.523301 0.091276
v 0.606856 -0.530159 0.066135
v 0.646762 -0.463733 0.190315
v 0.635720 -0.497072 0.217265
v 0.623370 -0.530411 0.243642
v 0.608114 -0.604654 0.268467
v 0.605804 -0.632738 0.267170
v 0.602777 -0.648279 0.265471
v 0.612343 -0.624120 0.238145
v 0.624437 -0.584113 0.212315
v 0.635250 -0.544107 0.185925
v 0.594452 -0.664684 0.260797
v 0.589194 -0.671454 0.257845
v 0.583300 -0.677494 0.254536
v 0.589605 -0.649568 0.226809
v 0.601170 -0.609561 0.202109
v 0.611510 -0.569555 0.176873
v 0.569907 -0.687087 0.247018
v 0.562605 -0.690782 0.242918
v 0.555059 -0.694025 0.238682
v 0.559378 -0.663895 0.211740
v 0.570240 -0.623888 0.188542
v 0.579951 -0.583882 0.164839
v 0.594864 -0.575656 0.294419
v 0.578776 -0.584705 0.318697
v 0.561518 -0.588039 0.342157
v 0.541712 -0.638659 0.363530
v 0.539699 -0.668553 0.361807
v 0.537062 -0.684761 0.359549
v 0.551776 -0.693274 0.334615
v 0.568676 -0.689273 0.311641
v 0.584429 -0.678414 0.287867
v 0.529808 -0.701261 0.353341
v 0.525228 -0.708032 0.349421
v 0.520092 -0.714071 0.345025
v 0.531686 -0.718721 0.319061
v 0.547847 -0.714721 0.297092
v 0.562912 -0.703862 0.274358
v 0.508424 -0.723665 0.335038
v 0.502062 -0.727359 0.329593
v 0.495488 -0.730603 0.323967
v 0.504979 -0.733049 0.298385
v 0.520158 -0.729048 0.277751
v 0.534307 -0.718189 0.256398
v 0.523654 -0.588515 0.386397
v 0.503139 -0.588515 0.407070
v 0.481635 -0.588515 0.426713
v 0.458040 -0.638659 0.443811
v 0.456402 -0.668553 0.441729
v 0.454256 -0.684761 0.439000
v 0.473552 -0.693845 0.417415
v 0.494609 -0.693845 0.398180
v 0.514698 -0.693845 0.377936
v 0.448353 -0.701261 0.431496
v 0.444625 -0.708032 0.426757
v 0.440446 -0.714071 0.421445
v 0.456882 -0.719293 0.398241
v 0.477018 -0.719293 0.379847
v 0.496229 -0.719293 0.360488
v 0.430950 -0.723665 0.409373
v 0.425772 -0.727359 0.402792
v 0.420422 -0.730603 0.395990
v 0.434722 -0.733620 0.372752
v 0.453635 -0.733620 0.355476
v 0.471678 -0.733620 0.337294
v 0.435868 -0.588057 0.462716
v 0.411713 -0.584851 0.478990
v 0.386791 -0.576148 0.494060
v 0.360314 -0.605955 0.506226
v 0.359114 -0.634109 0.503865
v 0.357541 -0.649675 0.500769
v 0.380677 -0.679005 0.483364
v 0.405082 -0.689448 0.468606
v 0.428734 -0.693296 0.452671
v 0.353215 -0.666084 0.492258
v 0.350483 -0.672855 0.486883
v 0.347421 -0.678894 0.480857
v 0.368068 -0.704453 0.461306
v 0.391406 -0.714896 0.447194
v 0.414024 -0.718743 0.431955
v 0.340463 -0.688487 0.467165
v 0.336669 -0.692182 0.459700
v 0.332748 -0.695425 0.451986
v 0.351307 -0.718780 0.431983
v 0.373226 -0.729223 0.418729
v 0.394470 -0.733071 0.404416
v 0.334879 -0.532635 0.520443
v 0.308014 -0.500573 0.531691
v 0.280631 -0.468510 0.541610
v 0.252289 -0.475141 0.548377
v 0.251572 -0.496332 0.545826
v 0.250633 -0.509334 0.542484
v 0.276721 -0.549839 0.529926
v 0.303536 -0.588314 0.520213
v 0.329843 -0.626789 0.509198
v 0.248051 -0.525376 0.533292
v 0.246421 -0.532147 0.527488
v 0.244593 -0.538186 0.520980
v 0.268658 -0.575287 0.505832
v 0.294300 -0.613762 0.496544
v 0.319457 -0.652237 0.486011
v 0.240439 -0.547779 0.506193
v 0.238175 -0.551474 0.498131
v 0.235834 -0.554717 0.489800
v 0.257939 -0.589614 0.473803
v 0.282023 -0.628089 0.465080
v 0.305651 -0.666564 0.455187
v 0.224569 -0.425455 0.557358
v 0.196026 -0.419959 0.563150
v 0.167233 -0.425455 0.567535
v 0.138116 -0.475141 0.568643
v 0.137911 -0.496332 0.566002
v 0.137642 -0.509334 0.562540
v 0.165678 -0.498173 0.555313
v 0.193873 -0.491577 0.551018
v 0.221823 -0.498173 0.545347
v 0.136903 -0.525376 0.553021
v 0.136436 -0.532147 0.547010
v 0.135913 -0.538186 0.540271
v 0.162470 -0.523621 0.530109
v 0.189432 -0.517025 0.526002
v 0.216161 -0.523621 0.520579
v 0.134724 -0.547780 0.524958
v 0.134075 -0.551474 0.516609
v 0.133406 -0.554717 0.507982
v 0.158206 -0.537948 0.496605
v 0.183529 -0.531352 0.492747
v 0.208633 -0.537948 0.487654
v 0.109177 -0.468510 0.572044
v 0.080052 -0.500573 0.572155
v 0.050957 -0.532635 0.570840
v 0.022184 -0.605955 0.566245
v 0.022498 -0.634109 0.563615
v 0.022909 -0.649675 0.560168
v 0.051816 -0.626789 0.558549
v 0.080307 -0.588314 0.559837
v 0.108827 -0.549839 0.559728
v 0.024041 -0.666084 0.550688
v 0.024756 -0.672855 0.544701
v 0.025558 -0.678894 0.537989
v 0.053587 -0.652237 0.533204
v 0.080832 -0.613762 0.534436
v 0.108105 -0.575287 0.534331
v 0.027379 -0.688487 0.522738
v 0.028372 -0.692182 0.514423
v 0.029398 -0.695425 0.505831
v 0.055942 -0.666564 0.499511
v 0.081531 -0.628089 0.500668
v 0.107146 -0.589614 0.500570
v -0.006863 -0.576148 0.563935
v -0.035450 -0.584851 0.558363
v -0.063729 -0.588057 0.551396
v -0.091054 -0.638659 0.541277
v -0.090232 -0.668553 0.538758
v -0.089156 -0.684761 0.535457
v -0.060489 -0.693296 0.539509
v -0.032797 -0.689448 0.546331
v -0.004804 -0.679005 0.551788
v -0.086196 -0.701261 0.526380
v -0.084327 -0.708032 0.520648
v -0.082232 -0.714071 0.514221
v -0.053807 -0.718743 0.514996
v -0.027326 -0.714896 0.521520
v -0.000557 -0.704453 0.526738
v -0.077470 -0.723665 0.499619
v -0.074874 -0.727359 0.491658
v -0.072192 -0.730603 0.483431
v -0.044925 -0.733071 0.482410
v -0.020053 -0.729223 0.488537
v 0.005088 -0.718780 0.493438
v -0.119091 -0.588057 0.533344
v -0.146042 -0.584851 0.522302
v -0.172419 -0.576148 0.509952
v -0.197244 -0.605955 0.494696
v -0.195947 -0.634109 0.492386
v -0.194248 -0.649675 0.489359
v -0.166922 -0.679005 0.498926
v -0.141092 -0.689448 0.511019
v -0.114702 -0.693296 0.521832
v -0.189574 -0.666084 0.481034
v -0.186622 -0.672855 0.475776
v -0.183313 -0.678894 0.469882
v -0.155586 -0.704453 0.476188
v -0.130886 -0.714896 0.487752
v -0.105650 -0.718743 0.498092
v -0.175794 -0.688487 0.456489
v -0.171695 -0.692182 0.449187
v -0.167459 -0.695425 0.441642
v -0.140517 -0.718780 0.445960
v -0.117319 -0.729223 0.456822
v -0.093616 -0.733071 0.466534
v -0.223195 -0.532635 0.481446
v -0.247474 -0.500573 0.465358
v -0.270934 -0.468510 0.448100
v -0.292306 -0.475141 0.428294
v -0.290584 -0.496332 0.426282
v -0.288326 -0.509334 0.423644
v -0.263392 -0.549839 0.438358
v -0.240418 -0.588314 0.455258
v -0.216644 -0.626789 0.471012
v -0.282118 -0.525376 0.416391
v -0.278198 -0.532147 0.411810
v -0.273802 -0.538186 0.406674
v -0.247838 -0.575287 0.418268
v -0.225869 -0.613762 0.434429
v -0.203134 -0.652237 0.449494
v -0.263815 -0.547779 0.395006
v -0.258370 -0.551474 0.388644
v -0.252743 -0.554717 0.382070
v -0.227162 -0.589614 0.391562
v -0.206528 -0.628089 0.406740
v -0.185175 -0.666564 0.420889
v -0.315174 -0.425455 0.410236
v -0.335847 -0.419959 0.389721
v -0.355490 -0.425455 0.368217
v -0.372588 -0.475141 0.344622
v -0.370506 -0.496332 0.342984
v -0.367777 -0.509334 0.340838
v -0.346192 -0.498173 0.360134
v -0.326957 -0.491577 0.381191
v -0.306713 -0.498173 0.401280
v -0.360273 -0.525376 0.334935
v -0.355534 -0.532147 0.331207
v -0.350221 -0.538186 0.327028
v -0.327018 -0.523621 0.343464
v -0.308624 -0.517025 0.363600
v -0.289265 -0.523621 0.382811
v -0.338150 -0.547780 0.317532
v -0.331569 -0.551474 0.312355
v -0.324767 -0.554717 0.307004
v -0.301529 -0.537948 0.321305
v -0.284253 -0.531352 0.340217
v -0.266071 -0.537948 0.358260
v -0.391493 -0.468510 0.322450
v -0.407767 -0.500573 0.298296
v -0.422837 -0.532635 0.273373
v -0.435003 -0.605955 0.246896
v -0.432641 -0.634109 0.245696
v -0.429546 -0.649675 0.244123
v -0.412141 -0.626789 0.267259
v -0.397383 -0.588314 0.291664
v -0.381448 -0.549839 0.315316
v -0.421035 -0.666084 0.239797
v -0.415660 -0.672855 0.237066
v -0.409634 -0.678894 0.234003
v -0.390083 -0.652237 0.254650
v -0.375971 -0.613762 0.277988
v -0.360732 -0.575287 0.300607
v -0.395942 -0.688487 0.227045
v -0.388477 -0.692182 0.223251
v -0.380762 -0.695425 0.219330
v -0.360760 -0.666564 0.237889
v -0.347506 -0.628089 0.259808
v -0.333193 -0.589614 0.281052
v -0.449220 -0.576148 0.221461
v -0.460468 -0.584851 0.194596
v -0.470387 -0.588057 0.167213
v -0.477154 -0.638659 0.138871
v -0.474603 -0.668553 0.138154
v -0.471261 -0.684761 0.137216
v -0.458703 -0.693296 0.163303
v -0.448990 -0.689448 0.190118
v -0.437975 -0.679005 0.216425
v -0.462069 -0.701261 0.134634
v -0.456264 -0.708032 0.133003
v -0.449757 -0.714071 0.131175
v -0.434609 -0.718743 0.155240
v -0.425321 -0.714896 0.180882
v -0.414788 -0.704453 0.206039
v -0.434970 -0.723665 0.127021
v -0.426908 -0.727359 0.124757
v -0.418577 -0.730603 0.122417
v -0.402580 -0.733071 0.144521
v -0.393857 -0.729223 0.168605
v -0.383964 -0.718780 0.192233
v -0.486135 -0.588515 0.111151
v -0.491926 -0.588515 0.082608
v -0.496312 -0.588515 0.053816
v -0.497420 -0.638659 0.024698
v -0.494778 -0.668553 0.024493
v -0.491317 -0.684761 0.024224
v -0.484090 -0.693845 0.052260
v -0.479795 -0.693845 0.080455
v -0.474124 -0.693845 0.108405
v -0.481798 -0.701261 0.023485
v -0.475787 -0.708032 0.023018
v -0.469048 -0.714071 0.022495
v -0.458886 -0.719293 0.049052
v -0.454779 -0.719293 0.076014
v -0.449356 -0.719293 0.102743
v -0.453735 -0.723665 0.021306
v -0.445386 -0.727359 0.020658
v -0.436759 -0.730603 0.019988
v -0.425382 -0.733620 0.044788
v -0.421524 -0.733620 0.070112
v -0.416431 -0.733620 0.095215
v -0.500821 -0.588039 -0.004241
v -0.500932 -0.584705 -0.033365
v -0.499617 -0.575656 -0.062460
v -0.495022 -0.604654 -0.091234
v -0.492392 -0.632738 -0.090920
v -0.488945 -0.648279 -0.090509
v -0.487326 -0.678414 -0.061602
v -0.488614 -0.689273 -0.033111
v -0.488505 -0.693274 -0.004591
v -0.479465 -0.664684 -0.089377
v -0.473478 -0.671454 -0.088662
v -0.466766 -0.677494 -0.087860
v -0.461981 -0.703862 -0.059831
v -0.463212 -0.714721 -0.032585
v -0.463108 -0.718722 -0.005313
v -0.451515 -0.687087 -0.086039
v -0.443200 -0.690782 -0.085046
v -0.434608 -0.694025 -0.084020
v -0.428288 -0.718189 -0.057476
v -0.429445 -0.729048 -0.031887
v -0.429347 -0.733049 -0.006272
v -0.492712 -0.530411 -0.120281
v -0.487140 -0.497072 -0.148868
v -0.480173 -0.463733 -0.177147
v -0.470054 -0.468632 -0.204472
v -0.467535 -0.489477 -0.203650
v -0.464234 -0.502351 -0.202574
v -0.468286 -0.544107 -0.173907
v -0.475108 -0.584113 -0.146215
v -0.480565 -0.624120 -0.118222
v -0.455157 -0.518375 -0.199614
v -0.449425 -0.525145 -0.197745
v -0.442998 -0.531184 -0.195649
v -0.443773 -0.569555 -0.167225
v -0.450297 -0.609561 -0.140744
v -0.455515 -0.649567 -0.113975
v -0.428396 -0.540778 -0.190888
v -0.420435 -0.544473 -0.188292
v -0.412208 -0.547716 -0.185610
v -0.411187 -0.583882 -0.158343
v -0.417314 -0.623888 -0.133471
v -0.422215 -0.663895 -0.108329
v -0.462121 -0.418964 -0.232509
v -0.451079 -0.413249 -0.259460
v -0.438729 -0.418964 -0.285836
v -0.423473 -0.468632 -0.310662
v -0.421163 -0.489477 -0.309365
v -0.418136 -0.502351 -0.307665
v -0.427703 -0.490384 -0.280339
v -0.439796 -0.483526 -0.254510
v -0.450609 -0.490384 -0.228120
v -0.409811 -0.518375 -0.302992
v -0.404553 -0.525145 -0.300040
v -0.398659 -0.531184 -0.296731
v -0.404964 -0.515832 -0.269004
v -0.416529 -0.508973 -0.244304
v -0.426869 -0.515832 -0.219067
v -0.385266 -0.540778 -0.289212
v -0.377964 -0.544473 -0.285113
v -0.370419 -0.547716 -0.280877
v -0.374737 -0.530159 -0.253935
v -0.385599 -0.523301 -0.230737
v -0.395310 -0.530159 -0.207034
v -0.410223 -0.463733 -0.336613
v -0.394135 -0.497072 -0.360891
v -0.376877 -0.530411 -0.384352
v -0.357071 -0.604654 -0.405724
v -0.355058 -0.632738 -0.404002
v -0.352421 -0.648279 -0.401744
v -0.367135 -0.624120 -0.376810
v -0.384035 -0.584113 -0.353836
v -0.399789 -0.544107 -0.330062
v -0.345167 -0.664684 -0.395536
v -0.340587 -0.671454 -0.391615
v -0.335451 -0.677494 -0.387220
v -0.347045 -0.649568 -0.361256
v -0.363206 -0.609561 -0.339287
v -0.378271 -0.569555 -0.316552
v -0.323783 -0.687087 -0.377233
v -0.317421 -0.690782 -0.371788
v -0.310847 -0.694025 -0.366161
v -0.320339 -0.663895 -0.340579
v -0.335517 -0.623888 -0.319946
v -0.349666 -0.583882 -0.298593
v -0.339013 -0.575656 -0.428592
v -0.318498 -0.584705 -0.449265
v -0.296994 -0.588039 -0.468908
v -0.273399 -0.638659 -0.486006
v -0.271761 -0.668553 -0.483924
v -0.269615 -0.684761 -0.481195
v -0.288911 -0.693274 -0.459610
v -0.309968 -0.689273 -0.440375
v -0.330057 -0.678414 -0.420131
v -0.263712 -0.701261 -0.473691
v -0.259984 -0.708032 -0.468952
v -0.255805 -0.714071 -0.463639
v -0.272241 -0.718721 -0.440436
v -0.292377 -0.714721 -0.422042
v -0.311588 -0.703862 -0.402683
v -0.246309 -0.723665 -0.451568
v -0.241131 -0.727359 -0.444986
v -0.235781 -0.730603 -0.438185
v -0.250081 -0.733049 -0.414947
v -0.268994 -0.729048 -0.397671
v -0.287037 -0.718189 -0.379489
v -0.251227 -0.588057 -0.504911
v -0.227073 -0.584851 -0.521185
v -0.202150 -0.576148 -0.536255
v -0.175673 -0.605955 -0.548421
v -0.174473 -0.634109 -0.546059
v -0.172900 -0.649675 -0.542964
v -0.196036 -0.679005 -0.525559
v -0.220441 -0.689448 -0.510801
v -0.244093 -0.693296 -0.494866
v -0.168574 -0.666084 -0.534453
v -0.165843 -0.672855 -0.529078
v -0.162780 -0.678894 -0.523052
v -0.183427 -0.704453 -0.503501
v -0.206765 -0.714896 -0.489389
v -0.229383 -0.718743 -0.474150
v -0.155822 -0.688487 -0.509360
v -0.152028 -0.692182 -0.501895
v -0.148107 -0.695425 -0.494180
v -0.166666 -0.718780 -0.474178
v -0.188585 -0.729223 -0.460924
v -0.209829 -0.733071 -0.446611
v -0.150238 -0.532635 -0.562638
v -0.123373 -0.500573 -0.573886
v -0.095990 -0.468510 -0.583805
v -0.067648 -0.475141 -0.590572
v -0.066931 -0.496332 -0.588021
v -0.065993 -0.509334 -0.584679
v -0.092080 -0.549839 -0.572121
v -0.118895 -0.588314 -0.562408
v -0.145202 -0.626789 -0.551393
v -0.063411 -0.525376 -0.575487
v -0.061780 -0.532147 -0.569682
v -0.059952 -0.538186 -0.563175
v -0.084017 -0.575287 -0.548027
v -0.109659 -0.613762 -0.538739
v -0.134816 -0.652237 -0.528206
v -0.055798 -0.547779 -0.548388
v -0.053534 -0.551474 -0.540326
v -0.051193 -0.554717 -0.531995
v -0.073298 -0.589614 -0.515998
v -0.097382 -0.628089 -0.507275
v -0.121010 -0.666564 -0.497382
v -0.039928 -0.425455 -0.599553
v -0.011385 -0.419959 -0.605344
v 0.017407 -0.425455 -0.609730
v 0.046525 -0.475141 -0.610838
v 0.046730 -0.496332 -0.608196
v 0.046999 -0.509334 -0.604735
v 0.018963 -0.498173 -0.597508
v -0.009232 -0.491577 -0.593213
v -0.037182 -0.498173 -0.587542
v 0.047738 -0.525376 -0.595216
v 0.048205 -0.532147 -0.589205
v 0.048728 -0.538186 -0.582466
v 0.022171 -0.523621 -0.572304
v -0.004791 -0.517025 -0.568197
v -0.031520 -0.523621 -0.562774
v 0.049917 -0.547780 -0.567153
v 0.050565 -0.551474 -0.558804
v 0.051235 -0.554717 -0.550177
v 0.026435 -0.537948 -0.538799
v 0.001112 -0.531352 -0.534942
v -0.023992 -0.537948 -0.529848
v 0.075464 -0.468510 -0.614239
v 0.104589 -0.500573 -0.614350
v 0.133683 -0.532635 -0.613034
v 0.162457 -0.605955 -0.608440
v 0.162143 -0.634109 -0.605810
v 0.161732 -0.649675 -0.602362
v 0.132825 -0.626789 -0.600744
v 0.104334 -0.588314 -0.602032
v 0.075814 -0.549839 -0.601923
v 0.160600 -0.666084 -0.592882
v 0.159885 -0.672855 -0.586895
v 0.159083 -0.678894 -0.580184
v 0.131054 -0.652237 -0.575398
v 0.103809 -0.613762 -0.576630
v 0.076536 -0.575287 -0.576526
v 0.157262 -0.688487 -0.564933
v 0.156269 -0.692182 -0.556618
v 0.155243 -0.695425 -0.548026
v 0.128699 -0.666564 -0.541706
v 0.103110 -0.628089 -0.542863
v 0.077495 -0.589614 -0.542764
v 0.191504 -0.576148 -0.606130
v 0.220091 -0.584851 -0.600558
v 0.248370 -0.588057 -0.593591
v 0.245130 -0.693296 -0.581704
v 0.217438 -0.689448 -0.588526
v 0.189445 -0.679005 -0.593983
v 0.238448 -0.718743 -0.557191
v 0.211967 -0.714896 -0.563715
v 0.185198 -0.704453 -0.568933
v 0.229566 -0.733071 -0.524605
v 0.204694 -0.729223 -0.530732
v 0.179552 -0.718780 -0.535633
v 0.276629 -0.513600 -0.586336
v 0.276811 -0.417553 -0.586896
v 0.276878 -0.306058 -0.587102
v 0.383754 -0.294882 -0.540221
v 0.383648 -0.399965 -0.540032
v 0.383360 -0.489599 -0.539518
v 0.162815 -0.489599 -0.611432
v 0.162884 -0.399965 -0.612017
v 0.162910 -0.294882 -0.612232
v 0.479431 -0.250178 -0.473390
v 0.479289 -0.329611 -0.473226
v 0.478907 -0.393595 -0.472778
v 0.560230 -0.250178 -0.389178
v 0.560060 -0.329611 -0.389044
v 0.559597 -0.393595 -0.388680
v 0.623049 -0.294882 -0.290821
v 0.622855 -0.399965 -0.290723
v 0.622330 -0.489599 -0.290456
v 0.665471 -0.306058 -0.182098
v 0.665262 -0.417553 -0.182040
v 0.664695 -0.513600 -0.181881
v 0.685868 -0.294437 -0.067189
v 0.685652 -0.399265 -0.067172
v 0.685064 -0.488643 -0.067126
v 0.683455 -0.247954 0.049492
v 0.683240 -0.326110 0.049467
v 0.682655 -0.388818 0.049397
v 0.658325 -0.247954 0.163461
v 0.658119 -0.326110 0.163393
v 0.657559 -0.388818 0.163211
v 0.611444 -0.294437 0.270336
v 0.611255 -0.399265 0.270230
v 0.610741 -0.488643 0.269942
v 0.544613 -0.306058 0.366013
v 0.544449 -0.417553 0.365872
v 0.544001 -0.513600 0.365489
v 0.460401 -0.306058 0.446812
v 0.460267 -0.417553 0.446642
v 0.459903 -0.513600 0.446179
v 0.362044 -0.294882 0.509631
v 0.361946 -0.399965 0.509437
v 0.361679 -0.489599 0.508912
v 0.253322 -0.250178 0.552053
v 0.253263 -0.329611 0.551844
v 0.253104 -0.393595 0.551278
v 0.138412 -0.250178 0.572450
v 0.138395 -0.329611 0.572234
v 0.138349 -0.393595 0.571647
v 0.021731 -0.294882 0.570037
v 0.021757 -0.399965 0.569822
v 0.021826 -0.489599 0.569237
v -0.092238 -0.306058 0.544907
v -0.092170 -0.417553 0.544701
v -0.091988 -0.513600 0.544141
v -0.199113 -0.294882 0.498026
v -0.199007 -0.399965 0.497837
v -0.198719 -0.489599 0.497324
v -0.294790 -0.250178 0.431196
v -0.294648 -0.329611 0.431031
v -0.294266 -0.393595 0.430583
v -0.375589 -0.250178 0.346983
v -0.375419 -0.329611 0.346849
v -0.374956 -0.393595 0.346485
v -0.438408 -0.294882 0.248626
v -0.438214 -0.399965 0.248528
v -0.437689 -0.489599 0.248261
v -0.480830 -0.306058 0.139904
v -0.480621 -0.417553 0.139845
v -0.480054 -0.513600 0.139686
v -0.501227 -0.306058 0.024994
v -0.501011 -0.417553 0.024977
v -0.500424 -0.513600 0.024932
v -0.498814 -0.294437 -0.091687
v -0.498599 -0.399265 -0.091661
v -0.498014 -0.488643 -0.091592
v -0.473684 -0.247954 -0.205655
v -0.473478 -0.326110 -0.205588
v -0.472918 -0.388818 -0.205406
v -0.426803 -0.247954 -0.312531
v -0.426614 -0.326110 -0.312425
v -0.426101 -0.388818 -0.312137
v -0.359973 -0.294437 -0.408207
v -0.359808 -0.399265 -0.408066
v -0.359360 -0.488643 -0.407683
v -0.275760 -0.306058 -0.489007
v -0.275626 -0.417553 -0.488837
v -0.275262 -0.513600 -0.488374
v -0.177403 -0.294882 -0.551826
v -0.177305 -0.399965 -0.551632
v -0.177038 -0.489599 -0.551107
v -0.068681 -0.250178 -0.594248
v -0.068622 -0.329611 -0.594039
v -0.068463 -0.393595 -0.593472
v 0.046229 -0.250178 -0.614645
v 0.046246 -0.329611 -0.614429
v 0.046291 -0.393595 -0.613841
v 0.191822 -0.058656 -0.608008
v 0.191730 0.062615 -0.607463
v 0.191479 0.174079 -0.605985
v 0.220501 -0.059390 -0.602417
v 0.220382 0.062397 -0.601878
v 0.220059 0.174052 -0.600414
v 0.248871 -0.059661 -0.595429
v 0.248726 0.062317 -0.594896
v 0.248331 0.174042 -0.593449
v 0.501123 -0.045941 -0.453815
v 0.500744 0.066382 -0.453414
v 0.499714 0.174550 -0.452324
v 0.521863 -0.045477 -0.433234
v 0.521464 0.066519 -0.432852
v 0.520382 0.174567 -0.431814
v 0.541569 -0.045941 -0.411662
v 0.541152 0.066382 -0.411299
v 0.540020 0.174550 -0.410315
v 0.577687 -0.049574 -0.365747
v 0.577237 0.065306 -0.365427
v 0.576014 0.174415 -0.364559
v 0.594013 -0.052279 -0.341516
v 0.593547 0.064504 -0.341218
v 0.592283 0.174315 -0.340411
v 0.609132 -0.054984 -0.316513
v 0.608652 0.063702 -0.316239
v 0.607350 0.174215 -0.315495
v 0.635599 -0.058656 -0.264435
v 0.635095 0.062615 -0.264209
v 0.633726 0.174079 -0.263596
v 0.646884 -0.059390 -0.237484
v 0.646369 0.062397 -0.237283
v 0.644972 0.174052 -0.236738
v 0.656834 -0.059661 -0.210012
v 0.656310 0.062317 -0.209837
v 0.654888 0.174042 -0.209361
v 0.672633 -0.059659 -0.153771
v 0.672094 0.062317 -0.153647
v 0.670632 0.174042 -0.153313
v 0.678443 -0.059378 -0.125136
v 0.677899 0.062401 -0.125039
v 0.676422 0.174052 -0.124777
v 0.682843 -0.058614 -0.096251
v 0.682294 0.062627 -0.096181
v 0.680807 0.174080 -0.095992
v 0.687365 -0.054797 -0.038008
v 0.686813 0.063758 -0.037992
v 0.685314 0.174222 -0.037950
v 0.687477 -0.051984 -0.008790
v 0.686925 0.064591 -0.008801
v 0.685426 0.174326 -0.008832
v 0.686158 -0.049171 0.020398
v 0.685606 0.065425 0.020360
v 0.684111 0.174430 0.020255
v 0.679231 -0.045393 0.078405
v 0.678686 0.066544 0.078312
v 0.677208 0.174570 0.078061
v 0.673641 -0.044911 0.107083
v 0.673101 0.066687 0.106964
v 0.671637 0.174588 0.106641
v 0.666652 -0.045393 0.135453
v 0.666119 0.066544 0.135308
v 0.664672 0.174570 0.134913
v 0.648542 -0.049171 0.190993
v 0.648026 0.065425 0.190796
v 0.646624 0.174430 0.190262
v 0.637464 -0.051984 0.218030
v 0.636958 0.064591 0.217808
v 0.635585 0.174326 0.217206
v 0.625075 -0.054797 0.244491
v 0.624580 0.063758 0.244245
v 0.623238 0.174222 0.243576
v 0.596477 -0.058614 0.295431
v 0.596009 0.062627 0.295137
v 0.594739 0.174080 0.294340
v 0.580338 -0.059378 0.319787
v 0.579885 0.062401 0.319471
v 0.578655 0.174052 0.318612
v 0.563024 -0.059659 0.343323
v 0.562587 0.062317 0.342985
v 0.561402 0.174042 0.342067
v 0.525038 -0.059699 0.387705
v 0.524637 0.062305 0.387326
v 0.523547 0.174040 0.386296
v 0.504457 -0.059699 0.408445
v 0.504075 0.062305 0.408046
v 0.503037 0.174040 0.406964
v 0.482885 -0.059699 0.428151
v 0.482522 0.062305 0.427734
v 0.481538 0.174040 0.426602
v 0.436970 -0.059661 0.464269
v 0.436650 0.062317 0.463819
v 0.435782 0.174042 0.462596
v 0.412739 -0.059390 0.480595
v 0.412441 0.062397 0.480130
v 0.411634 0.174052 0.478866
v 0.387736 -0.058656 0.495714
v 0.387462 0.062615 0.495234
v 0.386718 0.174079 0.493932
v 0.335658 -0.054984 0.522181
v 0.335432 0.063702 0.521677
v 0.334819 0.174215 0.520308
v 0.308707 -0.052279 0.533466
v 0.308506 0.064504 0.532951
v 0.307961 0.174315 0.531554
v 0.281235 -0.049574 0.543416
v 0.281060 0.065306 0.542892
v 0.280584 0.174415 0.541470
v 0.224994 -0.045941 0.559215
v 0.224870 0.066382 0.558676
v 0.224536 0.174550 0.557214
v 0.196359 -0.045477 0.565025
v 0.196262 0.066519 0.564481
v 0.196000 0.174567 0.563004
v 0.167474 -0.045941 0.569425
v 0.167404 0.066382 0.568877
v 0.167215 0.174550 0.567389
v 0.109231 -0.049574 0.573948
v 0.109215 0.065306 0.573395
v 0.109173 0.174415 0.571896
v 0.080013 -0.052279 0.574060
v 0.080025 0.064504 0.573507
v 0.080055 0.174315 0.572008
v 0.050825 -0.054984 0.572740
v 0.050863 0.063702 0.572189
v 0.050968 0.174215 0.570693
v -0.007181 -0.058656 0.565813
v -0.007089 0.062615 0.565268
v -0.006838 0.174079 0.563790
v -0.035860 -0.059390 0.560223
v -0.035741 0.062397 0.559683
v -0.035418 0.174052 0.558219
v -0.064230 -0.059661 0.553234
v -0.064085 0.062317 0.552701
v -0.063690 0.174042 0.551254
v -0.119770 -0.059661 0.535124
v -0.119573 0.062317 0.534608
v -0.119039 0.174042 0.533206
v -0.146807 -0.059390 0.524046
v -0.146585 0.062397 0.523540
v -0.145982 0.174052 0.522167
v -0.173268 -0.058656 0.511657
v -0.173022 0.062615 0.511162
v -0.172353 0.174079 0.509820
v -0.224208 -0.054984 0.483059
v -0.223914 0.063702 0.482591
v -0.223117 0.174215 0.481321
v -0.248564 -0.052279 0.466920
v -0.248248 0.064504 0.466467
v -0.247389 0.174315 0.465238
v -0.272100 -0.049574 0.449606
v -0.271762 0.065306 0.449169
v -0.270844 0.174415 0.447984
v -0.316482 -0.045941 0.411620
v -0.316103 0.066382 0.411219
v -0.315073 0.174550 0.410129
v -0.337222 -0.045477 0.391039
v -0.336823 0.066519 0.390657
v -0.335741 0.174567 0.389619
v -0.356928 -0.045941 0.369467
v -0.356511 0.066382 0.369104
v -0.355379 0.174550 0.368121
v -0.393046 -0.049574 0.323552
v -0.392596 0.065306 0.323233
v -0.391373 0.174415 0.322364
v -0.409372 -0.052279 0.299321
v -0.408906 0.064504 0.299023
v -0.407643 0.174315 0.298216
v -0.424491 -0.054984 0.274318
v -0.424011 0.063702 0.274044
v -0.422709 0.174215 0.273300
v -0.450958 -0.058656 0.222240
v -0.450454 0.062615 0.222014
v -0.449085 0.174079 0.221401
v -0.462243 -0.059390 0.195289
v -0.461728 0.062397 0.195088
v -0.460331 0.174052 0.194543
v -0.472193 -0.059661 0.167817
v -0.471669 0.062317 0.167642
v -0.470247 0.174042 0.167166
v -0.487992 -0.059699 0.111576
v -0.487453 0.062305 0.111453
v -0.485991 0.174040 0.111118
v -0.493802 -0.059699 0.082941
v -0.493258 0.062305 0.082845
v -0.491781 0.174040 0.082582
v -0.498202 -0.059699 0.054056
v -0.497654 0.062305 0.053986
v -0.496166 0.174040 0.053797
v -0.502725 -0.059659 -0.004187
v -0.502172 0.062317 -0.004203
v -0.500673 0.174042 -0.004245
v -0.502837 -0.059378 -0.033405
v -0.502284 0.062401 -0.033393
v -0.500785 0.174052 -0.033362
v -0.501517 -0.058614 -0.062593
v -0.500966 0.062627 -0.062555
v -0.499470 0.174080 -0.062450
v -0.494590 -0.054797 -0.120599
v -0.494045 0.063758 -0.120507
v -0.492567 0.174222 -0.120256
v -0.489000 -0.051984 -0.149278
v -0.488460 0.064591 -0.149159
v -0.486996 0.174326 -0.148836
v -0.482011 -0.049171 -0.177648
v -0.481478 0.065425 -0.177502
v -0.480031 0.174430 -0.177108
v -0.463901 -0.045393 -0.233188
v -0.463385 0.066544 -0.232991
v -0.461983 0.174570 -0.232457
v -0.452823 -0.044911 -0.260225
v -0.452317 0.066687 -0.260003
v -0.450944 0.174588 -0.259400
v -0.440434 -0.045393 -0.286686
v -0.439939 0.066544 -0.286440
v -0.438597 0.174570 -0.285771
v -0.411836 -0.049171 -0.337626
v -0.411368 0.065425 -0.337332
v -0.410098 0.174430 -0.336535
v -0.395697 -0.051984 -0.361982
v -0.395244 0.064591 -0.361666
v -0.394014 0.174326 -0.360807
v -0.378383 -0.054797 -0.385518
v -0.377946 0.063758 -0.385180
v -0.376761 0.174222 -0.384262
v -0.340397 -0.058614 -0.429900
v -0.339996 0.062627 -0.429521
v -0.338906 0.174080 -0.428491
v -0.319816 -0.059378 -0.450640
v -0.319434 0.062401 -0.450241
v -0.318396 0.174052 -0.449159
v -0.298244 -0.059659 -0.470346
v -0.297881 0.062317 -0.469929
v -0.296897 0.174042 -0.468797
v -0.252329 -0.059661 -0.506464
v -0.252010 0.062317 -0.506014
v -0.251141 0.174042 -0.504791
v -0.228098 -0.059390 -0.522790
v -0.227800 0.062397 -0.522324
v -0.226993 0.174052 -0.521060
v -0.203095 -0.058656 -0.537909
v -0.202821 0.062615 -0.537429
v -0.202077 0.174079 -0.536127
v -0.151017 -0.054984 -0.564376
v -0.150791 0.063702 -0.563872
v -0.150178 0.174215 -0.562503
v -0.124066 -0.052279 -0.575661
v -0.123865 0.064504 -0.575146
v -0.123320 0.174315 -0.573749
v -0.096594 -0.049574 -0.585611
v -0.096419 0.065306 -0.585087
v -0.095943 0.174415 -0.583665
v -0.040353 -0.045941 -0.601410
v -0.040230 0.066382 -0.600871
v -0.039895 0.174550 -0.599409
v -0.011718 -0.045477 -0.607220
v -0.011621 0.066519 -0.606676
v -0.011359 0.174567 -0.605199
v 0.017167 -0.045941 -0.611620
v 0.017237 0.066382 -0.611071
v 0.017426 0.174550 -0.609584
v 0.075410 -0.049574 -0.616142
v 0.075426 0.065306 -0.615590
v 0.075468 0.174415 -0.614091
v 0.104628 -0.052279 -0.616254
v 0.104616 0.064504 -0.615702
v 0.104585 0.174315 -0.614203
v 0.133816 -0.054984 -0.614935
v 0.133778 0.063702 -0.614383
v 0.133673 0.174215 -0.612888
v 0.304411 -0.059661 -0.577319
v 0.304214 0.062317 -0.576802
v 0.303680 0.174042 -0.575401
v 0.331448 -0.059390 -0.566241
v 0.331226 0.062397 -0.565735
v 0.330623 0.174052 -0.564362
v 0.357909 -0.058656 -0.553852
v 0.357663 0.062615 -0.553357
v 0.356994 0.174079 -0.552015
v 0.408849 -0.054984 -0.525254
v 0.408555 0.063702 -0.524786
v 0.407758 0.174215 -0.523516
v 0.433205 -0.052279 -0.509115
v 0.432889 0.064504 -0.508662
v 0.432030 0.174315 -0.507432
v 0.456741 -0.049574 -0.491801
v 0.456403 0.065306 -0.491364
v 0.455485 0.174415 -0.490178
v -0.252357 -0.305883 -0.506503
v -0.228124 -0.304661 -0.522830
v -0.203119 -0.301343 -0.537950
v -0.252232 -0.417278 -0.506326
v -0.228007 -0.415355 -0.522648
v -0.203011 -0.410133 -0.537762
v -0.251891 -0.513224 -0.505846
v -0.227690 -0.510599 -0.522151
v -0.202719 -0.503474 -0.537251
v 0.353567 0.340174 -0.545142
v 0.327538 0.340174 -0.557329
v 0.300944 0.340174 -0.568225
v 0.350534 0.393308 -0.539057
v 0.324807 0.393308 -0.551102
v 0.298521 0.393308 -0.561872
v 0.346526 0.433644 -0.531018
v 0.321199 0.433644 -0.542876
v 0.295321 0.433644 -0.553479
v 0.335352 0.498573 -0.508604
v 0.311138 0.498573 -0.519941
v 0.286398 0.498573 -0.530078
v 0.328201 0.528980 -0.494258
v 0.304699 0.528980 -0.505262
v 0.280687 0.528980 -0.515100
v 0.320103 0.558219 -0.478015
v 0.297408 0.558219 -0.488640
v 0.274220 0.558219 -0.498141
v 0.301379 0.612802 -0.440456
v 0.280550 0.612802 -0.450208
v 0.259268 0.612802 -0.458928
v 0.290877 0.637946 -0.419389
v 0.271094 0.637946 -0.428651
v 0.250881 0.637946 -0.436933
v 0.279677 0.661524 -0.396922
v 0.261010 0.661524 -0.405662
v 0.241937 0.661524 -0.413476
v 0.255363 0.703558 -0.348151
v 0.239119 0.703558 -0.355756
v 0.222521 0.703558 -0.362557
v 0.242339 0.721738 -0.322025
v 0.227392 0.721738 -0.329023
v 0.212120 0.721738 -0.335280
v 0.228794 0.737793 -0.294855
v 0.215197 0.737793 -0.301221
v 0.201304 0.737793 -0.306913
v 0.200321 0.762846 -0.237709
v 0.189504 0.762857 -0.242649
v 0.178544 0.762846 -0.247262
v 0.185498 0.771629 -0.207756
v 0.175759 0.771711 -0.211314
v 0.166545 0.771629 -0.216069
v 0.170451 0.777919 -0.176789
v 0.161027 0.778187 -0.177728
v 0.153953 0.777918 -0.184025
v 0.450783 0.340174 -0.484106
v 0.427632 0.340174 -0.501136
v 0.403674 0.340174 -0.517012
v 0.446621 0.393308 -0.478730
v 0.423739 0.393308 -0.495562
v 0.400059 0.393308 -0.511254
v 0.441122 0.433644 -0.471627
v 0.418595 0.433644 -0.488198
v 0.395283 0.433644 -0.503646
v 0.425790 0.498573 -0.451824
v 0.404253 0.498573 -0.467667
v 0.381966 0.498573 -0.482435
v 0.415977 0.528980 -0.439149
v 0.395074 0.528980 -0.454526
v 0.373443 0.528980 -0.468860
v 0.404866 0.558219 -0.424797
v 0.384681 0.558219 -0.439646
v 0.363792 0.558219 -0.453488
v 0.379175 0.612802 -0.391612
v 0.360648 0.612802 -0.405241
v 0.341476 0.612802 -0.417945
v 0.364764 0.637946 -0.372999
v 0.347169 0.637946 -0.385943
v 0.328960 0.637946 -0.398009
v 0.349396 0.661524 -0.353149
v 0.332793 0.661524 -0.365363
v 0.315612 0.661524 -0.376748
v 0.316035 0.703558 -0.310059
v 0.301587 0.703558 -0.320687
v 0.286635 0.703558 -0.330595
v 0.298164 0.721738 -0.286975
v 0.284870 0.721738 -0.296755
v 0.271112 0.721738 -0.305871
v 0.279579 0.737793 -0.262970
v 0.267485 0.737793 -0.271867
v 0.254970 0.737793 -0.280160
v 0.240505 0.762846 -0.212477
v 0.230859 0.762857 -0.219432
v 0.221009 0.762846 -0.226095
v 0.220122 0.771629 -0.185991
v 0.211265 0.771711 -0.191381
v 0.203156 0.771629 -0.197842
v 0.199323 0.777919 -0.158555
v 0.190264 0.778187 -0.161315
v 0.184554 0.777918 -0.168871
v 0.534224 0.340174 -0.405277
v 0.514840 0.340174 -0.426496
v 0.494440 0.340174 -0.446741
v 0.529093 0.393308 -0.400816
v 0.509934 0.393308 -0.421789
v 0.489771 0.393308 -0.441799
v 0.522314 0.433644 -0.394922
v 0.503452 0.433644 -0.415570
v 0.483602 0.433644 -0.435269
v 0.503413 0.498573 -0.378491
v 0.485381 0.498573 -0.398231
v 0.466403 0.498573 -0.417064
v 0.491316 0.528980 -0.367974
v 0.473814 0.528980 -0.387133
v 0.455395 0.528980 -0.405412
v 0.477619 0.558219 -0.356065
v 0.460718 0.558219 -0.374567
v 0.442931 0.558219 -0.392218
v 0.445947 0.612802 -0.328531
v 0.430435 0.612802 -0.345511
v 0.414110 0.612802 -0.361712
v 0.428182 0.637946 -0.313087
v 0.413450 0.637946 -0.329214
v 0.397945 0.637946 -0.344601
v 0.409237 0.661524 -0.296616
v 0.395335 0.661524 -0.311834
v 0.380705 0.661524 -0.326353
v 0.368110 0.703558 -0.260862
v 0.356013 0.703558 -0.274105
v 0.343281 0.703558 -0.286739
v 0.346079 0.721738 -0.241708
v 0.334948 0.721738 -0.253894
v 0.323233 0.721738 -0.265519
v 0.323168 0.737793 -0.221790
v 0.313042 0.737793 -0.232875
v 0.302385 0.737793 -0.243451
v 0.274994 0.762846 -0.179891
v 0.266890 0.762857 -0.188594
v 0.258530 0.762846 -0.197050
v 0.249836 0.771629 -0.157890
v 0.242201 0.771711 -0.164904
v 0.235508 0.771629 -0.172823
v 0.224084 0.777919 -0.135038
v 0.215737 0.778187 -0.139513
v 0.211611 0.777918 -0.148038
v 0.600683 0.340174 -0.311684
v 0.585811 0.340174 -0.336277
v 0.569752 0.340174 -0.360113
v 0.594780 0.393308 -0.308309
v 0.580081 0.393308 -0.332618
v 0.564209 0.393308 -0.356176
v 0.586981 0.433644 -0.303852
v 0.572510 0.433644 -0.327782
v 0.556884 0.433644 -0.350975
v 0.565238 0.498573 -0.291423
v 0.551404 0.498573 -0.314302
v 0.536464 0.498573 -0.336476
v 0.551322 0.528980 -0.283468
v 0.537894 0.528980 -0.305674
v 0.523395 0.528980 -0.327195
v 0.535564 0.558219 -0.274461
v 0.522598 0.558219 -0.295904
v 0.508596 0.558219 -0.316687
v 0.499129 0.612802 -0.253634
v 0.487228 0.612802 -0.273315
v 0.474377 0.612802 -0.292389
v 0.478693 0.637946 -0.241953
v 0.467390 0.637946 -0.260645
v 0.455185 0.637946 -0.278760
v 0.456898 0.661524 -0.229495
v 0.446233 0.661524 -0.247132
v 0.434716 0.661524 -0.264226
v 0.409587 0.703558 -0.202451
v 0.400305 0.703558 -0.217799
v 0.390283 0.703558 -0.232675
v 0.384242 0.721738 -0.187964
v 0.375702 0.721738 -0.202086
v 0.366481 0.721738 -0.215774
v 0.357886 0.737793 -0.172898
v 0.350117 0.737793 -0.185745
v 0.341728 0.737793 -0.198197
v 0.302463 0.762846 -0.141202
v 0.296213 0.762857 -0.151318
v 0.289663 0.762846 -0.161244
v 0.273496 0.771629 -0.124532
v 0.267376 0.771711 -0.132901
v 0.262357 0.771629 -0.141973
v 0.243781 0.777919 -0.107143
v 0.236467 0.778187 -0.113160
v 0.234084 0.777918 -0.122326
v 0.647605 0.340174 -0.206923
v 0.637817 0.340174 -0.233946
v 0.626717 0.340174 -0.260456
v 0.641158 0.393308 -0.204766
v 0.631483 0.393308 -0.231474
v 0.620512 0.393308 -0.257677
v 0.632639 0.433644 -0.201915
v 0.623115 0.433644 -0.228209
v 0.612314 0.433644 -0.254005
v 0.608889 0.498573 -0.193967
v 0.599784 0.498573 -0.219106
v 0.589457 0.498573 -0.243768
v 0.593688 0.528980 -0.188880
v 0.584851 0.528980 -0.213279
v 0.574828 0.528980 -0.237215
v 0.576476 0.558219 -0.183120
v 0.567942 0.558219 -0.206681
v 0.558264 0.558219 -0.229796
v 0.536678 0.612802 -0.169802
v 0.528845 0.612802 -0.191426
v 0.519963 0.612802 -0.212641
v 0.514356 0.637946 -0.162331
v 0.506916 0.637946 -0.182869
v 0.498480 0.637946 -0.203018
v 0.490549 0.661524 -0.154365
v 0.483530 0.661524 -0.173744
v 0.475569 0.661524 -0.192756
v 0.438871 0.703558 -0.137070
v 0.432762 0.703558 -0.153935
v 0.425835 0.703558 -0.170480
v 0.411187 0.721738 -0.127806
v 0.405566 0.721738 -0.143323
v 0.399192 0.721738 -0.158547
v 0.382398 0.737793 -0.118172
v 0.377284 0.737793 -0.132288
v 0.371486 0.737793 -0.146137
v 0.321856 0.762846 -0.097897
v 0.317700 0.762857 -0.109039
v 0.313212 0.762846 -0.120051
v 0.290194 0.771629 -0.087199
v 0.285824 0.771711 -0.096601
v 0.282671 0.771629 -0.106478
v 0.257657 0.777919 -0.075941
v 0.251658 0.778187 -0.083270
v 0.251108 0.777918 -0.092724
v 0.673188 0.340174 -0.095022
v 0.668860 0.340174 -0.123435
v 0.663145 0.340174 -0.151602
v 0.666444 0.393308 -0.094164
v 0.662166 0.393308 -0.122247
v 0.656517 0.393308 -0.150086
v 0.657533 0.433644 -0.093030
v 0.653321 0.433644 -0.120677
v 0.647760 0.433644 -0.148084
v 0.632689 0.498573 -0.089868
v 0.628662 0.498573 -0.116300
v 0.623346 0.498573 -0.142502
v 0.616787 0.528980 -0.087844
v 0.612880 0.528980 -0.113498
v 0.607719 0.528980 -0.138930
v 0.598782 0.558219 -0.085553
v 0.595009 0.558219 -0.110326
v 0.590026 0.558219 -0.134885
v 0.557151 0.612802 -0.080254
v 0.553687 0.612802 -0.102991
v 0.549114 0.612802 -0.125531
v 0.533800 0.637946 -0.077283
v 0.530510 0.637946 -0.098877
v 0.526167 0.637946 -0.120285
v 0.508897 0.661524 -0.074113
v 0.505793 0.661524 -0.094490
v 0.501694 0.661524 -0.114690
v 0.454837 0.703558 -0.067233
v 0.452136 0.703558 -0.084966
v 0.448569 0.703558 -0.102544
v 0.425878 0.721738 -0.063548
v 0.423393 0.721738 -0.079864
v 0.420111 0.721738 -0.096038
v 0.395762 0.737793 -0.059715
v 0.393501 0.737793 -0.074558
v 0.390516 0.737793 -0.089272
v 0.332429 0.762846 -0.051641
v 0.330526 0.762857 -0.063380
v 0.328273 0.762846 -0.075056
v 0.299288 0.771629 -0.047325
v 0.296836 0.771711 -0.057399
v 0.295671 0.771629 -0.067702
v 0.265180 0.777919 -0.042632
v 0.260725 0.778187 -0.050990
v 0.262031 0.777918 -0.060370
v 0.676449 0.340174 0.019720
v 0.677747 0.340174 -0.008991
v 0.677637 0.340174 -0.037731
v 0.669667 0.393308 0.019246
v 0.670950 0.393308 -0.009132
v 0.670841 0.393308 -0.037538
v 0.660706 0.433644 0.018620
v 0.661969 0.433644 -0.009318
v 0.661862 0.433644 -0.037283
v 0.635722 0.498573 0.016874
v 0.636930 0.498573 -0.009835
v 0.636827 0.498573 -0.036572
v 0.619732 0.528980 0.015757
v 0.620904 0.528980 -0.010167
v 0.620804 0.528980 -0.036116
v 0.601626 0.558219 0.014492
v 0.602758 0.558219 -0.010542
v 0.602661 0.558219 -0.035601
v 0.559760 0.612802 0.011566
v 0.560799 0.612802 -0.011410
v 0.560711 0.612802 -0.034409
v 0.536278 0.637946 0.009925
v 0.537265 0.637946 -0.011896
v 0.537181 0.637946 -0.033740
v 0.511235 0.661524 0.008175
v 0.512166 0.661524 -0.012415
v 0.512087 0.661524 -0.033027
v 0.456872 0.703558 0.004377
v 0.457682 0.703558 -0.013542
v 0.457614 0.703558 -0.031479
v 0.427750 0.721738 0.002342
v 0.428496 0.721738 -0.014146
v 0.428433 0.721738 -0.030649
v 0.397466 0.737793 0.000225
v 0.398144 0.737793 -0.014773
v 0.398086 0.737793 -0.029787
v 0.333774 0.762846 -0.004211
v 0.334198 0.762857 -0.016096
v 0.334266 0.762846 -0.027987
v 0.300428 0.771629 -0.006444
v 0.299989 0.771711 -0.016803
v 0.300855 0.771629 -0.027135
v 0.266060 0.777919 -0.008495
v 0.263321 0.778187 -0.017561
v 0.266432 0.777918 -0.026507
v 0.657262 0.340174 0.132894
v 0.664137 0.340174 0.104987
v 0.669636 0.340174 0.076778
v 0.650703 0.393308 0.131106
v 0.657497 0.393308 0.103523
v 0.662932 0.393308 0.075641
v 0.642036 0.433644 0.128743
v 0.648725 0.433644 0.101589
v 0.654076 0.433644 0.074140
v 0.617873 0.498573 0.122157
v 0.624268 0.498573 0.096196
v 0.629384 0.498573 0.069954
v 0.602408 0.528980 0.117941
v 0.608615 0.528980 0.092745
v 0.613580 0.528980 0.067274
v 0.584896 0.558219 0.113168
v 0.590890 0.558219 0.088837
v 0.595685 0.558219 0.064241
v 0.544406 0.612802 0.102131
v 0.549907 0.612802 0.079800
v 0.554308 0.612802 0.057226
v 0.521695 0.637946 0.095941
v 0.526920 0.637946 0.074731
v 0.531099 0.637946 0.053291
v 0.497475 0.661524 0.089339
v 0.502405 0.661524 0.069326
v 0.506349 0.661524 0.049095
v 0.444898 0.703558 0.075008
v 0.449188 0.703558 0.057591
v 0.452620 0.703558 0.039986
v 0.416733 0.721738 0.067330
v 0.420680 0.721738 0.051305
v 0.423838 0.721738 0.035106
v 0.387442 0.737793 0.059346
v 0.391034 0.737793 0.044768
v 0.393906 0.737793 0.030032
v 0.325840 0.762846 0.042569
v 0.328575 0.762857 0.030996
v 0.330961 0.762846 0.019346
v 0.293570 0.771629 0.033874
v 0.295161 0.771711 0.023629
v 0.298026 0.771629 0.013664
v 0.260263 0.777919 0.025158
v 0.259346 0.778187 0.015731
v 0.264142 0.777918 0.007565
v 0.616365 0.340174 0.240149
v 0.628552 0.340174 0.214120
v 0.639448 0.340174 0.187526
v 0.610280 0.393308 0.237116
v 0.622325 0.393308 0.211389
v 0.633095 0.393308 0.185103
v 0.602241 0.433644 0.233108
v 0.614099 0.433644 0.207781
v 0.624702 0.433644 0.181903
v 0.579827 0.498573 0.221934
v 0.591164 0.498573 0.197720
v 0.601301 0.498573 0.172980
v 0.565481 0.528980 0.214783
v 0.576485 0.528980 0.191281
v 0.586323 0.528980 0.167269
v 0.549238 0.558219 0.206685
v 0.559863 0.558219 0.183990
v 0.569364 0.558219 0.160802
v 0.511679 0.612802 0.187961
v 0.521431 0.612802 0.167132
v 0.530151 0.612802 0.145850
v 0.490612 0.637946 0.177459
v 0.499874 0.637946 0.157676
v 0.508156 0.637946 0.137463
v 0.468145 0.661524 0.166259
v 0.476885 0.661524 0.147592
v 0.484700 0.661524 0.128519
v 0.419374 0.703558 0.141945
v 0.426980 0.703558 0.125701
v 0.433780 0.703558 0.109103
v 0.393248 0.721738 0.128921
v 0.400246 0.721738 0.113974
v 0.406503 0.721738 0.098702
v 0.366078 0.737793 0.115376
v 0.372444 0.737793 0.101779
v 0.378136 0.737793 0.087886
v 0.308932 0.762846 0.086904
v 0.313872 0.762857 0.076086
v 0.318485 0.762846 0.065126
v 0.278979 0.771629 0.072080
v 0.282537 0.771711 0.062341
v 0.287292 0.771629 0.053128
v 0.248012 0.777919 0.057033
v 0.248951 0.778187 0.047609
v 0.255249 0.777918 0.040535
v 0.555329 0.340174 0.337366
v 0.572359 0.340174 0.314214
v 0.588235 0.340174 0.290256
v 0.549953 0.393308 0.333203
v 0.566785 0.393308 0.310321
v 0.582477 0.393308 0.286641
v 0.542850 0.433644 0.327704
v 0.559421 0.433644 0.305177
v 0.574869 0.433644 0.281865
v 0.523047 0.498573 0.312373
v 0.538890 0.498573 0.290835
v 0.553658 0.498573 0.268548
v 0.510372 0.528980 0.302560
v 0.525749 0.528980 0.281656
v 0.540083 0.528980 0.260025
v 0.496020 0.558219 0.291448
v 0.510869 0.558219 0.271263
v 0.524711 0.558219 0.250374
v 0.462836 0.612802 0.265757
v 0.476464 0.612802 0.247230
v 0.489168 0.612802 0.228059
v 0.444222 0.637946 0.251346
v 0.457166 0.637946 0.233751
v 0.469232 0.637946 0.215542
v 0.424372 0.661524 0.235979
v 0.436586 0.661524 0.219375
v 0.447971 0.661524 0.202194
v 0.381282 0.703558 0.202617
v 0.391910 0.703558 0.188169
v 0.401818 0.703558 0.173217
v 0.358198 0.721738 0.184746
v 0.367978 0.721738 0.171452
v 0.377094 0.721738 0.157694
v 0.334193 0.737793 0.166161
v 0.343090 0.737793 0.154067
v 0.351383 0.737793 0.141552
v 0.283700 0.762846 0.127087
v 0.290655 0.762857 0.117441
v 0.297318 0.762846 0.107592
v 0.257214 0.771629 0.106704
v 0.262604 0.771711 0.097848
v 0.269065 0.771629 0.089738
v 0.229778 0.777919 0.085905
v 0.232538 0.778187 0.076846
v 0.240094 0.777918 0.071136
v 0.476500 0.340174 0.420806
v 0.497719 0.340174 0.401422
v 0.517964 0.340174 0.381022
v 0.472039 0.393308 0.415675
v 0.493012 0.393308 0.396516
v 0.513022 0.393308 0.376353
v 0.466145 0.433644 0.408896
v 0.486793 0.433644 0.390034
v 0.506492 0.433644 0.370184
v 0.449714 0.498573 0.389995
v 0.469454 0.498573 0.371963
v 0.488287 0.498573 0.352985
v 0.439197 0.528980 0.377898
v 0.458356 0.528980 0.360397
v 0.476635 0.528980 0.341977
v 0.427288 0.558219 0.364201
v 0.445790 0.558219 0.347300
v 0.463441 0.558219 0.329513
v 0.399754 0.612802 0.332529
v 0.416735 0.612802 0.317017
v 0.432935 0.612802 0.300692
v 0.384310 0.637946 0.314764
v 0.400437 0.637946 0.300032
v 0.415824 0.637946 0.284527
v 0.367839 0.661524 0.295819
v 0.383057 0.661524 0.281918
v 0.397576 0.661524 0.267287
v 0.332085 0.703558 0.254692
v 0.345328 0.703558 0.242595
v 0.357962 0.703558 0.229863
v 0.312931 0.721738 0.232661
v 0.325117 0.721738 0.221530
v 0.336742 0.721738 0.209816
v 0.293013 0.737793 0.209750
v 0.304098 0.737793 0.199624
v 0.314674 0.737793 0.188967
v 0.251114 0.762846 0.161576
v 0.259817 0.762857 0.153473
v 0.268273 0.762846 0.145112
v 0.229113 0.771629 0.136418
v 0.236127 0.771711 0.128783
v 0.244046 0.771629 0.122090
v 0.206261 0.777919 0.110666
v 0.210736 0.778187 0.102319
v 0.219261 0.777918 0.098193
v 0.382907 0.340174 0.487265
v 0.407500 0.340174 0.472393
v 0.431336 0.340174 0.456334
v 0.379533 0.393308 0.481362
v 0.403841 0.393308 0.466663
v 0.427399 0.393308 0.450791
v 0.375075 0.433644 0.473563
v 0.399006 0.433644 0.459092
v 0.422199 0.433644 0.443466
v 0.362646 0.498573 0.451820
v 0.385525 0.498573 0.437986
v 0.407699 0.498573 0.423046
v 0.354691 0.528980 0.437904
v 0.376897 0.528980 0.424476
v 0.398418 0.528980 0.409977
v 0.345684 0.558219 0.422146
v 0.367128 0.558219 0.409180
v 0.387910 0.558219 0.395178
v 0.324857 0.612802 0.385711
v 0.344538 0.612802 0.373810
v 0.363612 0.612802 0.360960
v 0.313176 0.637946 0.365275
v 0.331868 0.637946 0.353972
v 0.349984 0.637946 0.341767
v 0.300718 0.661524 0.343480
v 0.318355 0.661524 0.332815
v 0.335449 0.661524 0.321298
v 0.273674 0.703558 0.296169
v 0.289023 0.703558 0.286887
v 0.303898 0.703558 0.276865
v 0.259187 0.721738 0.270824
v 0.273309 0.721738 0.262284
v 0.286997 0.721738 0.253063
v 0.244121 0.737793 0.244468
v 0.256968 0.737793 0.236699
v 0.269420 0.737793 0.228310
v 0.212425 0.762846 0.189045
v 0.222542 0.762857 0.182795
v 0.232467 0.762846 0.176245
v 0.195755 0.771629 0.160078
v 0.204124 0.771711 0.153958
v 0.213196 0.771629 0.148939
v 0.178366 0.777919 0.130363
v 0.184383 0.778187 0.123049
v 0.193549 0.777918 0.120666
v 0.278146 0.340174 0.534187
v 0.305169 0.340174 0.524399
v 0.331679 0.340174 0.513299
v 0.275989 0.393308 0.527740
v 0.302698 0.393308 0.518065
v 0.328900 0.393308 0.507094
v 0.273138 0.433644 0.519221
v 0.299432 0.433644 0.509697
v 0.325228 0.433644 0.498896
v 0.265190 0.498573 0.495471
v 0.290329 0.498573 0.486366
v 0.314991 0.498573 0.476040
v 0.260103 0.528980 0.480270
v 0.284502 0.528980 0.471433
v 0.308438 0.528980 0.461410
v 0.254343 0.558219 0.463058
v 0.277904 0.558219 0.454524
v 0.301019 0.558219 0.444846
v 0.241025 0.612802 0.423260
v 0.262649 0.612802 0.415428
v 0.283864 0.612802 0.406545
v 0.233554 0.637946 0.400938
v 0.254092 0.637946 0.393499
v 0.274241 0.637946 0.385062
v 0.225588 0.661524 0.377132
v 0.244967 0.661524 0.370112
v 0.263979 0.661524 0.362151
v 0.208293 0.703558 0.325453
v 0.225158 0.703558 0.319344
v 0.241703 0.703558 0.312417
v 0.199029 0.721738 0.297769
v 0.214547 0.721738 0.292149
v 0.229770 0.721738 0.285774
v 0.189395 0.737793 0.268980
v 0.203511 0.737793 0.263867
v 0.217360 0.737793 0.258068
v 0.169120 0.762846 0.208439
v 0.180262 0.762857 0.204282
v 0.191274 0.762846 0.199794
v 0.158422 0.771629 0.176776
v 0.167824 0.771711 0.172406
v 0.177701 0.771629 0.169253
v 0.147164 0.777919 0.144239
v 0.154493 0.778187 0.138240
v 0.163948 0.777918 0.137691
v 0.166245 0.340174 0.559770
v 0.194658 0.340174 0.555442
v 0.222825 0.340174 0.549727
v 0.165387 0.393308 0.553026
v 0.193470 0.393308 0.548748
v 0.221309 0.393308 0.543100
v 0.164253 0.433644 0.544115
v 0.191900 0.433644 0.539903
v 0.219307 0.433644 0.534343
v 0.161091 0.498573 0.519271
v 0.187523 0.498573 0.515245
v 0.213725 0.498573 0.509928
v 0.159067 0.528980 0.503370
v 0.184721 0.528980 0.499462
v 0.210153 0.528980 0.494302
v 0.156776 0.558219 0.485365
v 0.181549 0.558219 0.481591
v 0.206108 0.558219 0.476608
v 0.151478 0.612802 0.443733
v 0.174214 0.612802 0.440269
v 0.196754 0.612802 0.435696
v 0.148506 0.637946 0.420382
v 0.170100 0.637946 0.417092
v 0.191508 0.637946 0.412749
v 0.145336 0.661524 0.395479
v 0.165713 0.661524 0.392375
v 0.185913 0.661524 0.388276
v 0.138456 0.703558 0.341419
v 0.156189 0.703558 0.338718
v 0.173767 0.703558 0.335151
v 0.134771 0.721738 0.312460
v 0.151087 0.721738 0.309975
v 0.167261 0.721738 0.306693
v 0.130938 0.737793 0.282344
v 0.145781 0.737793 0.280083
v 0.160495 0.737793 0.277098
v 0.122864 0.762846 0.219011
v 0.134603 0.762857 0.217108
v 0.146279 0.762846 0.214855
v 0.118548 0.771629 0.185870
v 0.128623 0.771711 0.183418
v 0.138925 0.771629 0.182253
v 0.113855 0.777919 0.151762
v 0.122213 0.778187 0.147308
v 0.131593 0.777918 0.148613
v 0.051503 0.340174 0.563031
v 0.080214 0.340174 0.564329
v 0.108955 0.340174 0.564219
v 0.051977 0.393308 0.556249
v 0.080355 0.393308 0.557532
v 0.108761 0.393308 0.557423
v 0.052603 0.433644 0.547288
v 0.080541 0.433644 0.548551
v 0.108506 0.433644 0.548444
v 0.054349 0.498573 0.522304
v 0.081058 0.498573 0.523512
v 0.107795 0.498573 0.523409
v 0.055466 0.528980 0.506314
v 0.081390 0.528980 0.507486
v 0.107339 0.528980 0.507386
v 0.056732 0.558219 0.488208
v 0.081765 0.558219 0.489340
v 0.106824 0.558219 0.489244
v 0.059657 0.612802 0.446342
v 0.082633 0.612802 0.447381
v 0.105632 0.612802 0.447293
v 0.061298 0.637946 0.422860
v 0.083119 0.637946 0.423847
v 0.104963 0.637946 0.423763
v 0.063048 0.661524 0.397817
v 0.083638 0.661524 0.398748
v 0.104250 0.661524 0.398669
v 0.066847 0.703558 0.343454
v 0.084765 0.703558 0.344264
v 0.102702 0.703558 0.344196
v 0.068882 0.721738 0.314333
v 0.085369 0.721738 0.315078
v 0.101872 0.721738 0.315015
v 0.070998 0.737793 0.284048
v 0.085996 0.737793 0.284726
v 0.101010 0.737793 0.284668
v 0.075434 0.762846 0.220356
v 0.087319 0.762857 0.220780
v 0.099210 0.762846 0.220848
v 0.077667 0.771629 0.187010
v 0.088026 0.771711 0.186571
v 0.098358 0.771629 0.187438
v 0.079718 0.777919 0.152642
v 0.088784 0.778187 0.149903
v 0.097730 0.777918 0.153014
v -0.061670 0.340174 0.543844
v -0.033764 0.340174 0.550719
v -0.005555 0.340174 0.556218
v -0.059882 0.393308 0.537285
v -0.032300 0.393308 0.544079
v -0.004418 0.393308 0.549514
v -0.057520 0.433644 0.528618
v -0.030366 0.433644 0.535307
v -0.002917 0.433644 0.540658
v -0.050934 0.498573 0.504455
v -0.024973 0.498573 0.510850
v 0.001269 0.498573 0.515966
v -0.046718 0.528980 0.488990
v -0.021522 0.528980 0.495197
v 0.003949 0.528980 0.500162
v -0.041945 0.558219 0.471479
v -0.017614 0.558219 0.477473
v 0.006983 0.558219 0.482267
v -0.030908 0.612802 0.430988
v -0.008577 0.612802 0.436490
v 0.013997 0.612802 0.440890
v -0.024718 0.637946 0.408277
v -0.003508 0.637946 0.413502
v 0.017932 0.637946 0.417682
v -0.018116 0.661524 0.384057
v 0.001897 0.661524 0.388987
v 0.022128 0.661524 0.392931
v -0.003784 0.703558 0.331480
v 0.013632 0.703558 0.335770
v 0.031237 0.703558 0.339202
v 0.003893 0.721738 0.303315
v 0.019918 0.721738 0.307262
v 0.036117 0.721738 0.310420
v 0.011877 0.737793 0.274025
v 0.026455 0.737793 0.277616
v 0.041191 0.737793 0.280488
v 0.028654 0.762846 0.212422
v 0.040227 0.762857 0.215157
v 0.051877 0.762846 0.217543
v 0.037349 0.771629 0.180152
v 0.047595 0.771711 0.181743
v 0.057559 0.771629 0.184608
v 0.046065 0.777919 0.146845
v 0.055492 0.778187 0.145928
v 0.063658 0.777918 0.150724
v -0.168926 0.340174 0.502947
v -0.142897 0.340174 0.515134
v -0.116303 0.340174 0.526030
v -0.165893 0.393308 0.496862
v -0.140166 0.393308 0.508907
v -0.113880 0.393308 0.519678
v -0.161885 0.433644 0.488823
v -0.136558 0.433644 0.500681
v -0.110680 0.433644 0.511284
v -0.150711 0.498573 0.466409
v -0.126497 0.498573 0.477746
v -0.101757 0.498573 0.487883
v -0.143560 0.528980 0.452064
v -0.120058 0.528980 0.463067
v -0.096046 0.528980 0.472905
v -0.135462 0.558219 0.435820
v -0.112767 0.558219 0.446446
v -0.089579 0.558219 0.455946
v -0.116738 0.612802 0.398261
v -0.095909 0.612802 0.408013
v -0.074627 0.612802 0.416733
v -0.106236 0.637946 0.377194
v -0.086453 0.637946 0.386456
v -0.066240 0.637946 0.394738
v -0.095036 0.661524 0.354727
v -0.076369 0.661524 0.363467
v -0.057296 0.661524 0.371282
v -0.070722 0.703558 0.305956
v -0.054478 0.703558 0.313562
v -0.037880 0.703558 0.320362
v -0.057698 0.721738 0.279830
v -0.042751 0.721738 0.286828
v -0.027479 0.721738 0.293085
v -0.044153 0.737793 0.252660
v -0.030556 0.737793 0.259026
v -0.016663 0.737793 0.264719
v -0.015680 0.762846 0.195515
v -0.004863 0.762857 0.200454
v 0.006097 0.762846 0.205067
v -0.000857 0.771629 0.165561
v 0.008882 0.771711 0.169120
v 0.018095 0.771629 0.173874
v 0.014190 0.777919 0.134594
v 0.023614 0.778187 0.135533
v 0.030688 0.777918 0.141831
v -0.266142 0.340174 0.441911
v -0.242991 0.340174 0.458941
v -0.219033 0.340174 0.474817
v -0.261980 0.393308 0.436535
v -0.239098 0.393308 0.453368
v -0.215418 0.393308 0.469059
v -0.256481 0.433644 0.429432
v -0.233954 0.433644 0.446003
v -0.210642 0.433644 0.461451
v -0.241149 0.498573 0.409629
v -0.219612 0.498573 0.425472
v -0.197325 0.498573 0.440241
v -0.231337 0.528980 0.396954
v -0.210433 0.528980 0.412331
v -0.188802 0.528980 0.426665
v -0.220225 0.558219 0.382602
v -0.200040 0.558219 0.397451
v -0.179151 0.558219 0.411293
v -0.194534 0.612802 0.349418
v -0.176007 0.612802 0.363046
v -0.156835 0.612802 0.375750
v -0.180123 0.637946 0.330805
v -0.162528 0.637946 0.343748
v -0.144319 0.637946 0.355814
v -0.164755 0.661524 0.310955
v -0.148152 0.661524 0.323168
v -0.130971 0.661524 0.334554
v -0.131394 0.703558 0.267864
v -0.116946 0.703558 0.278492
v -0.101994 0.703558 0.288400
v -0.113523 0.721738 0.244781
v -0.100229 0.721738 0.254560
v -0.086471 0.721738 0.263676
v -0.094938 0.737793 0.220775
v -0.082844 0.737793 0.229672
v -0.070329 0.737793 0.237965
v -0.055864 0.762846 0.170282
v -0.046218 0.762857 0.177237
v -0.036368 0.762846 0.183900
v -0.035481 0.771629 0.143796
v -0.026624 0.771711 0.149186
v -0.018515 0.771629 0.155647
v -0.014682 0.777919 0.116360
v -0.005623 0.778187 0.119120
v 0.000087 0.777918 0.126676
v -0.349583 0.340174 0.363082
v -0.330199 0.340174 0.384302
v -0.309799 0.340174 0.404546
v -0.344452 0.393308 0.358621
v -0.325293 0.393308 0.379594
v -0.305130 0.393308 0.399604
v -0.337673 0.433644 0.352727
v -0.318811 0.433644 0.373375
v -0.298961 0.433644 0.393074
v -0.318772 0.498573 0.336296
v -0.300740 0.498573 0.356036
v -0.281762 0.498573 0.374869
v -0.306675 0.528980 0.325779
v -0.289174 0.528980 0.344938
v -0.270754 0.528980 0.363217
v -0.292978 0.558219 0.313871
v -0.276077 0.558219 0.332372
v -0.258290 0.558219 0.350024
v -0.261306 0.612802 0.286336
v -0.245794 0.612802 0.303317
v -0.229469 0.612802 0.319517
v -0.243541 0.637946 0.270892
v -0.228809 0.637946 0.287019
v -0.213304 0.637946 0.302406
v -0.224596 0.661524 0.254421
v -0.210694 0.661524 0.269639
v -0.196064 0.661524 0.284158
v -0.183469 0.703558 0.218667
v -0.171372 0.703558 0.231910
v -0.158640 0.703558 0.244545
v -0.161438 0.721738 0.199514
v -0.150307 0.721738 0.211699
v -0.138593 0.721738 0.223324
v -0.138527 0.737793 0.179595
v -0.128401 0.737793 0.190680
v -0.117744 0.737793 0.201256
v -0.090353 0.762846 0.137696
v -0.082249 0.762857 0.146399
v -0.073889 0.762846 0.154856
v -0.065195 0.771629 0.115695
v -0.057560 0.771711 0.122710
v -0.050867 0.771629 0.130628
v -0.039443 0.777919 0.092843
v -0.031096 0.778187 0.097318
v -0.026970 0.777918 0.105843
v -0.416042 0.340174 0.269489
v -0.401170 0.340174 0.294082
v -0.385111 0.340174 0.317918
v -0.410139 0.393308 0.266115
v -0.395440 0.393308 0.290423
v -0.379568 0.393308 0.313982
v -0.402340 0.433644 0.261657
v -0.387869 0.433644 0.285588
v -0.372243 0.433644 0.308781
v -0.380597 0.498573 0.249228
v -0.366763 0.498573 0.272107
v -0.351823 0.498573 0.294281
v -0.366681 0.528980 0.241273
v -0.353253 0.528980 0.263479
v -0.338754 0.528980 0.285000
v -0.350923 0.558219 0.232266
v -0.337957 0.558219 0.253710
v -0.323955 0.558219 0.274492
v -0.314488 0.612802 0.211439
v -0.302587 0.612802 0.231120
v -0.289737 0.612802 0.250194
v -0.294052 0.637946 0.199758
v -0.282749 0.637946 0.218450
v -0.270544 0.637946 0.236566
v -0.272257 0.661524 0.187300
v -0.261592 0.661524 0.204938
v -0.250075 0.661524 0.222031
v -0.224946 0.703558 0.160256
v -0.215664 0.703558 0.175605
v -0.205642 0.703558 0.190480
v -0.199601 0.721738 0.145769
v -0.191061 0.721738 0.159891
v -0.181840 0.721738 0.173579
v -0.173245 0.737793 0.130703
v -0.165476 0.737793 0.143551
v -0.157087 0.737793 0.156002
v -0.117822 0.762846 0.099007
v -0.111572 0.762857 0.109124
v -0.105022 0.762846 0.119049
v -0.088855 0.771629 0.082337
v -0.082735 0.771711 0.090706
v -0.077716 0.771629 0.099778
v -0.059140 0.777919 0.064948
v -0.051826 0.778187 0.070965
v -0.049443 0.777918 0.080131
v -0.462964 0.340174 0.164729
v -0.453176 0.340174 0.191751
v -0.442076 0.340174 0.218261
v -0.456517 0.393308 0.162571
v -0.446842 0.393308 0.189280
v -0.435871 0.393308 0.215482
v -0.447998 0.433644 0.159720
v -0.438474 0.433644 0.186014
v -0.427673 0.433644 0.211810
v -0.424248 0.498573 0.151772
v -0.415143 0.498573 0.176911
v -0.404816 0.498573 0.201573
v -0.409047 0.528980 0.146685
v -0.400210 0.528980 0.171084
v -0.390187 0.528980 0.195020
v -0.391835 0.558219 0.140925
v -0.383301 0.558219 0.164486
v -0.373623 0.558219 0.187601
v -0.352037 0.612802 0.127607
v -0.344205 0.612802 0.149231
v -0.335322 0.612802 0.170446
v -0.329715 0.637946 0.120137
v -0.322275 0.637946 0.140675
v -0.313839 0.637946 0.160823
v -0.305908 0.661524 0.112170
v -0.298889 0.661524 0.131549
v -0.290928 0.661524 0.150562
v -0.254230 0.703558 0.094876
v -0.248121 0.703558 0.111740
v -0.241194 0.703558 0.128285
v -0.226546 0.721738 0.085611
v -0.220926 0.721738 0.101129
v -0.214551 0.721738 0.116352
v -0.197757 0.737793 0.075977
v -0.192644 0.737793 0.090093
v -0.186845 0.737793 0.103942
v -0.137215 0.762846 0.055702
v -0.133059 0.762857 0.066844
v -0.128571 0.762846 0.077856
v -0.105553 0.771629 0.045004
v -0.101183 0.771711 0.054406
v -0.098030 0.771629 0.064283
v -0.073016 0.777919 0.033746
v -0.067017 0.778187 0.041075
v -0.066468 0.777918 0.050530
v -0.488547 0.340174 0.052827
v -0.484219 0.340174 0.081240
v -0.478504 0.340174 0.109407
v -0.481803 0.393308 0.051969
v -0.477525 0.393308 0.080052
v -0.471876 0.393308 0.107891
v -0.472892 0.433644 0.050835
v -0.468680 0.433644 0.078482
v -0.463119 0.433644 0.105889
v -0.448048 0.498573 0.047673
v -0.444021 0.498573 0.074105
v -0.438705 0.498573 0.100308
v -0.432147 0.528980 0.045649
v -0.428239 0.528980 0.071303
v -0.423079 0.528980 0.096735
v -0.414142 0.558219 0.043358
v -0.410368 0.558219 0.068131
v -0.405385 0.558219 0.092690
v -0.372510 0.612802 0.038060
v -0.369046 0.612802 0.060797
v -0.364473 0.612802 0.083336
v -0.349159 0.637946 0.035088
v -0.345869 0.637946 0.056683
v -0.341526 0.637946 0.078090
v -0.324256 0.661524 0.031919
v -0.321152 0.661524 0.052295
v -0.317053 0.661524 0.072495
v -0.270196 0.703558 0.025039
v -0.267495 0.703558 0.042771
v -0.263928 0.703558 0.060349
v -0.241237 0.721738 0.021353
v -0.238752 0.721738 0.037669
v -0.235470 0.721738 0.053843
v -0.211121 0.737793 0.017520
v -0.208860 0.737793 0.032363
v -0.205875 0.737793 0.047077
v -0.147788 0.762846 0.009446
v -0.145885 0.762857 0.021185
v -0.143632 0.762846 0.032861
v -0.114647 0.771629 0.005130
v -0.112195 0.771711 0.015205
v -0.111030 0.771629 0.025507
v -0.080539 0.777919 0.000437
v -0.076084 0.778187 0.008795
v -0.077390 0.777918 0.018175
v -0.491808 0.340174 -0.061915
v -0.493106 0.340174 -0.033204
v -0.492996 0.340174 -0.004463
v -0.485026 0.393308 -0.061441
v -0.486309 0.393308 -0.033063
v -0.486200 0.393308 -0.004656
v -0.476065 0.433644 -0.060815
v -0.477328 0.433644 -0.032877
v -0.477221 0.433644 -0.004912
v -0.451081 0.498573 -0.059069
v -0.452289 0.498573 -0.032360
v -0.452186 0.498573 -0.005623
v -0.435091 0.528980 -0.057951
v -0.436263 0.528980 -0.032028
v -0.436163 0.528980 -0.006078
v -0.416985 0.558219 -0.056686
v -0.418117 0.558219 -0.031653
v -0.418021 0.558219 -0.006594
v -0.375119 0.612802 -0.053761
v -0.376158 0.612802 -0.030785
v -0.376070 0.612802 -0.007786
v -0.351637 0.637946 -0.052120
v -0.352624 0.637946 -0.030299
v -0.352540 0.637946 -0.008455
v -0.326594 0.661524 -0.050370
v -0.327525 0.661524 -0.029779
v -0.327446 0.661524 -0.009168
v -0.272231 0.703558 -0.046571
v -0.273041 0.703558 -0.028653
v -0.272973 0.703558 -0.010716
v -0.243109 0.721738 -0.044536
v -0.243855 0.721738 -0.028049
v -0.243792 0.721738 -0.011545
v -0.212825 0.737793 -0.042420
v -0.213503 0.737793 -0.027422
v -0.213445 0.737793 -0.012408
v -0.149133 0.762846 -0.037983
v -0.149557 0.762857 -0.026099
v -0.149625 0.762846 -0.014208
v -0.115787 0.771629 -0.035751
v -0.115348 0.771711 -0.025392
v -0.116214 0.771629 -0.015060
v -0.081419 0.777919 -0.033700
v -0.078680 0.778187 -0.024634
v -0.081791 0.777918 -0.015688
v -0.472621 0.340174 -0.175088
v -0.479496 0.340174 -0.147182
v -0.484995 0.340174 -0.118973
v -0.466062 0.393308 -0.173300
v -0.472856 0.393308 -0.145718
v -0.478291 0.393308 -0.117836
v -0.457395 0.433644 -0.170938
v -0.464084 0.433644 -0.143784
v -0.469435 0.433644 -0.116335
v -0.433232 0.498573 -0.164352
v -0.439627 0.498573 -0.138391
v -0.444743 0.498573 -0.112148
v -0.417767 0.528980 -0.160136
v -0.423974 0.528980 -0.134940
v -0.428939 0.528980 -0.109469
v -0.400256 0.558219 -0.155363
v -0.406249 0.558219 -0.131031
v -0.411044 0.558219 -0.106435
v -0.359765 0.612802 -0.144326
v -0.365266 0.612802 -0.121995
v -0.369667 0.612802 -0.099420
v -0.337054 0.637946 -0.138136
v -0.342279 0.637946 -0.116926
v -0.346459 0.637946 -0.095486
v -0.312834 0.661524 -0.131534
v -0.317764 0.661524 -0.111521
v -0.321708 0.661524 -0.091290
v -0.260257 0.703558 -0.117202
v -0.264547 0.703558 -0.099786
v -0.267979 0.703558 -0.082181
v -0.232092 0.721738 -0.109525
v -0.236039 0.721738 -0.093500
v -0.239197 0.721738 -0.077301
v -0.202801 0.737793 -0.101541
v -0.206393 0.737793 -0.086963
v -0.209265 0.737793 -0.072227
v -0.141199 0.762846 -0.084764
v -0.143934 0.762857 -0.073191
v -0.146320 0.762846 -0.061541
v -0.108929 0.771629 -0.076069
v -0.110520 0.771711 -0.065823
v -0.113385 0.771629 -0.055859
v -0.075622 0.777919 -0.067353
v -0.074705 0.778187 -0.057926
v -0.079501 0.777918 -0.049760
v -0.431724 0.340174 -0.282344
v -0.443911 0.340174 -0.256315
v -0.454807 0.340174 -0.229721
v -0.425639 0.393308 -0.279311
v -0.437684 0.393308 -0.253584
v -0.448454 0.393308 -0.227298
v -0.417600 0.433644 -0.275303
v -0.429458 0.433644 -0.249976
v -0.440061 0.433644 -0.224098
v -0.395186 0.498573 -0.264129
v -0.406523 0.498573 -0.239915
v -0.416660 0.498573 -0.215175
v -0.380840 0.528980 -0.256978
v -0.391844 0.528980 -0.233476
v -0.401682 0.528980 -0.209464
v -0.364597 0.558219 -0.248880
v -0.375223 0.558219 -0.226185
v -0.384723 0.558219 -0.202997
v -0.327038 0.612802 -0.230156
v -0.336790 0.612802 -0.209327
v -0.345510 0.612802 -0.188045
v -0.305971 0.637946 -0.219654
v -0.315233 0.637946 -0.199871
v -0.323515 0.637946 -0.179658
v -0.283504 0.661524 -0.208454
v -0.292244 0.661524 -0.189787
v -0.300059 0.661524 -0.170714
v -0.234733 0.703558 -0.184140
v -0.242339 0.703558 -0.167896
v -0.249139 0.703558 -0.151298
v -0.208607 0.721738 -0.171116
v -0.215605 0.721738 -0.156169
v -0.221862 0.721738 -0.140897
v -0.181437 0.737793 -0.157571
v -0.187803 0.737793 -0.143974
v -0.193496 0.737793 -0.130081
v -0.124291 0.762846 -0.129098
v -0.129231 0.762857 -0.118281
v -0.133844 0.762846 -0.107321
v -0.094338 0.771629 -0.114274
v -0.097896 0.771711 -0.104536
v -0.102651 0.771629 -0.095322
v -0.063371 0.777919 -0.099228
v -0.064310 0.778187 -0.089804
v -0.070608 0.777918 -0.082730
v -0.370688 0.340174 -0.379560
v -0.387718 0.340174 -0.356409
v -0.403594 0.340174 -0.332451
v -0.365312 0.393308 -0.375398
v -0.382145 0.393308 -0.352516
v -0.397836 0.393308 -0.328836
v -0.358209 0.433644 -0.369899
v -0.374780 0.433644 -0.347372
v -0.390228 0.433644 -0.324060
v -0.338406 0.498573 -0.354567
v -0.354249 0.498573 -0.333030
v -0.369018 0.498573 -0.310743
v -0.325731 0.528980 -0.344754
v -0.341108 0.528980 -0.323851
v -0.355442 0.528980 -0.302219
v -0.311379 0.558219 -0.333643
v -0.326228 0.558219 -0.313458
v -0.340070 0.558219 -0.292569
v -0.278195 0.612802 -0.307952
v -0.291823 0.612802 -0.289425
v -0.304527 0.612802 -0.270253
v -0.259581 0.637946 -0.293541
v -0.272525 0.637946 -0.275946
v -0.284591 0.637946 -0.257737
v -0.239731 0.661524 -0.278173
v -0.251945 0.661524 -0.261570
v -0.263330 0.661524 -0.244388
v -0.196641 0.703558 -0.244812
v -0.207269 0.703558 -0.230364
v -0.217177 0.703558 -0.215412
v -0.173557 0.721738 -0.226941
v -0.183337 0.721738 -0.213647
v -0.192453 0.721738 -0.199889
v -0.149552 0.737793 -0.208356
v -0.158449 0.737793 -0.196262
v -0.166742 0.737793 -0.183747
v -0.099059 0.762846 -0.169282
v -0.106014 0.762857 -0.159636
v -0.112677 0.762846 -0.149786
v -0.072573 0.771629 -0.148899
v -0.077963 0.771711 -0.140042
v -0.084424 0.771629 -0.131933
v -0.045137 0.777919 -0.128100
v -0.047897 0.778187 -0.119041
v -0.055453 0.777918 -0.113331
v -0.291859 0.340174 -0.463001
v -0.313078 0.340174 -0.443617
v -0.333323 0.340174 -0.423217
v -0.287398 0.393308 -0.457870
v -0.308371 0.393308 -0.438711
v -0.328381 0.393308 -0.418548
v -0.281504 0.433644 -0.451091
v -0.302152 0.433644 -0.432229
v -0.321851 0.433644 -0.412379
v -0.265073 0.498573 -0.432190
v -0.284813 0.498573 -0.414158
v -0.303646 0.498573 -0.395180
v -0.254556 0.528980 -0.420093
v -0.273715 0.528980 -0.402591
v -0.291994 0.528980 -0.384172
v -0.242647 0.558219 -0.406396
v -0.261149 0.558219 -0.389495
v -0.278801 0.558219 -0.371708
v -0.215113 0.612802 -0.374724
v -0.232094 0.612802 -0.359212
v -0.248294 0.612802 -0.342887
v -0.199669 0.637946 -0.356959
v -0.215796 0.637946 -0.342227
v -0.231183 0.637946 -0.326722
v -0.183198 0.661524 -0.338014
v -0.198416 0.661524 -0.324112
v -0.212935 0.661524 -0.309482
v -0.147444 0.703558 -0.296887
v -0.160687 0.703558 -0.284790
v -0.173321 0.703558 -0.272058
v -0.128291 0.721738 -0.274856
v -0.140476 0.721738 -0.263725
v -0.152101 0.721738 -0.252010
v -0.108372 0.737793 -0.251945
v -0.119457 0.737793 -0.241819
v -0.130033 0.737793 -0.231162
v -0.066473 0.762846 -0.203771
v -0.075176 0.762857 -0.195667
v -0.083632 0.762846 -0.187307
v -0.044472 0.771629 -0.178613
v -0.051486 0.771711 -0.170977
v -0.059405 0.771629 -0.164285
v -0.021620 0.777919 -0.152861
v -0.026095 0.778187 -0.144514
v -0.034620 0.777918 -0.140388
v -0.198266 0.340174 -0.529460
v -0.222859 0.340174 -0.514588
v -0.246695 0.340174 -0.498529
v -0.194892 0.393308 -0.523557
v -0.219200 0.393308 -0.508858
v -0.242758 0.393308 -0.492985
v -0.190434 0.433644 -0.515758
v -0.214365 0.433644 -0.501287
v -0.237558 0.433644 -0.485661
v -0.178005 0.498573 -0.494015
v -0.200884 0.498573 -0.480180
v -0.223058 0.498573 -0.465241
v -0.170050 0.528980 -0.480099
v -0.192256 0.528980 -0.466671
v -0.213777 0.528980 -0.452172
v -0.161043 0.558219 -0.464341
v -0.182487 0.558219 -0.451375
v -0.203269 0.558219 -0.437373
v -0.140216 0.612802 -0.427906
v -0.159897 0.612802 -0.416005
v -0.178971 0.612802 -0.403154
v -0.128535 0.637946 -0.407470
v -0.147227 0.637946 -0.396167
v -0.165343 0.637946 -0.383962
v -0.116077 0.661524 -0.385675
v -0.133714 0.661524 -0.375010
v -0.150808 0.661524 -0.363493
v -0.089033 0.703558 -0.338364
v -0.104382 0.703558 -0.329082
v -0.119257 0.703558 -0.319060
v -0.074546 0.721738 -0.313019
v -0.088668 0.721738 -0.304479
v -0.102356 0.721738 -0.295258
v -0.059480 0.737793 -0.286662
v -0.072327 0.737793 -0.278894
v -0.084779 0.737793 -0.270505
v -0.027784 0.762846 -0.231240
v -0.037901 0.762857 -0.224990
v -0.047826 0.762846 -0.218440
v -0.011114 0.771629 -0.202273
v -0.019483 0.771711 -0.196153
v -0.028555 0.771629 -0.191134
v 0.006275 0.777919 -0.172558
v 0.000258 0.778187 -0.165244
v -0.008908 0.777918 -0.162861
v -0.093506 0.340174 -0.576382
v -0.120528 0.340174 -0.566594
v -0.147038 0.340174 -0.555494
v -0.091348 0.393308 -0.569935
v -0.118057 0.393308 -0.560260
v -0.144259 0.393308 -0.549289
v -0.088497 0.433644 -0.561416
v -0.114791 0.433644 -0.551892
v -0.140587 0.433644 -0.541091
v -0.080549 0.498573 -0.537666
v -0.105688 0.498573 -0.528561
v -0.130350 0.498573 -0.518234
v -0.075462 0.528980 -0.522465
v -0.099861 0.528980 -0.513628
v -0.123797 0.528980 -0.503605
v -0.069702 0.558219 -0.505253
v -0.093263 0.558219 -0.496719
v -0.116378 0.558219 -0.487041
v -0.056384 0.612802 -0.465455
v -0.078008 0.612802 -0.457622
v -0.099223 0.612802 -0.448740
v -0.048914 0.637946 -0.443132
v -0.069452 0.637946 -0.435693
v -0.089600 0.637946 -0.427257
v -0.040947 0.661524 -0.419326
v -0.060326 0.661524 -0.412307
v -0.079339 0.661524 -0.404346
v -0.023653 0.703558 -0.367648
v -0.040517 0.703558 -0.361539
v -0.057062 0.703558 -0.354612
v -0.014388 0.721738 -0.339964
v -0.029906 0.721738 -0.334343
v -0.045129 0.721738 -0.327969
v -0.004754 0.737793 -0.311175
v -0.018870 0.737793 -0.306061
v -0.032719 0.737793 -0.300263
v 0.015521 0.762846 -0.250633
v 0.004379 0.762857 -0.246477
v -0.006633 0.762846 -0.241989
v 0.026219 0.771629 -0.218971
v 0.016817 0.771711 -0.214601
v 0.006940 0.771629 -0.211448
v 0.037477 0.777919 -0.186434
v 0.030148 0.778187 -0.180435
v 0.020693 0.777918 -0.179885
v 0.018396 0.340174 -0.601965
v -0.010017 0.340174 -0.597637
v -0.038184 0.340174 -0.591922
v 0.019254 0.393308 -0.595221
v -0.008829 0.393308 -0.590943
v -0.036668 0.393308 -0.585294
v 0.020388 0.433644 -0.586310
v -0.007259 0.433644 -0.582098
v -0.034666 0.433644 -0.576537
v 0.023550 0.498573 -0.561466
v -0.002882 0.498573 -0.557439
v -0.029085 0.498573 -0.552123
v 0.025574 0.528980 -0.545564
v -0.000080 0.528980 -0.541657
v -0.025512 0.528980 -0.536496
v 0.027865 0.558219 -0.527559
v 0.003092 0.558219 -0.523786
v -0.021467 0.558219 -0.518803
v 0.033163 0.612802 -0.485928
v 0.010427 0.612802 -0.482464
v -0.012113 0.612802 -0.477891
v 0.036135 0.637946 -0.462577
v 0.014541 0.637946 -0.459287
v -0.006867 0.637946 -0.454944
v 0.039304 0.661524 -0.437674
v 0.018928 0.661524 -0.434570
v -0.001272 0.661524 -0.430471
v 0.046184 0.703558 -0.383614
v 0.028452 0.703558 -0.380913
v 0.010874 0.703558 -0.377346
v 0.049870 0.721738 -0.354655
v 0.033554 0.721738 -0.352170
v 0.017380 0.721738 -0.348888
v 0.053703 0.737793 -0.324539
v 0.038860 0.737793 -0.322278
v 0.024146 0.737793 -0.319293
v 0.061777 0.762846 -0.261206
v 0.050038 0.762857 -0.259303
v 0.038362 0.762846 -0.257050
v 0.066093 0.771629 -0.228064
v 0.056018 0.771711 -0.225613
v 0.045716 0.771629 -0.224448
v 0.070786 0.777919 -0.193957
v 0.062428 0.778187 -0.189502
v 0.053048 0.777918 -0.190808
v 0.133138 0.340174 -0.605226
v 0.104427 0.340174 -0.606524
v 0.075686 0.340174 -0.606414
v 0.132664 0.393308 -0.598444
v 0.104286 0.393308 -0.599727
v 0.075880 0.393308 -0.599618
v 0.132038 0.433644 -0.589482
v 0.104100 0.433644 -0.590746
v 0.076135 0.433644 -0.590639
v 0.130292 0.498573 -0.564499
v 0.103583 0.498573 -0.565707
v 0.076846 0.498573 -0.565604
v 0.129175 0.528980 -0.548509
v 0.103251 0.528980 -0.549681
v 0.077302 0.528980 -0.549581
v 0.127909 0.558219 -0.530403
v 0.102876 0.558219 -0.531535
v 0.077817 0.558219 -0.531438
v 0.124984 0.612802 -0.488537
v 0.102008 0.612802 -0.489576
v 0.079009 0.612802 -0.489488
v 0.123343 0.637946 -0.465055
v 0.101522 0.637946 -0.466042
v 0.079678 0.637946 -0.465958
v 0.121593 0.661524 -0.440012
v 0.101003 0.661524 -0.440943
v 0.080391 0.661524 -0.440864
v 0.117794 0.703558 -0.385649
v 0.099876 0.703558 -0.386459
v 0.081939 0.703558 -0.386391
v 0.115759 0.721738 -0.356527
v 0.099272 0.721738 -0.357273
v 0.082769 0.721738 -0.357210
v 0.113643 0.737793 -0.326243
v 0.098645 0.737793 -0.326921
v 0.083631 0.737793 -0.326863
v 0.109207 0.762846 -0.262551
v 0.097322 0.762857 -0.262975
v 0.085431 0.762846 -0.263043
v 0.106974 0.771629 -0.229204
v 0.096615 0.771711 -0.228766
v 0.086283 0.771629 -0.229632
v 0.104923 0.777919 -0.194836
v 0.095857 0.778187 -0.192098
v 0.086911 0.777918 -0.195209
v 0.246311 0.340174 -0.586039
v 0.218405 0.340174 -0.592914
v 0.190196 0.340174 -0.598413
v 0.244523 0.393308 -0.579480
v 0.216941 0.393308 -0.586274
v 0.189059 0.393308 -0.591709
v 0.242161 0.433644 -0.570813
v 0.215007 0.433644 -0.577502
v 0.187558 0.433644 -0.582853
v 0.235575 0.498573 -0.546650
v 0.209614 0.498573 -0.553045
v 0.183371 0.498573 -0.558161
v 0.231359 0.528980 -0.531185
v 0.206163 0.528980 -0.537392
v 0.180692 0.528980 -0.542357
v 0.226586 0.558219 -0.513673
v 0.202254 0.558219 -0.519667
v 0.177658 0.558219 -0.524462
v 0.215549 0.612802 -0.473183
v 0.193218 0.612802 -0.478684
v 0.170644 0.612802 -0.483085
v 0.209359 0.637946 -0.450472
v 0.188149 0.637946 -0.455697
v 0.166709 0.637946 -0.459876
v 0.202757 0.661524 -0.426252
v 0.182744 0.661524 -0.431182
v 0.162513 0.661524 -0.435126
v 0.188425 0.703558 -0.373675
v 0.171009 0.703558 -0.377965
v 0.153404 0.703558 -0.381397
v 0.180748 0.721738 -0.345510
v 0.164723 0.721738 -0.349457
v 0.148524 0.721738 -0.352615
v 0.172764 0.737793 -0.316219
v 0.158186 0.737793 -0.319811
v 0.143450 0.737793 -0.322683
v 0.155987 0.762846 -0.254617
v 0.144414 0.762857 -0.257351
v 0.132764 0.762846 -0.259738
v 0.147292 0.771629 -0.222347
v 0.137046 0.771711 -0.223937
v 0.127082 0.771629 -0.226803
v 0.138576 0.777919 -0.189039
v 0.129149 0.778187 -0.188123
v 0.120983 0.777918 -0.192919
v 0.092320 0.787919 -0.021097
v 0.143484 0.784442 -0.112233
v 0.126232 0.785379 -0.098406
v 0.124721 0.784442 -0.120464
v 0.110498 0.785379 -0.103537
v 0.104713 0.784442 -0.124875
v 0.094066 0.785379 -0.105499
v 0.084229 0.784442 -0.125299
v 0.077566 0.785379 -0.104218
v 0.064056 0.784442 -0.121718
v 0.061634 0.785379 -0.099742
v 0.044969 0.784442 -0.114270
v 0.046881 0.785379 -0.092244
v 0.027701 0.784442 -0.103242
v 0.033874 0.785379 -0.082013
v 0.012917 0.784442 -0.089057
v 0.023113 0.785379 -0.069440
v 0.001185 0.784442 -0.072261
v 0.015011 0.785379 -0.055009
v -0.007046 0.784442 -0.053498
v 0.009881 0.785379 -0.039275
v -0.011457 0.784442 -0.033490
v 0.007919 0.785379 -0.022843
v -0.011881 0.784442 -0.013006
v 0.009200 0.785379 -0.006343
v -0.008300 0.784442 0.007167
v 0.013676 0.785379 0.009589
v -0.000853 0.784442 0.026254
v 0.021173 0.785379 0.024342
v 0.010176 0.784442 0.043522
v 0.031405 0.785379 0.037349
v 0.024361 0.784442 0.058306
v 0.043978 0.785379 0.048110
v 0.041157 0.784442 0.070038
v 0.058409 0.785379 0.056212
v 0.059920 0.784442 0.078269
v 0.074143 0.785379 0.061342
v 0.079928 0.784442 0.082680
v 0.090575 0.785379 0.063304
v 0.100412 0.784442 0.083104
v 0.107075 0.785379 0.062023
v 0.120585 0.784442 0.079523
v 0.123007 0.785379 0.057548
v 0.139672 0.784442 0.072076
v 0.137760 0.785379 0.050050
v 0.156940 0.784442 0.061047
v 0.150767 0.785379 0.039818
v 0.171724 0.784442 0.046862
v 0.161528 0.785379 0.027245
v 0.183456 0.784442 0.030066
v 0.169630 0.785379 0.012814
v 0.191687 0.784442 0.011303
v 0.174760 0.785379 -0.002920
v 0.196098 0.784442 -0.008705
v 0.176722 0.785379 -0.019352
v 0.196522 0.784442 -0.029189
v 0.175441 0.785379 -0.035851
v 0.192941 0.784442 -0.049362
v 0.170965 0.785379 -0.051784
v 0.185493 0.784442 -0.068449
v 0.163468 0.785379 -0.066537
v 0.174465 0.784442 -0.085717
v 0.153236 0.785379 -0.079544
v 0.160280 0.784442 -0.100501
v 0.140663 0.785379 -0.090305
v 0.191830 -0.301343 -0.608055
v 0.220511 -0.304661 -0.602464
v 0.248883 -0.305884 -0.595475
v 0.191794 -0.410133 -0.607841
v 0.220464 -0.415355 -0.602252
v 0.248826 -0.417278 -0.595266
v 0.191696 -0.503474 -0.607261
v 0.220338 -0.510599 -0.601677
v 0.248671 -0.513225 -0.594697
v 0.109232 -0.260306 0.573996
v 0.080012 -0.272530 0.574108
v 0.050821 -0.284754 0.572788
v 0.109226 -0.345550 0.573779
v 0.080017 -0.364788 0.573891
v 0.050836 -0.384025 0.572571
v 0.109210 -0.415346 0.573190
v 0.080029 -0.441597 0.573302
v 0.050877 -0.467848 0.571984
v -0.151036 -0.284754 -0.564420
v -0.124083 -0.272530 -0.575705
v -0.096609 -0.260306 -0.585657
v -0.150948 -0.384025 -0.564222
v -0.124004 -0.364788 -0.575503
v -0.096540 -0.345550 -0.585451
v -0.150707 -0.467848 -0.563684
v -0.123790 -0.441597 -0.574955
v -0.096354 -0.415346 -0.584892
v -0.007189 -0.301343 0.565860
v -0.035870 -0.304661 0.560270
v -0.064242 -0.305884 0.553280
v -0.007153 -0.410133 0.565646
v -0.035823 -0.415355 0.560058
v -0.064185 -0.417278 0.553071
v -0.007055 -0.503474 0.565066
v -0.035697 -0.510599 0.559483
v -0.064031 -0.513225 0.552503
v 0.501156 -0.243891 -0.453850
v 0.521897 -0.241796 -0.433267
v 0.541605 -0.243891 -0.411693
v 0.501007 -0.319717 -0.453692
v 0.521741 -0.316419 -0.433117
v 0.541441 -0.319717 -0.411551
v 0.500603 -0.380094 -0.453264
v 0.521316 -0.375594 -0.432710
v 0.540997 -0.380094 -0.411164
v -0.040363 -0.243891 -0.601456
v -0.011726 -0.241796 -0.607267
v 0.017161 -0.243891 -0.611667
v -0.040315 -0.319717 -0.601245
v -0.011688 -0.316419 -0.607053
v 0.017188 -0.319717 -0.611452
v -0.040184 -0.380094 -0.600671
v -0.011585 -0.375594 -0.606473
v 0.017263 -0.380094 -0.610868
v -0.119787 -0.305883 0.535169
v -0.146826 -0.304661 0.524090
v -0.173290 -0.301343 0.511700
v -0.119710 -0.417278 0.534966
v -0.146739 -0.415355 0.523891
v -0.173193 -0.410133 0.511505
v -0.119500 -0.513224 0.534416
v -0.146502 -0.510599 0.523352
v -0.172930 -0.503474 0.510978
v 0.577726 -0.260306 -0.365775
v 0.594053 -0.272530 -0.341541
v 0.609173 -0.284754 -0.316537
v 0.577549 -0.345550 -0.365649
v 0.593871 -0.364788 -0.341425
v 0.608985 -0.384025 -0.316429
v 0.577069 -0.415346 -0.365308
v 0.593374 -0.441597 -0.341108
v 0.608474 -0.467848 -0.316137
v 0.075409 -0.260306 -0.616190
v 0.104629 -0.272530 -0.616302
v 0.133820 -0.284754 -0.614982
v 0.075415 -0.345550 -0.615973
v 0.104624 -0.364788 -0.616085
v 0.133804 -0.384025 -0.614766
v 0.075431 -0.415346 -0.615385
v 0.104612 -0.441597 -0.615497
v 0.133763 -0.467848 -0.614179
v -0.224234 -0.284754 0.483100
v -0.248592 -0.272530 0.466959
v -0.272130 -0.260306 0.449644
v -0.224118 -0.384025 0.482916
v -0.248467 -0.364788 0.466781
v -0.271997 -0.345550 0.449473
v -0.223805 -0.467848 0.482417
v -0.248130 -0.441597 0.466299
v -0.271636 -0.415346 0.449007
v 0.635643 -0.301343 -0.264454
v 0.646928 -0.304661 -0.237501
v 0.656880 -0.305884 -0.210027
v 0.635445 -0.410133 -0.264365
v 0.646726 -0.415355 -0.237422
v 0.656674 -0.417278 -0.209958
v 0.634907 -0.503474 -0.264125
v 0.646178 -0.510599 -0.237208
v 0.656115 -0.513225 -0.209771
v -0.316515 -0.243891 0.411655
v -0.337256 -0.241796 0.391073
v -0.356964 -0.243891 0.369498
v -0.316366 -0.319717 0.411498
v -0.337100 -0.316419 0.390922
v -0.356800 -0.319717 0.369356
v -0.315962 -0.380094 0.411070
v -0.336675 -0.375594 0.390515
v -0.356356 -0.380094 0.368970
v 0.672679 -0.305876 -0.153781
v 0.678490 -0.304606 -0.125144
v 0.682890 -0.301156 -0.096257
v 0.672468 -0.417268 -0.153733
v 0.678276 -0.415267 -0.125106
v 0.682675 -0.409838 -0.096230
v 0.671894 -0.513210 -0.153602
v 0.677696 -0.510480 -0.125003
v 0.682091 -0.503071 -0.096155
v 0.408875 -0.284754 -0.525295
v 0.433233 -0.272530 -0.509154
v 0.456771 -0.260306 -0.491839
v 0.408759 -0.384025 -0.525111
v 0.433108 -0.364788 -0.508976
v 0.456638 -0.345550 -0.491668
v 0.408446 -0.467848 -0.524612
v 0.432771 -0.441597 -0.508493
v 0.456277 -0.415346 -0.491202
v -0.393085 -0.260306 0.323580
v -0.409412 -0.272530 0.299347
v -0.424533 -0.284754 0.274342
v -0.392909 -0.345550 0.323455
v -0.409230 -0.364788 0.299230
v -0.424344 -0.384025 0.274235
v -0.392428 -0.415346 0.323114
v -0.408733 -0.441597 0.298913
v -0.423833 -0.467848 0.273942
v 0.687413 -0.283906 -0.038009
v 0.687525 -0.271195 -0.008789
v 0.686206 -0.258485 0.020402
v 0.687197 -0.382690 -0.038003
v 0.687308 -0.362687 -0.008793
v 0.685989 -0.342684 0.020387
v 0.686608 -0.466026 -0.037986
v 0.686720 -0.438730 -0.008806
v 0.685402 -0.411434 0.020346
v -0.451002 -0.301343 0.222259
v -0.462287 -0.304661 0.195306
v -0.472239 -0.305884 0.167832
v -0.450804 -0.410133 0.222171
v -0.462085 -0.415355 0.195227
v -0.472033 -0.417278 0.167764
v -0.450266 -0.503474 0.221930
v -0.461537 -0.510599 0.195013
v -0.471475 -0.513225 0.167577
v 0.679278 -0.241417 0.078413
v 0.673687 -0.239238 0.107093
v 0.666698 -0.241417 0.135466
v 0.679064 -0.315823 0.078376
v 0.673475 -0.312394 0.107046
v 0.666489 -0.315823 0.135408
v 0.678484 -0.374780 0.078278
v 0.672900 -0.370100 0.106920
v 0.665921 -0.374780 0.135254
v -0.488039 -0.306058 0.111586
v -0.493849 -0.306058 0.082949
v -0.498249 -0.306058 0.054062
v -0.487827 -0.417553 0.111538
v -0.493635 -0.417553 0.082912
v -0.498034 -0.417553 0.054035
v -0.487253 -0.513600 0.111407
v -0.493056 -0.513600 0.082809
v -0.497450 -0.513600 0.053960
v 0.648586 -0.258485 0.191010
v 0.637508 -0.271195 0.218049
v 0.625118 -0.283906 0.244513
v 0.648384 -0.342684 0.190933
v 0.637309 -0.362687 0.217962
v 0.624923 -0.382690 0.244416
v 0.647834 -0.411434 0.190723
v 0.636770 -0.438730 0.217725
v 0.624396 -0.466026 0.244153
v -0.502773 -0.305876 -0.004185
v -0.502885 -0.304606 -0.033406
v -0.501565 -0.301156 -0.062597
v -0.502556 -0.417268 -0.004192
v -0.502667 -0.415267 -0.033401
v -0.501348 -0.409838 -0.062581
v -0.501967 -0.513210 -0.004208
v -0.502079 -0.510480 -0.033389
v -0.500761 -0.503071 -0.062540
v 0.596518 -0.301156 0.295457
v 0.580377 -0.304606 0.319815
v 0.563062 -0.305877 0.343353
v 0.596334 -0.409838 0.295341
v 0.580199 -0.415267 0.319691
v 0.562891 -0.417268 0.343220
v 0.595835 -0.503071 0.295028
v 0.579716 -0.510480 0.319353
v 0.562425 -0.513210 0.342859
v -0.494637 -0.283906 -0.120607
v -0.489047 -0.271195 -0.149288
v -0.482057 -0.258485 -0.177660
v -0.494423 -0.382690 -0.120571
v -0.488834 -0.362687 -0.149241
v -0.481848 -0.342684 -0.177603
v -0.493843 -0.466026 -0.120473
v -0.488260 -0.438730 -0.149115
v -0.481280 -0.411434 -0.177448
v 0.525073 -0.306058 0.387738
v 0.504490 -0.306058 0.408479
v 0.482916 -0.306058 0.428187
v 0.524915 -0.417553 0.387589
v 0.504340 -0.417553 0.408323
v 0.482774 -0.417553 0.428023
v 0.524487 -0.513600 0.387185
v 0.503933 -0.513600 0.407898
v 0.482388 -0.513600 0.427579
v -0.463945 -0.241417 -0.233205
v -0.452867 -0.239238 -0.260244
v -0.440477 -0.241417 -0.286708
v -0.463743 -0.315823 -0.233128
v -0.452668 -0.312394 -0.260157
v -0.440282 -0.315823 -0.286611
v -0.463193 -0.374780 -0.232918
v -0.452129 -0.370100 -0.259920
v -0.439755 -0.374780 -0.286348
v 0.436998 -0.305883 0.464309
v 0.412765 -0.304661 0.480636
v 0.387760 -0.301343 0.495756
v 0.436872 -0.417278 0.464132
v 0.412648 -0.415355 0.480453
v 0.387652 -0.410133 0.495567
v 0.436532 -0.513224 0.463651
v 0.412331 -0.510599 0.479956
v 0.387360 -0.503474 0.495056
v -0.411877 -0.258485 -0.337652
v -0.395736 -0.271195 -0.362010
v -0.378421 -0.283906 -0.385547
v -0.411693 -0.342684 -0.337536
v -0.395558 -0.362687 -0.361885
v -0.378250 -0.382690 -0.385415
v -0.411194 -0.411434 -0.337223
v -0.395075 -0.438730 -0.361548
v -0.377784 -0.466026 -0.385054
v 0.335677 -0.284754 0.522225
v 0.308724 -0.272530 0.533510
v 0.281250 -0.260306 0.543462
v 0.335589 -0.384025 0.522027
v 0.308645 -0.364788 0.533308
v 0.281181 -0.345550 0.543256
v 0.335348 -0.467848 0.521489
v 0.308431 -0.441597 0.532760
v 0.280994 -0.415346 0.542698
v -0.340432 -0.301156 -0.429933
v -0.319850 -0.304606 -0.450674
v -0.298275 -0.305877 -0.470382
v -0.340275 -0.409838 -0.429784
v -0.319699 -0.415267 -0.450518
v -0.298133 -0.417268 -0.470218
v -0.339846 -0.503071 -0.429380
v -0.319292 -0.510480 -0.450093
v -0.297747 -0.513210 -0.469774
v 0.225004 -0.243891 0.559262
v 0.196367 -0.241796 0.565072
v 0.167480 -0.243891 0.569472
v 0.224956 -0.319717 0.559050
v 0.196329 -0.316419 0.564858
v 0.167453 -0.319717 0.569257
v 0.224825 -0.380094 0.558476
v 0.196226 -0.375594 0.564279
v 0.167378 -0.380094 0.568673
v 0.303068 -0.638148 -0.573795
v 0.329933 -0.634571 -0.562788
v 0.356227 -0.624862 -0.550477
v 0.302124 -0.668015 -0.571320
v 0.328869 -0.664248 -0.560362
v 0.355045 -0.654022 -0.548106
v 0.300887 -0.684213 -0.568076
v 0.327474 -0.680375 -0.557182
v 0.353496 -0.669959 -0.544999
v 0.297485 -0.700712 -0.559155
v 0.323639 -0.696864 -0.548439
v 0.349236 -0.686421 -0.536454
v 0.295337 -0.707482 -0.553521
v 0.321217 -0.703635 -0.542917
v 0.346546 -0.693191 -0.531058
v 0.292929 -0.713521 -0.547205
v 0.318502 -0.709674 -0.536727
v 0.343530 -0.699230 -0.525009
v 0.287457 -0.723115 -0.532854
v 0.312332 -0.719267 -0.522662
v 0.336678 -0.708824 -0.511263
v 0.284473 -0.726810 -0.525030
v 0.308968 -0.722962 -0.514994
v 0.332942 -0.712519 -0.503769
v 0.281390 -0.730053 -0.516945
v 0.305492 -0.726205 -0.507069
v 0.329081 -0.715762 -0.496025
v 0.406844 -0.576318 -0.522061
v 0.431046 -0.540548 -0.506023
v 0.454433 -0.504779 -0.488819
v 0.405435 -0.602894 -0.519817
v 0.429529 -0.565221 -0.503851
v 0.452811 -0.527547 -0.486725
v 0.403589 -0.617879 -0.516877
v 0.427541 -0.579505 -0.501005
v 0.450686 -0.541130 -0.483979
v 0.398513 -0.634205 -0.508791
v 0.422074 -0.595730 -0.493178
v 0.444841 -0.557255 -0.476430
v 0.395307 -0.640975 -0.503684
v 0.418621 -0.602501 -0.488235
v 0.441150 -0.564026 -0.471663
v 0.391712 -0.647015 -0.497959
v 0.414750 -0.608540 -0.482694
v 0.437012 -0.570065 -0.466318
v 0.383546 -0.656608 -0.484952
v 0.405955 -0.618133 -0.470103
v 0.427609 -0.579659 -0.454173
v 0.379093 -0.660303 -0.477860
v 0.401160 -0.621828 -0.463238
v 0.422483 -0.583353 -0.447552
v 0.374492 -0.663546 -0.470531
v 0.396204 -0.625072 -0.456144
v 0.417186 -0.586597 -0.440709
v 0.498534 -0.456745 -0.451074
v 0.519142 -0.450613 -0.430624
v 0.538723 -0.456745 -0.409188
v 0.496714 -0.476958 -0.449148
v 0.517230 -0.470499 -0.428789
v 0.536724 -0.476957 -0.407450
v 0.494330 -0.489598 -0.446625
v 0.514725 -0.483020 -0.426386
v 0.534104 -0.489598 -0.405172
v 0.487774 -0.505589 -0.439685
v 0.507836 -0.498994 -0.419776
v 0.526898 -0.505589 -0.398908
v 0.483633 -0.512360 -0.435302
v 0.503485 -0.505764 -0.415601
v 0.522348 -0.512359 -0.394952
v 0.478991 -0.518399 -0.430388
v 0.498608 -0.511803 -0.410921
v 0.517247 -0.518399 -0.390517
v 0.468444 -0.527992 -0.419224
v 0.487525 -0.521397 -0.400288
v 0.505656 -0.527992 -0.380440
v 0.462693 -0.531687 -0.413137
v 0.481483 -0.525091 -0.394491
v 0.499336 -0.531687 -0.374946
v 0.456750 -0.534930 -0.406847
v 0.475239 -0.528335 -0.388499
v 0.492806 -0.534930 -0.369269
v 0.574613 -0.504779 -0.363564
v 0.590835 -0.540548 -0.339486
v 0.605858 -0.576318 -0.314642
v 0.572453 -0.527547 -0.362030
v 0.588602 -0.565221 -0.338060
v 0.603558 -0.602894 -0.313327
v 0.569622 -0.541130 -0.360020
v 0.585676 -0.579505 -0.336191
v 0.600544 -0.617879 -0.311604
v 0.561837 -0.557255 -0.354493
v 0.577630 -0.595730 -0.331052
v 0.592255 -0.634205 -0.306866
v 0.556921 -0.564026 -0.351002
v 0.572549 -0.602501 -0.327807
v 0.587021 -0.640975 -0.303874
v 0.551410 -0.570065 -0.347088
v 0.566852 -0.608540 -0.324168
v 0.581152 -0.647015 -0.300520
v 0.538887 -0.579659 -0.338196
v 0.553908 -0.618133 -0.315901
v 0.567818 -0.656608 -0.292898
v 0.532059 -0.583353 -0.333348
v 0.546851 -0.621828 -0.311394
v 0.560548 -0.660303 -0.288742
v 0.525004 -0.586596 -0.328338
v 0.539558 -0.625071 -0.306736
v 0.553035 -0.663546 -0.284448
v 0.632158 -0.624862 -0.262893
v 0.643371 -0.634571 -0.236113
v 0.653258 -0.638148 -0.208815
v 0.629740 -0.654022 -0.261810
v 0.640903 -0.664248 -0.235150
v 0.650746 -0.668015 -0.207975
v 0.626571 -0.669959 -0.260391
v 0.637668 -0.680375 -0.233888
v 0.647454 -0.684213 -0.206873
v 0.617858 -0.686421 -0.256488
v 0.628774 -0.696864 -0.230417
v 0.638400 -0.700712 -0.203843
v 0.612355 -0.693191 -0.254024
v 0.623157 -0.703635 -0.228226
v 0.632682 -0.707482 -0.201929
v 0.606186 -0.699231 -0.251260
v 0.616860 -0.709674 -0.225769
v 0.626272 -0.713521 -0.199784
v 0.592169 -0.708824 -0.244982
v 0.602552 -0.719267 -0.220186
v 0.611707 -0.723115 -0.194910
v 0.584527 -0.712519 -0.241559
v 0.594751 -0.722962 -0.217142
v 0.603766 -0.726810 -0.192253
v 0.576630 -0.715762 -0.238022
v 0.586689 -0.726205 -0.213996
v 0.595560 -0.730053 -0.189507
v 0.668957 -0.638128 -0.152930
v 0.674730 -0.634408 -0.124477
v 0.679102 -0.624313 -0.095775
v 0.666374 -0.667994 -0.152340
v 0.672121 -0.664076 -0.124014
v 0.676474 -0.653444 -0.095440
v 0.662990 -0.684191 -0.151566
v 0.668703 -0.680201 -0.123407
v 0.673030 -0.669370 -0.095002
v 0.653682 -0.700690 -0.149438
v 0.659303 -0.696689 -0.121738
v 0.663559 -0.685830 -0.093797
v 0.647805 -0.707460 -0.148094
v 0.653366 -0.703460 -0.120685
v 0.657578 -0.692601 -0.093035
v 0.641215 -0.713499 -0.146588
v 0.646710 -0.709499 -0.119503
v 0.650872 -0.698640 -0.092182
v 0.626243 -0.723093 -0.143165
v 0.631588 -0.719092 -0.116819
v 0.635636 -0.708233 -0.090243
v 0.618079 -0.726788 -0.141298
v 0.623343 -0.722787 -0.115356
v 0.627330 -0.711928 -0.089186
v 0.609644 -0.730031 -0.139370
v 0.614823 -0.726030 -0.113843
v 0.618745 -0.715171 -0.088093
v 0.683596 -0.573836 -0.037901
v 0.683707 -0.536643 -0.008868
v 0.682396 -0.499449 0.020136
v 0.680948 -0.600280 -0.037826
v 0.681059 -0.561107 -0.008923
v 0.679753 -0.521934 0.019951
v 0.677478 -0.615217 -0.037727
v 0.677588 -0.575315 -0.008994
v 0.676290 -0.535413 0.019709
v 0.667934 -0.631536 -0.037456
v 0.668042 -0.591529 -0.009192
v 0.666766 -0.551523 0.019043
v 0.661907 -0.638306 -0.037284
v 0.662014 -0.598300 -0.009316
v 0.660751 -0.558293 0.018623
v 0.655150 -0.644345 -0.037092
v 0.655256 -0.604339 -0.009456
v 0.654008 -0.564333 0.018152
v 0.639798 -0.653939 -0.036656
v 0.639901 -0.613933 -0.009774
v 0.638686 -0.573926 0.017081
v 0.631427 -0.657634 -0.036418
v 0.631529 -0.617627 -0.009947
v 0.630333 -0.577621 0.016498
v 0.622777 -0.660877 -0.036172
v 0.622877 -0.620871 -0.010126
v 0.621701 -0.580864 0.015894
v 0.675513 -0.449504 0.077774
v 0.669958 -0.443128 0.106271
v 0.663014 -0.449504 0.134461
v 0.672901 -0.469331 0.077331
v 0.667371 -0.462615 0.105700
v 0.660458 -0.469331 0.133765
v 0.669478 -0.481829 0.076751
v 0.663981 -0.474989 0.104953
v 0.657108 -0.481829 0.132852
v 0.660065 -0.497800 0.075155
v 0.654657 -0.490942 0.102897
v 0.647897 -0.497800 0.130341
v 0.654121 -0.504571 0.074147
v 0.648769 -0.497712 0.101599
v 0.642080 -0.504571 0.128755
v 0.647456 -0.510610 0.073018
v 0.642168 -0.503751 0.100143
v 0.635558 -0.510610 0.126977
v 0.632313 -0.520203 0.070450
v 0.627170 -0.513345 0.096836
v 0.620740 -0.520203 0.122938
v 0.624057 -0.523898 0.069051
v 0.618993 -0.517040 0.095033
v 0.612661 -0.523898 0.120736
v 0.615526 -0.527141 0.067604
v 0.610542 -0.520283 0.093170
v 0.604312 -0.527141 0.118460
v 0.645018 -0.499449 0.189650
v 0.634011 -0.536643 0.216515
v 0.621700 -0.573836 0.242809
v 0.642543 -0.521934 0.188706
v 0.631585 -0.561107 0.215451
v 0.619329 -0.600280 0.241627
v 0.639299 -0.535412 0.187469
v 0.628405 -0.575315 0.214056
v 0.616222 -0.615217 0.240078
v 0.630378 -0.551523 0.184067
v 0.619662 -0.591529 0.210221
v 0.607677 -0.631536 0.235818
v 0.624744 -0.558293 0.181919
v 0.614141 -0.598300 0.207799
v 0.602281 -0.638306 0.233128
v 0.618428 -0.564333 0.179511
v 0.607950 -0.604339 0.205084
v 0.596232 -0.644345 0.230113
v 0.604078 -0.573926 0.174039
v 0.593885 -0.613933 0.198914
v 0.582486 -0.653939 0.223260
v 0.596253 -0.577621 0.171055
v 0.586217 -0.617627 0.195550
v 0.574992 -0.657634 0.219524
v 0.588168 -0.580864 0.167972
v 0.578292 -0.620871 0.192074
v 0.567248 -0.660877 0.215663
v 0.593284 -0.624313 0.293426
v 0.577246 -0.634408 0.317628
v 0.560043 -0.638128 0.341015
v 0.591040 -0.653444 0.292018
v 0.575075 -0.664076 0.316111
v 0.557948 -0.667994 0.339393
v 0.588100 -0.669370 0.290172
v 0.572228 -0.680201 0.314123
v 0.555202 -0.684191 0.337268
v 0.580014 -0.685830 0.285095
v 0.564401 -0.696689 0.308656
v 0.547653 -0.700690 0.331423
v 0.574907 -0.692601 0.281889
v 0.559458 -0.703460 0.305203
v 0.542886 -0.707460 0.327732
v 0.569183 -0.698640 0.278295
v 0.553917 -0.709499 0.301332
v 0.537541 -0.713499 0.323594
v 0.556175 -0.708233 0.270128
v 0.541326 -0.719092 0.292537
v 0.525396 -0.723093 0.314192
v 0.549083 -0.711928 0.265675
v 0.534461 -0.722787 0.287742
v 0.518775 -0.726788 0.309065
v 0.541754 -0.715171 0.261074
v 0.527367 -0.726030 0.282786
v 0.511932 -0.730031 0.303768
v 0.522297 -0.638659 0.385116
v 0.501847 -0.638659 0.405724
v 0.480411 -0.638659 0.425305
v 0.520371 -0.668553 0.383296
v 0.500012 -0.668553 0.403812
v 0.478673 -0.668553 0.423306
v 0.517848 -0.684761 0.380912
v 0.497609 -0.684761 0.401307
v 0.476395 -0.684761 0.420686
v 0.510908 -0.701261 0.374356
v 0.490999 -0.701261 0.394418
v 0.470131 -0.701261 0.413480
v 0.506525 -0.708032 0.370215
v 0.486824 -0.708032 0.390067
v 0.466175 -0.708032 0.408930
v 0.501611 -0.714071 0.365573
v 0.482145 -0.714071 0.385190
v 0.461740 -0.714071 0.403829
v 0.490447 -0.723664 0.355026
v 0.471511 -0.723665 0.374107
v 0.451663 -0.723665 0.392238
v 0.484360 -0.727359 0.349275
v 0.465714 -0.727359 0.368065
v 0.446169 -0.727359 0.385918
v 0.478070 -0.730603 0.343332
v 0.459723 -0.730603 0.361821
v 0.440492 -0.730603 0.379388
v 0.434787 -0.638148 0.461195
v 0.410709 -0.634571 0.477417
v 0.385865 -0.624862 0.492440
v 0.433253 -0.668015 0.459035
v 0.409283 -0.664248 0.475184
v 0.384550 -0.654022 0.490140
v 0.431243 -0.684213 0.456204
v 0.407414 -0.680375 0.472259
v 0.382827 -0.669959 0.487126
v 0.425716 -0.700712 0.448420
v 0.402275 -0.696864 0.464212
v 0.378089 -0.686421 0.478837
v 0.422225 -0.707482 0.443504
v 0.399030 -0.703635 0.459131
v 0.375097 -0.693191 0.473603
v 0.418311 -0.713521 0.437992
v 0.395391 -0.709674 0.453434
v 0.371743 -0.699230 0.467734
v 0.409419 -0.723115 0.425469
v 0.387125 -0.719267 0.440490
v 0.364121 -0.708824 0.454400
v 0.404571 -0.726810 0.418642
v 0.382617 -0.722962 0.433433
v 0.359965 -0.712519 0.447130
v 0.399561 -0.730053 0.411586
v 0.377959 -0.726205 0.426140
v 0.355671 -0.715762 0.439618
v 0.334116 -0.576318 0.518740
v 0.307336 -0.540548 0.529953
v 0.280038 -0.504779 0.539840
v 0.333033 -0.602894 0.516322
v 0.306373 -0.565221 0.527485
v 0.279198 -0.527547 0.537328
v 0.331614 -0.617879 0.513153
v 0.305111 -0.579505 0.524251
v 0.278096 -0.541130 0.534036
v 0.327711 -0.634205 0.504440
v 0.301640 -0.595730 0.515356
v 0.275066 -0.557255 0.524982
v 0.325247 -0.640975 0.498937
v 0.299449 -0.602501 0.509739
v 0.273153 -0.564026 0.519264
v 0.322484 -0.647015 0.492768
v 0.296992 -0.608540 0.503442
v 0.271007 -0.570065 0.512854
v 0.316205 -0.656608 0.478752
v 0.291409 -0.618133 0.489134
v 0.266133 -0.579659 0.498289
v 0.312782 -0.660303 0.471109
v 0.288365 -0.621828 0.481333
v 0.263476 -0.583353 0.490348
v 0.309245 -0.663546 0.463212
v 0.285219 -0.625072 0.473272
v 0.260730 -0.586597 0.482142
v 0.224153 -0.456745 0.555539
v 0.195700 -0.450613 0.561312
v 0.166998 -0.456745 0.565684
v 0.223563 -0.476958 0.552956
v 0.195237 -0.470499 0.558704
v 0.166663 -0.476957 0.563056
v 0.222789 -0.489598 0.549572
v 0.194630 -0.483020 0.555285
v 0.166225 -0.489598 0.559612
v 0.220661 -0.505589 0.540265
v 0.192961 -0.498994 0.545885
v 0.165020 -0.505589 0.550141
v 0.219317 -0.512360 0.534387
v 0.191908 -0.505764 0.539948
v 0.164259 -0.512359 0.544160
v 0.217811 -0.518399 0.527797
v 0.190726 -0.511803 0.533293
v 0.163405 -0.518399 0.537454
v 0.214388 -0.527992 0.512825
v 0.188042 -0.521397 0.518170
v 0.161466 -0.527992 0.522219
v 0.212521 -0.531687 0.504662
v 0.186579 -0.525091 0.509925
v 0.160409 -0.531687 0.513912
v 0.210593 -0.534930 0.496226
v 0.185066 -0.528335 0.501405
v 0.159316 -0.534930 0.505327
v 0.109124 -0.504779 0.570178
v 0.080091 -0.540548 0.570290
v 0.051088 -0.576318 0.568978
v 0.109049 -0.527547 0.567530
v 0.080146 -0.565221 0.567641
v 0.051272 -0.602894 0.566335
v 0.108950 -0.541130 0.564060
v 0.080218 -0.579505 0.564170
v 0.051514 -0.617879 0.562872
v 0.108679 -0.557255 0.554516
v 0.080415 -0.595730 0.554625
v 0.052180 -0.634205 0.553348
v 0.108507 -0.564026 0.548489
v 0.080540 -0.602501 0.548596
v 0.052600 -0.640975 0.547333
v 0.108315 -0.570065 0.541732
v 0.080679 -0.608540 0.541838
v 0.053071 -0.647015 0.540590
v 0.107879 -0.579659 0.526380
v 0.080997 -0.618133 0.526483
v 0.054142 -0.656608 0.525269
v 0.107641 -0.583353 0.518009
v 0.081170 -0.621828 0.518111
v 0.054725 -0.660303 0.516915
v 0.107395 -0.586596 0.509359
v 0.081349 -0.625071 0.509459
v 0.055329 -0.663546 0.508283
v -0.006551 -0.624862 0.562095
v -0.035048 -0.634571 0.556540
v -0.063238 -0.638148 0.549596
v -0.006108 -0.654022 0.559483
v -0.034477 -0.664248 0.553953
v -0.062542 -0.668015 0.547040
v -0.005528 -0.669959 0.556060
v -0.033730 -0.680375 0.550563
v -0.061628 -0.684213 0.543690
v -0.003932 -0.686421 0.546647
v -0.031674 -0.696864 0.541240
v -0.059118 -0.700712 0.534479
v -0.002924 -0.693191 0.540703
v -0.030376 -0.703635 0.535352
v -0.057532 -0.707482 0.528662
v -0.001795 -0.699231 0.534038
v -0.028920 -0.709674 0.528751
v -0.055754 -0.713521 0.522140
v 0.000773 -0.708824 0.518896
v -0.025613 -0.719267 0.513752
v -0.051715 -0.723115 0.507322
v 0.002172 -0.712519 0.510639
v -0.023810 -0.722962 0.505575
v -0.049513 -0.726810 0.499243
v 0.003619 -0.715762 0.502108
v -0.021947 -0.726205 0.497124
v -0.047237 -0.730053 0.490894
v -0.118427 -0.638148 0.531600
v -0.145292 -0.634571 0.520593
v -0.171586 -0.624862 0.508282
v -0.117483 -0.668015 0.529125
v -0.144228 -0.664248 0.518167
v -0.170404 -0.654022 0.505911
v -0.116246 -0.684213 0.525881
v -0.142833 -0.680375 0.514987
v -0.168855 -0.669959 0.502804
v -0.112844 -0.700712 0.516960
v -0.138998 -0.696864 0.506244
v -0.164595 -0.686421 0.494260
v -0.110696 -0.707482 0.511326
v -0.136576 -0.703635 0.500723
v -0.161905 -0.693191 0.488864
v -0.108288 -0.713521 0.505011
v -0.133861 -0.709674 0.494532
v -0.158889 -0.699230 0.482814
v -0.102816 -0.723115 0.490660
v -0.127691 -0.719267 0.480467
v -0.152037 -0.708824 0.469069
v -0.099832 -0.726810 0.482835
v -0.124327 -0.722962 0.472799
v -0.148301 -0.712519 0.461574
v -0.096749 -0.730053 0.474750
v -0.120851 -0.726205 0.464874
v -0.144440 -0.715762 0.453830
v -0.222203 -0.576318 0.479866
v -0.246405 -0.540548 0.463829
v -0.269792 -0.504779 0.446625
v -0.220794 -0.602894 0.477622
v -0.244888 -0.565221 0.461657
v -0.268170 -0.527547 0.444530
v -0.218948 -0.617879 0.474682
v -0.242900 -0.579505 0.458811
v -0.266045 -0.541130 0.441785
v -0.213872 -0.634205 0.466596
v -0.237433 -0.595730 0.450984
v -0.260200 -0.557255 0.434235
v -0.210666 -0.640975 0.461490
v -0.233980 -0.602501 0.446041
v -0.256509 -0.564026 0.429468
v -0.207072 -0.647015 0.455765
v -0.230109 -0.608540 0.440499
v -0.252371 -0.570065 0.424123
v -0.198905 -0.656608 0.442757
v -0.221314 -0.618133 0.427908
v -0.242968 -0.579659 0.411978
v -0.194452 -0.660303 0.435665
v -0.216519 -0.621828 0.421043
v -0.237842 -0.583353 0.405357
v -0.189851 -0.663546 0.428337
v -0.211563 -0.625072 0.413949
v -0.232545 -0.586597 0.398515
v -0.313893 -0.456745 0.408879
v -0.334501 -0.450613 0.388429
v -0.354082 -0.456745 0.366993
v -0.312073 -0.476958 0.406954
v -0.332589 -0.470499 0.386595
v -0.352083 -0.476957 0.365255
v -0.309689 -0.489598 0.404430
v -0.330084 -0.483020 0.384191
v -0.349463 -0.489598 0.362977
v -0.303133 -0.505589 0.397490
v -0.323195 -0.498994 0.377581
v -0.342257 -0.505589 0.356713
v -0.298992 -0.512360 0.393107
v -0.318844 -0.505764 0.373407
v -0.337707 -0.512359 0.352757
v -0.294350 -0.518399 0.388193
v -0.313967 -0.511803 0.368727
v -0.332606 -0.518399 0.348322
v -0.283803 -0.527992 0.377029
v -0.302884 -0.521397 0.358093
v -0.321015 -0.527992 0.338245
v -0.278052 -0.531687 0.370942
v -0.296842 -0.525091 0.352296
v -0.314695 -0.531687 0.332751
v -0.272109 -0.534930 0.364652
v -0.290598 -0.528335 0.346305
v -0.308165 -0.534930 0.327074
v -0.389972 -0.504779 0.321369
v -0.406194 -0.540548 0.297291
v -0.421217 -0.576318 0.272447
v -0.387812 -0.527547 0.319835
v -0.403961 -0.565221 0.295865
v -0.418917 -0.602894 0.271132
v -0.384981 -0.541130 0.317825
v -0.401035 -0.579505 0.293996
v -0.415903 -0.617879 0.269409
v -0.377196 -0.557255 0.312298
v -0.392989 -0.595730 0.288857
v -0.407614 -0.634205 0.264671
v -0.372280 -0.564026 0.308807
v -0.387908 -0.602501 0.285612
v -0.402380 -0.640975 0.261679
v -0.366769 -0.570065 0.304893
v -0.382211 -0.608540 0.281974
v -0.396511 -0.647015 0.258325
v -0.354246 -0.579659 0.296001
v -0.369267 -0.618133 0.273707
v -0.383177 -0.656608 0.250703
v -0.347419 -0.583353 0.291153
v -0.362210 -0.621828 0.269199
v -0.375907 -0.660303 0.246547
v -0.340363 -0.586596 0.286143
v -0.354917 -0.625071 0.264542
v -0.368394 -0.663546 0.242253
v -0.447517 -0.624862 0.220698
v -0.458730 -0.634571 0.193918
v -0.468617 -0.638148 0.166620
v -0.445099 -0.654022 0.219615
v -0.456262 -0.664248 0.192955
v -0.466105 -0.668015 0.165780
v -0.441930 -0.669959 0.218196
v -0.453028 -0.680375 0.191693
v -0.462813 -0.684213 0.164678
v -0.433217 -0.686421 0.214293
v -0.444133 -0.696864 0.188223
v -0.453759 -0.700712 0.161648
v -0.427714 -0.693191 0.211829
v -0.438516 -0.703635 0.186031
v -0.448041 -0.707482 0.159735
v -0.421545 -0.699231 0.209066
v -0.432219 -0.709674 0.183574
v -0.441631 -0.713521 0.157589
v -0.407528 -0.708824 0.202787
v -0.417911 -0.719267 0.177991
v -0.427066 -0.723115 0.152715
v -0.399886 -0.712519 0.199364
v -0.410110 -0.722962 0.174947
v -0.419125 -0.726810 0.150058
v -0.391989 -0.715762 0.195827
v -0.402048 -0.726205 0.171801
v -0.410919 -0.730053 0.147312
v -0.484316 -0.638659 0.110735
v -0.490089 -0.638659 0.082282
v -0.494461 -0.638659 0.053580
v -0.481733 -0.668553 0.110145
v -0.487480 -0.668553 0.081819
v -0.491833 -0.668553 0.053246
v -0.478349 -0.684761 0.109371
v -0.484062 -0.684761 0.081212
v -0.488389 -0.684761 0.052807
v -0.469041 -0.701261 0.107243
v -0.474662 -0.701261 0.079544
v -0.478918 -0.701261 0.051602
v -0.463164 -0.708032 0.105899
v -0.468725 -0.708032 0.078490
v -0.472937 -0.708032 0.050841
v -0.456574 -0.714071 0.104393
v -0.462070 -0.714071 0.077308
v -0.466231 -0.714071 0.049987
v -0.441602 -0.723664 0.100970
v -0.446947 -0.723665 0.074624
v -0.450995 -0.723665 0.048048
v -0.433439 -0.727359 0.099104
v -0.438702 -0.727359 0.073161
v -0.442689 -0.727359 0.046991
v -0.425003 -0.730603 0.097175
v -0.430182 -0.730603 0.071648
v -0.434104 -0.730603 0.045899
v -0.498955 -0.638128 -0.004294
v -0.499067 -0.634408 -0.033327
v -0.497755 -0.624313 -0.062330
v -0.496307 -0.667994 -0.004369
v -0.496418 -0.664076 -0.033272
v -0.495112 -0.653444 -0.062146
v -0.492837 -0.684191 -0.004468
v -0.492947 -0.680201 -0.033200
v -0.491649 -0.669370 -0.061904
v -0.483293 -0.700690 -0.004739
v -0.483401 -0.696689 -0.033003
v -0.482125 -0.685830 -0.061238
v -0.477266 -0.707460 -0.004910
v -0.477373 -0.703460 -0.032878
v -0.476110 -0.692601 -0.060818
v -0.470509 -0.713499 -0.005102
v -0.470615 -0.709499 -0.032739
v -0.469367 -0.698640 -0.060347
v -0.455157 -0.723093 -0.005539
v -0.455260 -0.719092 -0.032421
v -0.454046 -0.708233 -0.059276
v -0.446786 -0.726788 -0.005777
v -0.446888 -0.722787 -0.032248
v -0.445692 -0.711928 -0.058692
v -0.438136 -0.730031 -0.006022
v -0.438236 -0.726030 -0.032069
v -0.437060 -0.715171 -0.058089
v -0.490872 -0.573836 -0.119969
v -0.485317 -0.536643 -0.148466
v -0.478373 -0.499449 -0.176656
v -0.488260 -0.600280 -0.119526
v -0.482730 -0.561107 -0.147895
v -0.475817 -0.521934 -0.175959
v -0.484837 -0.615217 -0.118946
v -0.479340 -0.575315 -0.147148
v -0.472467 -0.535413 -0.175046
v -0.475424 -0.631536 -0.117350
v -0.470016 -0.591529 -0.145092
v -0.463256 -0.551523 -0.172536
v -0.469480 -0.638306 -0.116342
v -0.464128 -0.598300 -0.143794
v -0.457439 -0.558293 -0.170950
v -0.462815 -0.644345 -0.115212
v -0.457527 -0.604339 -0.142338
v -0.450917 -0.564333 -0.169172
v -0.447672 -0.653939 -0.112645
v -0.442529 -0.613933 -0.139031
v -0.436099 -0.573926 -0.165133
v -0.439416 -0.657634 -0.111246
v -0.434352 -0.617627 -0.137228
v -0.428020 -0.577621 -0.162931
v -0.430885 -0.660877 -0.109799
v -0.425901 -0.620871 -0.135365
v -0.419671 -0.580864 -0.160655
v -0.460377 -0.449504 -0.231844
v -0.449370 -0.443128 -0.258710
v -0.437059 -0.449504 -0.285004
v -0.457902 -0.469331 -0.230901
v -0.446944 -0.462615 -0.257646
v -0.434688 -0.469331 -0.283822
v -0.454658 -0.481829 -0.229664
v -0.443764 -0.474989 -0.256251
v -0.431581 -0.481829 -0.282273
v -0.445737 -0.497800 -0.226262
v -0.435021 -0.490942 -0.252416
v -0.423036 -0.497800 -0.278013
v -0.440103 -0.504571 -0.224114
v -0.429500 -0.497712 -0.249994
v -0.417640 -0.504571 -0.275323
v -0.433787 -0.510610 -0.221706
v -0.423309 -0.503751 -0.247278
v -0.411591 -0.510610 -0.272307
v -0.419437 -0.520203 -0.216233
v -0.409244 -0.513345 -0.241109
v -0.397846 -0.520203 -0.265455
v -0.411612 -0.523898 -0.213250
v -0.401576 -0.517040 -0.237745
v -0.390351 -0.523898 -0.261719
v -0.403527 -0.527141 -0.210167
v -0.393651 -0.520283 -0.234269
v -0.382607 -0.527141 -0.257858
v -0.408643 -0.499449 -0.335621
v -0.392605 -0.536643 -0.359823
v -0.375402 -0.573836 -0.383210
v -0.406399 -0.521934 -0.334212
v -0.390434 -0.561107 -0.358306
v -0.373307 -0.600280 -0.381588
v -0.403459 -0.535412 -0.332366
v -0.387588 -0.575315 -0.356318
v -0.370562 -0.615217 -0.379463
v -0.395373 -0.551523 -0.327290
v -0.379761 -0.591529 -0.350850
v -0.363012 -0.631536 -0.373618
v -0.390267 -0.558293 -0.324084
v -0.374817 -0.598300 -0.347398
v -0.358245 -0.638306 -0.369927
v -0.384542 -0.564333 -0.320489
v -0.369276 -0.604339 -0.343527
v -0.352900 -0.644345 -0.365789
v -0.371534 -0.573926 -0.312323
v -0.356685 -0.613933 -0.334732
v -0.340755 -0.653939 -0.356386
v -0.364442 -0.577621 -0.307870
v -0.349820 -0.617627 -0.329937
v -0.334134 -0.657634 -0.351260
v -0.357114 -0.580864 -0.303269
v -0.342726 -0.620871 -0.324981
v -0.327292 -0.660877 -0.345963
v -0.337656 -0.624313 -0.427311
v -0.317206 -0.634408 -0.447919
v -0.295770 -0.638128 -0.467500
v -0.335731 -0.653444 -0.425491
v -0.315371 -0.664076 -0.446007
v -0.294032 -0.667994 -0.465501
v -0.333207 -0.669370 -0.423107
v -0.312968 -0.680201 -0.443502
v -0.291754 -0.684191 -0.462880
v -0.326267 -0.685830 -0.416551
v -0.306358 -0.696689 -0.436613
v -0.285490 -0.700690 -0.455675
v -0.321884 -0.692601 -0.412410
v -0.302184 -0.703460 -0.432262
v -0.281534 -0.707460 -0.451125
v -0.316970 -0.698640 -0.407768
v -0.297504 -0.709499 -0.427384
v -0.277099 -0.713499 -0.446024
v -0.305806 -0.708233 -0.397221
v -0.286870 -0.719092 -0.416302
v -0.267022 -0.723093 -0.434433
v -0.299719 -0.711928 -0.391470
v -0.281073 -0.722787 -0.410260
v -0.261528 -0.726788 -0.428113
v -0.293429 -0.715171 -0.385527
v -0.275082 -0.726030 -0.404016
v -0.255851 -0.730031 -0.421583
v -0.250146 -0.638148 -0.503390
v -0.226068 -0.634571 -0.519612
v -0.201224 -0.624862 -0.534635
v -0.248612 -0.668015 -0.501230
v -0.224642 -0.664248 -0.517379
v -0.199909 -0.654022 -0.532335
v -0.246602 -0.684213 -0.498399
v -0.222773 -0.680375 -0.514453
v -0.198186 -0.669959 -0.529321
v -0.241075 -0.700712 -0.490614
v -0.217634 -0.696864 -0.506407
v -0.193448 -0.686421 -0.521032
v -0.237584 -0.707482 -0.485698
v -0.214389 -0.703635 -0.501325
v -0.190456 -0.693191 -0.515797
v -0.233670 -0.713521 -0.480187
v -0.210751 -0.709674 -0.495629
v -0.187102 -0.699230 -0.509929
v -0.224778 -0.723115 -0.467664
v -0.202484 -0.719267 -0.482685
v -0.179480 -0.708824 -0.496595
v -0.219930 -0.726810 -0.460836
v -0.197976 -0.722962 -0.475628
v -0.175324 -0.712519 -0.489325
v -0.214920 -0.730053 -0.453781
v -0.193318 -0.726205 -0.468334
v -0.171030 -0.715762 -0.481812
v -0.149475 -0.576318 -0.560935
v -0.122695 -0.540548 -0.572148
v -0.095397 -0.504779 -0.582035
v -0.148392 -0.602894 -0.558517
v -0.121732 -0.565221 -0.569680
v -0.094557 -0.527547 -0.579523
v -0.146973 -0.617879 -0.555348
v -0.120470 -0.579505 -0.566445
v -0.093455 -0.541130 -0.576231
v -0.143070 -0.634205 -0.546635
v -0.117000 -0.595730 -0.557551
v -0.090425 -0.557255 -0.567177
v -0.140606 -0.640975 -0.541132
v -0.114808 -0.602501 -0.551934
v -0.088512 -0.564026 -0.561459
v -0.137843 -0.647015 -0.534963
v -0.112351 -0.608540 -0.545637
v -0.086366 -0.570065 -0.555049
v -0.131564 -0.656608 -0.520946
v -0.106768 -0.618133 -0.531329
v -0.081492 -0.579659 -0.540484
v -0.128141 -0.660303 -0.513304
v -0.103724 -0.621828 -0.523528
v -0.078835 -0.583353 -0.532543
v -0.124604 -0.663546 -0.505407
v -0.100578 -0.625072 -0.515466
v -0.076089 -0.586597 -0.524337
v -0.039512 -0.456745 -0.597734
v -0.011059 -0.450613 -0.603507
v 0.017643 -0.456745 -0.607879
v -0.038922 -0.476958 -0.595151
v -0.010596 -0.470499 -0.600898
v 0.017978 -0.476957 -0.605251
v -0.038148 -0.489598 -0.591767
v -0.009989 -0.483020 -0.597480
v 0.018416 -0.489598 -0.601807
v -0.036020 -0.505589 -0.582459
v -0.008321 -0.498994 -0.588080
v 0.019621 -0.505589 -0.592336
v -0.034676 -0.512360 -0.576582
v -0.007267 -0.505764 -0.582143
v 0.020382 -0.512359 -0.586355
v -0.033170 -0.518399 -0.569992
v -0.006085 -0.511803 -0.575487
v 0.021236 -0.518399 -0.579649
v -0.029747 -0.527992 -0.555020
v -0.003401 -0.521397 -0.560365
v 0.023175 -0.527992 -0.564413
v -0.027881 -0.531687 -0.546856
v -0.001938 -0.525091 -0.552120
v 0.024232 -0.531687 -0.556106
v -0.025952 -0.534930 -0.538421
v -0.000425 -0.528335 -0.543600
v 0.025324 -0.534930 -0.547522
v 0.075517 -0.504779 -0.612373
v 0.104550 -0.540548 -0.612484
v 0.133553 -0.576318 -0.611173
v 0.075592 -0.527547 -0.609725
v 0.104495 -0.565221 -0.609836
v 0.133369 -0.602894 -0.608530
v 0.075691 -0.541130 -0.606254
v 0.104423 -0.579505 -0.606365
v 0.133127 -0.617879 -0.605067
v 0.075962 -0.557255 -0.596711
v 0.104226 -0.595730 -0.596819
v 0.132461 -0.634205 -0.595543
v 0.076133 -0.564026 -0.590684
v 0.104101 -0.602501 -0.590791
v 0.132041 -0.640975 -0.589528
v 0.076326 -0.570065 -0.583927
v 0.103962 -0.608540 -0.584033
v 0.131570 -0.647015 -0.582785
v 0.076762 -0.579659 -0.568575
v 0.103644 -0.618133 -0.568678
v 0.130499 -0.656608 -0.567463
v 0.077000 -0.583353 -0.560204
v 0.103471 -0.621828 -0.560305
v 0.129916 -0.660303 -0.559110
v 0.077246 -0.586596 -0.551554
v 0.103292 -0.625071 -0.551654
v 0.129312 -0.663546 -0.550478
v 0.191192 -0.624862 -0.604290
v 0.219689 -0.634571 -0.598735
v 0.247879 -0.638148 -0.591791
v 0.190749 -0.654022 -0.601678
v 0.219118 -0.664248 -0.596148
v 0.247182 -0.668015 -0.589235
v 0.190169 -0.669959 -0.598255
v 0.218371 -0.680375 -0.592758
v 0.246269 -0.684213 -0.585885
v 0.188573 -0.686421 -0.588842
v 0.216315 -0.696864 -0.583434
v 0.243759 -0.700712 -0.576674
v 0.187565 -0.693191 -0.582897
v 0.215017 -0.703635 -0.577546
v 0.242173 -0.707482 -0.570857
v 0.186435 -0.699231 -0.576233
v 0.213561 -0.709674 -0.570945
v 0.240395 -0.713521 -0.564335
v 0.183868 -0.708824 -0.561090
v 0.210254 -0.719267 -0.555947
v 0.236356 -0.723115 -0.549517
v 0.182469 -0.712519 -0.552834
v 0.208451 -0.722962 -0.547769
v 0.234154 -0.726810 -0.541438
v 0.181022 -0.715762 -0.544302
v 0.206588 -0.726205 -0.539319
v 0.231878 -0.730053 -0.533089
v 0.304428 -0.305884 -0.577363
v 0.331467 -0.304661 -0.566285
v 0.357931 -0.301343 -0.553895
v 0.304351 -0.417278 -0.577161
v 0.331380 -0.415355 -0.566086
v 0.357834 -0.410133 -0.553700
v 0.304141 -0.513224 -0.576610
v 0.331143 -0.510599 -0.565547
v 0.357571 -0.503474 -0.553173
vn 0.1673 0.0026 -0.9859
vn 0.1673 0.0090 -0.9859
vn 0.2154 0.0090 -0.9765
vn 0.2154 0.0026 -0.9765
vn 0.1672 0.0222 -0.9857
vn 0.2153 0.0222 -0.9763
vn 0.2629 0.0090 -0.9648
vn 0.2630 0.0026 -0.9648
vn 0.2629 0.0222 -0.9646
vn 0.1186 0.0002 -0.9929
vn 0.1187 0.0026 -0.9929
vn 0.1672 0.0002 -0.9859
vn 0.1187 0.0090 -0.9929
vn 0.1186 0.0222 -0.9927
vn 0.1184 0.0485 -0.9918
vn 0.1670 0.0485 -0.9848
vn 0.2151 0.0485 -0.9754
vn 0.2626 0.0485 -0.9637
vn 0.3096 0.0485 -0.9496
vn 0.3099 0.0222 -0.9505
vn 0.3100 0.0090 -0.9507
vn 0.3100 0.0026 -0.9507
vn 0.2629 0.0002 -0.9648
vn 0.3100 0.0002 -0.9507
vn 0.2153 0.0002 -0.9765
vn 0.6867 0.0028 -0.7269
vn 0.6867 0.0094 -0.7269
vn 0.7215 0.0094 -0.6923
vn 0.7216 0.0029 -0.6923
vn 0.6866 0.0225 -0.7267
vn 0.7214 0.0225 -0.6922
vn 0.7547 0.0094 -0.6560
vn 0.7547 0.0028 -0.6561
vn 0.7545 0.0225 -0.6559
vn 0.6502 0.0002 -0.7597
vn 0.6501 0.0028 -0.7598
vn 0.6868 0.0002 -0.7269
vn 0.6501 0.0094 -0.7598
vn 0.6500 0.0225 -0.7596
vn 0.6495 0.0486 -0.7588
vn 0.6859 0.0486 -0.7260
vn 0.7207 0.0486 -0.6915
vn 0.7538 0.0486 -0.6553
vn 0.7850 0.0486 -0.6175
vn 0.7858 0.0225 -0.6180
vn 0.7860 0.0094 -0.6181
vn 0.7860 0.0028 -0.6182
vn 0.7547 0.0002 -0.6561
vn 0.7860 0.0002 -0.6183
vn 0.7216 0.0002 -0.6923
vn 0.8155 0.0028 -0.5788
vn 0.8155 0.0093 -0.5787
vn 0.8429 0.0092 -0.5380
vn 0.8429 0.0027 -0.5381
vn 0.8152 0.0224 -0.5787
vn 0.8426 0.0223 -0.5380
vn 0.8682 0.0091 -0.4961
vn 0.8682 0.0027 -0.4961
vn 0.8680 0.0223 -0.4961
vn 0.8154 0.0002 -0.5789
vn 0.8144 0.0486 -0.5782
vn 0.8418 0.0486 -0.5376
vn 0.8671 0.0486 -0.4957
vn 0.8904 0.0485 -0.4525
vn 0.8913 0.0222 -0.4529
vn 0.8915 0.0090 -0.4529
vn 0.8915 0.0026 -0.4529
vn 0.8682 0.0002 -0.4963
vn 0.8915 0.0002 -0.4531
vn 0.8428 0.0002 -0.5383
vn 0.9127 0.0026 -0.4087
vn 0.9127 0.0090 -0.4086
vn 0.9316 0.0090 -0.3634
vn 0.9316 0.0026 -0.3635
vn 0.9124 0.0222 -0.4086
vn 0.9314 0.0222 -0.3634
vn 0.9483 0.0090 -0.3174
vn 0.9483 0.0026 -0.3174
vn 0.9481 0.0222 -0.3173
vn 0.9127 0.0002 -0.4087
vn 0.9116 0.0485 -0.4082
vn 0.9305 0.0485 -0.3631
vn 0.9472 0.0485 -0.3170
vn 0.9616 0.0485 -0.2701
vn 0.9625 0.0222 -0.2704
vn 0.9627 0.0090 -0.2704
vn 0.9627 0.0026 -0.2704
vn 0.9483 0.0002 -0.3174
vn 0.9627 0.0002 -0.2704
vn 0.9316 0.0002 -0.3635
vn 0.9749 0.0026 -0.2228
vn 0.9748 0.0090 -0.2228
vn 0.9846 0.0090 -0.1748
vn 0.9846 0.0026 -0.1748
vn 0.9746 0.0222 -0.2228
vn 0.9844 0.0222 -0.1748
vn 0.9919 0.0090 -0.1264
vn 0.9920 0.0026 -0.1264
vn 0.9917 0.0222 -0.1263
vn 0.9749 0.0002 -0.2228
vn 0.9737 0.0485 -0.2226
vn 0.9834 0.0485 -0.1746
vn 0.9908 0.0485 -0.1261
vn 0.9958 0.0485 -0.0773
vn 0.9967 0.0222 -0.0775
vn 0.9969 0.0090 -0.0776
vn 0.9970 0.0026 -0.0776
vn 0.9920 0.0002 -0.1263
vn 0.9970 0.0002 -0.0774
vn 0.9846 0.0002 -0.1748
vn 0.9996 0.0027 -0.0285
vn 0.9995 0.0091 -0.0286
vn 0.9997 0.0092 0.0204
vn 0.9998 0.0027 0.0205
vn 0.9993 0.0223 -0.0285
vn 0.9995 0.0224 0.0205
vn 0.9975 0.0093 0.0694
vn 0.9976 0.0028 0.0695
vn 0.9973 0.0224 0.0695
vn 0.9996 0.0002 -0.0284
vn 0.9984 0.0486 -0.0284
vn 0.9986 0.0486 0.0206
vn 0.9964 0.0486 0.0696
vn 0.9918 0.0486 0.1184
vn 0.9927 0.0225 0.1184
vn 0.9929 0.0094 0.1184
vn 0.9930 0.0028 0.1184
vn 0.9976 0.0002 0.0697
vn 0.9929 0.0002 0.1186
vn 0.9998 0.0002 0.0207
vn 0.9859 0.0029 0.1671
vn 0.9859 0.0094 0.1671
vn 0.9765 0.0094 0.2153
vn 0.9765 0.0029 0.2153
vn 0.9857 0.0225 0.1671
vn 0.9763 0.0225 0.2153
vn 0.9647 0.0094 0.2630
vn 0.9648 0.0029 0.2630
vn 0.9646 0.0225 0.2629
vn 0.9859 0.0002 0.1672
vn 0.9848 0.0486 0.1670
vn 0.9754 0.0486 0.2151
vn 0.9637 0.0486 0.2626
vn 0.9496 0.0486 0.3097
vn 0.9505 0.0225 0.3100
vn 0.9506 0.0094 0.3102
vn 0.9507 0.0028 0.3101
vn 0.9648 0.0002 0.2630
vn 0.9507 0.0002 0.3100
vn 0.9765 0.0002 0.2153
vn 0.9343 0.0028 0.3565
vn 0.9342 0.0093 0.3565
vn 0.9156 0.0092 0.4019
vn 0.9157 0.0027 0.4019
vn 0.9341 0.0224 0.3563
vn 0.9155 0.0224 0.4017
vn 0.8948 0.0091 0.4463
vn 0.8949 0.0027 0.4463
vn 0.8947 0.0223 0.4461
vn 0.9344 0.0002 0.3563
vn 0.9333 0.0486 0.3559
vn 0.9147 0.0486 0.4013
vn 0.8939 0.0486 0.4456
vn 0.8709 0.0485 0.4890
vn 0.8717 0.0222 0.4895
vn 0.8719 0.0090 0.4897
vn 0.8719 0.0026 0.4896
vn 0.8950 0.0002 0.4461
vn 0.8720 0.0002 0.4895
vn 0.9158 0.0002 0.4017
vn 0.8469 0.0026 0.5318
vn 0.8468 0.0090 0.5318
vn 0.8197 0.0090 0.5727
vn 0.8198 0.0026 0.5727
vn 0.8467 0.0222 0.5317
vn 0.8196 0.0222 0.5725
vn 0.7907 0.0090 0.6121
vn 0.7907 0.0026 0.6122
vn 0.7905 0.0222 0.6120
vn 0.8469 0.0002 0.5318
vn 0.8459 0.0485 0.5311
vn 0.8188 0.0485 0.5720
vn 0.7898 0.0485 0.6114
vn 0.7588 0.0485 0.6495
vn 0.7595 0.0222 0.6501
vn 0.7597 0.0090 0.6502
vn 0.7597 0.0026 0.6502
vn 0.7907 0.0002 0.6121
vn 0.7597 0.0002 0.6502
vn 0.8198 0.0002 0.5726
vn 0.7269 0.0026 0.6868
vn 0.7269 0.0090 0.6867
vn 0.6923 0.0090 0.7215
vn 0.6923 0.0026 0.7216
vn 0.7267 0.0222 0.6866
vn 0.6922 0.0222 0.7214
vn 0.6561 0.0090 0.7546
vn 0.6561 0.0026 0.7546
vn 0.6560 0.0222 0.7545
vn 0.7269 0.0002 0.6868
vn 0.7260 0.0485 0.6860
vn 0.6915 0.0485 0.7207
vn 0.6554 0.0485 0.7538
vn 0.6175 0.0485 0.7850
vn 0.6181 0.0222 0.7858
vn 0.6183 0.0090 0.7859
vn 0.6183 0.0026 0.7860
vn 0.6561 0.0002 0.7547
vn 0.6183 0.0002 0.7860
vn 0.6923 0.0002 0.7216
vn 0.5789 0.0026 0.8154
vn 0.5789 0.0090 0.8153
vn 0.5383 0.0090 0.8427
vn 0.5383 0.0026 0.8428
vn 0.5788 0.0222 0.8152
vn 0.5381 0.0222 0.8426
vn 0.4964 0.0090 0.8681
vn 0.4964 0.0026 0.8681
vn 0.4962 0.0222 0.8679
vn 0.5789 0.0002 0.8154
vn 0.5783 0.0485 0.8144
vn 0.5376 0.0485 0.8418
vn 0.4957 0.0485 0.8671
vn 0.4525 0.0485 0.8904
vn 0.4530 0.0222 0.8912
vn 0.4532 0.0090 0.8914
vn 0.4532 0.0026 0.8914
vn 0.4963 0.0002 0.8682
vn 0.4531 0.0002 0.8915
vn 0.5383 0.0002 0.8428
vn 0.4089 0.0027 0.9126
vn 0.4089 0.0091 0.9125
vn 0.3637 0.0092 0.9315
vn 0.3637 0.0027 0.9315
vn 0.4087 0.0223 0.9124
vn 0.3635 0.0223 0.9313
vn 0.3176 0.0093 0.9482
vn 0.3176 0.0028 0.9482
vn 0.3174 0.0224 0.9480
vn 0.4087 0.0002 0.9127
vn 0.4083 0.0486 0.9116
vn 0.3631 0.0486 0.9305
vn 0.3170 0.0486 0.9472
vn 0.2701 0.0486 0.9616
vn 0.2705 0.0225 0.9625
vn 0.2706 0.0094 0.9626
vn 0.2706 0.0028 0.9627
vn 0.3174 0.0002 0.9483
vn 0.2704 0.0002 0.9627
vn 0.3635 0.0002 0.9316
vn 0.2229 0.0028 0.9748
vn 0.2229 0.0094 0.9748
vn 0.1748 0.0094 0.9846
vn 0.1748 0.0029 0.9846
vn 0.2228 0.0225 0.9746
vn 0.1747 0.0225 0.9844
vn 0.1262 0.0094 0.9920
vn 0.1262 0.0028 0.9920
vn 0.1262 0.0225 0.9917
vn 0.2228 0.0002 0.9749
vn 0.2226 0.0486 0.9737
vn 0.1746 0.0486 0.9834
vn 0.1261 0.0486 0.9908
vn 0.0773 0.0486 0.9958
vn 0.0773 0.0225 0.9968
vn 0.0772 0.0094 0.9970
vn 0.0773 0.0028 0.9970
vn 0.1263 0.0002 0.9920
vn 0.0774 0.0002 0.9970
vn 0.1748 0.0002 0.9846
vn 0.0282 0.0028 0.9996
vn 0.0281 0.0093 0.9996
vn -0.0209 0.0092 0.9997
vn -0.0209 0.0027 0.9998
vn 0.0282 0.0224 0.9994
vn -0.0208 0.0223 0.9995
vn -0.0699 0.0091 0.9975
vn -0.0698 0.0027 0.9976
vn -0.0698 0.0223 0.9973
vn 0.0284 0.0002 0.9996
vn 0.0283 0.0486 0.9984
vn -0.0207 0.0486 0.9986
vn -0.0696 0.0486 0.9964
vn -0.1184 0.0485 0.9918
vn -0.1186 0.0222 0.9927
vn -0.1187 0.0090 0.9929
vn -0.1187 0.0026 0.9929
vn -0.0697 0.0002 0.9976
vn -0.1186 0.0002 0.9929
vn -0.0207 0.0002 0.9998
vn -0.1673 0.0026 0.9859
vn -0.1673 0.0090 0.9859
vn -0.2154 0.0090 0.9765
vn -0.2154 0.0026 0.9765
vn -0.1672 0.0222 0.9857
vn -0.2153 0.0222 0.9763
vn -0.2629 0.0090 0.9648
vn -0.2630 0.0026 0.9648
vn -0.2629 0.0222 0.9646
vn -0.1672 0.0002 0.9859
vn -0.1670 0.0485 0.9848
vn -0.2151 0.0485 0.9754
vn -0.2626 0.0485 0.9637
vn -0.3096 0.0485 0.9496
vn -0.3099 0.0222 0.9505
vn -0.3100 0.0090 0.9507
vn -0.3100 0.0026 0.9507
vn -0.2629 0.0002 0.9648
vn -0.3100 0.0002 0.9507
vn -0.2153 0.0002 0.9765
vn -0.3563 0.0026 0.9344
vn -0.3563 0.0090 0.9343
vn -0.4016 0.0090 0.9158
vn -0.4017 0.0026 0.9158
vn -0.3562 0.0222 0.9341
vn -0.4016 0.0222 0.9156
vn -0.4460 0.0090 0.8950
vn -0.4460 0.0026 0.8950
vn -0.4460 0.0222 0.8948
vn -0.3563 0.0002 0.9344
vn -0.3559 0.0485 0.9333
vn -0.4012 0.0485 0.9147
vn -0.4456 0.0485 0.8939
vn -0.4889 0.0485 0.8710
vn -0.4893 0.0222 0.8718
vn -0.4894 0.0090 0.8720
vn -0.4894 0.0026 0.8720
vn -0.4461 0.0002 0.8950
vn -0.4895 0.0002 0.8720
vn -0.4017 0.0002 0.9158
vn -0.5316 0.0027 0.8470
vn -0.5315 0.0091 0.8470
vn -0.5724 0.0092 0.8199
vn -0.5725 0.0027 0.8199
vn -0.5315 0.0223 0.8467
vn -0.5724 0.0223 0.8197
vn -0.6119 0.0093 0.7909
vn -0.6120 0.0028 0.7909
vn -0.6119 0.0224 0.7906
vn -0.5318 0.0002 0.8469
vn -0.5311 0.0486 0.8459
vn -0.5719 0.0486 0.8189
vn -0.6114 0.0486 0.7898
vn -0.6495 0.0486 0.7588
vn -0.6500 0.0225 0.7596
vn -0.6501 0.0094 0.7598
vn -0.6501 0.0028 0.7598
vn -0.6121 0.0002 0.7907
vn -0.6502 0.0002 0.7597
vn -0.5726 0.0002 0.8198
vn -0.6867 0.0028 0.7269
vn -0.6867 0.0094 0.7269
vn -0.7215 0.0094 0.6923
vn -0.7216 0.0029 0.6923
vn -0.6866 0.0225 0.7267
vn -0.7214 0.0225 0.6922
vn -0.7547 0.0094 0.6560
vn -0.7547 0.0028 0.6561
vn -0.7545 0.0225 0.6559
vn -0.6868 0.0002 0.7269
vn -0.6859 0.0486 0.7260
vn -0.7207 0.0486 0.6915
vn -0.7538 0.0486 0.6553
vn -0.7850 0.0486 0.6175
vn -0.7858 0.0225 0.6180
vn -0.7860 0.0094 0.6181
vn -0.7860 0.0028 0.6182
vn -0.7547 0.0002 0.6561
vn -0.7860 0.0002 0.6183
vn -0.7216 0.0002 0.6923
vn -0.8155 0.0028 0.5788
vn -0.8155 0.0093 0.5787
vn -0.8429 0.0092 0.5380
vn -0.8429 0.0027 0.5381
vn -0.8152 0.0224 0.5787
vn -0.8426 0.0223 0.5380
vn -0.8682 0.0091 0.4961
vn -0.8682 0.0027 0.4961
vn -0.8680 0.0223 0.4961
vn -0.8154 0.0002 0.5789
vn -0.8144 0.0486 0.5782
vn -0.8418 0.0486 0.5376
vn -0.8671 0.0486 0.4957
vn -0.8904 0.0485 0.4525
vn -0.8913 0.0222 0.4529
vn -0.8915 0.0090 0.4529
vn -0.8915 0.0026 0.4529
vn -0.8682 0.0002 0.4963
vn -0.8915 0.0002 0.4531
vn -0.8428 0.0002 0.5383
vn -0.9127 0.0026 0.4087
vn -0.9127 0.0090 0.4086
vn -0.9316 0.0090 0.3634
vn -0.9316 0.0026 0.3635
vn -0.9124 0.0222 0.4086
vn -0.9314 0.0222 0.3634
vn -0.9483 0.0090 0.3174
vn -0.9483 0.0026 0.3174
vn -0.9481 0.0222 0.3173
vn -0.9127 0.0002 0.4087
vn -0.9116 0.0485 0.4082
vn -0.9305 0.0485 0.3631
vn -0.9472 0.0485 0.3170
vn -0.9616 0.0485 0.2701
vn -0.9625 0.0222 0.2704
vn -0.9627 0.0090 0.2704
vn -0.9627 0.0026 0.2704
vn -0.9483 0.0002 0.3174
vn -0.9627 0.0002 0.2704
vn -0.9316 0.0002 0.3635
vn -0.9749 0.0026 0.2228
vn -0.9748 0.0090 0.2228
vn -0.9846 0.0090 0.1748
vn -0.9846 0.0026 0.1748
vn -0.9746 0.0222 0.2228
vn -0.9844 0.0222 0.1747
vn -0.9920 0.0090 0.1263
vn -0.9920 0.0026 0.1263
vn -0.9917 0.0222 0.1263
vn -0.9749 0.0002 0.2228
vn -0.9737 0.0485 0.2226
vn -0.9834 0.0485 0.1746
vn -0.9908 0.0485 0.1261
vn -0.9958 0.0485 0.0773
vn -0.9968 0.0222 0.0774
vn -0.9970 0.0090 0.0774
vn -0.9970 0.0026 0.0774
vn -0.9920 0.0002 0.1263
vn -0.9970 0.0002 0.0774
vn -0.9846 0.0002 0.1748
vn -0.9996 0.0026 0.0284
vn -0.9996 0.0090 0.0284
vn -0.9997 0.0090 -0.0206
vn -0.9998 0.0026 -0.0206
vn -0.9994 0.0222 0.0284
vn -0.9995 0.0222 -0.0206
vn -0.9975 0.0090 -0.0696
vn -0.9976 0.0026 -0.0696
vn -0.9973 0.0222 -0.0696
vn -0.9996 0.0002 0.0284
vn -0.9984 0.0485 0.0283
vn -0.9986 0.0485 -0.0206
vn -0.9964 0.0485 -0.0696
vn -0.9918 0.0485 -0.1184
vn -0.9927 0.0222 -0.1185
vn -0.9929 0.0090 -0.1184
vn -0.9930 0.0026 -0.1184
vn -0.9976 0.0002 -0.0697
vn -0.9929 0.0002 -0.1186
vn -0.9998 0.0002 -0.0207
vn -0.9860 0.0027 -0.1670
vn -0.9859 0.0091 -0.1670
vn -0.9766 0.0092 -0.2151
vn -0.9766 0.0027 -0.2151
vn -0.9857 0.0223 -0.1670
vn -0.9763 0.0224 -0.2151
vn -0.9648 0.0093 -0.2627
vn -0.9649 0.0028 -0.2628
vn -0.9646 0.0224 -0.2628
vn -0.9859 0.0002 -0.1672
vn -0.9848 0.0486 -0.1670
vn -0.9754 0.0486 -0.2150
vn -0.9637 0.0486 -0.2626
vn -0.9496 0.0486 -0.3096
vn -0.9505 0.0225 -0.3098
vn -0.9507 0.0094 -0.3098
vn -0.9508 0.0028 -0.3099
vn -0.9648 0.0002 -0.2629
vn -0.9507 0.0002 -0.3100
vn -0.9765 0.0002 -0.2153
vn -0.9344 0.0029 -0.3562
vn -0.9344 0.0094 -0.3562
vn -0.9157 0.0094 -0.4017
vn -0.9158 0.0029 -0.4017
vn -0.9341 0.0225 -0.3562
vn -0.9155 0.0225 -0.4016
vn -0.8949 0.0094 -0.4462
vn -0.8949 0.0029 -0.4462
vn -0.8947 0.0225 -0.4460
vn -0.9344 0.0002 -0.3563
vn -0.9333 0.0486 -0.3559
vn -0.9147 0.0486 -0.4012
vn -0.8939 0.0486 -0.4456
vn -0.8709 0.0486 -0.4890
vn -0.8717 0.0225 -0.4895
vn -0.8719 0.0094 -0.4897
vn -0.8719 0.0028 -0.4897
vn -0.8950 0.0002 -0.4461
vn -0.8720 0.0002 -0.4895
vn -0.9158 0.0002 -0.4017
vn -0.8468 0.0028 -0.5319
vn -0.8467 0.0093 -0.5319
vn -0.8196 0.0092 -0.5728
vn -0.8197 0.0027 -0.5728
vn -0.8466 0.0224 -0.5317
vn -0.8195 0.0224 -0.5726
vn -0.7906 0.0091 -0.6123
vn -0.7906 0.0027 -0.6123
vn -0.7905 0.0223 -0.6121
vn -0.8469 0.0002 -0.5318
vn -0.8459 0.0486 -0.5312
vn -0.8188 0.0486 -0.5720
vn -0.7898 0.0486 -0.6114
vn -0.7588 0.0485 -0.6495
vn -0.7595 0.0222 -0.6501
vn -0.7596 0.0090 -0.6503
vn -0.7596 0.0026 -0.6503
vn -0.7907 0.0002 -0.6121
vn -0.7597 0.0002 -0.6502
vn -0.8198 0.0002 -0.5726
vn -0.7268 0.0026 -0.6868
vn -0.7268 0.0090 -0.6868
vn -0.6923 0.0090 -0.7216
vn -0.6923 0.0026 -0.7216
vn -0.7267 0.0222 -0.6866
vn -0.6921 0.0222 -0.7214
vn -0.6561 0.0090 -0.7546
vn -0.6561 0.0026 -0.7547
vn -0.6560 0.0222 -0.7545
vn -0.7269 0.0002 -0.6868
vn -0.7260 0.0485 -0.6860
vn -0.6915 0.0485 -0.7207
vn -0.6554 0.0485 -0.7538
vn -0.6175 0.0485 -0.7850
vn -0.6181 0.0222 -0.7858
vn -0.6183 0.0090 -0.7859
vn -0.6183 0.0026 -0.7860
vn -0.6561 0.0002 -0.7547
vn -0.6183 0.0002 -0.7860
vn -0.6923 0.0002 -0.7216
vn -0.5789 0.0026 -0.8154
vn -0.5789 0.0090 -0.8153
vn -0.5383 0.0090 -0.8427
vn -0.5383 0.0026 -0.8428
vn -0.5788 0.0222 -0.8152
vn -0.5381 0.0222 -0.8426
vn -0.4964 0.0090 -0.8681
vn -0.4964 0.0026 -0.8681
vn -0.4962 0.0222 -0.8679
vn -0.5789 0.0002 -0.8154
vn -0.5783 0.0485 -0.8144
vn -0.5376 0.0485 -0.8418
vn -0.4957 0.0485 -0.8671
vn -0.4525 0.0485 -0.8904
vn -0.4530 0.0222 -0.8912
vn -0.4532 0.0090 -0.8914
vn -0.4532 0.0026 -0.8914
vn -0.4963 0.0002 -0.8682
vn -0.4531 0.0002 -0.8915
vn -0.5383 0.0002 -0.8428
vn -0.4089 0.0027 -0.9126
vn -0.4089 0.0091 -0.9125
vn -0.3637 0.0092 -0.9315
vn -0.3637 0.0027 -0.9315
vn -0.4087 0.0223 -0.9124
vn -0.3635 0.0223 -0.9313
vn -0.3176 0.0093 -0.9482
vn -0.3176 0.0028 -0.9482
vn -0.3174 0.0224 -0.9480
vn -0.4087 0.0002 -0.9127
vn -0.4083 0.0486 -0.9116
vn -0.3631 0.0486 -0.9305
vn -0.3170 0.0486 -0.9472
vn -0.2701 0.0486 -0.9616
vn -0.2705 0.0225 -0.9625
vn -0.2706 0.0094 -0.9626
vn -0.2706 0.0028 -0.9627
vn -0.3174 0.0002 -0.9483
vn -0.2704 0.0002 -0.9627
vn -0.3635 0.0002 -0.9316
vn -0.2229 0.0028 -0.9748
vn -0.2229 0.0094 -0.9748
vn -0.1748 0.0094 -0.9846
vn -0.1748 0.0029 -0.9846
vn -0.2228 0.0225 -0.9746
vn -0.1747 0.0225 -0.9844
vn -0.1262 0.0094 -0.9920
vn -0.1262 0.0028 -0.9920
vn -0.1262 0.0225 -0.9917
vn -0.2228 0.0002 -0.9749
vn -0.2226 0.0486 -0.9737
vn -0.1746 0.0486 -0.9834
vn -0.1261 0.0486 -0.9908
vn -0.0773 0.0486 -0.9958
vn -0.0773 0.0225 -0.9968
vn -0.0772 0.0094 -0.9970
vn -0.0773 0.0028 -0.9970
vn -0.1263 0.0002 -0.9920
vn -0.0774 0.0002 -0.9970
vn -0.1748 0.0002 -0.9846
vn -0.0282 0.0028 -0.9996
vn -0.0281 0.0093 -0.9996
vn 0.0209 0.0092 -0.9997
vn 0.0209 0.0027 -0.9998
vn -0.0282 0.0224 -0.9994
vn 0.0208 0.0223 -0.9995
vn 0.0699 0.0091 -0.9975
vn 0.0698 0.0027 -0.9976
vn 0.0698 0.0223 -0.9973
vn -0.0284 0.0002 -0.9996
vn -0.0283 0.0486 -0.9984
vn 0.0207 0.0486 -0.9986
vn 0.0696 0.0486 -0.9964
vn 0.0697 0.0002 -0.9976
vn 0.0207 0.0002 -0.9998
vn 0.3563 0.0026 -0.9344
vn 0.3563 0.0090 -0.9343
vn 0.4016 0.0090 -0.9158
vn 0.4017 0.0026 -0.9158
vn 0.3562 0.0222 -0.9341
vn 0.4016 0.0222 -0.9156
vn 0.4460 0.0090 -0.8950
vn 0.4460 0.0026 -0.8950
vn 0.4460 0.0222 -0.8948
vn 0.3563 0.0002 -0.9344
vn 0.3559 0.0485 -0.9333
vn 0.4012 0.0485 -0.9147
vn 0.4456 0.0485 -0.8939
vn 0.4889 0.0485 -0.8710
vn 0.4893 0.0222 -0.8718
vn 0.4894 0.0090 -0.8720
vn 0.4894 0.0026 -0.8720
vn 0.4461 0.0002 -0.8950
vn 0.4895 0.0002 -0.8720
vn 0.4017 0.0002 -0.9158
vn 0.5316 0.0027 -0.8470
vn 0.5315 0.0091 -0.8470
vn 0.5724 0.0092 -0.8199
vn 0.5725 0.0027 -0.8199
vn 0.5315 0.0223 -0.8467
vn 0.5724 0.0223 -0.8197
vn 0.6119 0.0093 -0.7909
vn 0.6120 0.0028 -0.7909
vn 0.6119 0.0224 -0.7906
vn 0.5318 0.0002 -0.8469
vn 0.5311 0.0486 -0.8459
vn 0.5719 0.0486 -0.8189
vn 0.6114 0.0486 -0.7898
vn 0.6121 0.0002 -0.7907
vn 0.5726 0.0002 -0.8198
vn -0.5789 -0.0011 -0.8154
vn -0.5382 -0.0011 -0.8428
vn -0.5378 -0.0042 -0.8431
vn -0.5788 -0.0041 -0.8155
vn -0.4961 -0.0012 -0.8683
vn -0.4952 -0.0043 -0.8688
vn -0.5366 -0.0111 -0.8438
vn -0.5784 -0.0109 -0.8157
vn -0.4924 -0.0114 -0.8703
vn -0.6183 -0.0011 -0.7860
vn -0.4527 -0.0012 -0.8917
vn -0.4510 -0.0045 -0.8925
vn -0.4459 -0.0120 -0.8950
vn -0.4319 -0.0293 -0.9014
vn -0.4846 -0.0281 -0.8743
vn -0.5331 -0.0272 -0.8456
vn -0.5773 -0.0266 -0.8161
vn -0.6182 -0.0108 -0.7859
vn -0.6181 -0.0264 -0.7857
vn -0.6183 -0.0041 -0.7860
vn 0.4440 0.0965 -0.8908
vn 0.3998 0.0965 -0.9115
vn 0.3957 0.1722 -0.9021
vn 0.4395 0.1722 -0.8816
vn 0.3547 0.0965 -0.9300
vn 0.3510 0.1722 -0.9204
vn 0.3869 0.2690 -0.8820
vn 0.4297 0.2690 -0.8620
vn 0.3432 0.2690 -0.8999
vn 0.4872 0.0965 -0.8679
vn 0.3086 0.0965 -0.9463
vn 0.3054 0.1722 -0.9365
vn 0.2986 0.2690 -0.9157
vn 0.2892 0.3602 -0.8869
vn 0.3324 0.3602 -0.8716
vn 0.3747 0.3602 -0.8543
vn 0.4162 0.3602 -0.8349
vn 0.4715 0.2690 -0.8398
vn 0.4567 0.3602 -0.8135
vn 0.4822 0.1722 -0.8590
vn 0.4021 0.4332 -0.8067
vn 0.3621 0.4332 -0.8254
vn 0.3486 0.4969 -0.7947
vn 0.3871 0.4969 -0.7766
vn 0.3212 0.4332 -0.8422
vn 0.3092 0.4969 -0.8108
vn 0.3340 0.5555 -0.7615
vn 0.3710 0.5555 -0.7442
vn 0.2963 0.5555 -0.7770
vn 0.4412 0.4332 -0.7859
vn 0.2794 0.4332 -0.8569
vn 0.2690 0.4969 -0.8250
vn 0.2578 0.5555 -0.7906
vn 0.2458 0.6093 -0.7539
vn 0.2825 0.6093 -0.7409
vn 0.3185 0.6093 -0.7262
vn 0.3537 0.6093 -0.7097
vn 0.4071 0.5555 -0.7251
vn 0.3882 0.6093 -0.6914
vn 0.4248 0.4969 -0.7567
vn 0.3354 0.6593 -0.6729
vn 0.3020 0.6593 -0.6885
vn 0.2844 0.7063 -0.6483
vn 0.3158 0.7063 -0.6336
vn 0.2679 0.6593 -0.7025
vn 0.2522 0.7063 -0.6615
vn 0.2655 0.7504 -0.6054
vn 0.2949 0.7504 -0.5916
vn 0.2355 0.7504 -0.6177
vn 0.3681 0.6593 -0.6556
vn 0.2331 0.6593 -0.7148
vn 0.2195 0.7063 -0.6730
vn 0.2049 0.7504 -0.6285
vn 0.1894 0.7916 -0.5810
vn 0.2177 0.7916 -0.5710
vn 0.2455 0.7916 -0.5596
vn 0.2726 0.7916 -0.5469
vn 0.3236 0.7504 -0.5764
vn 0.2991 0.7916 -0.5329
vn 0.3465 0.7063 -0.6173
vn 0.2486 0.8303 -0.4988
vn 0.2239 0.8303 -0.5104
vn 0.2004 0.8667 -0.4568
vn 0.2225 0.8667 -0.4464
vn 0.1986 0.8303 -0.5207
vn 0.1777 0.8667 -0.4660
vn 0.1747 0.9004 -0.3983
vn 0.1941 0.9004 -0.3893
vn 0.1550 0.9004 -0.4064
vn 0.2728 0.8303 -0.4860
vn 0.1728 0.8303 -0.5298
vn 0.1546 0.8667 -0.4742
vn 0.1348 0.9004 -0.4136
vn 0.1135 0.9306 -0.3480
vn 0.1309 0.9307 -0.3416
vn 0.1469 0.9308 -0.3349
vn 0.1627 0.9307 -0.3276
vn 0.2129 0.9004 -0.3793
vn 0.1792 0.9306 -0.3191
vn 0.2442 0.8667 -0.4349
vn 0.1266 0.9563 -0.2636
vn 0.1170 0.9567 -0.2667
vn 0.0857 0.9770 -0.1954
vn 0.0845 0.9759 -0.2011
vn 0.1082 0.9563 -0.2717
vn 0.0907 0.9759 -0.1984
vn 0.0555 0.9904 -0.1266
vn 0.0420 0.9887 -0.1442
vn 0.0777 0.9886 -0.1286
vn 0.1438 0.9559 -0.2561
vn 0.0910 0.9559 -0.2792
vn 0.0688 0.9751 -0.2110
vn 0.0493 0.9873 -0.1512
vn 0.0351 0.9936 -0.1078
vn 0.0446 0.9959 -0.0790
vn 0.0308 0.9971 -0.0701
vn 0.0279 0.9959 -0.0863
vn 0.0779 0.9873 -0.1387
vn 0.0555 0.9936 -0.0989
vn 0.1086 0.9751 -0.1935
vn 0.6093 0.0965 -0.7871
vn 0.5700 0.0965 -0.8160
vn 0.5641 0.1722 -0.8076
vn 0.6030 0.1722 -0.7789
vn 0.5293 0.0965 -0.8429
vn 0.5238 0.1722 -0.8342
vn 0.5515 0.2690 -0.7896
vn 0.5896 0.2690 -0.7616
vn 0.5122 0.2690 -0.8157
vn 0.6472 0.0965 -0.7562
vn 0.4961 0.3602 -0.7900
vn 0.5342 0.3602 -0.7648
vn 0.5711 0.3602 -0.7377
vn 0.6263 0.2690 -0.7317
vn 0.6066 0.3602 -0.7087
vn 0.6405 0.1722 -0.7484
vn 0.5517 0.4332 -0.7127
vn 0.5161 0.4332 -0.7389
vn 0.4969 0.4969 -0.7114
vn 0.5312 0.4969 -0.6862
vn 0.4793 0.4332 -0.7633
vn 0.4615 0.4969 -0.7349
vn 0.4762 0.5555 -0.6817
vn 0.5090 0.5555 -0.6575
vn 0.4422 0.5555 -0.7042
vn 0.5861 0.4332 -0.6848
vn 0.4217 0.6093 -0.6715
vn 0.4541 0.6093 -0.6501
vn 0.4854 0.6093 -0.6270
vn 0.5407 0.5555 -0.6317
vn 0.5156 0.6093 -0.6024
vn 0.5643 0.4969 -0.6593
vn 0.4603 0.6593 -0.5945
vn 0.4306 0.6593 -0.6164
vn 0.4054 0.7063 -0.5804
vn 0.4334 0.7063 -0.5598
vn 0.3998 0.6593 -0.6368
vn 0.3764 0.7063 -0.5995
vn 0.3785 0.7504 -0.5419
vn 0.4047 0.7504 -0.5227
vn 0.3515 0.7504 -0.5598
vn 0.4889 0.6593 -0.5712
vn 0.3249 0.7916 -0.5175
vn 0.3499 0.7916 -0.5010
vn 0.3741 0.7916 -0.4832
vn 0.4298 0.7504 -0.5022
vn 0.3973 0.7916 -0.4643
vn 0.4603 0.7063 -0.5378
vn 0.3412 0.8303 -0.4407
vn 0.3191 0.8303 -0.4569
vn 0.2856 0.8667 -0.4089
vn 0.3053 0.8667 -0.3944
vn 0.2964 0.8303 -0.4720
vn 0.2652 0.8667 -0.4224
vn 0.2491 0.9004 -0.3566
vn 0.2663 0.9004 -0.3440
vn 0.2313 0.9004 -0.3684
vn 0.3624 0.8303 -0.4234
vn 0.1950 0.9307 -0.3095
vn 0.2094 0.9308 -0.2998
vn 0.2235 0.9307 -0.2896
vn 0.2828 0.9004 -0.3305
vn 0.2380 0.9306 -0.2781
vn 0.3243 0.8667 -0.3789
vn 0.1756 0.9563 -0.2339
vn 0.1667 0.9567 -0.2387
vn 0.1222 0.9770 -0.1749
vn 0.1221 0.9759 -0.1807
vn 0.1592 0.9563 -0.2454
vn 0.1277 0.9759 -0.1769
vn 0.0791 0.9904 -0.1133
vn 0.0694 0.9887 -0.1333
vn 0.1013 0.9886 -0.1110
vn 0.1909 0.9559 -0.2231
vn 0.0592 0.9959 -0.0688
vn 0.0439 0.9971 -0.0628
vn 0.0442 0.9959 -0.0792
vn 0.1034 0.9873 -0.1208
vn 0.0737 0.9936 -0.0861
vn 0.1443 0.9751 -0.1686
vn 0.7511 0.0965 -0.6531
vn 0.7182 0.0965 -0.6891
vn 0.7108 0.1722 -0.6820
vn 0.7434 0.1722 -0.6463
vn 0.6836 0.0965 -0.7235
vn 0.6765 0.1722 -0.7160
vn 0.6950 0.2690 -0.6668
vn 0.7268 0.2690 -0.6319
vn 0.6614 0.2690 -0.7001
vn 0.7823 0.0965 -0.6154
vn 0.6407 0.3602 -0.6781
vn 0.6731 0.3602 -0.6459
vn 0.7040 0.3602 -0.6121
vn 0.7570 0.2690 -0.5955
vn 0.7332 0.3602 -0.5768
vn 0.7742 0.1722 -0.6090
vn 0.6802 0.4332 -0.5914
vn 0.6504 0.4332 -0.6240
vn 0.6262 0.4969 -0.6008
vn 0.6549 0.4969 -0.5694
vn 0.6190 0.4332 -0.6551
vn 0.5960 0.4969 -0.6308
vn 0.6000 0.5555 -0.5757
vn 0.6275 0.5555 -0.5456
vn 0.5711 0.5555 -0.6044
vn 0.7084 0.4332 -0.5573
vn 0.5446 0.6093 -0.5764
vn 0.5722 0.6093 -0.5490
vn 0.5984 0.6093 -0.5203
vn 0.6536 0.5555 -0.5141
vn 0.6232 0.6093 -0.4903
vn 0.6820 0.4969 -0.5365
vn 0.5674 0.6593 -0.4933
vn 0.5425 0.6593 -0.5205
vn 0.5108 0.7063 -0.4901
vn 0.5342 0.7063 -0.4645
vn 0.5164 0.6593 -0.5465
vn 0.4862 0.7063 -0.5146
vn 0.4770 0.7504 -0.4577
vn 0.4989 0.7504 -0.4337
vn 0.4540 0.7504 -0.4805
vn 0.5909 0.6593 -0.4649
vn 0.4197 0.7916 -0.4442
vn 0.4409 0.7916 -0.4231
vn 0.4611 0.7916 -0.4009
vn 0.5196 0.7504 -0.4087
vn 0.4803 0.7916 -0.3778
vn 0.5564 0.7063 -0.4377
vn 0.4206 0.8303 -0.3657
vn 0.4021 0.8303 -0.3858
vn 0.3599 0.8667 -0.3453
vn 0.3764 0.8667 -0.3273
vn 0.3827 0.8303 -0.4051
vn 0.3425 0.8667 -0.3626
vn 0.3139 0.9004 -0.3012
vn 0.3283 0.9004 -0.2854
vn 0.2987 0.9004 -0.3162
vn 0.4380 0.8303 -0.3446
vn 0.2516 0.9307 -0.2655
vn 0.2638 0.9308 -0.2532
vn 0.2757 0.9307 -0.2404
vn 0.3419 0.9004 -0.2689
vn 0.2877 0.9306 -0.2263
vn 0.3920 0.8667 -0.3084
vn 0.2178 0.9563 -0.1951
vn 0.2101 0.9567 -0.2016
vn 0.1540 0.9770 -0.1477
vn 0.1551 0.9759 -0.1534
vn 0.2040 0.9563 -0.2096
vn 0.1597 0.9759 -0.1486
vn 0.0997 0.9904 -0.0957
vn 0.0940 0.9887 -0.1172
vn 0.1210 0.9886 -0.0891
vn 0.2308 0.9559 -0.1816
vn 0.0714 0.9959 -0.0559
vn 0.0553 0.9971 -0.0530
vn 0.0588 0.9959 -0.0691
vn 0.1250 0.9873 -0.0983
vn 0.0891 0.9936 -0.0701
vn 0.1744 0.9751 -0.1372
vn 0.8641 0.0965 -0.4940
vn 0.8388 0.0965 -0.5357
vn 0.8302 0.1722 -0.5302
vn 0.8552 0.1722 -0.4889
vn 0.8116 0.0965 -0.5762
vn 0.8032 0.1722 -0.5703
vn 0.8117 0.2690 -0.5184
vn 0.8361 0.2690 -0.4780
vn 0.7853 0.2690 -0.5576
vn 0.8873 0.0965 -0.4509
vn 0.7606 0.3602 -0.5401
vn 0.7862 0.3602 -0.5021
vn 0.8099 0.3602 -0.4630
vn 0.8586 0.2690 -0.4364
vn 0.8316 0.3602 -0.4226
vn 0.8782 0.1722 -0.4463
vn 0.7825 0.4332 -0.4473
vn 0.7596 0.4332 -0.4851
vn 0.7314 0.4969 -0.4671
vn 0.7534 0.4969 -0.4307
vn 0.7349 0.4332 -0.5218
vn 0.7076 0.4969 -0.5024
vn 0.7008 0.5555 -0.4476
vn 0.7219 0.5555 -0.4127
vn 0.6780 0.5555 -0.4814
vn 0.8035 0.4332 -0.4084
vn 0.6466 0.6093 -0.4591
vn 0.6683 0.6093 -0.4268
vn 0.6884 0.6093 -0.3935
vn 0.7413 0.5555 -0.3767
vn 0.7069 0.6093 -0.3593
vn 0.7736 0.4969 -0.3932
vn 0.6527 0.6593 -0.3731
vn 0.6337 0.6593 -0.4047
vn 0.5966 0.7063 -0.3810
vn 0.6146 0.7063 -0.3513
vn 0.6131 0.6593 -0.4353
vn 0.5772 0.7063 -0.4098
vn 0.5571 0.7504 -0.3558
vn 0.5739 0.7504 -0.3281
vn 0.5390 0.7504 -0.3827
vn 0.6703 0.6593 -0.3406
vn 0.4983 0.7916 -0.3538
vn 0.5150 0.7916 -0.3289
vn 0.5305 0.7916 -0.3033
vn 0.5893 0.7504 -0.2995
vn 0.5448 0.7916 -0.2769
vn 0.6311 0.7063 -0.3207
vn 0.4838 0.8303 -0.2766
vn 0.4697 0.8303 -0.3000
vn 0.4204 0.8667 -0.2685
vn 0.4330 0.8667 -0.2475
vn 0.4544 0.8303 -0.3226
vn 0.4067 0.8667 -0.2888
vn 0.3666 0.9004 -0.2341
vn 0.3776 0.9004 -0.2159
vn 0.3547 0.9004 -0.2518
vn 0.4968 0.8303 -0.2525
vn 0.2986 0.9307 -0.2114
vn 0.3082 0.9308 -0.1968
vn 0.3173 0.9307 -0.1820
vn 0.3878 0.9004 -0.1971
vn 0.3263 0.9306 -0.1658
vn 0.4447 0.8667 -0.2260
vn 0.2517 0.9563 -0.1489
vn 0.2454 0.9567 -0.1567
vn 0.1798 0.9770 -0.1149
vn 0.1820 0.9759 -0.1202
vn 0.2409 0.9563 -0.1658
vn 0.1856 0.9759 -0.1146
vn 0.1165 0.9904 -0.0744
vn 0.1151 0.9887 -0.0966
vn 0.1360 0.9886 -0.0638
vn 0.2618 0.9559 -0.1330
vn 0.0810 0.9959 -0.0409
vn 0.0646 0.9971 -0.0412
vn 0.0712 0.9959 -0.0563
vn 0.1418 0.9873 -0.0720
vn 0.1011 0.9936 -0.0514
vn 0.1978 0.9751 -0.1005
vn 0.9439 0.0965 -0.3159
vn 0.9272 0.0965 -0.3618
vn 0.9177 0.1722 -0.3581
vn 0.9341 0.1722 -0.3126
vn 0.9084 0.0965 -0.4068
vn 0.8990 0.1722 -0.4026
vn 0.8972 0.2690 -0.3501
vn 0.9133 0.2690 -0.3057
vn 0.8790 0.2690 -0.3937
vn 0.9582 0.0965 -0.2692
vn 0.8514 0.3602 -0.3813
vn 0.8691 0.3602 -0.3391
vn 0.8846 0.3602 -0.2961
vn 0.9272 0.2690 -0.2605
vn 0.8981 0.3602 -0.2523
vn 0.9484 0.1722 -0.2664
vn 0.8547 0.4332 -0.2861
vn 0.8397 0.4332 -0.3276
vn 0.8084 0.4969 -0.3154
vn 0.8229 0.4969 -0.2754
vn 0.8226 0.4332 -0.3684
vn 0.7920 0.4969 -0.3547
vn 0.7747 0.5555 -0.3023
vn 0.7885 0.5555 -0.2639
vn 0.7589 0.5555 -0.3399
vn 0.8677 0.4332 -0.2437
vn 0.7237 0.6093 -0.3241
vn 0.7387 0.6093 -0.2882
vn 0.7520 0.6093 -0.2517
vn 0.8006 0.5555 -0.2249
vn 0.7634 0.6093 -0.2144
vn 0.8355 0.4969 -0.2347
vn 0.7130 0.6593 -0.2386
vn 0.7004 0.6593 -0.2733
vn 0.6595 0.7063 -0.2573
vn 0.6713 0.7063 -0.2247
vn 0.6862 0.6593 -0.3073
vn 0.6461 0.7063 -0.2894
vn 0.6158 0.7504 -0.2403
vn 0.6269 0.7504 -0.2098
vn 0.6033 0.7504 -0.2702
vn 0.7238 0.6593 -0.2033
vn 0.5577 0.7916 -0.2498
vn 0.5693 0.7916 -0.2221
vn 0.5795 0.7916 -0.1939
vn 0.6364 0.7504 -0.1788
vn 0.5883 0.7916 -0.1653
vn 0.6815 0.7063 -0.1914
vn 0.5285 0.8303 -0.1769
vn 0.5192 0.8303 -0.2026
vn 0.4647 0.8667 -0.1813
vn 0.4730 0.8667 -0.1583
vn 0.5086 0.8303 -0.2278
vn 0.4552 0.8667 -0.2039
vn 0.4052 0.9004 -0.1581
vn 0.4125 0.9004 -0.1381
vn 0.3970 0.9004 -0.1778
vn 0.5365 0.8303 -0.1507
vn 0.3341 0.9307 -0.1490
vn 0.3406 0.9308 -0.1329
vn 0.3467 0.9307 -0.1166
vn 0.4188 0.9004 -0.1176
vn 0.3524 0.9306 -0.0990
vn 0.4802 0.8667 -0.1349
vn 0.2759 0.9563 -0.0969
vn 0.2713 0.9567 -0.1058
vn 0.1988 0.9770 -0.0776
vn 0.2020 0.9759 -0.0824
vn 0.2687 0.9563 -0.1156
vn 0.2044 0.9759 -0.0762
vn 0.1288 0.9904 -0.0502
vn 0.1317 0.9887 -0.0723
vn 0.1459 0.9886 -0.0360
vn 0.2827 0.9559 -0.0794
vn 0.0874 0.9959 -0.0243
vn 0.0714 0.9971 -0.0278
vn 0.0808 0.9959 -0.0413
vn 0.1531 0.9873 -0.0430
vn 0.1091 0.9936 -0.0307
vn 0.2136 0.9751 -0.0600
vn 0.9874 0.0965 -0.1257
vn 0.9800 0.0965 -0.1740
vn 0.9699 0.1722 -0.1722
vn 0.9772 0.1722 -0.1244
vn 0.9703 0.0965 -0.2218
vn 0.9603 0.1722 -0.2195
vn 0.9483 0.2690 -0.1683
vn 0.9554 0.2690 -0.1216
vn 0.9389 0.2690 -0.2146
vn 0.9923 0.0965 -0.0771
vn 0.9094 0.3602 -0.2079
vn 0.9185 0.3602 -0.1630
vn 0.9254 0.3602 -0.1178
vn 0.9602 0.2690 -0.0746
vn 0.9301 0.3602 -0.0722
vn 0.9821 0.1722 -0.0763
vn 0.8941 0.4332 -0.1138
vn 0.8874 0.4332 -0.1575
vn 0.8544 0.4969 -0.1517
vn 0.8608 0.4969 -0.1096
vn 0.8787 0.4332 -0.2008
vn 0.8460 0.4969 -0.1934
vn 0.8187 0.5555 -0.1453
vn 0.8249 0.5555 -0.1050
vn 0.8106 0.5555 -0.1853
vn 0.8986 0.4332 -0.0698
vn 0.7730 0.6093 -0.1767
vn 0.7807 0.6093 -0.1386
vn 0.7866 0.6093 -0.1001
vn 0.8290 0.5555 -0.0644
vn 0.7906 0.6093 -0.0614
vn 0.8652 0.4969 -0.0672
vn 0.7458 0.6593 -0.0950
vn 0.7403 0.6593 -0.1314
vn 0.6970 0.7063 -0.1237
vn 0.7023 0.7063 -0.0894
vn 0.7330 0.6593 -0.1675
vn 0.6901 0.7063 -0.1577
vn 0.6509 0.7504 -0.1155
vn 0.6557 0.7504 -0.0835
vn 0.6444 0.7504 -0.1473
vn 0.7496 0.6593 -0.0582
vn 0.5957 0.7916 -0.1362
vn 0.6017 0.7916 -0.1068
vn 0.6062 0.7916 -0.0772
vn 0.6591 0.7504 -0.0512
vn 0.6092 0.7916 -0.0473
vn 0.7058 0.7063 -0.0548
vn 0.5528 0.8303 -0.0704
vn 0.5487 0.8303 -0.0974
vn 0.4911 0.8667 -0.0872
vn 0.4948 0.8667 -0.0630
vn 0.5433 0.8303 -0.1242
vn 0.4862 0.8667 -0.1111
vn 0.4283 0.9004 -0.0760
vn 0.4315 0.9004 -0.0549
vn 0.4240 0.9004 -0.0969
vn 0.5556 0.8303 -0.0431
vn 0.3567 0.9307 -0.0810
vn 0.3600 0.9308 -0.0639
vn 0.3628 0.9307 -0.0467
vn 0.4337 0.9004 -0.0337
vn 0.3649 0.9306 -0.0283
vn 0.4973 0.8667 -0.0386
vn 0.2895 0.9563 -0.0412
vn 0.2867 0.9567 -0.0509
vn 0.2101 0.9770 -0.0373
vn 0.2142 0.9759 -0.0414
vn 0.2860 0.9563 -0.0610
vn 0.2153 0.9759 -0.0348
vn 0.1361 0.9904 -0.0242
vn 0.1433 0.9887 -0.0452
vn 0.1501 0.9886 -0.0069
vn 0.2928 0.9559 -0.0227
vn 0.0905 0.9959 -0.0068
vn 0.0754 0.9971 -0.0134
vn 0.0873 0.9959 -0.0248
vn 0.1586 0.9873 -0.0123
vn 0.1130 0.9936 -0.0088
vn 0.2212 0.9751 -0.0172
vn 0.9929 0.0965 0.0693
vn 0.9951 0.0965 0.0206
vn 0.9848 0.1722 0.0204
vn 0.9827 0.1722 0.0686
vn 0.9949 0.0965 -0.0282
vn 0.9847 0.1722 -0.0279
vn 0.9629 0.2690 0.0199
vn 0.9608 0.2690 0.0671
vn 0.9627 0.2690 -0.0273
vn 0.9883 0.0965 0.1180
vn 0.9325 0.3602 -0.0265
vn 0.9327 0.3602 0.0193
vn 0.9306 0.3602 0.0650
vn 0.9563 0.2690 0.1142
vn 0.9263 0.3602 0.1106
vn 0.9781 0.1722 0.1168
vn 0.8991 0.4332 0.0628
vn 0.9011 0.4332 0.0186
vn 0.8676 0.4969 0.0179
vn 0.8657 0.4969 0.0605
vn 0.9010 0.4332 -0.0256
vn 0.8674 0.4969 -0.0246
vn 0.8314 0.5555 0.0172
vn 0.8295 0.5555 0.0579
vn 0.8312 0.5555 -0.0236
vn 0.8950 0.4332 0.1069
vn 0.7926 0.6093 -0.0225
vn 0.7928 0.6093 0.0164
vn 0.7910 0.6093 0.0552
vn 0.8257 0.5555 0.0986
vn 0.7874 0.6093 0.0940
vn 0.8617 0.4969 0.1029
vn 0.7500 0.6593 0.0524
vn 0.7517 0.6593 0.0155
vn 0.7078 0.7063 0.0146
vn 0.7062 0.7063 0.0493
vn 0.7516 0.6593 -0.0213
vn 0.7076 0.7063 -0.0201
vn 0.6609 0.7504 0.0137
vn 0.6594 0.7504 0.0461
vn 0.6608 0.7504 -0.0188
vn 0.7466 0.6593 0.0892
vn 0.6108 0.7916 -0.0173
vn 0.6109 0.7916 0.0126
vn 0.6096 0.7916 0.0426
vn 0.6564 0.7504 0.0784
vn 0.6068 0.7916 0.0725
vn 0.7029 0.7063 0.0839
vn 0.5560 0.8303 0.0388
vn 0.5572 0.8303 0.0115
vn 0.4987 0.8667 0.0103
vn 0.4976 0.8667 0.0347
vn 0.5571 0.8303 -0.0158
vn 0.4986 0.8667 -0.0141
vn 0.4349 0.9004 0.0090
vn 0.4339 0.9004 0.0303
vn 0.4348 0.9004 -0.0123
vn 0.5534 0.8303 0.0661
vn 0.3657 0.9307 -0.0098
vn 0.3656 0.9308 0.0076
vn 0.3650 0.9307 0.0250
vn 0.4319 0.9004 0.0516
vn 0.3634 0.9306 0.0434
vn 0.4953 0.8667 0.0591
vn 0.2920 0.9563 0.0161
vn 0.2911 0.9567 0.0060
vn 0.2134 0.9770 0.0044
vn 0.2181 0.9759 0.0011
vn 0.2924 0.9563 -0.0040
vn 0.2180 0.9759 0.0079
vn 0.1382 0.9904 0.0029
vn 0.1493 0.9887 -0.0164
vn 0.1485 0.9887 0.0225
vn 0.2916 0.9559 0.0348
vn 0.0901 0.9959 0.0110
vn 0.0766 0.9971 0.0016
vn 0.0904 0.9959 -0.0073
vn 0.1579 0.9873 0.0189
vn 0.1126 0.9936 0.0134
vn 0.2203 0.9751 0.0263
vn 0.9603 0.0965 0.2617
vn 0.9720 0.0965 0.2143
vn 0.9620 0.1722 0.2121
vn 0.9504 0.1722 0.2590
vn 0.9813 0.0965 0.1664
vn 0.9712 0.1722 0.1647
vn 0.9405 0.2690 0.2074
vn 0.9292 0.2690 0.2532
vn 0.9496 0.2690 0.1610
vn 0.9463 0.0965 0.3086
vn 0.9197 0.3602 0.1560
vn 0.9110 0.3602 0.2009
vn 0.9000 0.3602 0.2453
vn 0.9157 0.2690 0.2986
vn 0.8869 0.3602 0.2892
vn 0.9365 0.1722 0.3054
vn 0.8696 0.4332 0.2370
vn 0.8802 0.4332 0.1941
vn 0.8474 0.4969 0.1869
vn 0.8373 0.4969 0.2282
vn 0.8886 0.4332 0.1507
vn 0.8556 0.4969 0.1451
vn 0.8120 0.5555 0.1791
vn 0.8023 0.5555 0.2186
vn 0.8198 0.5555 0.1390
vn 0.8569 0.4332 0.2794
vn 0.7818 0.6093 0.1326
vn 0.7743 0.6093 0.1707
vn 0.7650 0.6093 0.2085
vn 0.7906 0.5555 0.2578
vn 0.7539 0.6093 0.2458
vn 0.8250 0.4969 0.2690
vn 0.7254 0.6593 0.1977
vn 0.7342 0.6593 0.1619
vn 0.6913 0.7063 0.1524
vn 0.6830 0.7063 0.1861
vn 0.7413 0.6593 0.1257
vn 0.6980 0.7063 0.1184
vn 0.6455 0.7504 0.1423
vn 0.6378 0.7504 0.1738
vn 0.6517 0.7504 0.1105
vn 0.7148 0.6593 0.2331
vn 0.6025 0.7916 0.1022
vn 0.5967 0.7916 0.1316
vn 0.5896 0.7916 0.1607
vn 0.6285 0.7504 0.2049
vn 0.5810 0.7916 0.1894
vn 0.6730 0.7063 0.2195
vn 0.5377 0.8303 0.1465
vn 0.5442 0.8303 0.1200
vn 0.4871 0.8667 0.1074
vn 0.4812 0.8667 0.1312
vn 0.5495 0.8303 0.0932
vn 0.4918 0.8667 0.0834
vn 0.4248 0.9004 0.0937
vn 0.4197 0.9004 0.1144
vn 0.4289 0.9004 0.0727
vn 0.5298 0.8303 0.1728
vn 0.3606 0.9307 0.0617
vn 0.3571 0.9308 0.0787
vn 0.3531 0.9307 0.0957
vn 0.4136 0.9004 0.1348
vn 0.3480 0.9306 0.1135
vn 0.4742 0.8667 0.1546
vn 0.2833 0.9563 0.0727
vn 0.2844 0.9567 0.0627
vn 0.2084 0.9770 0.0459
vn 0.2137 0.9759 0.0437
vn 0.2876 0.9563 0.0532
vn 0.2123 0.9759 0.0502
vn 0.1350 0.9904 0.0298
vn 0.1497 0.9887 0.0131
vn 0.1413 0.9886 0.0511
vn 0.2792 0.9559 0.0910
vn 0.0862 0.9959 0.0283
vn 0.0748 0.9971 0.0165
vn 0.0901 0.9959 0.0105
vn 0.1512 0.9873 0.0493
vn 0.1078 0.9936 0.0351
vn 0.2110 0.9751 0.0688
vn 0.8908 0.0965 0.4440
vn 0.9115 0.0965 0.3998
vn 0.9021 0.1722 0.3957
vn 0.8816 0.1722 0.4395
vn 0.9300 0.0965 0.3547
vn 0.9204 0.1722 0.3510
vn 0.8820 0.2690 0.3869
vn 0.8620 0.2690 0.4297
vn 0.8999 0.2690 0.3432
vn 0.8679 0.0965 0.4872
vn 0.8716 0.3602 0.3324
vn 0.8543 0.3602 0.3747
vn 0.8349 0.3602 0.4162
vn 0.8398 0.2690 0.4715
vn 0.8135 0.3602 0.4567
vn 0.8590 0.1722 0.4822
vn 0.8067 0.4332 0.4021
vn 0.8254 0.4332 0.3621
vn 0.7947 0.4969 0.3486
vn 0.7766 0.4969 0.3871
vn 0.8422 0.4332 0.3212
vn 0.8108 0.4969 0.3092
vn 0.7615 0.5555 0.3340
vn 0.7442 0.5555 0.3710
vn 0.7770 0.5555 0.2963
vn 0.7859 0.4332 0.4412
vn 0.7409 0.6093 0.2825
vn 0.7262 0.6093 0.3185
vn 0.7097 0.6093 0.3537
vn 0.7251 0.5555 0.4071
vn 0.6914 0.6093 0.3882
vn 0.7567 0.4969 0.4248
vn 0.6729 0.6593 0.3354
vn 0.6885 0.6593 0.3020
vn 0.6483 0.7063 0.2844
vn 0.6336 0.7063 0.3158
vn 0.7025 0.6593 0.2679
vn 0.6615 0.7063 0.2522
vn 0.6054 0.7504 0.2655
vn 0.5916 0.7504 0.2949
vn 0.6177 0.7504 0.2355
vn 0.6556 0.6593 0.3681
vn 0.5710 0.7916 0.2177
vn 0.5596 0.7916 0.2455
vn 0.5469 0.7916 0.2726
vn 0.5764 0.7504 0.3236
vn 0.5329 0.7916 0.2991
vn 0.6173 0.7063 0.3465
vn 0.4988 0.8303 0.2486
vn 0.5104 0.8303 0.2239
vn 0.4568 0.8667 0.2004
vn 0.4464 0.8667 0.2225
vn 0.5207 0.8303 0.1986
vn 0.4660 0.8667 0.1777
vn 0.3983 0.9004 0.1747
vn 0.3893 0.9004 0.1941
vn 0.4064 0.9004 0.1550
vn 0.4860 0.8303 0.2728
vn 0.3416 0.9307 0.1309
vn 0.3349 0.9308 0.1469
vn 0.3276 0.9307 0.1627
vn 0.3793 0.9004 0.2129
vn 0.3191 0.9306 0.1792
vn 0.4349 0.8667 0.2442
vn 0.2636 0.9563 0.1266
vn 0.2667 0.9567 0.1170
vn 0.1954 0.9770 0.0857
vn 0.2011 0.9759 0.0845
vn 0.2717 0.9563 0.1082
vn 0.1984 0.9759 0.0907
vn 0.1266 0.9904 0.0555
vn 0.1442 0.9887 0.0420
vn 0.1286 0.9886 0.0777
vn 0.2561 0.9559 0.1438
vn 0.0790 0.9959 0.0446
vn 0.0701 0.9971 0.0308
vn 0.0863 0.9959 0.0279
vn 0.1387 0.9873 0.0779
vn 0.0989 0.9936 0.0555
vn 0.1935 0.9751 0.1086
vn 0.7871 0.0965 0.6093
vn 0.8160 0.0965 0.5700
vn 0.8076 0.1722 0.5641
vn 0.7789 0.1722 0.6030
vn 0.8429 0.0965 0.5293
vn 0.8342 0.1722 0.5238
vn 0.7896 0.2690 0.5515
vn 0.7616 0.2690 0.5896
vn 0.8157 0.2690 0.5122
vn 0.7562 0.0965 0.6472
vn 0.7900 0.3602 0.4961
vn 0.7648 0.3602 0.5342
vn 0.7377 0.3602 0.5711
vn 0.7317 0.2690 0.6263
vn 0.7087 0.3602 0.6066
vn 0.7484 0.1722 0.6405
vn 0.7127 0.4332 0.5517
vn 0.7389 0.4332 0.5161
vn 0.7114 0.4969 0.4969
vn 0.6862 0.4969 0.5312
vn 0.7633 0.4332 0.4793
vn 0.7349 0.4969 0.4615
vn 0.6817 0.5555 0.4762
vn 0.6575 0.5555 0.5090
vn 0.7042 0.5555 0.4422
vn 0.6848 0.4332 0.5861
vn 0.6715 0.6093 0.4217
vn 0.6501 0.6093 0.4541
vn 0.6270 0.6093 0.4854
vn 0.6317 0.5555 0.5407
vn 0.6024 0.6093 0.5156
vn 0.6593 0.4969 0.5643
vn 0.5945 0.6593 0.4603
vn 0.6164 0.6593 0.4305
vn 0.5804 0.7063 0.4054
vn 0.5598 0.7063 0.4334
vn 0.6368 0.6593 0.3998
vn 0.5995 0.7063 0.3764
vn 0.5419 0.7504 0.3785
vn 0.5227 0.7504 0.4047
vn 0.5598 0.7504 0.3515
vn 0.5712 0.6593 0.4889
vn 0.5175 0.7916 0.3249
vn 0.5010 0.7916 0.3499
vn 0.4832 0.7916 0.3741
vn 0.5022 0.7504 0.4298
vn 0.4643 0.7916 0.3973
vn 0.5378 0.7063 0.4603
vn 0.4407 0.8303 0.3412
vn 0.4569 0.8303 0.3191
vn 0.4089 0.8667 0.2856
vn 0.3944 0.8667 0.3053
vn 0.4720 0.8303 0.2964
vn 0.4224 0.8667 0.2652
vn 0.3566 0.9004 0.2491
vn 0.3440 0.9004 0.2663
vn 0.3684 0.9004 0.2313
vn 0.4234 0.8303 0.3624
vn 0.3095 0.9307 0.1950
vn 0.2998 0.9308 0.2094
vn 0.2896 0.9307 0.2235
vn 0.3305 0.9004 0.2828
vn 0.2781 0.9306 0.2380
vn 0.3789 0.8667 0.3243
vn 0.2339 0.9563 0.1756
vn 0.2387 0.9567 0.1667
vn 0.1749 0.9770 0.1222
vn 0.1807 0.9759 0.1221
vn 0.2454 0.9563 0.1592
vn 0.1769 0.9759 0.1277
vn 0.1133 0.9904 0.0791
vn 0.1333 0.9887 0.0694
vn 0.1110 0.9886 0.1013
vn 0.2231 0.9559 0.1909
vn 0.0688 0.9959 0.0592
vn 0.0628 0.9971 0.0439
vn 0.0792 0.9959 0.0442
vn 0.1208 0.9873 0.1034
vn 0.0861 0.9936 0.0737
vn 0.1686 0.9751 0.1443
vn 0.6531 0.0965 0.7511
vn 0.6891 0.0965 0.7182
vn 0.6820 0.1722 0.7108
vn 0.6463 0.1722 0.7434
vn 0.7235 0.0965 0.6836
vn 0.7160 0.1722 0.6765
vn 0.6668 0.2690 0.6950
vn 0.6319 0.2690 0.7268
vn 0.7001 0.2690 0.6614
vn 0.6154 0.0965 0.7823
vn 0.6781 0.3602 0.6407
vn 0.6459 0.3602 0.6731
vn 0.6121 0.3602 0.7040
vn 0.5955 0.2690 0.7570
vn 0.5768 0.3602 0.7332
vn 0.6090 0.1722 0.7742
vn 0.5914 0.4332 0.6802
vn 0.6240 0.4332 0.6504
vn 0.6008 0.4969 0.6262
vn 0.5694 0.4969 0.6549
vn 0.6551 0.4332 0.6190
vn 0.6308 0.4969 0.5960
vn 0.5757 0.5555 0.6000
vn 0.5456 0.5555 0.6275
vn 0.6044 0.5555 0.5711
vn 0.5573 0.4332 0.7084
vn 0.5764 0.6093 0.5446
vn 0.5490 0.6093 0.5722
vn 0.5203 0.6093 0.5984
vn 0.5141 0.5555 0.6536
vn 0.4903 0.6093 0.6232
vn 0.5365 0.4969 0.6820
vn 0.4933 0.6593 0.5674
vn 0.5205 0.6593 0.5425
vn 0.4901 0.7063 0.5108
vn 0.4645 0.7063 0.5342
vn 0.5465 0.6593 0.5164
vn 0.5146 0.7063 0.4862
vn 0.4577 0.7504 0.4770
vn 0.4337 0.7504 0.4989
vn 0.4805 0.7504 0.4540
vn 0.4649 0.6593 0.5909
vn 0.4442 0.7916 0.4197
vn 0.4231 0.7916 0.4409
vn 0.4009 0.7916 0.4611
vn 0.4087 0.7504 0.5196
vn 0.3778 0.7916 0.4803
vn 0.4377 0.7063 0.5564
vn 0.3657 0.8303 0.4206
vn 0.3858 0.8303 0.4021
vn 0.3453 0.8667 0.3599
vn 0.3273 0.8667 0.3764
vn 0.4051 0.8303 0.3827
vn 0.3626 0.8667 0.3425
vn 0.3012 0.9004 0.3139
vn 0.2854 0.9004 0.3283
vn 0.3162 0.9004 0.2987
vn 0.3446 0.8303 0.4380
vn 0.2655 0.9307 0.2516
vn 0.2532 0.9308 0.2638
vn 0.2404 0.9307 0.2757
vn 0.2689 0.9004 0.3419
vn 0.2263 0.9306 0.2877
vn 0.3084 0.8667 0.3920
vn 0.1951 0.9563 0.2178
vn 0.2016 0.9567 0.2101
vn 0.1477 0.9770 0.1540
vn 0.1534 0.9759 0.1551
vn 0.2096 0.9563 0.2040
vn 0.1486 0.9759 0.1597
vn 0.0957 0.9904 0.0997
vn 0.1172 0.9887 0.0940
vn 0.0891 0.9886 0.1210
vn 0.1816 0.9559 0.2308
vn 0.0559 0.9959 0.0714
vn 0.0530 0.9971 0.0553
vn 0.0691 0.9959 0.0588
vn 0.0983 0.9873 0.1250
vn 0.0701 0.9936 0.0891
vn 0.1372 0.9751 0.1744
vn 0.4940 0.0965 0.8641
vn 0.5357 0.0965 0.8388
vn 0.5302 0.1722 0.8302
vn 0.4889 0.1722 0.8552
vn 0.5762 0.0965 0.8116
vn 0.5703 0.1722 0.8032
vn 0.5184 0.2690 0.8117
vn 0.4780 0.2690 0.8361
vn 0.5576 0.2690 0.7853
vn 0.4509 0.0965 0.8873
vn 0.5401 0.3602 0.7606
vn 0.5021 0.3602 0.7862
vn 0.4630 0.3602 0.8099
vn 0.4364 0.2690 0.8586
vn 0.4226 0.3602 0.8316
vn 0.4463 0.1722 0.8782
vn 0.4473 0.4332 0.7825
vn 0.4851 0.4332 0.7596
vn 0.4671 0.4969 0.7314
vn 0.4307 0.4969 0.7534
vn 0.5218 0.4332 0.7349
vn 0.5024 0.4969 0.7076
vn 0.4476 0.5555 0.7008
vn 0.4127 0.5555 0.7219
vn 0.4814 0.5555 0.6780
vn 0.4084 0.4332 0.8035
vn 0.4591 0.6093 0.6466
vn 0.4268 0.6093 0.6683
vn 0.3935 0.6093 0.6884
vn 0.3767 0.5555 0.7413
vn 0.3593 0.6093 0.7069
vn 0.3932 0.4969 0.7736
vn 0.3731 0.6593 0.6527
vn 0.4047 0.6593 0.6337
vn 0.3810 0.7063 0.5966
vn 0.3513 0.7063 0.6146
vn 0.4353 0.6593 0.6131
vn 0.4098 0.7063 0.5772
vn 0.3558 0.7504 0.5571
vn 0.3281 0.7504 0.5739
vn 0.3827 0.7504 0.5390
vn 0.3406 0.6593 0.6703
vn 0.3538 0.7916 0.4983
vn 0.3289 0.7916 0.5150
vn 0.3033 0.7916 0.5305
vn 0.2995 0.7504 0.5893
vn 0.2769 0.7916 0.5448
vn 0.3207 0.7063 0.6311
vn 0.2766 0.8303 0.4838
vn 0.3000 0.8303 0.4697
vn 0.2685 0.8667 0.4204
vn 0.2475 0.8667 0.4330
vn 0.3226 0.8303 0.4544
vn 0.2888 0.8667 0.4067
vn 0.2341 0.9004 0.3666
vn 0.2159 0.9004 0.3776
vn 0.2518 0.9004 0.3547
vn 0.2525 0.8303 0.4968
vn 0.2114 0.9307 0.2986
vn 0.1968 0.9308 0.3082
vn 0.1820 0.9307 0.3173
vn 0.1971 0.9004 0.3878
vn 0.1658 0.9306 0.3263
vn 0.2260 0.8667 0.4447
vn 0.1489 0.9563 0.2517
vn 0.1567 0.9567 0.2454
vn 0.1149 0.9770 0.1798
vn 0.1202 0.9759 0.1820
vn 0.1658 0.9563 0.2409
vn 0.1146 0.9759 0.1856
vn 0.0744 0.9904 0.1165
vn 0.0966 0.9887 0.1151
vn 0.0638 0.9886 0.1360
vn 0.1330 0.9559 0.2618
vn 0.0409 0.9959 0.0810
vn 0.0412 0.9971 0.0646
vn 0.0563 0.9959 0.0712
vn 0.0720 0.9873 0.1418
vn 0.0514 0.9936 0.1011
vn 0.1005 0.9751 0.1978
vn 0.3159 0.0965 0.9439
vn 0.3618 0.0965 0.9272
vn 0.3581 0.1722 0.9177
vn 0.3126 0.1722 0.9341
vn 0.4068 0.0965 0.9084
vn 0.4026 0.1722 0.8990
vn 0.3501 0.2690 0.8972
vn 0.3057 0.2690 0.9133
vn 0.3937 0.2690 0.8790
vn 0.2692 0.0965 0.9582
vn 0.3813 0.3602 0.8514
vn 0.3391 0.3602 0.8691
vn 0.2961 0.3602 0.8846
vn 0.2605 0.2690 0.9272
vn 0.2523 0.3602 0.8981
vn 0.2664 0.1722 0.9484
vn 0.2861 0.4332 0.8547
vn 0.3276 0.4332 0.8397
vn 0.3154 0.4969 0.8084
vn 0.2754 0.4969 0.8229
vn 0.3684 0.4332 0.8226
vn 0.3547 0.4969 0.7920
vn 0.3023 0.5555 0.7747
vn 0.2639 0.5555 0.7885
vn 0.3399 0.5555 0.7589
vn 0.2437 0.4332 0.8677
vn 0.3241 0.6093 0.7237
vn 0.2882 0.6093 0.7387
vn 0.2517 0.6093 0.7520
vn 0.2249 0.5555 0.8006
vn 0.2144 0.6093 0.7634
vn 0.2347 0.4969 0.8355
vn 0.2386 0.6593 0.7130
vn 0.2733 0.6593 0.7004
vn 0.2573 0.7063 0.6595
vn 0.2247 0.7063 0.6713
vn 0.3073 0.6593 0.6862
vn 0.2894 0.7063 0.6461
vn 0.2403 0.7504 0.6158
vn 0.2098 0.7504 0.6269
vn 0.2702 0.7504 0.6033
vn 0.2033 0.6593 0.7238
vn 0.2498 0.7916 0.5577
vn 0.2221 0.7916 0.5693
vn 0.1939 0.7916 0.5795
vn 0.1788 0.7504 0.6364
vn 0.1653 0.7916 0.5883
vn 0.1914 0.7063 0.6815
vn 0.1769 0.8303 0.5285
vn 0.2026 0.8303 0.5192
vn 0.1813 0.8667 0.4647
vn 0.1583 0.8667 0.4730
vn 0.2278 0.8303 0.5086
vn 0.2039 0.8667 0.4552
vn 0.1581 0.9004 0.4052
vn 0.1381 0.9004 0.4125
vn 0.1778 0.9004 0.3970
vn 0.1507 0.8303 0.5365
vn 0.1490 0.9307 0.3341
vn 0.1329 0.9308 0.3406
vn 0.1166 0.9307 0.3467
vn 0.1176 0.9004 0.4188
vn 0.0990 0.9306 0.3524
vn 0.1349 0.8667 0.4802
vn 0.0969 0.9563 0.2759
vn 0.1058 0.9567 0.2713
vn 0.0776 0.9770 0.1988
vn 0.0824 0.9759 0.2020
vn 0.1156 0.9563 0.2687
vn 0.0762 0.9759 0.2044
vn 0.0502 0.9904 0.1288
vn 0.0723 0.9887 0.1317
vn 0.0360 0.9886 0.1459
vn 0.0794 0.9559 0.2827
vn 0.0243 0.9959 0.0874
vn 0.0278 0.9971 0.0714
vn 0.0413 0.9959 0.0808
vn 0.0430 0.9873 0.1531
vn 0.0307 0.9936 0.1091
vn 0.0600 0.9751 0.2136
vn 0.1257 0.0965 0.9874
vn 0.1740 0.0965 0.9800
vn 0.1722 0.1722 0.9699
vn 0.1244 0.1722 0.9772
vn 0.2218 0.0965 0.9703
vn 0.2195 0.1722 0.9603
vn 0.1683 0.2690 0.9483
vn 0.1216 0.2690 0.9554
vn 0.2146 0.2690 0.9389
vn 0.0771 0.0965 0.9923
vn 0.2079 0.3602 0.9094
vn 0.1630 0.3602 0.9185
vn 0.1178 0.3602 0.9254
vn 0.0746 0.2690 0.9602
vn 0.0722 0.3602 0.9301
vn 0.0763 0.1722 0.9821
vn 0.1138 0.4332 0.8941
vn 0.1575 0.4332 0.8874
vn 0.1517 0.4969 0.8544
vn 0.1096 0.4969 0.8608
vn 0.2008 0.4332 0.8787
vn 0.1934 0.4969 0.8460
vn 0.1453 0.5555 0.8187
vn 0.1050 0.5555 0.8249
vn 0.1853 0.5555 0.8106
vn 0.0698 0.4332 0.8986
vn 0.1767 0.6093 0.7730
vn 0.1386 0.6093 0.7807
vn 0.1001 0.6093 0.7866
vn 0.0644 0.5555 0.8290
vn 0.0614 0.6093 0.7906
vn 0.0672 0.4969 0.8652
vn 0.0950 0.6593 0.7458
vn 0.1314 0.6593 0.7403
vn 0.1237 0.7063 0.6970
vn 0.0894 0.7063 0.7023
vn 0.1675 0.6593 0.7330
vn 0.1577 0.7063 0.6901
vn 0.1155 0.7504 0.6509
vn 0.0835 0.7504 0.6557
vn 0.1473 0.7504 0.6444
vn 0.0582 0.6593 0.7496
vn 0.1362 0.7916 0.5957
vn 0.1068 0.7916 0.6017
vn 0.0772 0.7916 0.6062
vn 0.0512 0.7504 0.6591
vn 0.0473 0.7916 0.6092
vn 0.0548 0.7063 0.7058
vn 0.0704 0.8303 0.5528
vn 0.0974 0.8303 0.5487
vn 0.0872 0.8667 0.4911
vn 0.0630 0.8667 0.4948
vn 0.1242 0.8303 0.5433
vn 0.1111 0.8667 0.4862
vn 0.0760 0.9004 0.4283
vn 0.0549 0.9004 0.4315
vn 0.0969 0.9004 0.4240
vn 0.0431 0.8303 0.5556
vn 0.0810 0.9307 0.3567
vn 0.0639 0.9308 0.3600
vn 0.0467 0.9307 0.3628
vn 0.0337 0.9004 0.4337
vn 0.0283 0.9306 0.3649
vn 0.0386 0.8667 0.4973
vn 0.0412 0.9563 0.2895
vn 0.0509 0.9567 0.2867
vn 0.0373 0.9770 0.2101
vn 0.0414 0.9759 0.2142
vn 0.0610 0.9563 0.2860
vn 0.0348 0.9759 0.2153
vn 0.0242 0.9904 0.1361
vn 0.0452 0.9886 0.1433
vn 0.0069 0.9886 0.1501
vn 0.0227 0.9559 0.2928
vn 0.0068 0.9959 0.0905
vn 0.0134 0.9971 0.0754
vn 0.0248 0.9959 0.0873
vn 0.0123 0.9873 0.1586
vn 0.0088 0.9936 0.1130
vn 0.0172 0.9751 0.2212
vn -0.0693 0.0965 0.9929
vn -0.0206 0.0965 0.9951
vn -0.0204 0.1722 0.9848
vn -0.0686 0.1722 0.9827
vn 0.0282 0.0965 0.9949
vn 0.0279 0.1722 0.9847
vn -0.0199 0.2690 0.9629
vn -0.0671 0.2690 0.9608
vn 0.0273 0.2690 0.9627
vn -0.1180 0.0965 0.9883
vn 0.0265 0.3602 0.9325
vn -0.0193 0.3602 0.9327
vn -0.0650 0.3602 0.9306
vn -0.1142 0.2690 0.9563
vn -0.1106 0.3602 0.9263
vn -0.1168 0.1722 0.9781
vn -0.0628 0.4332 0.8991
vn -0.0186 0.4332 0.9011
vn -0.0179 0.4969 0.8676
vn -0.0605 0.4969 0.8657
vn 0.0256 0.4332 0.9010
vn 0.0246 0.4969 0.8674
vn -0.0172 0.5555 0.8314
vn -0.0579 0.5555 0.8295
vn 0.0236 0.5555 0.8312
vn -0.1069 0.4332 0.8950
vn 0.0225 0.6093 0.7926
vn -0.0164 0.6093 0.7928
vn -0.0552 0.6093 0.7910
vn -0.0986 0.5555 0.8257
vn -0.0940 0.6093 0.7874
vn -0.1029 0.4969 0.8617
vn -0.0524 0.6593 0.7500
vn -0.0155 0.6593 0.7517
vn -0.0146 0.7063 0.7078
vn -0.0493 0.7063 0.7062
vn 0.0213 0.6593 0.7516
vn 0.0201 0.7063 0.7076
vn -0.0137 0.7504 0.6609
vn -0.0461 0.7504 0.6594
vn 0.0188 0.7504 0.6608
vn -0.0892 0.6593 0.7466
vn 0.0173 0.7916 0.6108
vn -0.0126 0.7916 0.6109
vn -0.0426 0.7916 0.6096
vn -0.0784 0.7504 0.6564
vn -0.0725 0.7916 0.6068
vn -0.0839 0.7063 0.7029
vn -0.0388 0.8303 0.5560
vn -0.0115 0.8303 0.5572
vn -0.0103 0.8667 0.4987
vn -0.0347 0.8667 0.4976
vn 0.0158 0.8303 0.5571
vn 0.0141 0.8667 0.4986
vn -0.0090 0.9004 0.4349
vn -0.0303 0.9004 0.4339
vn 0.0123 0.9004 0.4348
vn -0.0661 0.8303 0.5534
vn 0.0098 0.9307 0.3657
vn -0.0076 0.9308 0.3656
vn -0.0250 0.9307 0.3650
vn -0.0516 0.9004 0.4319
vn -0.0434 0.9306 0.3634
vn -0.0591 0.8667 0.4953
vn -0.0161 0.9563 0.2920
vn -0.0060 0.9567 0.2911
vn -0.0044 0.9770 0.2134
vn -0.0011 0.9759 0.2181
vn 0.0040 0.9563 0.2924
vn -0.0079 0.9759 0.2180
vn -0.0029 0.9904 0.1382
vn 0.0164 0.9887 0.1493
vn -0.0225 0.9886 0.1485
vn -0.0348 0.9559 0.2916
vn -0.0110 0.9959 0.0901
vn -0.0016 0.9971 0.0766
vn 0.0073 0.9959 0.0904
vn -0.0189 0.9873 0.1579
vn -0.0134 0.9936 0.1126
vn -0.0263 0.9751 0.2203
vn -0.2617 0.0965 0.9603
vn -0.2143 0.0965 0.9720
vn -0.2121 0.1722 0.9620
vn -0.2590 0.1722 0.9504
vn -0.1664 0.0965 0.9813
vn -0.1647 0.1722 0.9712
vn -0.2074 0.2690 0.9405
vn -0.2533 0.2690 0.9292
vn -0.1610 0.2690 0.9496
vn -0.3086 0.0965 0.9463
vn -0.1560 0.3602 0.9197
vn -0.2009 0.3602 0.9110
vn -0.2453 0.3602 0.9000
vn -0.2986 0.2690 0.9157
vn -0.2892 0.3602 0.8869
vn -0.3054 0.1722 0.9365
vn -0.2370 0.4332 0.8696
vn -0.1941 0.4332 0.8802
vn -0.1869 0.4969 0.8474
vn -0.2282 0.4969 0.8373
vn -0.1507 0.4332 0.8886
vn -0.1451 0.4969 0.8556
vn -0.1791 0.5555 0.8120
vn -0.2186 0.5555 0.8023
vn -0.1390 0.5555 0.8198
vn -0.2794 0.4332 0.8569
vn -0.1326 0.6093 0.7818
vn -0.1707 0.6093 0.7743
vn -0.2085 0.6093 0.7650
vn -0.2578 0.5555 0.7906
vn -0.2458 0.6093 0.7539
vn -0.2690 0.4969 0.8250
vn -0.1977 0.6593 0.7254
vn -0.1619 0.6593 0.7342
vn -0.1524 0.7063 0.6913
vn -0.1861 0.7063 0.6830
vn -0.1257 0.6593 0.7413
vn -0.1184 0.7063 0.6980
vn -0.1423 0.7504 0.6455
vn -0.1738 0.7504 0.6378
vn -0.1105 0.7504 0.6517
vn -0.2331 0.6593 0.7148
vn -0.1022 0.7916 0.6025
vn -0.1316 0.7916 0.5967
vn -0.1607 0.7916 0.5896
vn -0.2049 0.7504 0.6285
vn -0.1894 0.7916 0.5810
vn -0.2195 0.7063 0.6730
vn -0.1465 0.8303 0.5377
vn -0.1200 0.8303 0.5442
vn -0.1074 0.8667 0.4871
vn -0.1312 0.8667 0.4812
vn -0.0932 0.8303 0.5495
vn -0.0834 0.8667 0.4918
vn -0.0937 0.9004 0.4248
vn -0.1144 0.9004 0.4197
vn -0.0727 0.9004 0.4289
vn -0.1728 0.8303 0.5298
vn -0.0617 0.9307 0.3606
vn -0.0787 0.9308 0.3571
vn -0.0957 0.9307 0.3531
vn -0.1348 0.9004 0.4136
vn -0.1135 0.9306 0.3480
vn -0.1546 0.8667 0.4742
vn -0.0727 0.9563 0.2833
vn -0.0627 0.9567 0.2844
vn -0.0459 0.9770 0.2084
vn -0.0437 0.9759 0.2137
vn -0.0532 0.9563 0.2876
vn -0.0502 0.9759 0.2123
vn -0.0298 0.9904 0.1350
vn -0.0131 0.9887 0.1497
vn -0.0511 0.9886 0.1413
vn -0.0910 0.9559 0.2792
vn -0.0283 0.9959 0.0862
vn -0.0165 0.9971 0.0748
vn -0.0105 0.9959 0.0901
vn -0.0493 0.9873 0.1512
vn -0.0351 0.9936 0.1078
vn -0.0688 0.9751 0.2110
vn -0.4440 0.0965 0.8908
vn -0.3998 0.0965 0.9115
vn -0.3957 0.1722 0.9021
vn -0.4395 0.1722 0.8816
vn -0.3547 0.0965 0.9300
vn -0.3510 0.1722 0.9204
vn -0.3869 0.2690 0.8820
vn -0.4297 0.2690 0.8620
vn -0.3432 0.2690 0.8999
vn -0.4872 0.0965 0.8679
vn -0.3324 0.3602 0.8716
vn -0.3747 0.3602 0.8543
vn -0.4162 0.3602 0.8349
vn -0.4715 0.2690 0.8398
vn -0.4567 0.3602 0.8135
vn -0.4822 0.1722 0.8590
vn -0.4021 0.4332 0.8067
vn -0.3621 0.4332 0.8254
vn -0.3486 0.4969 0.7947
vn -0.3871 0.4969 0.7766
vn -0.3212 0.4332 0.8422
vn -0.3092 0.4969 0.8108
vn -0.3340 0.5555 0.7615
vn -0.3710 0.5555 0.7442
vn -0.2963 0.5555 0.7770
vn -0.4412 0.4332 0.7859
vn -0.2825 0.6093 0.7409
vn -0.3185 0.6093 0.7262
vn -0.3537 0.6093 0.7097
vn -0.4071 0.5555 0.7251
vn -0.3882 0.6093 0.6914
vn -0.4248 0.4969 0.7567
vn -0.3354 0.6593 0.6729
vn -0.3020 0.6593 0.6885
vn -0.2844 0.7063 0.6483
vn -0.3158 0.7063 0.6336
vn -0.2679 0.6593 0.7025
vn -0.2522 0.7063 0.6615
vn -0.2655 0.7504 0.6054
vn -0.2949 0.7504 0.5916
vn -0.2355 0.7504 0.6177
vn -0.3681 0.6593 0.6556
vn -0.2177 0.7916 0.5710
vn -0.2455 0.7916 0.5596
vn -0.2726 0.7916 0.5469
vn -0.3236 0.7504 0.5764
vn -0.2991 0.7916 0.5329
vn -0.3465 0.7063 0.6173
vn -0.2486 0.8303 0.4988
vn -0.2239 0.8303 0.5104
vn -0.2004 0.8667 0.4568
vn -0.2225 0.8667 0.4464
vn -0.1986 0.8303 0.5207
vn -0.1777 0.8667 0.4660
vn -0.1747 0.9004 0.3983
vn -0.1941 0.9004 0.3893
vn -0.1550 0.9004 0.4064
vn -0.2728 0.8303 0.4860
vn -0.1309 0.9307 0.3416
vn -0.1469 0.9308 0.3349
vn -0.1627 0.9307 0.3276
vn -0.2129 0.9004 0.3793
vn -0.1792 0.9306 0.3191
vn -0.2442 0.8667 0.4349
vn -0.1266 0.9563 0.2636
vn -0.1170 0.9567 0.2667
vn -0.0857 0.9770 0.1954
vn -0.0845 0.9759 0.2011
vn -0.1082 0.9563 0.2717
vn -0.0907 0.9759 0.1984
vn -0.0555 0.9904 0.1266
vn -0.0420 0.9887 0.1442
vn -0.0777 0.9886 0.1286
vn -0.1438 0.9559 0.2561
vn -0.0446 0.9959 0.0790
vn -0.0308 0.9971 0.0701
vn -0.0279 0.9959 0.0863
vn -0.0779 0.9873 0.1387
vn -0.0555 0.9936 0.0989
vn -0.1086 0.9751 0.1935
vn -0.6093 0.0965 0.7871
vn -0.5700 0.0965 0.8160
vn -0.5641 0.1722 0.8076
vn -0.6030 0.1722 0.7789
vn -0.5293 0.0965 0.8429
vn -0.5238 0.1722 0.8342
vn -0.5515 0.2690 0.7896
vn -0.5896 0.2690 0.7616
vn -0.5122 0.2690 0.8157
vn -0.6472 0.0965 0.7562
vn -0.4961 0.3602 0.7900
vn -0.5342 0.3602 0.7648
vn -0.5711 0.3602 0.7377
vn -0.6263 0.2690 0.7317
vn -0.6066 0.3602 0.7087
vn -0.6405 0.1722 0.7484
vn -0.5517 0.4332 0.7127
vn -0.5161 0.4332 0.7389
vn -0.4969 0.4969 0.7114
vn -0.5312 0.4969 0.6862
vn -0.4793 0.4332 0.7633
vn -0.4615 0.4969 0.7349
vn -0.4762 0.5555 0.6817
vn -0.5090 0.5555 0.6575
vn -0.4422 0.5555 0.7042
vn -0.5861 0.4332 0.6848
vn -0.4217 0.6093 0.6715
vn -0.4541 0.6093 0.6501
vn -0.4854 0.6093 0.6270
vn -0.5407 0.5555 0.6317
vn -0.5156 0.6093 0.6024
vn -0.5643 0.4969 0.6593
vn -0.4603 0.6593 0.5945
vn -0.4306 0.6593 0.6164
vn -0.4054 0.7063 0.5804
vn -0.4334 0.7063 0.5598
vn -0.3998 0.6593 0.6368
vn -0.3764 0.7063 0.5995
vn -0.3785 0.7504 0.5419
vn -0.4047 0.7504 0.5227
vn -0.3515 0.7504 0.5598
vn -0.4889 0.6593 0.5712
vn -0.3249 0.7916 0.5175
vn -0.3499 0.7916 0.5010
vn -0.3741 0.7916 0.4832
vn -0.4298 0.7504 0.5022
vn -0.3973 0.7916 0.4643
vn -0.4603 0.7063 0.5378
vn -0.3412 0.8303 0.4407
vn -0.3191 0.8303 0.4569
vn -0.2856 0.8667 0.4089
vn -0.3053 0.8667 0.3944
vn -0.2964 0.8303 0.4720
vn -0.2652 0.8667 0.4224
vn -0.2491 0.9004 0.3566
vn -0.2663 0.9004 0.3440
vn -0.2313 0.9004 0.3684
vn -0.3624 0.8303 0.4234
vn -0.1950 0.9307 0.3095
vn -0.2094 0.9308 0.2998
vn -0.2235 0.9307 0.2896
vn -0.2828 0.9004 0.3305
vn -0.2380 0.9306 0.2781
vn -0.3243 0.8667 0.3789
vn -0.1756 0.9563 0.2339
vn -0.1667 0.9567 0.2387
vn -0.1222 0.9770 0.1749
vn -0.1221 0.9759 0.1807
vn -0.1592 0.9563 0.2454
vn -0.1277 0.9759 0.1769
vn -0.0791 0.9904 0.1133
vn -0.0694 0.9887 0.1333
vn -0.1013 0.9886 0.1110
vn -0.1909 0.9559 0.2231
vn -0.0592 0.9959 0.0688
vn -0.0439 0.9971 0.0628
vn -0.0442 0.9959 0.0792
vn -0.1034 0.9873 0.1208
vn -0.0737 0.9936 0.0861
vn -0.1443 0.9751 0.1686
vn -0.7511 0.0965 0.6531
vn -0.7182 0.0965 0.6891
vn -0.7108 0.1722 0.6820
vn -0.7434 0.1722 0.6463
vn -0.6836 0.0965 0.7235
vn -0.6765 0.1722 0.7160
vn -0.6950 0.2690 0.6668
vn -0.7268 0.2690 0.6319
vn -0.6614 0.2690 0.7001
vn -0.7823 0.0965 0.6154
vn -0.6407 0.3602 0.6781
vn -0.6731 0.3602 0.6459
vn -0.7040 0.3602 0.6121
vn -0.7570 0.2690 0.5955
vn -0.7332 0.3602 0.5768
vn -0.7742 0.1722 0.6090
vn -0.6802 0.4332 0.5914
vn -0.6504 0.4332 0.6240
vn -0.6262 0.4969 0.6008
vn -0.6549 0.4969 0.5694
vn -0.6190 0.4332 0.6551
vn -0.5960 0.4969 0.6308
vn -0.6000 0.5555 0.5757
vn -0.6275 0.5555 0.5456
vn -0.5711 0.5555 0.6044
vn -0.7084 0.4332 0.5573
vn -0.5446 0.6093 0.5764
vn -0.5722 0.6093 0.5490
vn -0.5984 0.6093 0.5203
vn -0.6536 0.5555 0.5141
vn -0.6232 0.6093 0.4903
vn -0.6820 0.4969 0.5365
vn -0.5674 0.6593 0.4933
vn -0.5425 0.6593 0.5205
vn -0.5108 0.7063 0.4901
vn -0.5342 0.7063 0.4645
vn -0.5164 0.6593 0.5465
vn -0.4862 0.7063 0.5146
vn -0.4770 0.7504 0.4577
vn -0.4989 0.7504 0.4337
vn -0.4540 0.7504 0.4805
vn -0.5909 0.6593 0.4649
vn -0.4197 0.7916 0.4442
vn -0.4409 0.7916 0.4231
vn -0.4611 0.7916 0.4009
vn -0.5196 0.7504 0.4087
vn -0.4803 0.7916 0.3778
vn -0.5564 0.7063 0.4377
vn -0.4206 0.8303 0.3657
vn -0.4021 0.8303 0.3858
vn -0.3599 0.8667 0.3453
vn -0.3764 0.8667 0.3273
vn -0.3827 0.8303 0.4051
vn -0.3425 0.8667 0.3626
vn -0.3139 0.9004 0.3012
vn -0.3283 0.9004 0.2854
vn -0.2987 0.9004 0.3162
vn -0.4380 0.8303 0.3446
vn -0.2516 0.9307 0.2655
vn -0.2638 0.9308 0.2532
vn -0.2757 0.9307 0.2404
vn -0.3419 0.9004 0.2689
vn -0.2877 0.9306 0.2263
vn -0.3920 0.8667 0.3084
vn -0.2178 0.9563 0.1951
vn -0.2101 0.9567 0.2016
vn -0.1540 0.9770 0.1477
vn -0.1551 0.9759 0.1534
vn -0.2040 0.9563 0.2096
vn -0.1597 0.9759 0.1486
vn -0.0997 0.9904 0.0957
vn -0.0940 0.9887 0.1172
vn -0.1210 0.9886 0.0891
vn -0.2308 0.9559 0.1816
vn -0.0714 0.9959 0.0559
vn -0.0553 0.9971 0.0530
vn -0.0588 0.9959 0.0691
vn -0.1250 0.9873 0.0983
vn -0.0891 0.9936 0.0701
vn -0.1744 0.9751 0.1372
vn -0.8641 0.0965 0.4940
vn -0.8388 0.0965 0.5357
vn -0.8302 0.1722 0.5302
vn -0.8552 0.1722 0.4889
vn -0.8116 0.0965 0.5762
vn -0.8032 0.1722 0.5703
vn -0.8117 0.2690 0.5184
vn -0.8361 0.2690 0.4780
vn -0.7853 0.2690 0.5576
vn -0.8873 0.0965 0.4509
vn -0.7606 0.3602 0.5401
vn -0.7862 0.3602 0.5021
vn -0.8099 0.3602 0.4630
vn -0.8586 0.2690 0.4364
vn -0.8316 0.3602 0.4226
vn -0.8782 0.1722 0.4463
vn -0.7825 0.4332 0.4473
vn -0.7596 0.4332 0.4851
vn -0.7314 0.4969 0.4671
vn -0.7534 0.4969 0.4307
vn -0.7349 0.4332 0.5218
vn -0.7076 0.4969 0.5024
vn -0.7008 0.5555 0.4476
vn -0.7219 0.5555 0.4127
vn -0.6780 0.5555 0.4814
vn -0.8035 0.4332 0.4084
vn -0.6466 0.6093 0.4591
vn -0.6683 0.6093 0.4268
vn -0.6884 0.6093 0.3935
vn -0.7413 0.5555 0.3767
vn -0.7069 0.6093 0.3593
vn -0.7736 0.4969 0.3932
vn -0.6527 0.6593 0.3731
vn -0.6337 0.6593 0.4047
vn -0.5966 0.7063 0.3810
vn -0.6146 0.7063 0.3513
vn -0.6131 0.6593 0.4353
vn -0.5772 0.7063 0.4098
vn -0.5571 0.7504 0.3558
vn -0.5739 0.7504 0.3281
vn -0.5390 0.7504 0.3827
vn -0.6703 0.6593 0.3406
vn -0.4983 0.7916 0.3538
vn -0.5150 0.7916 0.3289
vn -0.5305 0.7916 0.3033
vn -0.5893 0.7504 0.2995
vn -0.5448 0.7916 0.2769
vn -0.6311 0.7063 0.3207
vn -0.4838 0.8303 0.2766
vn -0.4697 0.8303 0.3000
vn -0.4204 0.8667 0.2685
vn -0.4330 0.8667 0.2475
vn -0.4544 0.8303 0.3226
vn -0.4067 0.8667 0.2888
vn -0.3666 0.9004 0.2341
vn -0.3776 0.9004 0.2159
vn -0.3547 0.9004 0.2518
vn -0.4968 0.8303 0.2525
vn -0.2986 0.9307 0.2114
vn -0.3082 0.9308 0.1968
vn -0.3173 0.9307 0.1820
vn -0.3878 0.9004 0.1971
vn -0.3263 0.9306 0.1658
vn -0.4447 0.8667 0.2260
vn -0.2517 0.9563 0.1489
vn -0.2454 0.9567 0.1567
vn -0.1798 0.9770 0.1149
vn -0.1820 0.9759 0.1202
vn -0.2409 0.9563 0.1658
vn -0.1856 0.9759 0.1146
vn -0.1165 0.9904 0.0744
vn -0.1151 0.9887 0.0966
vn -0.1360 0.9886 0.0638
vn -0.2618 0.9559 0.1330
vn -0.0810 0.9959 0.0409
vn -0.0646 0.9971 0.0412
vn -0.0712 0.9959 0.0563
vn -0.1418 0.9873 0.0720
vn -0.1011 0.9936 0.0514
vn -0.1978 0.9751 0.1005
vn -0.9439 0.0965 0.3159
vn -0.9272 0.0965 0.3618
vn -0.9177 0.1722 0.3581
vn -0.9341 0.1722 0.3126
vn -0.9084 0.0965 0.4068
vn -0.8990 0.1722 0.4026
vn -0.8972 0.2690 0.3501
vn -0.9133 0.2690 0.3057
vn -0.8790 0.2690 0.3937
vn -0.9582 0.0965 0.2692
vn -0.8514 0.3602 0.3813
vn -0.8691 0.3602 0.3391
vn -0.8846 0.3602 0.2961
vn -0.9272 0.2690 0.2605
vn -0.8981 0.3602 0.2523
vn -0.9484 0.1722 0.2664
vn -0.8547 0.4332 0.2861
vn -0.8397 0.4332 0.3276
vn -0.8084 0.4969 0.3154
vn -0.8229 0.4969 0.2754
vn -0.8226 0.4332 0.3684
vn -0.7920 0.4969 0.3547
vn -0.7747 0.5555 0.3023
vn -0.7885 0.5555 0.2639
vn -0.7589 0.5555 0.3399
vn -0.8677 0.4332 0.2437
vn -0.7237 0.6093 0.3241
vn -0.7387 0.6093 0.2882
vn -0.7520 0.6093 0.2517
vn -0.8006 0.5555 0.2249
vn -0.7634 0.6093 0.2144
vn -0.8355 0.4969 0.2347
vn -0.7130 0.6593 0.2386
vn -0.7004 0.6593 0.2733
vn -0.6595 0.7063 0.2573
vn -0.6713 0.7063 0.2247
vn -0.6862 0.6593 0.3073
vn -0.6461 0.7063 0.2894
vn -0.6158 0.7504 0.2403
vn -0.6269 0.7504 0.2098
vn -0.6033 0.7504 0.2702
vn -0.7238 0.6593 0.2033
vn -0.5577 0.7916 0.2498
vn -0.5693 0.7916 0.2221
vn -0.5795 0.7916 0.1939
vn -0.6364 0.7504 0.1788
vn -0.5883 0.7916 0.1653
vn -0.6815 0.7063 0.1914
vn -0.5285 0.8303 0.1769
vn -0.5192 0.8303 0.2026
vn -0.4647 0.8667 0.1813
vn -0.4730 0.8667 0.1583
vn -0.5086 0.8303 0.2278
vn -0.4552 0.8667 0.2039
vn -0.4052 0.9004 0.1581
vn -0.4125 0.9004 0.1381
vn -0.3970 0.9004 0.1778
vn -0.5365 0.8303 0.1507
vn -0.3341 0.9307 0.1490
vn -0.3406 0.9308 0.1329
vn -0.3467 0.9307 0.1166
vn -0.4188 0.9004 0.1176
vn -0.3524 0.9306 0.0990
vn -0.4802 0.8667 0.1349
vn -0.2759 0.9563 0.0969
vn -0.2713 0.9567 0.1058
vn -0.1988 0.9770 0.0776
vn -0.2020 0.9759 0.0824
vn -0.2687 0.9563 0.1156
vn -0.2044 0.9759 0.0762
vn -0.1288 0.9904 0.0502
vn -0.1317 0.9887 0.0723
vn -0.1459 0.9886 0.0360
vn -0.2827 0.9559 0.0794
vn -0.0874 0.9959 0.0243
vn -0.0714 0.9971 0.0278
vn -0.0808 0.9959 0.0413
vn -0.1531 0.9873 0.0430
vn -0.1091 0.9936 0.0307
vn -0.2136 0.9751 0.0600
vn -0.9874 0.0965 0.1257
vn -0.9800 0.0965 0.1740
vn -0.9699 0.1722 0.1722
vn -0.9772 0.1722 0.1244
vn -0.9703 0.0965 0.2218
vn -0.9603 0.1722 0.2195
vn -0.9483 0.2690 0.1683
vn -0.9554 0.2690 0.1216
vn -0.9389 0.2690 0.2146
vn -0.9923 0.0965 0.0771
vn -0.9094 0.3602 0.2079
vn -0.9185 0.3602 0.1630
vn -0.9254 0.3602 0.1178
vn -0.9602 0.2690 0.0746
vn -0.9301 0.3602 0.0722
vn -0.9821 0.1722 0.0763
vn -0.8941 0.4332 0.1138
vn -0.8874 0.4332 0.1575
vn -0.8544 0.4969 0.1517
vn -0.8608 0.4969 0.1096
vn -0.8787 0.4332 0.2008
vn -0.8460 0.4969 0.1934
vn -0.8187 0.5555 0.1453
vn -0.8249 0.5555 0.1050
vn -0.8106 0.5555 0.1853
vn -0.8986 0.4332 0.0698
vn -0.7730 0.6093 0.1767
vn -0.7807 0.6093 0.1386
vn -0.7866 0.6093 0.1001
vn -0.8290 0.5555 0.0644
vn -0.7906 0.6093 0.0614
vn -0.8652 0.4969 0.0672
vn -0.7458 0.6593 0.0950
vn -0.7403 0.6593 0.1314
vn -0.6970 0.7063 0.1237
vn -0.7023 0.7063 0.0894
vn -0.7330 0.6593 0.1675
vn -0.6901 0.7063 0.1577
vn -0.6509 0.7504 0.1155
vn -0.6557 0.7504 0.0835
vn -0.6444 0.7504 0.1473
vn -0.7496 0.6593 0.0582
vn -0.5957 0.7916 0.1362
vn -0.6017 0.7916 0.1068
vn -0.6062 0.7916 0.0772
vn -0.6591 0.7504 0.0512
vn -0.6092 0.7916 0.0473
vn -0.7058 0.7063 0.0548
vn -0.5528 0.8303 0.0704
vn -0.5487 0.8303 0.0974
vn -0.4911 0.8667 0.0872
vn -0.4948 0.8667 0.0630
vn -0.5433 0.8303 0.1242
vn -0.4862 0.8667 0.1111
vn -0.4283 0.9004 0.0760
vn -0.4315 0.9004 0.0549
vn -0.4240 0.9004 0.0969
vn -0.5556 0.8303 0.0431
vn -0.3567 0.9307 0.0810
vn -0.3600 0.9308 0.0639
vn -0.3628 0.9307 0.0467
vn -0.4337 0.9004 0.0337
vn -0.3649 0.9306 0.0283
vn -0.4973 0.8667 0.0386
vn -0.2895 0.9563 0.0412
vn -0.2867 0.9567 0.0509
vn -0.2101 0.9770 0.0373
vn -0.2142 0.9759 0.0414
vn -0.2860 0.9563 0.0610
vn -0.2153 0.9759 0.0348
vn -0.1361 0.9904 0.0242
vn -0.1433 0.9887 0.0452
vn -0.1501 0.9886 0.0069
vn -0.2928 0.9559 0.0227
vn -0.0905 0.9959 0.0068
vn -0.0754 0.9971 0.0134
vn -0.0873 0.9959 0.0248
vn -0.1586 0.9873 0.0123
vn -0.1130 0.9936 0.0088
vn -0.2212 0.9751 0.0172
vn -0.9929 0.0965 -0.0693
vn -0.9951 0.0965 -0.0206
vn -0.9848 0.1722 -0.0204
vn -0.9827 0.1722 -0.0686
vn -0.9949 0.0965 0.0282
vn -0.9847 0.1722 0.0279
vn -0.9629 0.2690 -0.0199
vn -0.9608 0.2690 -0.0671
vn -0.9627 0.2690 0.0273
vn -0.9883 0.0965 -0.1180
vn -0.9325 0.3602 0.0265
vn -0.9327 0.3602 -0.0193
vn -0.9306 0.3602 -0.0650
vn -0.9563 0.2690 -0.1142
vn -0.9263 0.3602 -0.1106
vn -0.9781 0.1722 -0.1168
vn -0.8991 0.4332 -0.0628
vn -0.9011 0.4332 -0.0186
vn -0.8676 0.4969 -0.0179
vn -0.8657 0.4969 -0.0605
vn -0.9010 0.4332 0.0256
vn -0.8674 0.4969 0.0246
vn -0.8314 0.5555 -0.0172
vn -0.8295 0.5555 -0.0579
vn -0.8312 0.5555 0.0236
vn -0.8950 0.4332 -0.1069
vn -0.7926 0.6093 0.0225
vn -0.7928 0.6093 -0.0164
vn -0.7910 0.6093 -0.0552
vn -0.8257 0.5555 -0.0986
vn -0.7874 0.6093 -0.0940
vn -0.8617 0.4969 -0.1029
vn -0.7500 0.6593 -0.0524
vn -0.7517 0.6593 -0.0155
vn -0.7078 0.7063 -0.0146
vn -0.7062 0.7063 -0.0493
vn -0.7516 0.6593 0.0213
vn -0.7076 0.7063 0.0201
vn -0.6609 0.7504 -0.0137
vn -0.6594 0.7504 -0.0461
vn -0.6608 0.7504 0.0188
vn -0.7466 0.6593 -0.0892
vn -0.6108 0.7916 0.0173
vn -0.6109 0.7916 -0.0126
vn -0.6096 0.7916 -0.0426
vn -0.6564 0.7504 -0.0784
vn -0.6068 0.7916 -0.0725
vn -0.7029 0.7063 -0.0839
vn -0.5560 0.8303 -0.0388
vn -0.5572 0.8303 -0.0115
vn -0.4987 0.8667 -0.0103
vn -0.4976 0.8667 -0.0347
vn -0.5571 0.8303 0.0158
vn -0.4986 0.8667 0.0141
vn -0.4349 0.9004 -0.0090
vn -0.4339 0.9004 -0.0303
vn -0.4348 0.9004 0.0123
vn -0.5534 0.8303 -0.0661
vn -0.3657 0.9307 0.0098
vn -0.3656 0.9308 -0.0076
vn -0.3650 0.9307 -0.0250
vn -0.4319 0.9004 -0.0516
vn -0.3634 0.9306 -0.0434
vn -0.4953 0.8667 -0.0591
vn -0.2920 0.9563 -0.0161
vn -0.2911 0.9567 -0.0060
vn -0.2134 0.9770 -0.0044
vn -0.2181 0.9759 -0.0011
vn -0.2924 0.9563 0.0040
vn -0.2180 0.9759 -0.0079
vn -0.1382 0.9904 -0.0029
vn -0.1493 0.9887 0.0164
vn -0.1485 0.9887 -0.0225
vn -0.2916 0.9559 -0.0348
vn -0.0901 0.9959 -0.0110
vn -0.0766 0.9971 -0.0016
vn -0.0904 0.9959 0.0073
vn -0.1579 0.9873 -0.0189
vn -0.1126 0.9936 -0.0134
vn -0.2203 0.9751 -0.0263
vn -0.9603 0.0965 -0.2617
vn -0.9720 0.0965 -0.2143
vn -0.9620 0.1722 -0.2121
vn -0.9504 0.1722 -0.2590
vn -0.9813 0.0965 -0.1664
vn -0.9712 0.1722 -0.1647
vn -0.9405 0.2690 -0.2074
vn -0.9292 0.2690 -0.2532
vn -0.9496 0.2690 -0.1610
vn -0.9463 0.0965 -0.3086
vn -0.9197 0.3602 -0.1560
vn -0.9110 0.3602 -0.2009
vn -0.9000 0.3602 -0.2453
vn -0.9157 0.2690 -0.2986
vn -0.8869 0.3602 -0.2892
vn -0.9365 0.1722 -0.3054
vn -0.8696 0.4332 -0.2370
vn -0.8802 0.4332 -0.1941
vn -0.8474 0.4969 -0.1869
vn -0.8373 0.4969 -0.2282
vn -0.8886 0.4332 -0.1507
vn -0.8556 0.4969 -0.1451
vn -0.8120 0.5555 -0.1791
vn -0.8023 0.5555 -0.2186
vn -0.8198 0.5555 -0.1390
vn -0.8569 0.4332 -0.2794
vn -0.7818 0.6093 -0.1326
vn -0.7743 0.6093 -0.1707
vn -0.7650 0.6093 -0.2085
vn -0.7906 0.5555 -0.2578
vn -0.7539 0.6093 -0.2458
vn -0.8250 0.4969 -0.2690
vn -0.7254 0.6593 -0.1977
vn -0.7342 0.6593 -0.1619
vn -0.6913 0.7063 -0.1524
vn -0.6830 0.7063 -0.1861
vn -0.7413 0.6593 -0.1257
vn -0.6980 0.7063 -0.1184
vn -0.6455 0.7504 -0.1423
vn -0.6378 0.7504 -0.1738
vn -0.6517 0.7504 -0.1105
vn -0.7148 0.6593 -0.2331
vn -0.6025 0.7916 -0.1022
vn -0.5967 0.7916 -0.1316
vn -0.5896 0.7916 -0.1607
vn -0.6285 0.7504 -0.2049
vn -0.5810 0.7916 -0.1894
vn -0.6730 0.7063 -0.2195
vn -0.5377 0.8303 -0.1465
vn -0.5442 0.8303 -0.1200
vn -0.4871 0.8667 -0.1074
vn -0.4812 0.8667 -0.1312
vn -0.5495 0.8303 -0.0932
vn -0.4918 0.8667 -0.0834
vn -0.4248 0.9004 -0.0937
vn -0.4197 0.9004 -0.1144
vn -0.4289 0.9004 -0.0727
vn -0.5298 0.8303 -0.1728
vn -0.3606 0.9307 -0.0617
vn -0.3571 0.9308 -0.0787
vn -0.3531 0.9307 -0.0957
vn -0.4136 0.9004 -0.1348
vn -0.3480 0.9306 -0.1135
vn -0.4742 0.8667 -0.1546
vn -0.2833 0.9563 -0.0727
vn -0.2844 0.9567 -0.0627
vn -0.2084 0.9770 -0.0459
vn -0.2137 0.9759 -0.0437
vn -0.2876 0.9563 -0.0532
vn -0.2123 0.9759 -0.0502
vn -0.1350 0.9904 -0.0298
vn -0.1497 0.9887 -0.0131
vn -0.1413 0.9886 -0.0511
vn -0.2792 0.9559 -0.0910
vn -0.0862 0.9959 -0.0283
vn -0.0748 0.9971 -0.0165
vn -0.0901 0.9959 -0.0105
vn -0.1512 0.9873 -0.0493
vn -0.1078 0.9936 -0.0351
vn -0.2110 0.9751 -0.0688
vn -0.8908 0.0965 -0.4440
vn -0.9115 0.0965 -0.3998
vn -0.9021 0.1722 -0.3957
vn -0.8816 0.1722 -0.4395
vn -0.9300 0.0965 -0.3547
vn -0.9204 0.1722 -0.3510
vn -0.8820 0.2690 -0.3869
vn -0.8620 0.2690 -0.4297
vn -0.8999 0.2690 -0.3432
vn -0.8679 0.0965 -0.4872
vn -0.8716 0.3602 -0.3324
vn -0.8543 0.3602 -0.3747
vn -0.8349 0.3602 -0.4162
vn -0.8398 0.2690 -0.4715
vn -0.8135 0.3602 -0.4567
vn -0.8590 0.1722 -0.4822
vn -0.8067 0.4332 -0.4021
vn -0.8254 0.4332 -0.3621
vn -0.7947 0.4969 -0.3486
vn -0.7766 0.4969 -0.3871
vn -0.8422 0.4332 -0.3212
vn -0.8108 0.4969 -0.3092
vn -0.7615 0.5555 -0.3340
vn -0.7442 0.5555 -0.3710
vn -0.7770 0.5555 -0.2963
vn -0.7859 0.4332 -0.4412
vn -0.7409 0.6093 -0.2825
vn -0.7262 0.6093 -0.3185
vn -0.7097 0.6093 -0.3537
vn -0.7251 0.5555 -0.4071
vn -0.6914 0.6093 -0.3882
vn -0.7567 0.4969 -0.4248
vn -0.6729 0.6593 -0.3354
vn -0.6885 0.6593 -0.3020
vn -0.6483 0.7063 -0.2844
vn -0.6336 0.7063 -0.3158
vn -0.7025 0.6593 -0.2679
vn -0.6615 0.7063 -0.2522
vn -0.6054 0.7504 -0.2655
vn -0.5916 0.7504 -0.2949
vn -0.6177 0.7504 -0.2355
vn -0.6556 0.6593 -0.3681
vn -0.5710 0.7916 -0.2177
vn -0.5596 0.7916 -0.2455
vn -0.5469 0.7916 -0.2726
vn -0.5764 0.7504 -0.3236
vn -0.5329 0.7916 -0.2991
vn -0.6173 0.7063 -0.3465
vn -0.4988 0.8303 -0.2486
vn -0.5104 0.8303 -0.2239
vn -0.4568 0.8667 -0.2004
vn -0.4464 0.8667 -0.2225
vn -0.5207 0.8303 -0.1986
vn -0.4660 0.8667 -0.1777
vn -0.3983 0.9004 -0.1747
vn -0.3893 0.9004 -0.1941
vn -0.4064 0.9004 -0.1550
vn -0.4860 0.8303 -0.2728
vn -0.3416 0.9307 -0.1309
vn -0.3349 0.9308 -0.1469
vn -0.3276 0.9307 -0.1627
vn -0.3793 0.9004 -0.2129
vn -0.3191 0.9306 -0.1792
vn -0.4349 0.8667 -0.2442
vn -0.2636 0.9563 -0.1266
vn -0.2667 0.9567 -0.1170
vn -0.1954 0.9770 -0.0857
vn -0.2011 0.9759 -0.0845
vn -0.2717 0.9563 -0.1082
vn -0.1984 0.9759 -0.0907
vn -0.1266 0.9904 -0.0555
vn -0.1442 0.9887 -0.0420
vn -0.1286 0.9886 -0.0777
vn -0.2561 0.9559 -0.1438
vn -0.0790 0.9959 -0.0446
vn -0.0701 0.9971 -0.0308
vn -0.0863 0.9959 -0.0279
vn -0.1387 0.9873 -0.0779
vn -0.0989 0.9936 -0.0555
vn -0.1935 0.9751 -0.1086
vn -0.7871 0.0965 -0.6093
vn -0.8160 0.0965 -0.5700
vn -0.8076 0.1722 -0.5641
vn -0.7789 0.1722 -0.6030
vn -0.8429 0.0965 -0.5293
vn -0.8342 0.1722 -0.5238
vn -0.7896 0.2690 -0.5515
vn -0.7616 0.2690 -0.5896
vn -0.8157 0.2690 -0.5122
vn -0.7562 0.0965 -0.6472
vn -0.7900 0.3602 -0.4961
vn -0.7648 0.3602 -0.5342
vn -0.7377 0.3602 -0.5711
vn -0.7317 0.2690 -0.6263
vn -0.7087 0.3602 -0.6066
vn -0.7484 0.1722 -0.6405
vn -0.7127 0.4332 -0.5517
vn -0.7389 0.4332 -0.5161
vn -0.7114 0.4969 -0.4969
vn -0.6862 0.4969 -0.5312
vn -0.7633 0.4332 -0.4793
vn -0.7349 0.4969 -0.4615
vn -0.6817 0.5555 -0.4762
vn -0.6575 0.5555 -0.5090
vn -0.7042 0.5555 -0.4422
vn -0.6848 0.4332 -0.5861
vn -0.6715 0.6093 -0.4217
vn -0.6501 0.6093 -0.4541
vn -0.6270 0.6093 -0.4854
vn -0.6317 0.5555 -0.5407
vn -0.6024 0.6093 -0.5156
vn -0.6593 0.4969 -0.5643
vn -0.5945 0.6593 -0.4603
vn -0.6164 0.6593 -0.4305
vn -0.5804 0.7063 -0.4054
vn -0.5598 0.7063 -0.4334
vn -0.6368 0.6593 -0.3998
vn -0.5995 0.7063 -0.3764
vn -0.5419 0.7504 -0.3785
vn -0.5227 0.7504 -0.4047
vn -0.5598 0.7504 -0.3515
vn -0.5712 0.6593 -0.4889
vn -0.5175 0.7916 -0.3249
vn -0.5010 0.7916 -0.3499
vn -0.4832 0.7916 -0.3741
vn -0.5022 0.7504 -0.4298
vn -0.4643 0.7916 -0.3973
vn -0.5378 0.7063 -0.4603
vn -0.4407 0.8303 -0.3412
vn -0.4569 0.8303 -0.3191
vn -0.4089 0.8667 -0.2856
vn -0.3944 0.8667 -0.3053
vn -0.4720 0.8303 -0.2964
vn -0.4224 0.8667 -0.2652
vn -0.3566 0.9004 -0.2491
vn -0.3440 0.9004 -0.2663
vn -0.3684 0.9004 -0.2313
vn -0.4234 0.8303 -0.3624
vn -0.3095 0.9307 -0.1950
vn -0.2998 0.9308 -0.2094
vn -0.2896 0.9307 -0.2235
vn -0.3305 0.9004 -0.2828
vn -0.2781 0.9306 -0.2380
vn -0.3789 0.8667 -0.3243
vn -0.2339 0.9563 -0.1756
vn -0.2387 0.9567 -0.1667
vn -0.1749 0.9770 -0.1222
vn -0.1807 0.9759 -0.1221
vn -0.2454 0.9563 -0.1592
vn -0.1769 0.9759 -0.1277
vn -0.1133 0.9904 -0.0791
vn -0.1333 0.9887 -0.0694
vn -0.1110 0.9886 -0.1013
vn -0.2231 0.9559 -0.1909
vn -0.0688 0.9959 -0.0592
vn -0.0628 0.9971 -0.0439
vn -0.0792 0.9959 -0.0442
vn -0.1208 0.9873 -0.1034
vn -0.0861 0.9936 -0.0737
vn -0.1686 0.9751 -0.1443
vn -0.6531 0.0965 -0.7511
vn -0.6891 0.0965 -0.7182
vn -0.6820 0.1722 -0.7108
vn -0.6463 0.1722 -0.7434
vn -0.7235 0.0965 -0.6836
vn -0.7160 0.1722 -0.6765
vn -0.6668 0.2690 -0.6950
vn -0.6319 0.2690 -0.7268
vn -0.7001 0.2690 -0.6614
vn -0.6154 0.0965 -0.7823
vn -0.6781 0.3602 -0.6407
vn -0.6459 0.3602 -0.6731
vn -0.6121 0.3602 -0.7040
vn -0.5955 0.2690 -0.7570
vn -0.5768 0.3602 -0.7332
vn -0.6090 0.1722 -0.7742
vn -0.5914 0.4332 -0.6802
vn -0.6240 0.4332 -0.6504
vn -0.6008 0.4969 -0.6262
vn -0.5694 0.4969 -0.6549
vn -0.6551 0.4332 -0.6190
vn -0.6308 0.4969 -0.5960
vn -0.5757 0.5555 -0.6000
vn -0.5456 0.5555 -0.6275
vn -0.6044 0.5555 -0.5711
vn -0.5573 0.4332 -0.7084
vn -0.5764 0.6093 -0.5446
vn -0.5490 0.6093 -0.5722
vn -0.5203 0.6093 -0.5984
vn -0.5141 0.5555 -0.6536
vn -0.4903 0.6093 -0.6232
vn -0.5365 0.4969 -0.6820
vn -0.4933 0.6593 -0.5674
vn -0.5205 0.6593 -0.5425
vn -0.4901 0.7063 -0.5108
vn -0.4645 0.7063 -0.5342
vn -0.5465 0.6593 -0.5164
vn -0.5146 0.7063 -0.4862
vn -0.4577 0.7504 -0.4770
vn -0.4337 0.7504 -0.4989
vn -0.4805 0.7504 -0.4540
vn -0.4649 0.6593 -0.5909
vn -0.4442 0.7916 -0.4197
vn -0.4231 0.7916 -0.4409
vn -0.4009 0.7916 -0.4611
vn -0.4087 0.7504 -0.5196
vn -0.3778 0.7916 -0.4803
vn -0.4377 0.7063 -0.5564
vn -0.3657 0.8303 -0.4206
vn -0.3858 0.8303 -0.4021
vn -0.3453 0.8667 -0.3599
vn -0.3273 0.8667 -0.3764
vn -0.4051 0.8303 -0.3827
vn -0.3626 0.8667 -0.3425
vn -0.3012 0.9004 -0.3139
vn -0.2854 0.9004 -0.3283
vn -0.3162 0.9004 -0.2987
vn -0.3446 0.8303 -0.4380
vn -0.2655 0.9307 -0.2516
vn -0.2532 0.9308 -0.2638
vn -0.2404 0.9307 -0.2757
vn -0.2689 0.9004 -0.3419
vn -0.2263 0.9306 -0.2877
vn -0.3084 0.8667 -0.3920
vn -0.1951 0.9563 -0.2178
vn -0.2016 0.9567 -0.2101
vn -0.1477 0.9770 -0.1540
vn -0.1534 0.9759 -0.1551
vn -0.2096 0.9563 -0.2040
vn -0.1486 0.9759 -0.1597
vn -0.0957 0.9904 -0.0997
vn -0.1172 0.9887 -0.0940
vn -0.0891 0.9886 -0.1210
vn -0.1816 0.9559 -0.2308
vn -0.0559 0.9959 -0.0714
vn -0.0530 0.9971 -0.0553
vn -0.0691 0.9959 -0.0588
vn -0.0983 0.9873 -0.1250
vn -0.0701 0.9936 -0.0891
vn -0.1372 0.9751 -0.1744
vn -0.4940 0.0965 -0.8641
vn -0.5357 0.0965 -0.8388
vn -0.5302 0.1722 -0.8302
vn -0.4889 0.1722 -0.8552
vn -0.5762 0.0965 -0.8116
vn -0.5703 0.1722 -0.8032
vn -0.5184 0.2690 -0.8117
vn -0.4780 0.2690 -0.8361
vn -0.5576 0.2690 -0.7853
vn -0.4509 0.0965 -0.8873
vn -0.5401 0.3602 -0.7606
vn -0.5021 0.3602 -0.7862
vn -0.4630 0.3602 -0.8099
vn -0.4364 0.2690 -0.8586
vn -0.4226 0.3602 -0.8316
vn -0.4463 0.1722 -0.8782
vn -0.4473 0.4332 -0.7825
vn -0.4851 0.4332 -0.7596
vn -0.4671 0.4969 -0.7314
vn -0.4307 0.4969 -0.7534
vn -0.5218 0.4332 -0.7349
vn -0.5024 0.4969 -0.7076
vn -0.4476 0.5555 -0.7008
vn -0.4127 0.5555 -0.7219
vn -0.4814 0.5555 -0.6780
vn -0.4084 0.4332 -0.8035
vn -0.4591 0.6093 -0.6466
vn -0.4268 0.6093 -0.6683
vn -0.3935 0.6093 -0.6884
vn -0.3767 0.5555 -0.7413
vn -0.3593 0.6093 -0.7069
vn -0.3932 0.4969 -0.7736
vn -0.3731 0.6593 -0.6527
vn -0.4047 0.6593 -0.6337
vn -0.3810 0.7063 -0.5966
vn -0.3513 0.7063 -0.6146
vn -0.4353 0.6593 -0.6131
vn -0.4098 0.7063 -0.5772
vn -0.3558 0.7504 -0.5571
vn -0.3281 0.7504 -0.5739
vn -0.3827 0.7504 -0.5390
vn -0.3406 0.6593 -0.6703
vn -0.3538 0.7916 -0.4983
vn -0.3289 0.7916 -0.5150
vn -0.3033 0.7916 -0.5305
vn -0.2995 0.7504 -0.5893
vn -0.2769 0.7916 -0.5448
vn -0.3207 0.7063 -0.6311
vn -0.2766 0.8303 -0.4838
vn -0.3000 0.8303 -0.4697
vn -0.2685 0.8667 -0.4204
vn -0.2475 0.8667 -0.4330
vn -0.3226 0.8303 -0.4544
vn -0.2888 0.8667 -0.4067
vn -0.2341 0.9004 -0.3666
vn -0.2159 0.9004 -0.3776
vn -0.2518 0.9004 -0.3547
vn -0.2525 0.8303 -0.4968
vn -0.2114 0.9307 -0.2986
vn -0.1968 0.9308 -0.3082
vn -0.1820 0.9307 -0.3173
vn -0.1971 0.9004 -0.3878
vn -0.1658 0.9306 -0.3263
vn -0.2260 0.8667 -0.4447
vn -0.1489 0.9563 -0.2517
vn -0.1567 0.9567 -0.2454
vn -0.1149 0.9770 -0.1798
vn -0.1202 0.9759 -0.1820
vn -0.1658 0.9563 -0.2409
vn -0.1146 0.9759 -0.1856
vn -0.0744 0.9904 -0.1165
vn -0.0966 0.9887 -0.1151
vn -0.0638 0.9886 -0.1360
vn -0.1330 0.9559 -0.2618
vn -0.0409 0.9959 -0.0810
vn -0.0412 0.9971 -0.0646
vn -0.0563 0.9959 -0.0712
vn -0.0720 0.9873 -0.1418
vn -0.0514 0.9936 -0.1011
vn -0.1005 0.9751 -0.1978
vn -0.3159 0.0965 -0.9439
vn -0.3618 0.0965 -0.9272
vn -0.3581 0.1722 -0.9177
vn -0.3126 0.1722 -0.9341
vn -0.4068 0.0965 -0.9084
vn -0.4026 0.1722 -0.8990
vn -0.3501 0.2690 -0.8972
vn -0.3057 0.2690 -0.9133
vn -0.3937 0.2690 -0.8790
vn -0.2692 0.0965 -0.9582
vn -0.3813 0.3602 -0.8514
vn -0.3391 0.3602 -0.8691
vn -0.2961 0.3602 -0.8846
vn -0.2605 0.2690 -0.9272
vn -0.2523 0.3602 -0.8981
vn -0.2664 0.1722 -0.9484
vn -0.2861 0.4332 -0.8547
vn -0.3276 0.4332 -0.8397
vn -0.3154 0.4969 -0.8084
vn -0.2754 0.4969 -0.8229
vn -0.3684 0.4332 -0.8226
vn -0.3547 0.4969 -0.7920
vn -0.3023 0.5555 -0.7747
vn -0.2639 0.5555 -0.7885
vn -0.3399 0.5555 -0.7589
vn -0.2437 0.4332 -0.8677
vn -0.3241 0.6093 -0.7237
vn -0.2882 0.6093 -0.7387
vn -0.2517 0.6093 -0.7520
vn -0.2249 0.5555 -0.8006
vn -0.2144 0.6093 -0.7634
vn -0.2347 0.4969 -0.8355
vn -0.2386 0.6593 -0.7130
vn -0.2733 0.6593 -0.7004
vn -0.2573 0.7063 -0.6595
vn -0.2247 0.7063 -0.6713
vn -0.3073 0.6593 -0.6862
vn -0.2894 0.7063 -0.6461
vn -0.2403 0.7504 -0.6158
vn -0.2098 0.7504 -0.6269
vn -0.2702 0.7504 -0.6033
vn -0.2033 0.6593 -0.7238
vn -0.2498 0.7916 -0.5577
vn -0.2221 0.7916 -0.5693
vn -0.1939 0.7916 -0.5795
vn -0.1788 0.7504 -0.6364
vn -0.1653 0.7916 -0.5883
vn -0.1914 0.7063 -0.6815
vn -0.1769 0.8303 -0.5285
vn -0.2026 0.8303 -0.5192
vn -0.1813 0.8667 -0.4647
vn -0.1583 0.8667 -0.4730
vn -0.2278 0.8303 -0.5086
vn -0.2039 0.8667 -0.4552
vn -0.1581 0.9004 -0.4052
vn -0.1381 0.9004 -0.4125
vn -0.1778 0.9004 -0.3970
vn -0.1507 0.8303 -0.5365
vn -0.1490 0.9307 -0.3341
vn -0.1329 0.9308 -0.3406
vn -0.1166 0.9307 -0.3467
vn -0.1176 0.9004 -0.4188
vn -0.0990 0.9306 -0.3524
vn -0.1349 0.8667 -0.4802
vn -0.0969 0.9563 -0.2759
vn -0.1058 0.9567 -0.2713
vn -0.0776 0.9770 -0.1988
vn -0.0824 0.9759 -0.2020
vn -0.1156 0.9563 -0.2687
vn -0.0762 0.9759 -0.2044
vn -0.0502 0.9904 -0.1288
vn -0.0723 0.9887 -0.1317
vn -0.0360 0.9886 -0.1459
vn -0.0794 0.9559 -0.2827
vn -0.0243 0.9959 -0.0874
vn -0.0278 0.9971 -0.0714
vn -0.0413 0.9959 -0.0808
vn -0.0430 0.9873 -0.1531
vn -0.0307 0.9936 -0.1091
vn -0.0600 0.9751 -0.2136
vn -0.1257 0.0965 -0.9874
vn -0.1740 0.0965 -0.9800
vn -0.1722 0.1722 -0.9699
vn -0.1244 0.1722 -0.9772
vn -0.2218 0.0965 -0.9703
vn -0.2195 0.1722 -0.9603
vn -0.1683 0.2690 -0.9483
vn -0.1216 0.2690 -0.9554
vn -0.2146 0.2690 -0.9389
vn -0.0771 0.0965 -0.9923
vn -0.2079 0.3602 -0.9094
vn -0.1630 0.3602 -0.9185
vn -0.1178 0.3602 -0.9254
vn -0.0746 0.2690 -0.9602
vn -0.0722 0.3602 -0.9301
vn -0.0763 0.1722 -0.9821
vn -0.1138 0.4332 -0.8941
vn -0.1575 0.4332 -0.8874
vn -0.1517 0.4969 -0.8544
vn -0.1096 0.4969 -0.8608
vn -0.2008 0.4332 -0.8787
vn -0.1934 0.4969 -0.8460
vn -0.1453 0.5555 -0.8187
vn -0.1050 0.5555 -0.8249
vn -0.1853 0.5555 -0.8106
vn -0.0698 0.4332 -0.8986
vn -0.1767 0.6093 -0.7730
vn -0.1386 0.6093 -0.7807
vn -0.1001 0.6093 -0.7866
vn -0.0644 0.5555 -0.8290
vn -0.0614 0.6093 -0.7906
vn -0.0672 0.4969 -0.8652
vn -0.0950 0.6593 -0.7458
vn -0.1314 0.6593 -0.7403
vn -0.1237 0.7063 -0.6970
vn -0.0894 0.7063 -0.7023
vn -0.1675 0.6593 -0.7330
vn -0.1577 0.7063 -0.6901
vn -0.1155 0.7504 -0.6509
vn -0.0835 0.7504 -0.6557
vn -0.1473 0.7504 -0.6444
vn -0.0582 0.6593 -0.7496
vn -0.1362 0.7916 -0.5957
vn -0.1068 0.7916 -0.6017
vn -0.0772 0.7916 -0.6062
vn -0.0512 0.7504 -0.6591
vn -0.0473 0.7916 -0.6092
vn -0.0548 0.7063 -0.7058
vn -0.0704 0.8303 -0.5528
vn -0.0974 0.8303 -0.5487
vn -0.0872 0.8667 -0.4911
vn -0.0630 0.8667 -0.4948
vn -0.1242 0.8303 -0.5433
vn -0.1111 0.8667 -0.4862
vn -0.0760 0.9004 -0.4283
vn -0.0549 0.9004 -0.4315
vn -0.0969 0.9004 -0.4240
vn -0.0431 0.8303 -0.5556
vn -0.0810 0.9307 -0.3567
vn -0.0639 0.9308 -0.3600
vn -0.0467 0.9307 -0.3628
vn -0.0337 0.9004 -0.4337
vn -0.0283 0.9306 -0.3649
vn -0.0386 0.8667 -0.4973
vn -0.0412 0.9563 -0.2895
vn -0.0509 0.9567 -0.2867
vn -0.0373 0.9770 -0.2101
vn -0.0414 0.9759 -0.2142
vn -0.0610 0.9563 -0.2860
vn -0.0348 0.9759 -0.2153
vn -0.0242 0.9904 -0.1361
vn -0.0452 0.9887 -0.1433
vn -0.0069 0.9886 -0.1501
vn -0.0227 0.9559 -0.2928
vn -0.0068 0.9959 -0.0905
vn -0.0134 0.9971 -0.0754
vn -0.0248 0.9959 -0.0873
vn -0.0123 0.9873 -0.1586
vn -0.0088 0.9936 -0.1130
vn -0.0172 0.9751 -0.2212
vn 0.0693 0.0965 -0.9929
vn 0.0206 0.0965 -0.9951
vn 0.0204 0.1722 -0.9848
vn 0.0686 0.1722 -0.9827
vn -0.0282 0.0965 -0.9949
vn -0.0279 0.1722 -0.9847
vn 0.0199 0.2690 -0.9629
vn 0.0671 0.2690 -0.9608
vn -0.0273 0.2690 -0.9627
vn 0.1180 0.0965 -0.9883
vn -0.0265 0.3602 -0.9325
vn 0.0193 0.3602 -0.9327
vn 0.0650 0.3602 -0.9306
vn 0.1142 0.2690 -0.9563
vn 0.1106 0.3602 -0.9263
vn 0.1168 0.1722 -0.9781
vn 0.0628 0.4332 -0.8991
vn 0.0186 0.4332 -0.9011
vn 0.0179 0.4969 -0.8676
vn 0.0605 0.4969 -0.8657
vn -0.0256 0.4332 -0.9010
vn -0.0246 0.4969 -0.8674
vn 0.0172 0.5555 -0.8314
vn 0.0579 0.5555 -0.8295
vn -0.0236 0.5555 -0.8312
vn 0.1069 0.4332 -0.8950
vn -0.0225 0.6093 -0.7926
vn 0.0164 0.6093 -0.7928
vn 0.0552 0.6093 -0.7910
vn 0.0986 0.5555 -0.8257
vn 0.0940 0.6093 -0.7874
vn 0.1029 0.4969 -0.8617
vn 0.0524 0.6593 -0.7500
vn 0.0155 0.6593 -0.7517
vn 0.0146 0.7063 -0.7078
vn 0.0493 0.7063 -0.7062
vn -0.0213 0.6593 -0.7516
vn -0.0201 0.7063 -0.7076
vn 0.0137 0.7504 -0.6609
vn 0.0461 0.7504 -0.6594
vn -0.0188 0.7504 -0.6608
vn 0.0892 0.6593 -0.7466
vn -0.0173 0.7916 -0.6108
vn 0.0126 0.7916 -0.6109
vn 0.0426 0.7916 -0.6096
vn 0.0784 0.7504 -0.6564
vn 0.0725 0.7916 -0.6068
vn 0.0839 0.7063 -0.7029
vn 0.0388 0.8303 -0.5560
vn 0.0115 0.8303 -0.5572
vn 0.0103 0.8667 -0.4987
vn 0.0347 0.8667 -0.4976
vn -0.0158 0.8303 -0.5571
vn -0.0141 0.8667 -0.4986
vn 0.0090 0.9004 -0.4349
vn 0.0303 0.9004 -0.4339
vn -0.0123 0.9004 -0.4348
vn 0.0661 0.8303 -0.5534
vn -0.0098 0.9307 -0.3657
vn 0.0076 0.9308 -0.3656
vn 0.0250 0.9307 -0.3650
vn 0.0516 0.9004 -0.4319
vn 0.0434 0.9306 -0.3634
vn 0.0591 0.8667 -0.4953
vn 0.0161 0.9563 -0.2920
vn 0.0060 0.9567 -0.2911
vn 0.0044 0.9770 -0.2134
vn 0.0011 0.9759 -0.2181
vn -0.0040 0.9563 -0.2924
vn 0.0079 0.9759 -0.2180
vn 0.0029 0.9904 -0.1382
vn -0.0164 0.9887 -0.1493
vn 0.0225 0.9886 -0.1485
vn 0.0348 0.9559 -0.2916
vn 0.0110 0.9959 -0.0901
vn 0.0016 0.9971 -0.0766
vn -0.0073 0.9959 -0.0904
vn 0.0189 0.9873 -0.1579
vn 0.0134 0.9936 -0.1126
vn 0.0263 0.9751 -0.2203
vn 0.2617 0.0965 -0.9603
vn 0.2143 0.0965 -0.9720
vn 0.2121 0.1722 -0.9620
vn 0.2590 0.1722 -0.9504
vn 0.1664 0.0965 -0.9813
vn 0.1647 0.1722 -0.9712
vn 0.2074 0.2690 -0.9405
vn 0.2533 0.2690 -0.9292
vn 0.1610 0.2690 -0.9496
vn 0.1560 0.3602 -0.9197
vn 0.2009 0.3602 -0.9110
vn 0.2453 0.3602 -0.9000
vn 0.2370 0.4332 -0.8696
vn 0.1941 0.4332 -0.8802
vn 0.1869 0.4969 -0.8474
vn 0.2282 0.4969 -0.8373
vn 0.1507 0.4332 -0.8886
vn 0.1451 0.4969 -0.8556
vn 0.1791 0.5555 -0.8120
vn 0.2186 0.5555 -0.8023
vn 0.1390 0.5555 -0.8198
vn 0.1326 0.6093 -0.7818
vn 0.1707 0.6093 -0.7743
vn 0.2085 0.6093 -0.7650
vn 0.1977 0.6593 -0.7254
vn 0.1619 0.6593 -0.7342
vn 0.1524 0.7063 -0.6913
vn 0.1861 0.7063 -0.6830
vn 0.1257 0.6593 -0.7413
vn 0.1184 0.7063 -0.6980
vn 0.1423 0.7504 -0.6455
vn 0.1738 0.7504 -0.6378
vn 0.1105 0.7504 -0.6517
vn 0.1022 0.7916 -0.6025
vn 0.1316 0.7916 -0.5967
vn 0.1607 0.7916 -0.5896
vn 0.1465 0.8303 -0.5377
vn 0.1200 0.8303 -0.5442
vn 0.1074 0.8667 -0.4871
vn 0.1312 0.8667 -0.4812
vn 0.0932 0.8303 -0.5495
vn 0.0834 0.8667 -0.4918
vn 0.0937 0.9004 -0.4248
vn 0.1144 0.9004 -0.4197
vn 0.0727 0.9004 -0.4289
vn 0.0617 0.9307 -0.3606
vn 0.0787 0.9308 -0.3571
vn 0.0957 0.9307 -0.3531
vn 0.0727 0.9563 -0.2833
vn 0.0627 0.9567 -0.2844
vn 0.0459 0.9770 -0.2084
vn 0.0437 0.9759 -0.2137
vn 0.0532 0.9563 -0.2876
vn 0.0502 0.9759 -0.2123
vn 0.0298 0.9904 -0.1350
vn 0.0131 0.9887 -0.1497
vn 0.0511 0.9886 -0.1413
vn 0.0283 0.9959 -0.0862
vn 0.0165 0.9971 -0.0748
vn 0.0105 0.9959 -0.0901
vn 0.0290 0.9982 -0.0516
vn 0.0152 0.9993 -0.0346
vn -0.0000 1.0000 -0.0000
vn 0.0216 0.9993 -0.0310
vn 0.0184 0.9982 -0.0563
vn 0.0081 0.9993 -0.0369
vn 0.0070 0.9982 -0.0588
vn 0.0008 0.9993 -0.0378
vn -0.0046 0.9982 -0.0590
vn -0.0066 0.9993 -0.0372
vn -0.0160 0.9982 -0.0570
vn -0.0137 0.9993 -0.0352
vn -0.0268 0.9982 -0.0528
vn -0.0203 0.9993 -0.0318
vn -0.0366 0.9982 -0.0465
vn -0.0262 0.9993 -0.0273
vn -0.0450 0.9982 -0.0385
vn -0.0310 0.9993 -0.0216
vn -0.0516 0.9982 -0.0290
vn -0.0346 0.9993 -0.0152
vn -0.0563 0.9982 -0.0184
vn -0.0369 0.9993 -0.0081
vn -0.0588 0.9982 -0.0070
vn -0.0378 0.9993 -0.0008
vn -0.0590 0.9982 0.0046
vn -0.0372 0.9993 0.0066
vn -0.0570 0.9982 0.0160
vn -0.0352 0.9993 0.0137
vn -0.0528 0.9982 0.0268
vn -0.0318 0.9993 0.0203
vn -0.0465 0.9982 0.0366
vn -0.0273 0.9993 0.0262
vn -0.0385 0.9982 0.0450
vn -0.0216 0.9993 0.0310
vn -0.0290 0.9982 0.0516
vn -0.0152 0.9993 0.0346
vn -0.0183 0.9982 0.0563
vn -0.0081 0.9993 0.0369
vn -0.0070 0.9982 0.0588
vn -0.0008 0.9993 0.0378
vn 0.0046 0.9982 0.0590
vn 0.0066 0.9993 0.0372
vn 0.0160 0.9982 0.0570
vn 0.0137 0.9993 0.0352
vn 0.0268 0.9982 0.0528
vn 0.0203 0.9993 0.0318
vn 0.0366 0.9982 0.0465
vn 0.0262 0.9993 0.0273
vn 0.0450 0.9982 0.0385
vn 0.0310 0.9993 0.0216
vn 0.0516 0.9982 0.0290
vn 0.0346 0.9993 0.0152
vn 0.0563 0.9982 0.0183
vn 0.0369 0.9993 0.0081
vn 0.0588 0.9982 0.0070
vn 0.0378 0.9993 0.0008
vn 0.0590 0.9982 -0.0046
vn 0.0372 0.9993 -0.0066
vn 0.0570 0.9982 -0.0160
vn 0.0352 0.9993 -0.0137
vn 0.0528 0.9982 -0.0268
vn 0.0318 0.9993 -0.0203
vn 0.0465 0.9982 -0.0366
vn 0.0273 0.9993 -0.0262
vn 0.0385 0.9982 -0.0450
vn 0.1669 -0.0012 -0.9860
vn 0.2152 -0.0011 -0.9766
vn 0.2148 -0.0042 -0.9767
vn 0.1659 -0.0043 -0.9861
vn 0.2629 -0.0011 -0.9648
vn 0.2628 -0.0041 -0.9648
vn 0.2134 -0.0111 -0.9769
vn 0.1628 -0.0114 -0.9866
vn 0.2624 -0.0109 -0.9649
vn 0.1181 -0.0012 -0.9930
vn 0.3100 -0.0011 -0.9507
vn 0.3100 -0.0041 -0.9507
vn 0.3100 -0.0108 -0.9507
vn 0.3099 -0.0264 -0.9504
vn 0.2612 -0.0266 -0.9649
vn 0.2095 -0.0272 -0.9774
vn 0.1542 -0.0281 -0.9876
vn 0.1106 -0.0120 -0.9938
vn 0.0953 -0.0293 -0.9950
vn 0.1163 -0.0045 -0.9932
vn 0.0290 -0.0014 0.9996
vn -0.0200 -0.0013 0.9998
vn -0.0170 -0.0051 0.9998
vn 0.0319 -0.0055 0.9995
vn -0.0691 -0.0013 0.9976
vn -0.0665 -0.0047 0.9978
vn -0.0078 -0.0137 0.9999
vn 0.0408 -0.0149 0.9991
vn -0.0585 -0.0127 0.9982
vn 0.0779 -0.0015 0.9970
vn -0.1181 -0.0012 0.9930
vn -0.1163 -0.0045 0.9932
vn -0.1106 -0.0120 0.9938
vn -0.0953 -0.0293 0.9950
vn -0.0372 -0.0309 0.9988
vn 0.0167 -0.0334 0.9993
vn 0.0643 -0.0362 0.9973
vn 0.0868 -0.0160 0.9961
vn 0.1046 -0.0387 0.9938
vn 0.0801 -0.0058 0.9968
vn -0.4082 -0.0013 -0.9129
vn -0.3629 -0.0013 -0.9318
vn -0.3601 -0.0051 -0.9329
vn -0.4058 -0.0047 -0.9139
vn -0.3168 -0.0014 -0.9485
vn -0.3141 -0.0055 -0.9494
vn -0.3514 -0.0137 -0.9361
vn -0.3985 -0.0127 -0.9171
vn -0.3055 -0.0149 -0.9521
vn -0.2700 -0.0015 -0.9629
vn -0.2679 -0.0058 -0.9634
vn -0.2613 -0.0160 -0.9651
vn -0.2438 -0.0387 -0.9690
vn -0.2828 -0.0362 -0.9585
vn -0.3283 -0.0334 -0.9440
vn -0.3787 -0.0309 -0.9250
vn -0.1669 -0.0012 0.9860
vn -0.2152 -0.0011 0.9766
vn -0.2148 -0.0042 0.9767
vn -0.1659 -0.0043 0.9861
vn -0.2629 -0.0011 0.9648
vn -0.2628 -0.0041 0.9648
vn -0.2134 -0.0111 0.9769
vn -0.1628 -0.0114 0.9866
vn -0.2624 -0.0109 0.9649
vn -0.3100 -0.0011 0.9507
vn -0.3100 -0.0041 0.9507
vn -0.3100 -0.0108 0.9507
vn -0.3099 -0.0264 0.9504
vn -0.2612 -0.0266 0.9649
vn -0.2095 -0.0272 0.9774
vn -0.1542 -0.0281 0.9876
vn 0.6869 -0.0015 -0.7267
vn 0.7216 -0.0016 -0.6923
vn 0.7216 -0.0061 -0.6923
vn 0.6878 -0.0060 -0.7259
vn 0.7545 -0.0015 -0.6563
vn 0.7537 -0.0060 -0.6572
vn 0.7215 -0.0169 -0.6922
vn 0.6903 -0.0167 -0.7233
vn 0.7513 -0.0167 -0.6598
vn 0.6506 -0.0015 -0.7594
vn 0.7857 -0.0015 -0.6187
vn 0.7843 -0.0058 -0.6203
vn 0.7800 -0.0160 -0.6256
vn 0.7682 -0.0387 -0.6391
vn 0.7446 -0.0403 -0.6663
vn 0.7210 -0.0408 -0.6918
vn 0.6965 -0.0403 -0.7164
vn 0.6573 -0.0160 -0.7534
vn 0.6703 -0.0387 -0.7411
vn 0.6522 -0.0058 -0.7580
vn -0.2226 -0.0015 -0.9749
vn -0.1748 -0.0016 -0.9846
vn -0.1748 -0.0061 -0.9846
vn -0.2215 -0.0060 -0.9751
vn -0.1265 -0.0015 -0.9920
vn -0.1277 -0.0060 -0.9918
vn -0.1747 -0.0169 -0.9845
vn -0.2179 -0.0167 -0.9758
vn -0.1312 -0.0167 -0.9912
vn -0.0779 -0.0015 -0.9970
vn -0.0801 -0.0058 -0.9968
vn -0.0868 -0.0160 -0.9961
vn -0.1046 -0.0387 -0.9938
vn -0.1404 -0.0403 -0.9893
vn -0.1746 -0.0408 -0.9838
vn -0.2087 -0.0403 -0.9772
vn -0.3564 -0.0011 0.9344
vn -0.4018 -0.0011 0.9157
vn -0.4022 -0.0042 0.9155
vn -0.3565 -0.0041 0.9343
vn -0.4463 -0.0012 0.8949
vn -0.4473 -0.0043 0.8944
vn -0.4035 -0.0111 0.9149
vn -0.3569 -0.0109 0.9341
vn -0.4501 -0.0114 0.8929
vn -0.4899 -0.0012 0.8718
vn -0.4915 -0.0045 0.8708
vn -0.4965 -0.0120 0.8680
vn -0.5095 -0.0293 0.8600
vn -0.4577 -0.0281 0.8887
vn -0.4069 -0.0272 0.9131
vn -0.3578 -0.0266 0.9334
vn 0.8150 -0.0014 -0.5795
vn 0.8424 -0.0013 -0.5388
vn 0.8408 -0.0051 -0.5413
vn 0.8133 -0.0055 -0.5818
vn 0.8679 -0.0013 -0.4968
vn 0.8665 -0.0047 -0.4991
vn 0.8357 -0.0137 -0.5490
vn 0.8080 -0.0149 -0.5890
vn 0.8625 -0.0127 -0.5059
vn 0.8913 -0.0012 -0.4535
vn 0.8904 -0.0045 -0.4551
vn 0.8878 -0.0120 -0.4601
vn 0.8803 -0.0293 -0.4735
vn 0.8512 -0.0309 -0.5240
vn 0.8216 -0.0334 -0.5691
vn 0.7935 -0.0362 -0.6075
vn -0.0290 -0.0014 -0.9996
vn 0.0200 -0.0013 -0.9998
vn 0.0170 -0.0051 -0.9998
vn -0.0319 -0.0055 -0.9995
vn 0.0691 -0.0013 -0.9976
vn 0.0665 -0.0047 -0.9978
vn 0.0078 -0.0137 -0.9999
vn -0.0408 -0.0149 -0.9991
vn 0.0585 -0.0127 -0.9982
vn 0.0372 -0.0309 -0.9988
vn -0.0167 -0.0334 -0.9993
vn -0.0643 -0.0362 -0.9973
vn -0.5323 -0.0013 0.8466
vn -0.5732 -0.0013 0.8194
vn -0.5756 -0.0051 0.8177
vn -0.5345 -0.0047 0.8452
vn -0.6127 -0.0014 0.7903
vn -0.6149 -0.0055 0.7886
vn -0.5831 -0.0137 0.8123
vn -0.5412 -0.0127 0.8408
vn -0.6219 -0.0149 0.7830
vn -0.6506 -0.0015 0.7594
vn -0.6522 -0.0058 0.7580
vn -0.6573 -0.0160 0.7534
vn -0.6703 -0.0387 0.7411
vn -0.6398 -0.0362 0.7677
vn -0.6025 -0.0334 0.7974
vn -0.5587 -0.0309 0.8288
vn 0.9126 -0.0012 -0.4090
vn 0.9316 -0.0011 -0.3636
vn 0.9314 -0.0042 -0.3640
vn 0.9121 -0.0043 -0.4099
vn 0.9483 -0.0011 -0.3174
vn 0.9482 -0.0041 -0.3175
vn 0.9308 -0.0111 -0.3653
vn 0.9108 -0.0114 -0.4128
vn 0.9481 -0.0109 -0.3179
vn 0.9627 -0.0011 -0.2704
vn 0.9627 -0.0041 -0.2704
vn 0.9627 -0.0108 -0.2704
vn 0.9624 -0.0264 -0.2703
vn 0.9474 -0.0266 -0.3189
vn 0.9291 -0.0272 -0.3688
vn 0.9068 -0.0281 -0.4205
vn -0.6869 -0.0015 0.7267
vn -0.7216 -0.0016 0.6923
vn -0.7216 -0.0061 0.6923
vn -0.6878 -0.0060 0.7259
vn -0.7545 -0.0015 0.6563
vn -0.7537 -0.0060 0.6572
vn -0.7215 -0.0169 0.6922
vn -0.6903 -0.0167 0.7233
vn -0.7513 -0.0167 0.6598
vn -0.7857 -0.0015 0.6187
vn -0.7843 -0.0058 0.6203
vn -0.7800 -0.0160 0.6256
vn -0.7682 -0.0387 0.6391
vn -0.7446 -0.0403 0.6663
vn -0.7210 -0.0408 0.6918
vn -0.6965 -0.0403 0.7164
vn 0.9749 -0.0011 -0.2228
vn 0.9846 -0.0011 -0.1747
vn 0.9847 -0.0042 -0.1742
vn 0.9749 -0.0041 -0.2227
vn 0.9920 -0.0012 -0.1260
vn 0.9922 -0.0043 -0.1249
vn 0.9849 -0.0111 -0.1727
vn 0.9749 -0.0109 -0.2222
vn 0.9925 -0.0115 -0.1216
vn 0.9970 -0.0012 -0.0770
vn 0.9972 -0.0045 -0.0750
vn 0.9975 -0.0120 -0.0691
vn 0.9982 -0.0294 -0.0530
vn 0.9932 -0.0281 -0.1126
vn 0.9853 -0.0272 -0.1687
vn 0.9749 -0.0267 -0.2210
vn 0.5323 -0.0013 -0.8466
vn 0.5732 -0.0013 -0.8194
vn 0.5756 -0.0051 -0.8177
vn 0.5345 -0.0047 -0.8452
vn 0.6127 -0.0014 -0.7903
vn 0.6149 -0.0055 -0.7886
vn 0.5831 -0.0137 -0.8123
vn 0.5412 -0.0127 -0.8408
vn 0.6219 -0.0149 -0.7830
vn 0.4899 -0.0012 -0.8718
vn 0.6398 -0.0362 -0.7677
vn 0.6025 -0.0334 -0.7974
vn 0.5587 -0.0309 -0.8288
vn 0.4965 -0.0120 -0.8680
vn 0.5095 -0.0293 -0.8600
vn 0.4915 -0.0045 -0.8709
vn -0.8150 -0.0014 0.5795
vn -0.8424 -0.0013 0.5388
vn -0.8408 -0.0051 0.5413
vn -0.8133 -0.0055 0.5818
vn -0.8679 -0.0013 0.4968
vn -0.8665 -0.0047 0.4991
vn -0.8357 -0.0137 0.5490
vn -0.8080 -0.0149 0.5890
vn -0.8625 -0.0127 0.5059
vn -0.8913 -0.0012 0.4535
vn -0.8904 -0.0045 0.4551
vn -0.8878 -0.0120 0.4601
vn -0.8803 -0.0293 0.4735
vn -0.8512 -0.0309 0.5240
vn -0.8216 -0.0334 0.5691
vn -0.7935 -0.0362 0.6075
vn 0.9996 -0.0013 -0.0277
vn 0.9998 -0.0013 0.0214
vn 0.9997 -0.0051 0.0245
vn 0.9997 -0.0048 -0.0250
vn 0.9975 -0.0014 0.0703
vn 0.9973 -0.0055 0.0734
vn 0.9993 -0.0139 0.0342
vn 0.9998 -0.0128 -0.0166
vn 0.9965 -0.0152 0.0828
vn 0.9929 -0.0015 0.1191
vn 0.9926 -0.0059 0.1214
vn 0.9916 -0.0163 0.1285
vn 0.9883 -0.0395 0.1472
vn 0.9935 -0.0368 0.1075
vn 0.9976 -0.0338 0.0599
vn 0.9995 -0.0311 0.0057
vn -0.9126 -0.0012 0.4090
vn -0.9316 -0.0011 0.3636
vn -0.9314 -0.0042 0.3640
vn -0.9121 -0.0043 0.4099
vn -0.9483 -0.0011 0.3174
vn -0.9482 -0.0041 0.3175
vn -0.9308 -0.0111 0.3653
vn -0.9108 -0.0114 0.4128
vn -0.9481 -0.0109 0.3179
vn -0.9627 -0.0011 0.2704
vn -0.9627 -0.0040 0.2705
vn -0.9627 -0.0107 0.2705
vn -0.9623 -0.0263 0.2705
vn -0.9474 -0.0266 0.3189
vn -0.9291 -0.0272 0.3688
vn -0.9068 -0.0281 0.4205
vn 0.9859 -0.0016 0.1675
vn 0.9765 -0.0016 0.2153
vn 0.9765 -0.0063 0.2153
vn 0.9857 -0.0062 0.1686
vn 0.9649 -0.0016 0.2627
vn 0.9652 -0.0062 0.2615
vn 0.9764 -0.0174 0.2153
vn 0.9849 -0.0171 0.1724
vn 0.9660 -0.0171 0.2578
vn 0.9509 -0.0015 0.3095
vn 0.9516 -0.0059 0.3073
vn 0.9537 -0.0163 0.3004
vn 0.9586 -0.0395 0.2821
vn 0.9679 -0.0412 0.2480
vn 0.9757 -0.0418 0.2151
vn 0.9824 -0.0412 0.1820
vn -0.9749 -0.0011 0.2228
vn -0.9846 -0.0011 0.1748
vn -0.9846 -0.0040 0.1748
vn -0.9748 -0.0040 0.2228
vn -0.9920 -0.0011 0.1263
vn -0.9920 -0.0040 0.1263
vn -0.9846 -0.0107 0.1748
vn -0.9748 -0.0107 0.2228
vn -0.9919 -0.0107 0.1263
vn -0.9970 -0.0011 0.0774
vn -0.9970 -0.0040 0.0774
vn -0.9969 -0.0107 0.0773
vn -0.9967 -0.0263 0.0772
vn -0.9917 -0.0262 0.1262
vn -0.9843 -0.0262 0.1747
vn -0.9745 -0.0262 0.2228
vn 0.9346 -0.0014 0.3557
vn 0.9161 -0.0013 0.4010
vn 0.9173 -0.0051 0.3982
vn 0.9357 -0.0055 0.3529
vn 0.8953 -0.0013 0.4455
vn 0.8965 -0.0048 0.4431
vn 0.9210 -0.0139 0.3892
vn 0.9389 -0.0152 0.3440
vn 0.9001 -0.0128 0.4356
vn 0.8722 -0.0012 0.4891
vn 0.8732 -0.0045 0.4874
vn 0.8760 -0.0120 0.4822
vn 0.8833 -0.0294 0.4679
vn 0.9092 -0.0311 0.4152
vn 0.9303 -0.0338 0.3652
vn 0.9466 -0.0368 0.3203
vn -0.9996 -0.0011 0.0283
vn -0.9998 -0.0011 -0.0208
vn -0.9998 -0.0042 -0.0213
vn -0.9996 -0.0041 0.0282
vn -0.9976 -0.0012 -0.0699
vn -0.9975 -0.0043 -0.0710
vn -0.9997 -0.0111 -0.0227
vn -0.9996 -0.0109 0.0278
vn -0.9972 -0.0115 -0.0743
vn -0.9929 -0.0012 -0.1190
vn -0.9926 -0.0045 -0.1210
vn -0.9918 -0.0120 -0.1269
vn -0.9893 -0.0294 -0.1427
vn -0.9961 -0.0281 -0.0833
vn -0.9993 -0.0272 -0.0268
vn -0.9993 -0.0267 0.0266
vn 0.8470 -0.0012 0.5315
vn 0.8199 -0.0011 0.5725
vn 0.8201 -0.0042 0.5721
vn 0.8476 -0.0043 0.5306
vn 0.7908 -0.0011 0.6121
vn 0.7908 -0.0041 0.6120
vn 0.8209 -0.0111 0.5709
vn 0.8493 -0.0115 0.5278
vn 0.7911 -0.0109 0.6116
vn 0.7597 -0.0011 0.6502
vn 0.7597 -0.0040 0.6502
vn 0.7597 -0.0107 0.6501
vn 0.7596 -0.0263 0.6498
vn 0.7916 -0.0267 0.6105
vn 0.8230 -0.0272 0.5674
vn 0.8538 -0.0281 0.5199
vn -0.9858 -0.0013 -0.1678
vn -0.9764 -0.0013 -0.2160
vn -0.9757 -0.0051 -0.2191
vn -0.9853 -0.0048 -0.1705
vn -0.9646 -0.0014 -0.2636
vn -0.9638 -0.0055 -0.2665
vn -0.9734 -0.0139 -0.2285
vn -0.9838 -0.0128 -0.1787
vn -0.9612 -0.0152 -0.2756
vn -0.9506 -0.0015 -0.3105
vn -0.9498 -0.0059 -0.3127
vn -0.9474 -0.0163 -0.3195
vn -0.9406 -0.0395 -0.3372
vn -0.9535 -0.0368 -0.2993
vn -0.9668 -0.0338 -0.2534
vn -0.9792 -0.0311 -0.2006
vn 0.7269 -0.0011 0.6868
vn 0.6923 -0.0011 0.7216
vn 0.6923 -0.0040 0.7216
vn 0.7269 -0.0040 0.6868
vn 0.6561 -0.0011 0.7547
vn 0.6561 -0.0040 0.7546
vn 0.6923 -0.0107 0.7215
vn 0.7268 -0.0107 0.6867
vn 0.6561 -0.0107 0.7546
vn 0.6183 -0.0011 0.7860
vn 0.6183 -0.0040 0.7860
vn 0.6182 -0.0107 0.7860
vn 0.6179 -0.0263 0.7858
vn 0.6559 -0.0262 0.7544
vn 0.6921 -0.0262 0.7213
vn 0.7266 -0.0262 0.6865
vn -0.9343 -0.0016 -0.3566
vn -0.9158 -0.0016 -0.4017
vn -0.9158 -0.0063 -0.4017
vn -0.9338 -0.0062 -0.3577
vn -0.8951 -0.0016 -0.4459
vn -0.8956 -0.0062 -0.4448
vn -0.9156 -0.0174 -0.4016
vn -0.9323 -0.0171 -0.3612
vn -0.8972 -0.0171 -0.4413
vn -0.8722 -0.0015 -0.4891
vn -0.8733 -0.0059 -0.4871
vn -0.8767 -0.0163 -0.4807
vn -0.8851 -0.0395 -0.4637
vn -0.9009 -0.0412 -0.4321
vn -0.9150 -0.0418 -0.4014
vn -0.9281 -0.0412 -0.3702
vn 0.5789 -0.0011 0.8154
vn 0.5382 -0.0011 0.8428
vn 0.5378 -0.0042 0.8431
vn 0.5788 -0.0041 0.8155
vn 0.4961 -0.0012 0.8683
vn 0.4952 -0.0043 0.8688
vn 0.5366 -0.0111 0.8438
vn 0.5784 -0.0109 0.8157
vn 0.4924 -0.0114 0.8703
vn 0.4527 -0.0012 0.8917
vn 0.4510 -0.0045 0.8925
vn 0.4459 -0.0120 0.8950
vn 0.4319 -0.0293 0.9014
vn 0.4846 -0.0281 0.8743
vn 0.5331 -0.0272 0.8456
vn 0.5773 -0.0266 0.8161
vn -0.8473 -0.0014 -0.5312
vn -0.8202 -0.0013 -0.5721
vn -0.8220 -0.0051 -0.5695
vn -0.8488 -0.0055 -0.5286
vn -0.7911 -0.0013 -0.6116
vn -0.7928 -0.0048 -0.6095
vn -0.8274 -0.0139 -0.5614
vn -0.8537 -0.0152 -0.5205
vn -0.7978 -0.0128 -0.6028
vn -0.7600 -0.0012 -0.6499
vn -0.7613 -0.0045 -0.6484
vn -0.7651 -0.0120 -0.6438
vn -0.7750 -0.0294 -0.6312
vn -0.8107 -0.0311 -0.5846
vn -0.8412 -0.0338 -0.5397
vn -0.8659 -0.0368 -0.4988
vn 0.4082 -0.0013 0.9129
vn 0.3629 -0.0013 0.9318
vn 0.3601 -0.0051 0.9329
vn 0.4058 -0.0047 0.9139
vn 0.3168 -0.0014 0.9485
vn 0.3141 -0.0055 0.9494
vn 0.3514 -0.0137 0.9361
vn 0.3985 -0.0127 0.9171
vn 0.3055 -0.0149 0.9521
vn 0.2700 -0.0015 0.9629
vn 0.2679 -0.0058 0.9634
vn 0.2613 -0.0160 0.9651
vn 0.2438 -0.0387 0.9690
vn 0.2828 -0.0362 0.9585
vn 0.3283 -0.0334 0.9440
vn 0.3787 -0.0309 0.9250
vn -0.7271 -0.0012 -0.6866
vn -0.6924 -0.0011 -0.7215
vn -0.6928 -0.0042 -0.7212
vn -0.7278 -0.0043 -0.6858
vn -0.6562 -0.0011 -0.7546
vn -0.6563 -0.0041 -0.7545
vn -0.6938 -0.0111 -0.7201
vn -0.7300 -0.0115 -0.6833
vn -0.6566 -0.0109 -0.7542
vn -0.6573 -0.0267 -0.7532
vn -0.6965 -0.0272 -0.7171
vn -0.7359 -0.0281 -0.6765
vn 0.2226 -0.0015 0.9749
vn 0.1748 -0.0016 0.9846
vn 0.1748 -0.0061 0.9846
vn 0.2215 -0.0060 0.9751
vn 0.1265 -0.0015 0.9920
vn 0.1277 -0.0060 0.9918
vn 0.1747 -0.0169 0.9845
vn 0.2179 -0.0167 0.9758
vn 0.1312 -0.0167 0.9912
vn 0.1404 -0.0403 0.9893
vn 0.1746 -0.0408 0.9838
vn 0.2087 -0.0403 0.9772
vn 0.3599 -0.0637 -0.9308
vn 0.4149 -0.0651 -0.9075
vn 0.4317 -0.1541 -0.8887
vn 0.3629 -0.1514 -0.9195
vn 0.4758 -0.0668 -0.8770
vn 0.5149 -0.1568 -0.8428
vn 0.4536 -0.3286 -0.8284
vn 0.3601 -0.3257 -0.8742
vn 0.5732 -0.3268 -0.7514
vn 0.3578 -0.0266 -0.9334
vn 0.3094 -0.0630 -0.9488
vn 0.4069 -0.0272 -0.9131
vn 0.4577 -0.0281 -0.8887
vn 0.5404 -0.0691 -0.8385
vn 0.6052 -0.1588 -0.7801
vn 0.6961 -0.3170 -0.6442
vn 0.7483 -0.4610 -0.4769
vn 0.6067 -0.4916 -0.6248
vn 0.4588 -0.5049 -0.7312
vn 0.3434 -0.5063 -0.7910
vn 0.2934 -0.3230 -0.8998
vn 0.2676 -0.5049 -0.8206
vn 0.3065 -0.1498 -0.9400
vn 0.3237 -0.6217 -0.7133
vn 0.4520 -0.6163 -0.6449
vn 0.4407 -0.6978 -0.5647
vn 0.3031 -0.7066 -0.6394
vn 0.6154 -0.5916 -0.5209
vn 0.6143 -0.6620 -0.4293
vn 0.4242 -0.7695 -0.4775
vn 0.2788 -0.7822 -0.5572
vn 0.6063 -0.7216 -0.3343
vn 0.2429 -0.6213 -0.7450
vn 0.7633 -0.5415 -0.3524
vn 0.7646 -0.5937 -0.2509
vn 0.7577 -0.6347 -0.1520
vn 0.7445 -0.6652 -0.0575
vn 0.5923 -0.7697 -0.2381
vn 0.4032 -0.8300 -0.3854
vn 0.2514 -0.8469 -0.4686
vn 0.1929 -0.7828 -0.5916
vn 0.1642 -0.8481 -0.5037
vn 0.2194 -0.7066 -0.6727
vn 0.2251 -0.8947 -0.3858
vn 0.3818 -0.8739 -0.3007
vn 0.3654 -0.9001 -0.2372
vn 0.2050 -0.9238 -0.3233
vn 0.5763 -0.8029 -0.1526
vn 0.5639 -0.8210 -0.0895
vn 0.3565 -0.9130 -0.1985
vn 0.1932 -0.9387 -0.2854
vn 0.5578 -0.8284 -0.0508
vn 0.1373 -0.8965 -0.4212
vn 0.7292 -0.6839 0.0231
vn 0.7173 -0.6920 0.0809
vn 0.7115 -0.6930 0.1162
vn 0.7020 -0.7025 0.1170
vn 0.5461 -0.8364 -0.0466
vn 0.3485 -0.9181 -0.1887
vn 0.1884 -0.9433 -0.2731
vn 0.1046 -0.9413 -0.3209
vn 0.1005 -0.9460 -0.3082
vn 0.1170 -0.9261 -0.3587
vn 0.5993 -0.0722 -0.7973
vn 0.6463 -0.0769 -0.7592
vn 0.7286 -0.1670 -0.6643
vn 0.6800 -0.1612 -0.7153
vn 0.6793 -0.0825 -0.7292
vn 0.7508 -0.1753 -0.6369
vn 0.8259 -0.3055 -0.4739
vn 0.7832 -0.3062 -0.5412
vn 0.8320 -0.3153 -0.4565
vn 0.6982 -0.0871 -0.7105
vn 0.7475 -0.1831 -0.6385
vn 0.8026 -0.3308 -0.4963
vn 0.8237 -0.4624 -0.3282
vn 0.8656 -0.4309 -0.2551
vn 0.8697 -0.4183 -0.2621
vn 0.8366 -0.4294 -0.3401
vn 0.8466 -0.4919 -0.2032
vn 0.8720 -0.4737 -0.1235
vn 0.8622 -0.5062 -0.0192
vn 0.8427 -0.5293 -0.0986
vn 0.8629 -0.4908 -0.1200
vn 0.8491 -0.5279 -0.0154
vn 0.8453 -0.5290 0.0748
vn 0.8310 -0.5562 -0.0020
vn 0.8283 -0.5546 0.0801
vn 0.8165 -0.5393 -0.2059
vn 0.7991 -0.5921 -0.1043
vn 0.7737 -0.6335 -0.0073
vn 0.7427 -0.6643 0.0837
vn 0.8028 -0.5726 0.1661
vn 0.8240 -0.5438 0.1590
vn 0.8140 -0.5745 0.0859
vn 0.7961 -0.5841 0.1583
vn 0.8029 -0.5511 0.2272
vn 0.7872 -0.5523 0.2744
vn 0.7825 -0.5866 0.2089
vn 0.7779 -0.5824 0.2360
vn 0.7593 -0.5853 0.2845
vn 0.7785 -0.5497 0.3028
vn 0.7753 -0.5844 0.2395
vn 0.7490 -0.5836 0.3138
vn 0.7119 -0.6839 0.1598
vn 0.6885 -0.6931 0.2136
vn 0.6753 -0.6951 0.2464
vn 0.6790 -0.6842 0.2662
vn 0.7497 -0.5763 0.3254
vn 0.7774 -0.5476 0.3096
vn 0.7715 -0.5880 0.2430
vn 0.7094 -0.0900 -0.6990
vn 0.7186 -0.0909 -0.6895
vn 0.7085 -0.1893 -0.6798
vn 0.7299 -0.1880 -0.6572
vn 0.7277 -0.0900 -0.6799
vn 0.6868 -0.1880 -0.7021
vn 0.6768 -0.3468 -0.6494
vn 0.7463 -0.3430 -0.5705
vn 0.6008 -0.3430 -0.7220
vn 0.7388 -0.0871 -0.6683
vn 0.6689 -0.1831 -0.7205
vn 0.5291 -0.3308 -0.7814
vn 0.3620 -0.4624 -0.8094
vn 0.4879 -0.4934 -0.7200
vn 0.6228 -0.5051 -0.5975
vn 0.7396 -0.4934 -0.4578
vn 0.7181 -0.5921 -0.3657
vn 0.5697 -0.6138 -0.5466
vn 0.5154 -0.6998 -0.4945
vn 0.6895 -0.6671 -0.2820
vn 0.3951 -0.5921 -0.7023
vn 0.3103 -0.6671 -0.6773
vn 0.4545 -0.7767 -0.4360
vn 0.6530 -0.7315 -0.1960
vn 0.2228 -0.7315 -0.6444
vn 0.2394 -0.5393 -0.8073
vn 0.1372 -0.5921 -0.7941
vn 0.0392 -0.6335 -0.7728
vn -0.0529 -0.6643 -0.7456
vn 0.1346 -0.7847 -0.6051
vn 0.3881 -0.8431 -0.3723
vn 0.6101 -0.7847 -0.1095
vn 0.5675 -0.8228 -0.0328
vn 0.3251 -0.8927 -0.3119
vn 0.2772 -0.9232 -0.2660
vn 0.5347 -0.8447 0.0235
vn 0.0562 -0.8228 -0.5656
vn -0.0013 -0.8447 -0.5352
vn 0.2481 -0.9390 -0.2381
vn 0.5156 -0.8549 0.0581
vn -0.0367 -0.8549 -0.5175
vn -0.1302 -0.6839 -0.7179
vn -0.1850 -0.6931 -0.6967
vn -0.2183 -0.6951 -0.6849
vn -0.2379 -0.6842 -0.6894
vn -0.0597 -0.8510 -0.5218
vn 0.2380 -0.9440 -0.2284
vn 0.5189 -0.8510 0.0812
vn 0.7567 -0.0825 -0.6486
vn 0.7853 -0.0769 -0.6143
vn 0.6938 -0.1670 -0.7005
vn 0.6674 -0.1753 -0.7238
vn 0.8213 -0.0722 -0.5658
vn 0.7428 -0.1612 -0.6498
vn 0.5076 -0.3055 -0.8056
vn 0.4905 -0.3153 -0.8124
vn 0.5731 -0.3062 -0.7602
vn 0.8602 -0.0691 -0.5053
vn 0.8044 -0.1588 -0.5724
vn 0.6724 -0.3170 -0.6688
vn 0.5075 -0.4610 -0.7279
vn 0.3744 -0.4294 -0.8219
vn 0.2978 -0.4183 -0.8581
vn 0.2907 -0.4309 -0.8543
vn 0.1556 -0.4909 -0.8572
vn 0.1594 -0.4737 -0.8661
vn 0.0549 -0.5062 -0.8606
vn 0.0505 -0.5279 -0.8478
vn 0.2380 -0.4919 -0.8375
vn 0.1333 -0.5293 -0.8379
vn -0.0398 -0.5290 -0.8477
vn -0.0458 -0.5546 -0.8309
vn 0.0364 -0.5562 -0.8302
vn 0.3837 -0.5415 -0.7481
vn 0.2823 -0.5937 -0.7536
vn 0.1832 -0.6347 -0.7508
vn 0.0882 -0.6652 -0.7415
vn -0.0522 -0.5745 -0.8168
vn -0.1248 -0.5438 -0.8299
vn -0.1328 -0.5726 -0.8090
vn -0.2036 -0.5824 -0.7870
vn -0.1938 -0.5511 -0.8116
vn -0.2416 -0.5523 -0.7978
vn -0.2529 -0.5853 -0.7704
vn -0.1253 -0.5841 -0.8019
vn -0.1764 -0.5866 -0.7904
vn -0.2704 -0.5497 -0.7904
vn -0.2826 -0.5836 -0.7613
vn -0.2073 -0.5844 -0.7845
vn 0.0071 -0.6839 -0.7295
vn -0.0512 -0.6920 -0.7200
vn -0.0867 -0.6930 -0.7157
vn -0.0879 -0.7025 -0.7062
vn -0.2109 -0.5880 -0.7808
vn -0.2772 -0.5476 -0.7895
vn -0.2941 -0.5763 -0.7625
vn 0.8959 -0.0668 -0.4391
vn 0.9239 -0.0651 -0.3771
vn 0.9058 -0.1541 -0.3946
vn 0.8633 -0.1568 -0.4797
vn 0.9449 -0.0637 -0.3211
vn 0.9337 -0.1514 -0.3246
vn 0.8464 -0.3286 -0.4190
vn 0.7745 -0.3268 -0.5416
vn 0.8883 -0.3257 -0.3237
vn 0.9608 -0.0631 -0.2699
vn 0.9519 -0.1498 -0.2673
vn 0.9112 -0.3230 -0.2558
vn 0.8310 -0.5049 -0.2332
vn 0.8046 -0.5063 -0.3104
vn 0.7495 -0.5049 -0.4281
vn 0.6493 -0.4916 -0.5803
vn 0.5459 -0.5916 -0.5933
vn 0.6630 -0.6163 -0.4250
vn 0.5825 -0.6978 -0.4170
vn 0.4544 -0.6620 -0.5961
vn 0.7260 -0.6217 -0.2939
vn 0.6514 -0.7066 -0.2764
vn 0.4946 -0.7695 -0.4041
vn 0.3590 -0.7216 -0.5920
vn 0.5682 -0.7822 -0.2555
vn 0.7545 -0.6213 -0.2117
vn 0.6813 -0.7066 -0.1911
vn 0.5992 -0.7828 -0.1680
vn 0.5102 -0.8481 -0.1430
vn 0.4786 -0.8469 -0.2318
vn 0.4017 -0.8300 -0.3870
vn 0.2624 -0.7697 -0.5820
vn 0.1763 -0.8029 -0.5695
vn 0.3163 -0.8739 -0.3691
vn 0.2521 -0.9001 -0.3553
vn 0.1128 -0.8210 -0.5597
vn 0.3948 -0.8947 -0.2089
vn 0.3315 -0.9238 -0.1915
vn 0.2130 -0.9130 -0.3479
vn 0.0738 -0.8284 -0.5553
vn 0.2931 -0.9387 -0.1813
vn 0.4266 -0.8965 -0.1195
vn 0.3633 -0.9261 -0.1017
vn 0.3250 -0.9413 -0.0909
vn 0.3122 -0.9460 -0.0873
vn 0.2807 -0.9434 -0.1770
vn 0.2029 -0.9181 -0.3404
vn 0.0691 -0.8364 -0.5437
vn 0.9739 -0.0638 -0.2177
vn 0.9852 -0.0651 -0.1585
vn 0.9790 -0.1543 -0.1332
vn 0.9662 -0.1515 -0.2086
vn 0.9937 -0.0670 -0.0902
vn 0.9869 -0.1570 -0.0365
vn 0.9410 -0.3288 -0.0797
vn 0.9271 -0.3258 -0.1852
vn 0.9429 -0.3266 0.0662
vn 0.9975 -0.0694 -0.0138
vn 0.9844 -0.1590 0.0759
vn 0.9201 -0.3159 0.2316
vn 0.8080 -0.4578 0.3709
vn 0.8554 -0.4903 0.1672
vn 0.8631 -0.5047 -0.0198
vn 0.8487 -0.5064 -0.1524
vn 0.7732 -0.6217 -0.1253
vn 0.7876 -0.6158 0.0236
vn 0.7146 -0.6970 0.0595
vn 0.7004 -0.7065 -0.1011
vn 0.7734 -0.5893 0.2336
vn 0.6965 -0.6587 0.2846
vn 0.6329 -0.7684 0.0949
vn 0.6186 -0.7821 -0.0753
vn 0.6130 -0.7172 0.3315
vn 0.7119 -0.5363 0.4535
vn 0.6278 -0.5868 0.5114
vn 0.5419 -0.6262 0.5606
vn 0.4565 -0.6552 0.6019
vn 0.5254 -0.7644 0.3737
vn 0.5448 -0.8285 0.1292
vn 0.5297 -0.8468 -0.0486
vn 0.4463 -0.8945 -0.0244
vn 0.4627 -0.8722 0.1588
vn 0.4009 -0.8981 0.1807
vn 0.3833 -0.9236 -0.0062
vn 0.4457 -0.7967 0.4082
vn 0.3867 -0.8142 0.4331
vn 0.3638 -0.9108 0.1951
vn 0.3452 -0.9385 0.0052
vn 0.3513 -0.8212 0.4497
vn 0.3817 -0.6729 0.6337
vn 0.3276 -0.6803 0.6557
vn 0.2954 -0.6808 0.6702
vn 0.2898 -0.6906 0.6627
vn 0.3415 -0.8296 0.4418
vn 0.3512 -0.9161 0.1935
vn 0.3323 -0.9431 0.0079
vn 0.9956 -0.0726 0.0592
vn 0.9897 -0.0776 0.1202
vn 0.9546 -0.1676 0.2461
vn 0.9710 -0.1614 0.1761
vn 0.9828 -0.0836 0.1644
vn 0.9438 -0.1764 0.2796
vn 0.8466 -0.3038 0.4371
vn 0.8805 -0.3045 0.3634
vn 0.8352 -0.3142 0.4514
vn 0.9779 -0.0886 0.1896
vn 0.9438 -0.1849 0.2741
vn 0.8535 -0.3310 0.4025
vn 0.7233 -0.4596 0.5153
vn 0.6836 -0.4262 0.5925
vn 0.6917 -0.4130 0.5924
vn 0.7400 -0.4246 0.5216
vn 0.6307 -0.4847 0.6060
vn 0.5770 -0.4659 0.6708
vn 0.4850 -0.4966 0.7198
vn 0.5415 -0.5201 0.6605
vn 0.5691 -0.4836 0.6650
vn 0.4744 -0.5188 0.7112
vn 0.3982 -0.5177 0.7572
vn 0.4553 -0.5454 0.7037
vn 0.3840 -0.5438 0.7462
vn 0.6167 -0.5343 0.5780
vn 0.5221 -0.5854 0.6202
vn 0.4274 -0.6251 0.6531
vn 0.3351 -0.6545 0.6778
vn 0.2994 -0.5605 0.7722
vn 0.3175 -0.5312 0.7855
vn 0.3736 -0.5623 0.7377
vn 0.3046 -0.5710 0.7624
vn 0.2503 -0.5377 0.8051
vn 0.2033 -0.5384 0.8178
vn 0.2558 -0.5729 0.7787
vn 0.2286 -0.5693 0.7897
vn 0.1788 -0.5716 0.8008
vn 0.1755 -0.5355 0.8261
vn 0.2269 -0.5704 0.7894
vn 0.1494 -0.5696 0.8083
vn 0.2555 -0.6729 0.6942
vn 0.1984 -0.6814 0.7045
vn 0.1643 -0.6830 0.7117
vn 0.1500 -0.6715 0.7257
vn 0.1404 -0.5621 0.8151
vn 0.1695 -0.5334 0.8287
vn 0.2222 -0.5740 0.7881
vn 0.9748 -0.0918 0.2035
vn 0.9723 -0.0926 0.2144
vn 0.9584 -0.1916 0.2113
vn 0.9505 -0.1903 0.2456
vn 0.9700 -0.0918 0.2253
vn 0.9657 -0.1903 0.1769
vn 0.9154 -0.3483 0.2018
vn 0.8864 -0.3442 0.3096
vn 0.9344 -0.3442 0.0919
vn 0.9669 -0.0886 0.2392
vn 0.9715 -0.1849 0.1482
vn 0.9436 -0.3310 -0.0063
vn 0.8730 -0.4596 -0.1634
vn 0.8702 -0.4927 -0.0028
vn 0.8427 -0.5052 0.1858
vn 0.7883 -0.4927 0.3685
vn 0.6994 -0.5903 0.4029
vn 0.7711 -0.6135 0.1700
vn 0.6978 -0.6996 0.1539
vn 0.6135 -0.6646 0.4266
vn 0.8040 -0.5903 -0.0714
vn 0.7360 -0.6646 -0.1290
vn 0.6153 -0.7765 0.1357
vn 0.5214 -0.7282 0.4448
vn 0.6601 -0.7282 -0.1843
vn 0.8026 -0.5343 -0.2651
vn 0.7345 -0.5854 -0.3432
vn 0.6625 -0.6251 -0.4128
vn 0.5891 -0.6545 -0.4740
vn 0.5786 -0.7806 -0.2363
vn 0.5255 -0.8429 0.1159
vn 0.4256 -0.7806 0.4577
vn 0.3382 -0.8180 0.4653
vn 0.4403 -0.8926 0.0971
vn 0.3754 -0.9231 0.0828
vn 0.2735 -0.8395 0.4695
vn 0.5025 -0.8180 -0.2799
vn 0.4455 -0.8395 -0.3109
vn 0.3360 -0.9389 0.0741
vn 0.2342 -0.8494 0.4730
vn 0.4114 -0.8494 -0.3306
vn 0.5237 -0.6729 -0.5224
vn 0.4763 -0.6814 -0.5557
vn 0.4484 -0.6830 -0.5766
vn 0.4413 -0.6715 -0.5953
vn 0.4023 -0.8448 -0.3528
vn 0.3224 -0.9439 0.0711
vn 0.2166 -0.8448 0.4893
vn 0.9609 -0.0836 0.2642
vn 0.9485 -0.0776 0.3072
vn 0.9696 -0.1676 0.1782
vn 0.9738 -0.1764 0.1432
vn 0.9282 -0.0726 0.3650
vn 0.9551 -0.1614 0.2485
vn 0.9519 -0.3038 -0.0405
vn 0.9476 -0.3142 -0.0583
vn 0.9517 -0.3045 0.0406
vn 0.8992 -0.0694 0.4321
vn 0.9250 -0.1590 0.3451
vn 0.9322 -0.3159 0.1768
vn 0.8891 -0.4578 0.0033
vn 0.8907 -0.4246 -0.1621
vn 0.8767 -0.4130 -0.2465
vn 0.8694 -0.4262 -0.2500
vn 0.7960 -0.4836 -0.3640
vn 0.8056 -0.4659 -0.3659
vn 0.7428 -0.4966 -0.4491
vn 0.7295 -0.5188 -0.4458
vn 0.8271 -0.4847 -0.2846
vn 0.7691 -0.5201 -0.3715
vn 0.6797 -0.5177 -0.5196
vn 0.6622 -0.5438 -0.5155
vn 0.7090 -0.5454 -0.4470
vn 0.8366 -0.5363 -0.1121
vn 0.7847 -0.5868 -0.1999
vn 0.7274 -0.6262 -0.2807
vn 0.6673 -0.6552 -0.3541
vn 0.6492 -0.5623 -0.5121
vn 0.6184 -0.5312 -0.5791
vn 0.5964 -0.5605 -0.5747
vn 0.5395 -0.5693 -0.6204
vn 0.5657 -0.5377 -0.6252
vn 0.5283 -0.5384 -0.6565
vn 0.4990 -0.5715 -0.6514
vn 0.5969 -0.5710 -0.5636
vn 0.5596 -0.5729 -0.5989
vn 0.5066 -0.5355 -0.6757
vn 0.4754 -0.5696 -0.6705
vn 0.5378 -0.5704 -0.6208
vn 0.6128 -0.6729 -0.4144
vn 0.5730 -0.6803 -0.4571
vn 0.5499 -0.6808 -0.4839
vn 0.5416 -0.6906 -0.4793
vn 0.5330 -0.5740 -0.6216
vn 0.5023 -0.5334 -0.6806
vn 0.4701 -0.5621 -0.6805
vn 0.8636 -0.0670 0.4997
vn 0.8272 -0.0651 0.5582
vn 0.8322 -0.1543 0.5326
vn 0.8801 -0.1570 0.4481
vn 0.7920 -0.0638 0.6071
vn 0.7888 -0.1515 0.5956
vn 0.8203 -0.3288 0.4680
vn 0.8833 -0.3266 0.3364
vn 0.7632 -0.3258 0.5580
vn 0.7586 -0.0629 0.6485
vn 0.7521 -0.1494 0.6418
vn 0.7212 -0.3224 0.6131
vn 0.6592 -0.5045 0.5576
vn 0.7060 -0.5064 0.4952
vn 0.7747 -0.5047 0.3809
vn 0.8464 -0.4903 0.2081
vn 0.8000 -0.5893 0.1133
vn 0.7245 -0.6158 0.3098
vn 0.6734 -0.6970 0.2466
vn 0.7516 -0.6587 0.0347
vn 0.6488 -0.6217 0.4388
vn 0.5930 -0.7065 0.3862
vn 0.6142 -0.7684 0.1801
vn 0.6955 -0.7172 -0.0429
vn 0.5295 -0.7821 0.3285
vn 0.5996 -0.6210 0.5049
vn 0.5424 -0.7064 0.4548
vn 0.4782 -0.7825 0.3987
vn 0.4085 -0.8479 0.3380
vn 0.4601 -0.8468 0.2669
vn 0.5486 -0.8286 0.1119
vn 0.6339 -0.7644 -0.1181
vn 0.5761 -0.7967 -0.1829
vn 0.4866 -0.8722 0.0505
vn 0.4397 -0.8981 0.0046
vn 0.5330 -0.8142 -0.2303
vn 0.3947 -0.8945 0.2099
vn 0.3451 -0.9236 0.1668
vn 0.4121 -0.9108 -0.0240
vn 0.5079 -0.8212 -0.2603
vn 0.3154 -0.9385 0.1405
vn 0.3430 -0.8963 0.2810
vn 0.2933 -0.9259 0.2379
vn 0.2633 -0.9412 0.2118
vn 0.2532 -0.9459 0.2030
vn 0.3048 -0.9431 0.1326
vn 0.4000 -0.9161 -0.0279
vn 0.4957 -0.8296 -0.2572
vn 0.7254 -0.0627 0.6854
vn 0.6910 -0.0627 0.7202
vn 0.6846 -0.1490 0.7135
vn 0.7188 -0.1490 0.6791
vn 0.6548 -0.0627 0.7532
vn 0.6488 -0.1490 0.7462
vn 0.6555 -0.3217 0.6832
vn 0.6883 -0.3217 0.6503
vn 0.6213 -0.3217 0.7145
vn 0.6166 -0.0629 0.7848
vn 0.6102 -0.1494 0.7780
vn 0.5829 -0.3223 0.7459
vn 0.5300 -0.5045 0.6816
vn 0.5667 -0.5040 0.6518
vn 0.5980 -0.5040 0.6232
vn 0.6278 -0.5040 0.5931
vn 0.5699 -0.6207 0.5385
vn 0.5428 -0.6207 0.5658
vn 0.4903 -0.7061 0.5110
vn 0.5147 -0.7061 0.4863
vn 0.5144 -0.6207 0.5917
vn 0.4646 -0.7061 0.5344
vn 0.4312 -0.7823 0.4495
vn 0.4528 -0.7823 0.4278
vn 0.4087 -0.7823 0.4701
vn 0.4799 -0.6210 0.6198
vn 0.4322 -0.7063 0.5606
vn 0.3788 -0.7825 0.4941
vn 0.3211 -0.8479 0.4219
vn 0.3480 -0.8477 0.4003
vn 0.3672 -0.8477 0.3828
vn 0.3856 -0.8477 0.3643
vn 0.3225 -0.8962 0.3047
vn 0.3071 -0.8962 0.3201
vn 0.2616 -0.9259 0.2726
vn 0.2747 -0.9259 0.2595
vn 0.2911 -0.8962 0.3348
vn 0.2479 -0.9259 0.2851
vn 0.2340 -0.9411 0.2439
vn 0.2457 -0.9411 0.2321
vn 0.2218 -0.9411 0.2551
vn 0.2669 -0.8963 0.3541
vn 0.2259 -0.9259 0.3027
vn 0.2010 -0.9412 0.2716
vn 0.1927 -0.9459 0.2611
vn 0.2130 -0.9458 0.2450
vn 0.2247 -0.9458 0.2342
vn 0.2360 -0.9458 0.2229
vn 0.5740 -0.0637 0.8164
vn 0.5241 -0.0651 0.8492
vn 0.4991 -0.1541 0.8527
vn 0.5629 -0.1514 0.8125
vn 0.4649 -0.0668 0.8828
vn 0.4147 -0.1568 0.8964
vn 0.4368 -0.3286 0.8374
vn 0.5268 -0.3257 0.7851
vn 0.3063 -0.3268 0.8941
vn 0.3970 -0.0691 0.9152
vn 0.3124 -0.1588 0.9366
vn 0.1489 -0.3170 0.9367
vn -0.0192 -0.4610 0.8872
vn 0.1824 -0.4916 0.8515
vn 0.3531 -0.5049 0.7877
vn 0.4669 -0.5063 0.7250
vn 0.4133 -0.6217 0.6654
vn 0.2851 -0.6163 0.7341
vn 0.2247 -0.6978 0.6802
vn 0.3633 -0.7066 0.6073
vn 0.0912 -0.5916 0.8011
vn 0.0157 -0.6620 0.7493
vn 0.1613 -0.7695 0.6180
vn 0.3084 -0.7822 0.5414
vn -0.0589 -0.7216 0.6898
vn -0.1310 -0.5415 0.8304
vn -0.2162 -0.5937 0.7751
vn -0.2946 -0.6347 0.7144
vn -0.3658 -0.6652 0.6509
vn -0.1311 -0.7697 0.6248
vn 0.0964 -0.8300 0.5494
vn 0.2499 -0.8469 0.4694
vn 0.1958 -0.8947 0.4015
vn 0.0379 -0.8739 0.4845
vn -0.0057 -0.9001 0.4356
vn 0.1549 -0.9238 0.3501
vn -0.1933 -0.8029 0.5640
vn -0.2388 -0.8210 0.5186
vn -0.0330 -0.9130 0.4066
vn 0.1299 -0.9387 0.3192
vn -0.2677 -0.8284 0.4921
vn -0.4243 -0.6839 0.5935
vn -0.4658 -0.6920 0.5515
vn -0.4919 -0.6930 0.5270
vn -0.4873 -0.7025 0.5186
vn -0.2647 -0.8364 0.4800
vn -0.0367 -0.9181 0.3946
vn 0.1224 -0.9433 0.3084
vn 0.3299 -0.0722 0.9412
vn 0.2722 -0.0769 0.9592
vn 0.1475 -0.1670 0.9749
vn 0.2170 -0.1612 0.9628
vn 0.2289 -0.0825 0.9699
vn 0.1125 -0.1753 0.9781
vn -0.0648 -0.3055 0.9500
vn 0.0148 -0.3062 0.9519
vn -0.0826 -0.3153 0.9454
vn 0.2029 -0.0871 0.9753
vn 0.1156 -0.1831 0.9763
vn -0.0332 -0.3308 0.9431
vn -0.1847 -0.4624 0.8672
vn -0.2688 -0.4309 0.8614
vn -0.2653 -0.4183 0.8687
vn -0.1821 -0.4294 0.8846
vn -0.3014 -0.4919 0.8168
vn -0.3818 -0.4737 0.7936
vn -0.4630 -0.5062 0.7276
vn -0.3862 -0.5293 0.7555
vn -0.3796 -0.4908 0.7842
vn -0.4590 -0.5279 0.7146
vn -0.5319 -0.5290 0.6613
vn -0.4600 -0.5562 0.6921
vn -0.5267 -0.5546 0.6442
vn -0.2825 -0.5393 0.7933
vn -0.3572 -0.5921 0.7223
vn -0.4238 -0.6335 0.6474
vn -0.4823 -0.6643 0.5711
vn -0.5841 -0.5726 0.5752
vn -0.5900 -0.5438 0.5968
vn -0.5237 -0.5745 0.6291
vn -0.5739 -0.5841 0.5740
vn -0.6350 -0.5511 0.5414
vn -0.6655 -0.5523 0.5020
vn -0.6085 -0.5866 0.5345
vn -0.6284 -0.5824 0.5157
vn -0.6584 -0.5853 0.4733
vn -0.6843 -0.5497 0.4791
vn -0.6299 -0.5844 0.5116
vn -0.6770 -0.5836 0.4484
vn -0.5284 -0.6839 0.5031
vn -0.5601 -0.6931 0.4538
vn -0.5801 -0.6951 0.4246
vn -0.5985 -0.6842 0.4167
vn -0.6870 -0.5763 0.4426
vn -0.6893 -0.5476 0.4744
vn -0.6307 -0.5880 0.5064
vn 0.1870 -0.0900 0.9782
vn 0.1740 -0.0909 0.9805
vn 0.1716 -0.1893 0.9668
vn 0.1410 -0.1880 0.9720
vn 0.1610 -0.0900 0.9828
vn 0.2022 -0.1880 0.9611
vn 0.1639 -0.3468 0.9235
vn 0.0597 -0.3430 0.9374
vn 0.2666 -0.3430 0.9007
vn 0.1452 -0.0871 0.9856
vn 0.2275 -0.1831 0.9564
vn 0.3558 -0.3308 0.8741
vn 0.4719 -0.4624 0.7506
vn 0.3276 -0.4934 0.8057
vn 0.1508 -0.5051 0.8498
vn -0.0303 -0.4934 0.8693
vn -0.0948 -0.5921 0.8003
vn 0.1380 -0.6138 0.7773
vn 0.1248 -0.6998 0.7033
vn -0.1486 -0.6671 0.7300
vn 0.3645 -0.5921 0.7187
vn 0.3907 -0.6671 0.6343
vn 0.1101 -0.7767 0.6201
vn -0.1999 -0.7315 0.6519
vn 0.4120 -0.7315 0.5433
vn 0.5383 -0.5393 0.6476
vn 0.5840 -0.5921 0.5552
vn 0.6207 -0.6335 0.4620
vn 0.6493 -0.6643 0.3702
vn 0.4283 -0.7847 0.4481
vn 0.0940 -0.8431 0.5295
vn -0.2479 -0.7847 0.5681
vn -0.2880 -0.8228 0.4900
vn 0.0787 -0.8927 0.4436
vn 0.0671 -0.9232 0.3783
vn -0.3166 -0.8447 0.4315
vn 0.4391 -0.8228 0.3610
vn 0.4457 -0.8447 0.2962
vn 0.0601 -0.9390 0.3386
vn -0.3347 -0.8549 0.3964
vn 0.4507 -0.8549 0.2570
vn 0.6692 -0.6839 0.2905
vn 0.6821 -0.6931 0.2333
vn 0.6908 -0.6951 0.1991
vn 0.7054 -0.6842 0.1852
vn 0.4670 -0.8510 0.2403
vn 0.0577 -0.9440 0.3248
vn -0.3558 -0.8510 0.3863
vn 0.1189 -0.0825 0.9895
vn 0.0745 -0.0769 0.9942
vn 0.1970 -0.1670 0.9661
vn 0.2310 -0.1753 0.9570
vn 0.0142 -0.0722 0.9973
vn 0.1276 -0.1612 0.9786
vn 0.3878 -0.3055 0.8696
vn 0.4029 -0.3153 0.8592
vn 0.3137 -0.3062 0.8988
vn -0.0578 -0.0691 0.9959
vn 0.0290 -0.1588 0.9869
vn 0.1825 -0.3170 0.9307
vn 0.3233 -0.4610 0.8264
vn 0.4754 -0.4294 0.7679
vn 0.5480 -0.4183 0.7244
vn 0.5489 -0.4309 0.7163
vn 0.6263 -0.4908 0.6056
vn 0.6316 -0.4737 0.6138
vn 0.6851 -0.5062 0.5238
vn 0.6769 -0.5279 0.5130
vn 0.5641 -0.4919 0.6632
vn 0.6226 -0.5293 0.5764
vn 0.7270 -0.5290 0.4378
vn 0.7163 -0.5546 0.4236
vn 0.6701 -0.5562 0.4915
vn 0.4088 -0.5415 0.7346
vn 0.4698 -0.5937 0.6533
vn 0.5225 -0.6347 0.5694
vn 0.5675 -0.6652 0.4853
vn 0.7082 -0.5745 0.4104
vn 0.7594 -0.5438 0.3573
vn 0.7464 -0.5726 0.3391
vn 0.7675 -0.5824 0.2679
vn 0.7825 -0.5511 0.2898
vn 0.7976 -0.5523 0.2423
vn 0.7811 -0.5853 0.2177
vn 0.7364 -0.5841 0.3414
vn 0.7552 -0.5866 0.2925
vn 0.8074 -0.5497 0.2143
vn 0.7900 -0.5836 0.1880
vn 0.7675 -0.5844 0.2635
vn 0.6027 -0.6839 0.4112
vn 0.6271 -0.6920 0.3575
vn 0.6432 -0.6930 0.3255
vn 0.6360 -0.7025 0.3193
vn 0.7664 -0.5880 0.2584
vn 0.8104 -0.5476 0.2082
vn 0.7974 -0.5763 0.1791
vn -0.1326 -0.0668 0.9889
vn -0.1998 -0.0651 0.9777
vn -0.1752 -0.1541 0.9724
vn -0.0808 -0.1568 0.9843
vn -0.2580 -0.0637 0.9640
vn -0.2489 -0.1514 0.9566
vn -0.1219 -0.3286 0.9366
vn 0.0201 -0.3268 0.9449
vn -0.2244 -0.3257 0.9185
vn -0.3094 -0.0630 0.9488
vn -0.3065 -0.1498 0.9400
vn -0.2934 -0.3230 0.8998
vn -0.2676 -0.5049 0.8206
vn -0.1889 -0.5063 0.8414
vn -0.0604 -0.5049 0.8611
vn 0.1218 -0.4916 0.8623
vn 0.1900 -0.5916 0.7835
vn -0.0150 -0.6163 0.7874
vn 0.0231 -0.6978 0.7160
vn 0.2432 -0.6620 0.7090
vn -0.1590 -0.6217 0.7670
vn -0.1321 -0.7066 0.6952
vn 0.0612 -0.7695 0.6357
vn 0.2927 -0.7216 0.6274
vn -0.1032 -0.7822 0.6144
vn -0.2429 -0.6213 0.7450
vn -0.2194 -0.7066 0.6727
vn -0.1929 -0.7828 0.5916
vn -0.1642 -0.8481 0.5037
vn -0.0731 -0.8469 0.5267
vn 0.0986 -0.8300 0.5490
vn 0.3381 -0.7697 0.5415
vn 0.3756 -0.8029 0.4630
vn 0.1311 -0.8739 0.4680
vn 0.1553 -0.9001 0.4070
vn 0.4027 -0.8210 0.4047
vn -0.0456 -0.8947 0.4443
vn -0.0250 -0.9238 0.3820
vn 0.1710 -0.9130 0.3704
vn 0.4207 -0.8284 0.3699
vn -0.0121 -0.9387 0.3444
vn -0.1373 -0.8965 0.4212
vn -0.1170 -0.9261 0.3587
vn -0.1046 -0.9413 0.3209
vn -0.1005 -0.9460 0.3082
vn -0.0088 -0.9434 0.3317
vn 0.1703 -0.9181 0.3578
vn 0.4137 -0.8364 0.3595
vn -0.3599 -0.0637 0.9308
vn -0.4149 -0.0651 0.9075
vn -0.4317 -0.1541 0.8887
vn -0.3629 -0.1514 0.9195
vn -0.4758 -0.0668 0.8770
vn -0.5149 -0.1568 0.8428
vn -0.4536 -0.3286 0.8284
vn -0.3601 -0.3257 0.8742
vn -0.5732 -0.3268 0.7514
vn -0.5404 -0.0691 0.8385
vn -0.6052 -0.1588 0.7801
vn -0.6961 -0.3170 0.6442
vn -0.7483 -0.4610 0.4769
vn -0.6067 -0.4916 0.6248
vn -0.4588 -0.5049 0.7312
vn -0.3434 -0.5063 0.7910
vn -0.3237 -0.6217 0.7133
vn -0.4520 -0.6163 0.6449
vn -0.4407 -0.6978 0.5647
vn -0.3031 -0.7066 0.6394
vn -0.6154 -0.5916 0.5209
vn -0.6143 -0.6620 0.4293
vn -0.4242 -0.7695 0.4775
vn -0.2788 -0.7822 0.5572
vn -0.6063 -0.7216 0.3343
vn -0.7633 -0.5415 0.3524
vn -0.7646 -0.5937 0.2509
vn -0.7577 -0.6347 0.1520
vn -0.7445 -0.6652 0.0575
vn -0.5923 -0.7697 0.2381
vn -0.4032 -0.8300 0.3854
vn -0.2514 -0.8469 0.4686
vn -0.2251 -0.8947 0.3858
vn -0.3818 -0.8739 0.3007
vn -0.3654 -0.9001 0.2372
vn -0.2050 -0.9238 0.3233
vn -0.5763 -0.8029 0.1526
vn -0.5639 -0.8210 0.0895
vn -0.3565 -0.9130 0.1985
vn -0.1932 -0.9387 0.2854
vn -0.5578 -0.8284 0.0508
vn -0.7292 -0.6839 -0.0231
vn -0.7173 -0.6920 -0.0809
vn -0.7115 -0.6930 -0.1162
vn -0.7020 -0.7025 -0.1170
vn -0.5461 -0.8364 0.0466
vn -0.3485 -0.9181 0.1887
vn -0.1884 -0.9433 0.2731
vn -0.5993 -0.0722 0.7973
vn -0.6463 -0.0769 0.7592
vn -0.7286 -0.1670 0.6643
vn -0.6800 -0.1612 0.7153
vn -0.6793 -0.0825 0.7292
vn -0.7508 -0.1753 0.6369
vn -0.8259 -0.3055 0.4739
vn -0.7832 -0.3062 0.5412
vn -0.8320 -0.3153 0.4565
vn -0.6982 -0.0871 0.7105
vn -0.7475 -0.1831 0.6385
vn -0.8026 -0.3308 0.4963
vn -0.8237 -0.4624 0.3282
vn -0.8656 -0.4309 0.2551
vn -0.8697 -0.4183 0.2621
vn -0.8366 -0.4294 0.3401
vn -0.8466 -0.4919 0.2032
vn -0.8720 -0.4737 0.1235
vn -0.8622 -0.5062 0.0192
vn -0.8427 -0.5293 0.0986
vn -0.8629 -0.4908 0.1200
vn -0.8491 -0.5279 0.0154
vn -0.8453 -0.5290 -0.0748
vn -0.8310 -0.5562 0.0020
vn -0.8283 -0.5546 -0.0801
vn -0.8165 -0.5393 0.2059
vn -0.7991 -0.5921 0.1043
vn -0.7737 -0.6335 0.0073
vn -0.7427 -0.6643 -0.0837
vn -0.8028 -0.5726 -0.1661
vn -0.8240 -0.5438 -0.1590
vn -0.8140 -0.5745 -0.0859
vn -0.7961 -0.5841 -0.1583
vn -0.8029 -0.5511 -0.2272
vn -0.7872 -0.5523 -0.2744
vn -0.7825 -0.5866 -0.2089
vn -0.7779 -0.5824 -0.2360
vn -0.7593 -0.5853 -0.2845
vn -0.7785 -0.5497 -0.3028
vn -0.7753 -0.5844 -0.2395
vn -0.7490 -0.5836 -0.3138
vn -0.7119 -0.6839 -0.1598
vn -0.6885 -0.6931 -0.2136
vn -0.6753 -0.6951 -0.2464
vn -0.6790 -0.6842 -0.2662
vn -0.7497 -0.5763 -0.3254
vn -0.7774 -0.5476 -0.3096
vn -0.7715 -0.5880 -0.2430
vn -0.7094 -0.0900 0.6990
vn -0.7186 -0.0909 0.6895
vn -0.7085 -0.1893 0.6798
vn -0.7299 -0.1880 0.6572
vn -0.7277 -0.0900 0.6799
vn -0.6868 -0.1880 0.7021
vn -0.6768 -0.3468 0.6494
vn -0.7463 -0.3430 0.5705
vn -0.6008 -0.3430 0.7220
vn -0.7388 -0.0871 0.6683
vn -0.6689 -0.1831 0.7205
vn -0.5291 -0.3308 0.7814
vn -0.3620 -0.4624 0.8094
vn -0.4879 -0.4934 0.7200
vn -0.6228 -0.5051 0.5975
vn -0.7396 -0.4934 0.4578
vn -0.7181 -0.5921 0.3657
vn -0.5697 -0.6138 0.5466
vn -0.5154 -0.6998 0.4945
vn -0.6895 -0.6671 0.2820
vn -0.3951 -0.5921 0.7023
vn -0.3103 -0.6671 0.6773
vn -0.4545 -0.7767 0.4360
vn -0.6530 -0.7315 0.1960
vn -0.2228 -0.7315 0.6444
vn -0.2394 -0.5393 0.8073
vn -0.1372 -0.5921 0.7941
vn -0.0392 -0.6335 0.7728
vn 0.0529 -0.6643 0.7456
vn -0.1346 -0.7847 0.6051
vn -0.3881 -0.8431 0.3723
vn -0.6101 -0.7847 0.1095
vn -0.5675 -0.8228 0.0328
vn -0.3251 -0.8927 0.3119
vn -0.2772 -0.9232 0.2660
vn -0.5347 -0.8447 -0.0235
vn -0.0562 -0.8228 0.5656
vn 0.0013 -0.8447 0.5352
vn -0.2481 -0.9390 0.2381
vn -0.5156 -0.8549 -0.0581
vn 0.0367 -0.8549 0.5175
vn 0.1302 -0.6839 0.7179
vn 0.1850 -0.6931 0.6967
vn 0.2183 -0.6951 0.6849
vn 0.2379 -0.6842 0.6894
vn 0.0597 -0.8510 0.5218
vn -0.2380 -0.9440 0.2284
vn -0.5189 -0.8510 -0.0812
vn -0.7567 -0.0825 0.6486
vn -0.7853 -0.0769 0.6143
vn -0.6938 -0.1670 0.7005
vn -0.6674 -0.1753 0.7238
vn -0.8213 -0.0722 0.5658
vn -0.7428 -0.1612 0.6498
vn -0.5076 -0.3055 0.8056
vn -0.4905 -0.3153 0.8124
vn -0.5731 -0.3062 0.7602
vn -0.8602 -0.0691 0.5053
vn -0.8044 -0.1588 0.5724
vn -0.6724 -0.3170 0.6688
vn -0.5075 -0.4610 0.7279
vn -0.3744 -0.4294 0.8219
vn -0.2978 -0.4183 0.8581
vn -0.2907 -0.4309 0.8543
vn -0.1556 -0.4909 0.8572
vn -0.1594 -0.4737 0.8661
vn -0.0549 -0.5062 0.8606
vn -0.0505 -0.5279 0.8478
vn -0.2380 -0.4919 0.8375
vn -0.1333 -0.5293 0.8379
vn 0.0398 -0.5290 0.8477
vn 0.0458 -0.5546 0.8309
vn -0.0364 -0.5562 0.8302
vn -0.3837 -0.5415 0.7481
vn -0.2823 -0.5937 0.7536
vn -0.1832 -0.6347 0.7508
vn -0.0882 -0.6652 0.7415
vn 0.0522 -0.5745 0.8168
vn 0.1248 -0.5438 0.8299
vn 0.1328 -0.5726 0.8090
vn 0.2036 -0.5824 0.7870
vn 0.1938 -0.5511 0.8116
vn 0.2416 -0.5523 0.7978
vn 0.2529 -0.5853 0.7704
vn 0.1253 -0.5841 0.8019
vn 0.1764 -0.5866 0.7904
vn 0.2704 -0.5497 0.7904
vn 0.2826 -0.5836 0.7613
vn 0.2073 -0.5844 0.7845
vn -0.0071 -0.6839 0.7295
vn 0.0512 -0.6920 0.7200
vn 0.0867 -0.6930 0.7157
vn 0.0879 -0.7025 0.7062
vn 0.2109 -0.5880 0.7808
vn 0.2772 -0.5476 0.7895
vn 0.2941 -0.5763 0.7625
vn -0.8959 -0.0668 0.4391
vn -0.9239 -0.0651 0.3771
vn -0.9058 -0.1541 0.3946
vn -0.8633 -0.1568 0.4797
vn -0.9449 -0.0637 0.3211
vn -0.9337 -0.1514 0.3246
vn -0.8464 -0.3286 0.4190
vn -0.7745 -0.3268 0.5416
vn -0.8883 -0.3257 0.3237
vn -0.9607 -0.0629 0.2704
vn -0.9516 -0.1494 0.2687
vn -0.9105 -0.3223 0.2590
vn -0.8299 -0.5045 0.2382
vn -0.8046 -0.5063 0.3104
vn -0.7495 -0.5049 0.4281
vn -0.6493 -0.4916 0.5803
vn -0.5459 -0.5916 0.5933
vn -0.6630 -0.6163 0.4250
vn -0.5825 -0.6978 0.4170
vn -0.4544 -0.6620 0.5961
vn -0.7260 -0.6217 0.2939
vn -0.6514 -0.7066 0.2764
vn -0.4946 -0.7695 0.4041
vn -0.3590 -0.7216 0.5920
vn -0.5682 -0.7822 0.2555
vn -0.7530 -0.6210 0.2178
vn -0.6796 -0.7063 0.1981
vn -0.5973 -0.7825 0.1758
vn -0.5081 -0.8479 0.1516
vn -0.4786 -0.8469 0.2318
vn -0.4017 -0.8300 0.3870
vn -0.2624 -0.7697 0.5820
vn -0.1763 -0.8029 0.5695
vn -0.3163 -0.8739 0.3691
vn -0.2521 -0.9001 0.3553
vn -0.1128 -0.8210 0.5597
vn -0.3948 -0.8947 0.2089
vn -0.3315 -0.9238 0.1915
vn -0.2130 -0.9130 0.3479
vn -0.0738 -0.8284 0.5553
vn -0.2931 -0.9387 0.1813
vn -0.4243 -0.8963 0.1287
vn -0.3609 -0.9259 0.1114
vn -0.3225 -0.9412 0.1009
vn -0.3096 -0.9459 0.0974
vn -0.2807 -0.9434 0.1770
vn -0.2029 -0.9181 0.3404
vn -0.0691 -0.8364 0.5437
vn -0.9729 -0.0627 0.2224
vn -0.9827 -0.0627 0.1744
vn -0.9736 -0.1490 0.1728
vn -0.9640 -0.1490 0.2203
vn -0.9900 -0.0627 0.1260
vn -0.9809 -0.1490 0.1249
vn -0.9323 -0.3217 0.1655
vn -0.9230 -0.3217 0.2110
vn -0.9393 -0.3217 0.1196
vn -0.9951 -0.0629 0.0767
vn -0.9859 -0.1494 0.0751
vn -0.9440 -0.3224 0.0701
vn -0.8612 -0.5045 0.0618
vn -0.8568 -0.5040 0.1091
vn -0.8504 -0.5040 0.1509
vn -0.8420 -0.5040 0.1925
vn -0.7643 -0.6207 0.1747
vn -0.7720 -0.6207 0.1370
vn -0.6972 -0.7061 0.1238
vn -0.6903 -0.7061 0.1578
vn -0.7778 -0.6207 0.0990
vn -0.7024 -0.7061 0.0894
vn -0.6133 -0.7823 0.1089
vn -0.6072 -0.7823 0.1388
vn -0.6179 -0.7823 0.0787
vn -0.7819 -0.6210 0.0544
vn -0.7063 -0.7064 0.0476
vn -0.6213 -0.7825 0.0401
vn -0.5292 -0.8479 0.0322
vn -0.5262 -0.8477 0.0670
vn -0.5223 -0.8477 0.0927
vn -0.5171 -0.8477 0.1182
vn -0.4325 -0.8962 0.0989
vn -0.4368 -0.8962 0.0775
vn -0.3720 -0.9259 0.0660
vn -0.3683 -0.9259 0.0842
vn -0.4401 -0.8962 0.0560
vn -0.3748 -0.9259 0.0477
vn -0.3328 -0.9411 0.0591
vn -0.3295 -0.9411 0.0753
vn -0.3353 -0.9411 0.0427
vn -0.4427 -0.8963 0.0248
vn -0.3772 -0.9259 0.0193
vn -0.3375 -0.9412 0.0159
vn -0.3242 -0.9459 0.0147
vn -0.3220 -0.9458 0.0410
vn -0.3196 -0.9458 0.0567
vn -0.3164 -0.9458 0.0723
vn -0.9977 -0.0638 0.0235
vn -0.9972 -0.0651 -0.0367
vn -0.9862 -0.1543 -0.0604
vn -0.9883 -0.1515 0.0161
vn -0.9922 -0.0670 -0.1054
vn -0.9751 -0.1570 -0.1568
vn -0.9385 -0.3288 -0.1055
vn -0.9454 -0.3258 0.0008
vn -0.9118 -0.3266 -0.2489
vn -0.9810 -0.0694 -0.1810
vn -0.9506 -0.1590 -0.2665
vn -0.8573 -0.3159 -0.4066
vn -0.7202 -0.4578 -0.5214
vn -0.8063 -0.4903 -0.3308
vn -0.8503 -0.5047 -0.1490
vn -0.8622 -0.5064 -0.0161
vn -0.7828 -0.6217 -0.0280
vn -0.7678 -0.6158 -0.1768
vn -0.6893 -0.6970 -0.1977
vn -0.7067 -0.7065 -0.0375
vn -0.7130 -0.5893 -0.3800
vn -0.6276 -0.6587 -0.4150
vn -0.6023 -0.7684 -0.2166
vn -0.6214 -0.7821 -0.0468
vn -0.5365 -0.7172 -0.4447
vn -0.6097 -0.5363 -0.5837
vn -0.5160 -0.5868 -0.6240
vn -0.4221 -0.6262 -0.6556
vn -0.3303 -0.6552 -0.6794
vn -0.4424 -0.7644 -0.4690
vn -0.5091 -0.8286 -0.2330
vn -0.5290 -0.8468 -0.0556
vn -0.4425 -0.8945 -0.0631
vn -0.4228 -0.8722 -0.2460
vn -0.3579 -0.8981 -0.2555
vn -0.3771 -0.9236 -0.0687
vn -0.3575 -0.7967 -0.4874
vn -0.2947 -0.8142 -0.5002
vn -0.3187 -0.9108 -0.2623
vn -0.3376 -0.9385 -0.0724
vn -0.2568 -0.8212 -0.5096
vn -0.2507 -0.6729 -0.6960
vn -0.1934 -0.6803 -0.7070
vn -0.1590 -0.6808 -0.7150
vn -0.1549 -0.6906 -0.7065
vn -0.2488 -0.8296 -0.4999
vn -0.3067 -0.9161 -0.2583
vn -0.3244 -0.9431 -0.0726
vn -0.9649 -0.0726 -0.2523
vn -0.9472 -0.0776 -0.3110
vn -0.8883 -0.1676 -0.4276
vn -0.9180 -0.1614 -0.3622
vn -0.9319 -0.0836 -0.3530
vn -0.8711 -0.1764 -0.4584
vn -0.7450 -0.3038 -0.5938
vn -0.7927 -0.3045 -0.5282
vn -0.7311 -0.3142 -0.6057
vn -0.9221 -0.0886 -0.3767
vn -0.8722 -0.1849 -0.4529
vn -0.7585 -0.3310 -0.5613
vn -0.6089 -0.4596 -0.6466
vn -0.5549 -0.4262 -0.7144
vn -0.5629 -0.4130 -0.7160
vn -0.6240 -0.4246 -0.6560
vn -0.5004 -0.4847 -0.7174
vn -0.4351 -0.4659 -0.7705
vn -0.3353 -0.4966 -0.8006
vn -0.4023 -0.5201 -0.7534
vn -0.4284 -0.4836 -0.7633
vn -0.3265 -0.5188 -0.7901
vn -0.2428 -0.5177 -0.8204
vn -0.3093 -0.5454 -0.7790
vn -0.2310 -0.5438 -0.8068
vn -0.4921 -0.5343 -0.6873
vn -0.3911 -0.5854 -0.7102
vn -0.2918 -0.6251 -0.7239
vn -0.1964 -0.6545 -0.7301
vn -0.1430 -0.5605 -0.8158
vn -0.1582 -0.5312 -0.8323
vn -0.2226 -0.5623 -0.7964
vn -0.1500 -0.5710 -0.8071
vn -0.0884 -0.5377 -0.8385
vn -0.0398 -0.5384 -0.8417
vn -0.0990 -0.5729 -0.8136
vn -0.0701 -0.5693 -0.8192
vn -0.0192 -0.5716 -0.8203
vn -0.0109 -0.5355 -0.8444
vn -0.0685 -0.5704 -0.8185
vn 0.0112 -0.5696 -0.8219
vn -0.1151 -0.6729 -0.7307
vn -0.0572 -0.6814 -0.7297
vn -0.0223 -0.6830 -0.7301
vn -0.0055 -0.6715 -0.7410
vn 0.0213 -0.5621 -0.8268
vn -0.0046 -0.5334 -0.8459
vn -0.0642 -0.5740 -0.8163
vn -0.9163 -0.0918 -0.3898
vn -0.9118 -0.0926 -0.4000
vn -0.8988 -0.1916 -0.3943
vn -0.8844 -0.1903 -0.4263
vn -0.9074 -0.0918 -0.4102
vn -0.9126 -0.1903 -0.3619
vn -0.8584 -0.3483 -0.3765
vn -0.8089 -0.3442 -0.4766
vn -0.8985 -0.3442 -0.2724
vn -0.9017 -0.0886 -0.4233
vn -0.9239 -0.1849 -0.3349
vn -0.9267 -0.3310 -0.1779
vn -0.8881 -0.4596 -0.0101
vn -0.8540 -0.4927 -0.1670
vn -0.7903 -0.5052 -0.3467
vn -0.7013 -0.4927 -0.5152
vn -0.6074 -0.5903 -0.5316
vn -0.7232 -0.6135 -0.3172
vn -0.6544 -0.6996 -0.2870
vn -0.5185 -0.6646 -0.5381
vn -0.8025 -0.5903 -0.0868
vn -0.7470 -0.6646 -0.0170
vn -0.5770 -0.7765 -0.2531
vn -0.4246 -0.7282 -0.5380
vn -0.6834 -0.7282 0.0520
vn -0.8389 -0.5343 0.1034
vn -0.7874 -0.5854 0.1933
vn -0.7303 -0.6251 0.2756
vn -0.6702 -0.6545 0.3500
vn -0.6136 -0.7806 0.1189
vn -0.4928 -0.8429 -0.2162
vn -0.3281 -0.7806 -0.5320
vn -0.2410 -0.8180 -0.5223
vn -0.4129 -0.8926 -0.1811
vn -0.3521 -0.9231 -0.1544
vn -0.1766 -0.8395 -0.5138
vn -0.5475 -0.8180 0.1764
vn -0.4976 -0.8395 0.2180
vn -0.3151 -0.9389 -0.1382
vn -0.1374 -0.8494 -0.5096
vn -0.4680 -0.8494 0.2440
vn -0.6156 -0.6729 0.4102
vn -0.5756 -0.6814 0.4521
vn -0.5522 -0.6830 0.4780
vn -0.5489 -0.6715 0.4978
vn -0.4634 -0.8448 0.2675
vn -0.3023 -0.9439 -0.1326
vn -0.1170 -0.8448 -0.5221
vn -0.8909 -0.0836 -0.4465
vn -0.8703 -0.0776 -0.4863
vn -0.9162 -0.1676 -0.3639
vn -0.9272 -0.1764 -0.3304
vn -0.8392 -0.0726 -0.5390
vn -0.8882 -0.1614 -0.4301
vn -0.9415 -0.3038 -0.1459
vn -0.9407 -0.3142 -0.1277
vn -0.9254 -0.3045 -0.2255
vn -0.7976 -0.0694 -0.5992
vn -0.8399 -0.1590 -0.5189
vn -0.8798 -0.3159 -0.3553
vn -0.8713 -0.4578 -0.1767
vn -0.9052 -0.4246 -0.0148
vn -0.9080 -0.4130 0.0708
vn -0.9015 -0.4262 0.0756
vn -0.8517 -0.4836 0.2018
vn -0.8615 -0.4659 0.2017
vn -0.8161 -0.4966 0.2956
vn -0.8024 -0.5188 0.2949
vn -0.8667 -0.4847 0.1177
vn -0.8268 -0.5201 0.2143
vn -0.7680 -0.5177 0.3770
vn -0.7501 -0.5438 0.3764
vn -0.7826 -0.5454 0.3000
vn -0.8424 -0.5363 -0.0533
vn -0.8086 -0.5868 0.0430
vn -0.7682 -0.6262 0.1334
vn -0.7235 -0.6552 0.2171
vn -0.7367 -0.5623 0.3756
vn -0.7195 -0.5312 0.4473
vn -0.6970 -0.5605 0.4473
vn -0.6502 -0.5693 0.5032
vn -0.6768 -0.5377 0.5028
vn -0.6463 -0.5384 0.5408
vn -0.6165 -0.5715 0.5415
vn -0.6954 -0.5710 0.4363
vn -0.6656 -0.5729 0.4783
vn -0.6287 -0.5355 0.5639
vn -0.5971 -0.5696 0.5649
vn -0.6486 -0.5704 0.5039
vn -0.6818 -0.6729 0.2869
vn -0.6511 -0.6803 0.3365
vn -0.6337 -0.6808 0.3673
vn -0.6247 -0.6906 0.3645
vn -0.6440 -0.5740 0.5057
vn -0.6254 -0.5334 0.5695
vn -0.5939 -0.5621 0.5757
vn -0.7495 -0.0670 -0.6586
vn -0.7024 -0.0651 -0.7088
vn -0.7123 -0.1543 -0.6847
vn -0.7757 -0.1570 -0.6112
vn -0.6584 -0.0638 -0.7500
vn -0.6575 -0.1515 -0.7381
vn -0.7132 -0.3288 -0.6191
vn -0.8007 -0.3266 -0.5023
vn -0.6397 -0.3258 -0.6961
vn -0.6171 -0.0631 -0.7844
vn -0.6113 -0.1498 -0.7771
vn -0.5852 -0.3230 -0.7437
vn -0.5338 -0.5049 -0.6783
vn -0.5958 -0.5064 -0.6234
vn -0.6855 -0.5047 -0.5247
vn -0.7895 -0.4903 -0.3692
vn -0.7625 -0.5893 -0.2672
vn -0.6501 -0.6158 -0.4452
vn -0.6123 -0.6970 -0.3732
vn -0.7304 -0.6587 -0.1807
vn -0.5507 -0.6217 -0.5570
vn -0.5062 -0.7065 -0.4945
vn -0.5672 -0.7684 -0.2964
vn -0.6905 -0.7172 -0.0936
vn -0.4553 -0.7821 -0.4255
vn -0.4847 -0.6213 -0.6157
vn -0.4377 -0.7066 -0.5560
vn -0.3850 -0.7828 -0.4889
vn -0.3278 -0.8481 -0.4162
vn -0.3992 -0.8468 -0.3515
vn -0.5162 -0.8286 -0.2168
vn -0.6447 -0.7644 -0.0079
vn -0.6007 -0.7967 0.0670
vn -0.4674 -0.8722 -0.1444
vn -0.4304 -0.8981 -0.0903
vn -0.5676 -0.8142 0.1219
vn -0.3462 -0.8945 -0.2828
vn -0.3059 -0.9236 -0.2309
vn -0.4088 -0.9108 -0.0568
vn -0.5489 -0.8212 0.1562
vn -0.2819 -0.9385 -0.1993
vn -0.2742 -0.8965 -0.3480
vn -0.2336 -0.9261 -0.2963
vn -0.2090 -0.9413 -0.2650
vn -0.2007 -0.9460 -0.2545
vn -0.2731 -0.9431 -0.1895
vn -0.3978 -0.9161 -0.0507
vn -0.5363 -0.8296 0.1556
vn -0.5740 -0.0637 -0.8164
vn -0.5241 -0.0651 -0.8492
vn -0.4991 -0.1541 -0.8527
vn -0.5629 -0.1514 -0.8125
vn -0.4649 -0.0668 -0.8828
vn -0.4147 -0.1568 -0.8964
vn -0.4368 -0.3286 -0.8374
vn -0.5268 -0.3257 -0.7851
vn -0.3063 -0.3268 -0.8941
vn -0.3970 -0.0691 -0.9152
vn -0.3124 -0.1588 -0.9366
vn -0.1489 -0.3170 -0.9367
vn 0.0192 -0.4610 -0.8872
vn -0.1824 -0.4916 -0.8515
vn -0.3531 -0.5049 -0.7877
vn -0.4669 -0.5063 -0.7250
vn -0.4133 -0.6217 -0.6654
vn -0.2851 -0.6163 -0.7341
vn -0.2247 -0.6978 -0.6802
vn -0.3633 -0.7066 -0.6073
vn -0.0912 -0.5916 -0.8011
vn -0.0157 -0.6620 -0.7493
vn -0.1613 -0.7695 -0.6180
vn -0.3084 -0.7822 -0.5414
vn 0.0589 -0.7216 -0.6898
vn 0.1310 -0.5415 -0.8304
vn 0.2162 -0.5937 -0.7751
vn 0.2946 -0.6347 -0.7144
vn 0.3658 -0.6652 -0.6509
vn 0.1311 -0.7697 -0.6248
vn -0.0964 -0.8300 -0.5494
vn -0.2499 -0.8469 -0.4694
vn -0.1958 -0.8947 -0.4015
vn -0.0379 -0.8739 -0.4845
vn 0.0057 -0.9001 -0.4356
vn -0.1549 -0.9238 -0.3501
vn 0.1933 -0.8029 -0.5640
vn 0.2388 -0.8210 -0.5186
vn 0.0330 -0.9130 -0.4066
vn -0.1299 -0.9387 -0.3192
vn 0.2677 -0.8284 -0.4921
vn 0.4243 -0.6839 -0.5935
vn 0.4658 -0.6920 -0.5515
vn 0.4919 -0.6930 -0.5270
vn 0.4873 -0.7025 -0.5186
vn 0.2647 -0.8364 -0.4800
vn 0.0367 -0.9181 -0.3946
vn -0.1224 -0.9433 -0.3084
vn -0.3299 -0.0722 -0.9412
vn -0.2722 -0.0769 -0.9592
vn -0.1475 -0.1670 -0.9749
vn -0.2170 -0.1612 -0.9628
vn -0.2289 -0.0825 -0.9699
vn -0.1125 -0.1753 -0.9781
vn 0.0648 -0.3055 -0.9500
vn -0.0148 -0.3062 -0.9519
vn 0.0826 -0.3153 -0.9454
vn -0.2029 -0.0871 -0.9753
vn -0.1156 -0.1831 -0.9763
vn 0.0332 -0.3308 -0.9431
vn 0.1847 -0.4624 -0.8672
vn 0.2688 -0.4309 -0.8614
vn 0.2653 -0.4183 -0.8687
vn 0.1821 -0.4294 -0.8846
vn 0.3014 -0.4919 -0.8168
vn 0.3818 -0.4737 -0.7936
vn 0.4630 -0.5062 -0.7276
vn 0.3862 -0.5293 -0.7555
vn 0.3796 -0.4908 -0.7842
vn 0.4590 -0.5279 -0.7146
vn 0.5319 -0.5290 -0.6613
vn 0.4600 -0.5562 -0.6921
vn 0.5267 -0.5546 -0.6442
vn 0.2825 -0.5393 -0.7933
vn 0.3572 -0.5921 -0.7223
vn 0.4238 -0.6335 -0.6474
vn 0.4823 -0.6643 -0.5711
vn 0.5841 -0.5726 -0.5752
vn 0.5900 -0.5438 -0.5968
vn 0.5237 -0.5745 -0.6291
vn 0.5739 -0.5841 -0.5740
vn 0.6350 -0.5511 -0.5414
vn 0.6655 -0.5523 -0.5020
vn 0.6085 -0.5866 -0.5345
vn 0.6284 -0.5824 -0.5157
vn 0.6584 -0.5853 -0.4733
vn 0.6843 -0.5497 -0.4791
vn 0.6299 -0.5844 -0.5116
vn 0.6770 -0.5836 -0.4484
vn 0.5284 -0.6839 -0.5031
vn 0.5601 -0.6931 -0.4538
vn 0.5801 -0.6951 -0.4246
vn 0.5985 -0.6842 -0.4167
vn 0.6870 -0.5763 -0.4426
vn 0.6893 -0.5476 -0.4744
vn 0.6307 -0.5880 -0.5064
vn -0.1870 -0.0900 -0.9782
vn -0.1740 -0.0909 -0.9805
vn -0.1716 -0.1893 -0.9668
vn -0.1410 -0.1880 -0.9720
vn -0.1610 -0.0900 -0.9828
vn -0.2022 -0.1880 -0.9611
vn -0.1639 -0.3468 -0.9235
vn -0.0597 -0.3430 -0.9374
vn -0.2666 -0.3430 -0.9007
vn -0.1452 -0.0871 -0.9856
vn -0.2275 -0.1831 -0.9564
vn -0.3558 -0.3308 -0.8741
vn -0.4719 -0.4624 -0.7506
vn -0.3276 -0.4934 -0.8057
vn -0.1508 -0.5051 -0.8498
vn 0.0303 -0.4934 -0.8693
vn 0.0948 -0.5921 -0.8003
vn -0.1380 -0.6138 -0.7773
vn -0.1248 -0.6998 -0.7033
vn 0.1486 -0.6671 -0.7300
vn -0.3645 -0.5921 -0.7187
vn -0.3907 -0.6671 -0.6343
vn -0.1101 -0.7767 -0.6201
vn 0.1999 -0.7315 -0.6519
vn -0.4120 -0.7315 -0.5433
vn -0.5383 -0.5393 -0.6476
vn -0.5840 -0.5921 -0.5552
vn -0.6207 -0.6335 -0.4620
vn -0.6493 -0.6643 -0.3702
vn -0.4283 -0.7847 -0.4481
vn -0.0940 -0.8431 -0.5295
vn 0.2479 -0.7847 -0.5681
vn 0.2880 -0.8228 -0.4900
vn -0.0787 -0.8927 -0.4436
vn -0.0671 -0.9232 -0.3783
vn 0.3166 -0.8447 -0.4315
vn -0.4391 -0.8228 -0.3610
vn -0.4457 -0.8447 -0.2962
vn -0.0601 -0.9390 -0.3386
vn 0.3347 -0.8549 -0.3964
vn -0.4507 -0.8549 -0.2570
vn -0.6692 -0.6839 -0.2905
vn -0.6821 -0.6931 -0.2333
vn -0.6908 -0.6951 -0.1991
vn -0.7054 -0.6842 -0.1852
vn -0.4670 -0.8510 -0.2403
vn -0.0577 -0.9440 -0.3248
vn 0.3558 -0.8510 -0.3863
vn -0.1189 -0.0825 -0.9895
vn -0.0745 -0.0769 -0.9942
vn -0.1970 -0.1670 -0.9661
vn -0.2310 -0.1753 -0.9570
vn -0.0142 -0.0722 -0.9973
vn -0.1276 -0.1612 -0.9786
vn -0.3878 -0.3055 -0.8696
vn -0.4029 -0.3153 -0.8592
vn -0.3137 -0.3062 -0.8988
vn 0.0578 -0.0691 -0.9959
vn -0.0290 -0.1588 -0.9869
vn -0.1825 -0.3170 -0.9307
vn -0.3233 -0.4610 -0.8264
vn -0.4754 -0.4294 -0.7679
vn -0.5480 -0.4183 -0.7244
vn -0.5489 -0.4309 -0.7163
vn -0.6263 -0.4908 -0.6056
vn -0.6316 -0.4737 -0.6138
vn -0.6851 -0.5062 -0.5238
vn -0.6769 -0.5279 -0.5130
vn -0.5641 -0.4919 -0.6632
vn -0.6226 -0.5293 -0.5764
vn -0.7270 -0.5290 -0.4378
vn -0.7163 -0.5546 -0.4236
vn -0.6701 -0.5562 -0.4915
vn -0.4088 -0.5415 -0.7346
vn -0.4698 -0.5937 -0.6533
vn -0.5225 -0.6347 -0.5694
vn -0.5675 -0.6652 -0.4853
vn -0.7082 -0.5745 -0.4104
vn -0.7594 -0.5438 -0.3573
vn -0.7464 -0.5726 -0.3391
vn -0.7675 -0.5824 -0.2679
vn -0.7825 -0.5511 -0.2898
vn -0.7976 -0.5523 -0.2423
vn -0.7811 -0.5853 -0.2177
vn -0.7364 -0.5841 -0.3414
vn -0.7552 -0.5866 -0.2925
vn -0.8074 -0.5497 -0.2143
vn -0.7900 -0.5836 -0.1880
vn -0.7675 -0.5844 -0.2635
vn -0.6027 -0.6839 -0.4112
vn -0.6271 -0.6920 -0.3575
vn -0.6432 -0.6930 -0.3255
vn -0.6360 -0.7025 -0.3193
vn -0.7664 -0.5880 -0.2584
vn -0.8104 -0.5476 -0.2082
vn -0.7974 -0.5763 -0.1791
vn 0.1326 -0.0668 -0.9889
vn 0.1998 -0.0651 -0.9777
vn 0.1752 -0.1541 -0.9724
vn 0.0808 -0.1568 -0.9843
vn 0.2580 -0.0637 -0.9640
vn 0.2489 -0.1514 -0.9566
vn 0.1219 -0.3286 -0.9366
vn -0.0201 -0.3268 -0.9449
vn 0.2244 -0.3257 -0.9185
vn 0.1889 -0.5063 -0.8414
vn 0.0604 -0.5049 -0.8611
vn -0.1218 -0.4916 -0.8623
vn -0.1900 -0.5916 -0.7835
vn 0.0150 -0.6163 -0.7874
vn -0.0231 -0.6978 -0.7160
vn -0.2432 -0.6620 -0.7090
vn 0.1590 -0.6217 -0.7670
vn 0.1321 -0.7066 -0.6952
vn -0.0612 -0.7695 -0.6357
vn -0.2927 -0.7216 -0.6274
vn 0.1032 -0.7822 -0.6144
vn 0.0731 -0.8469 -0.5267
vn -0.0986 -0.8300 -0.5490
vn -0.3381 -0.7697 -0.5415
vn -0.3756 -0.8029 -0.4630
vn -0.1311 -0.8739 -0.4680
vn -0.1553 -0.9001 -0.4070
vn -0.4027 -0.8210 -0.4047
vn 0.0456 -0.8947 -0.4443
vn 0.0250 -0.9238 -0.3820
vn -0.1710 -0.9130 -0.3704
vn -0.4207 -0.8284 -0.3699
vn 0.0121 -0.9387 -0.3444
vn 0.0088 -0.9434 -0.3317
vn -0.1703 -0.9181 -0.3578
vn -0.4137 -0.8364 -0.3595
vn 0.3564 -0.0011 -0.9344
vn 0.4018 -0.0011 -0.9157
vn 0.4022 -0.0042 -0.9155
vn 0.3565 -0.0041 -0.9343
vn 0.4463 -0.0012 -0.8949
vn 0.4473 -0.0043 -0.8944
vn 0.4035 -0.0111 -0.9149
vn 0.3569 -0.0109 -0.9341
vn 0.4501 -0.0114 -0.8929
vt 0.023438 0.585597
vt 0.023438 0.637951
vt 0.015625 0.636438
vt 0.015625 0.583160
vt 0.023435 0.694904
vt 0.015625 0.692326
vt 0.007813 0.635321
vt 0.007813 0.577093
vt 0.007815 0.694923
vt 0.031250 0.544849
vt 0.031250 0.586020
vt 0.023438 0.544382
vt 0.031250 0.638762
vt 0.031250 0.698350
vt 0.031250 0.769092
vt 0.023410 0.746071
vt 0.015625 0.741293
vt 0.007840 0.746158
vt 0.000000 0.769092
vt 0.000000 0.701819
vt 0.000000 0.634546
vt 0.000000 0.567273
vt 0.007813 0.531301
vt 0.000000 0.500000
vt 0.015625 0.541111
vt 0.929688 0.585933
vt 0.929688 0.638067
vt 0.921875 0.637372
vt 0.921875 0.585846
vt 0.929685 0.694919
vt 0.921875 0.692443
vt 0.914063 0.638067
vt 0.914063 0.585933
vt 0.914065 0.694919
vt 0.937500 0.544849
vt 0.937500 0.586020
vt 0.929688 0.544849
vt 0.937500 0.638762
vt 0.937500 0.698350
vt 0.937500 0.769092
vt 0.929660 0.746071
vt 0.921875 0.741293
vt 0.914090 0.746071
vt 0.906250 0.769092
vt 0.906250 0.698350
vt 0.906250 0.638762
vt 0.906250 0.586020
vt 0.914063 0.544849
vt 0.906250 0.544849
vt 0.921875 0.544849
vt 0.898438 0.585933
vt 0.898438 0.638067
vt 0.890625 0.637372
vt 0.890625 0.585846
vt 0.898435 0.694919
vt 0.890625 0.692443
vt 0.882813 0.638067
vt 0.882813 0.585933
vt 0.882815 0.694919
vt 0.898438 0.544849
vt 0.898410 0.746071
vt 0.890625 0.741293
vt 0.882840 0.746071
vt 0.875000 0.769092
vt 0.875000 0.698350
vt 0.875000 0.638762
vt 0.875000 0.586020
vt 0.882813 0.544849
vt 0.875000 0.544849
vt 0.890625 0.544849
vt 0.867188 0.585933
vt 0.867188 0.638067
vt 0.859375 0.637372
vt 0.859375 0.585846
vt 0.867185 0.694919
vt 0.859375 0.692443
vt 0.851563 0.638067
vt 0.851562 0.585933
vt 0.851565 0.694919
vt 0.867188 0.544849
vt 0.867160 0.746071
vt 0.859375 0.741293
vt 0.851590 0.746071
vt 0.843750 0.769092
vt 0.843750 0.698350
vt 0.843750 0.638762
vt 0.843750 0.586020
vt 0.851563 0.544849
vt 0.843750 0.544849
vt 0.859375 0.544849
vt 0.835938 0.585933
vt 0.835938 0.638067
vt 0.828125 0.637372
vt 0.828125 0.585846
vt 0.835935 0.694919
vt 0.828125 0.692443
vt 0.820312 0.638067
vt 0.820312 0.585933
vt 0.820315 0.694919
vt 0.835938 0.544849
vt 0.835910 0.746071
vt 0.828125 0.741293
vt 0.820340 0.746071
vt 0.812500 0.769092
vt 0.812500 0.698350
vt 0.812500 0.638762
vt 0.812500 0.586020
vt 0.820313 0.544849
vt 0.812500 0.544849
vt 0.828125 0.544849
vt 0.804688 0.585933
vt 0.804688 0.638067
vt 0.796875 0.637372
vt 0.796875 0.585846
vt 0.804685 0.694919
vt 0.796875 0.692443
vt 0.789063 0.638067
vt 0.789063 0.585933
vt 0.789065 0.694919
vt 0.804688 0.544849
vt 0.804660 0.746071
vt 0.796875 0.741293
vt 0.789090 0.746071
vt 0.781250 0.769092
vt 0.781250 0.698350
vt 0.781250 0.638762
vt 0.781250 0.586020
vt 0.789063 0.544849
vt 0.781250 0.544849
vt 0.796875 0.544849
vt 0.773438 0.585933
vt 0.773438 0.638067
vt 0.765625 0.637372
vt 0.765625 0.585846
vt 0.773435 0.694919
vt 0.765625 0.692443
vt 0.757813 0.638067
vt 0.757813 0.585933
vt 0.757815 0.694919
vt 0.773438 0.544849
vt 0.773410 0.746071
vt 0.765625 0.741293
vt 0.757840 0.746071
vt 0.750000 0.769092
vt 0.750000 0.698350
vt 0.750000 0.638762
vt 0.750000 0.586020
vt 0.757812 0.544849
vt 0.750000 0.544849
vt 0.765625 0.544849
vt 0.742188 0.585933
vt 0.742188 0.638067
vt 0.734375 0.637372
vt 0.734375 0.585846
vt 0.742185 0.694919
vt 0.734375 0.692443
vt 0.726563 0.638067
vt 0.726563 0.585933
vt 0.726565 0.694919
vt 0.742188 0.544849
vt 0.742160 0.746071
vt 0.734375 0.741293
vt 0.726590 0.746071
vt 0.718750 0.769092
vt 0.718750 0.698350
vt 0.718750 0.638762
vt 0.718750 0.586020
vt 0.726563 0.544849
vt 0.718750 0.544849
vt 0.734375 0.544849
vt 0.710938 0.585933
vt 0.710938 0.638067
vt 0.703125 0.637372
vt 0.703125 0.585846
vt 0.710935 0.694919
vt 0.703125 0.692443
vt 0.695312 0.638067
vt 0.695312 0.585933
vt 0.695315 0.694919
vt 0.710938 0.544849
vt 0.710910 0.746071
vt 0.703125 0.741293
vt 0.695340 0.746071
vt 0.687500 0.769092
vt 0.687500 0.698350
vt 0.687500 0.638762
vt 0.687500 0.586020
vt 0.695313 0.544849
vt 0.687500 0.544849
vt 0.703125 0.544849
vt 0.679688 0.585933
vt 0.679688 0.638067
vt 0.671875 0.637372
vt 0.671875 0.585846
vt 0.679685 0.694919
vt 0.671875 0.692443
vt 0.664063 0.638067
vt 0.664062 0.585933
vt 0.664065 0.694919
vt 0.679688 0.544849
vt 0.679660 0.746071
vt 0.671875 0.741293
vt 0.664090 0.746071
vt 0.656250 0.769092
vt 0.656250 0.698350
vt 0.656250 0.638762
vt 0.656250 0.586020
vt 0.664063 0.544849
vt 0.656250 0.544849
vt 0.671875 0.544849
vt 0.648438 0.585933
vt 0.648438 0.638067
vt 0.640625 0.637372
vt 0.640625 0.585846
vt 0.648435 0.694919
vt 0.640625 0.692443
vt 0.632813 0.638067
vt 0.632813 0.585933
vt 0.632815 0.694919
vt 0.648438 0.544849
vt 0.648410 0.746071
vt 0.640625 0.741293
vt 0.632840 0.746071
vt 0.625000 0.769092
vt 0.625000 0.698350
vt 0.625000 0.638762
vt 0.625000 0.586020
vt 0.632813 0.544849
vt 0.625000 0.544849
vt 0.640625 0.544849
vt 0.617188 0.585933
vt 0.617188 0.638067
vt 0.609375 0.637372
vt 0.609375 0.585846
vt 0.617185 0.694919
vt 0.609375 0.692443
vt 0.601563 0.638067
vt 0.601563 0.585933
vt 0.601565 0.694919
vt 0.617188 0.544849
vt 0.617160 0.746071
vt 0.609375 0.741293
vt 0.601590 0.746071
vt 0.593750 0.769092
vt 0.593750 0.698350
vt 0.593750 0.638762
vt 0.593750 0.586020
vt 0.601563 0.544849
vt 0.593750 0.544849
vt 0.609375 0.544849
vt 0.585938 0.585933
vt 0.585938 0.638067
vt 0.578125 0.637372
vt 0.578125 0.585846
vt 0.585935 0.694919
vt 0.578125 0.692443
vt 0.570313 0.638067
vt 0.570312 0.585933
vt 0.570315 0.694919
vt 0.585938 0.544849
vt 0.585910 0.746071
vt 0.578125 0.741293
vt 0.570340 0.746071
vt 0.562500 0.769092
vt 0.562500 0.698350
vt 0.562500 0.638762
vt 0.562500 0.586020
vt 0.570313 0.544849
vt 0.562500 0.544849
vt 0.578125 0.544849
vt 0.554688 0.585933
vt 0.554688 0.638067
vt 0.546875 0.637372
vt 0.546875 0.585846
vt 0.554685 0.694919
vt 0.546875 0.692443
vt 0.539062 0.638067
vt 0.539062 0.585933
vt 0.539065 0.694919
vt 0.554688 0.544849
vt 0.554660 0.746071
vt 0.546875 0.741293
vt 0.539090 0.746071
vt 0.531250 0.769092
vt 0.531250 0.698350
vt 0.531250 0.638762
vt 0.531250 0.586020
vt 0.539062 0.544849
vt 0.531250 0.544849
vt 0.546875 0.544849
vt 0.523438 0.585933
vt 0.523438 0.638067
vt 0.515625 0.637372
vt 0.515625 0.585846
vt 0.523435 0.694919
vt 0.515625 0.692443
vt 0.507812 0.638067
vt 0.507813 0.585933
vt 0.507815 0.694919
vt 0.523438 0.544849
vt 0.523410 0.746071
vt 0.515625 0.741293
vt 0.507840 0.746071
vt 0.500000 0.769092
vt 0.500000 0.698350
vt 0.500000 0.638762
vt 0.500000 0.586020
vt 0.507813 0.544849
vt 0.500000 0.544849
vt 0.515625 0.544849
vt 0.492188 0.585933
vt 0.492188 0.638067
vt 0.484375 0.637372
vt 0.484375 0.585846
vt 0.492185 0.694919
vt 0.484375 0.692443
vt 0.476563 0.638067
vt 0.476563 0.585933
vt 0.476565 0.694919
vt 0.492188 0.544849
vt 0.492160 0.746071
vt 0.484375 0.741293
vt 0.476590 0.746071
vt 0.468750 0.769092
vt 0.468750 0.698350
vt 0.468750 0.638762
vt 0.468750 0.586020
vt 0.476563 0.544849
vt 0.468750 0.544849
vt 0.484375 0.544849
vt 0.460938 0.585933
vt 0.460938 0.638067
vt 0.453125 0.637372
vt 0.453125 0.585846
vt 0.460935 0.694919
vt 0.453125 0.692443
vt 0.445313 0.638067
vt 0.445313 0.585933
vt 0.445315 0.694919
vt 0.460938 0.544849
vt 0.460910 0.746071
vt 0.453125 0.741293
vt 0.445340 0.746071
vt 0.437500 0.769092
vt 0.437500 0.698350
vt 0.437500 0.638762
vt 0.437500 0.586020
vt 0.445313 0.544849
vt 0.437500 0.544849
vt 0.453125 0.544849
vt 0.429688 0.585933
vt 0.429688 0.638067
vt 0.421875 0.637372
vt 0.421875 0.585846
vt 0.429685 0.694919
vt 0.421875 0.692443
vt 0.414062 0.638067
vt 0.414062 0.585933
vt 0.414065 0.694919
vt 0.429688 0.544849
vt 0.429660 0.746071
vt 0.421875 0.741293
vt 0.414090 0.746071
vt 0.406250 0.769092
vt 0.406250 0.698350
vt 0.406250 0.638762
vt 0.406250 0.586020
vt 0.414062 0.544849
vt 0.406250 0.544849
vt 0.421875 0.544849
vt 0.398438 0.585933
vt 0.398438 0.638067
vt 0.390625 0.637372
vt 0.390625 0.585846
vt 0.398435 0.694919
vt 0.390625 0.692443
vt 0.382812 0.638067
vt 0.382813 0.585933
vt 0.382815 0.694919
vt 0.398438 0.544849
vt 0.398410 0.746071
vt 0.390625 0.741293
vt 0.382840 0.746071
vt 0.375000 0.769092
vt 0.375000 0.698350
vt 0.375000 0.638762
vt 0.375000 0.586020
vt 0.382813 0.544849
vt 0.375000 0.544849
vt 0.390625 0.544849
vt 0.367188 0.585933
vt 0.367188 0.638067
vt 0.359375 0.637372
vt 0.359375 0.585846
vt 0.367185 0.694919
vt 0.359375 0.692443
vt 0.351563 0.638067
vt 0.351563 0.585933
vt 0.351565 0.694919
vt 0.367188 0.544849
vt 0.367160 0.746071
vt 0.359375 0.741293
vt 0.351590 0.746071
vt 0.343750 0.769092
vt 0.343750 0.698350
vt 0.343750 0.638762
vt 0.343750 0.586020
vt 0.351562 0.544849
vt 0.343750 0.544849
vt 0.359375 0.544849
vt 0.335938 0.585933
vt 0.335938 0.638067
vt 0.328125 0.637372
vt 0.328125 0.585846
vt 0.335935 0.694919
vt 0.328125 0.692443
vt 0.320313 0.638067
vt 0.320313 0.585933
vt 0.320315 0.694919
vt 0.335938 0.544849
vt 0.335910 0.746071
vt 0.328125 0.741293
vt 0.320340 0.746071
vt 0.312500 0.769092
vt 0.312500 0.698350
vt 0.312500 0.638762
vt 0.312500 0.586020
vt 0.320312 0.544849
vt 0.312500 0.544849
vt 0.328125 0.544849
vt 0.304688 0.585933
vt 0.304688 0.638067
vt 0.296875 0.637372
vt 0.296875 0.585846
vt 0.304685 0.694919
vt 0.296875 0.692443
vt 0.289063 0.638067
vt 0.289062 0.585933
vt 0.289065 0.694919
vt 0.304688 0.544849
vt 0.304660 0.746071
vt 0.296875 0.741293
vt 0.289090 0.746071
vt 0.281250 0.769092
vt 0.281250 0.698350
vt 0.281250 0.638762
vt 0.281250 0.586020
vt 0.289063 0.544849
vt 0.281250 0.544849
vt 0.296875 0.544849
vt 0.273437 0.585933
vt 0.273438 0.638067
vt 0.265625 0.637372
vt 0.265625 0.585846
vt 0.273435 0.694919
vt 0.265625 0.692443
vt 0.257813 0.638067
vt 0.257812 0.585933
vt 0.257815 0.694919
vt 0.273438 0.544849
vt 0.273410 0.746071
vt 0.265625 0.741293
vt 0.257840 0.746071
vt 0.250000 0.769092
vt 0.250000 0.698350
vt 0.250000 0.638762
vt 0.250000 0.586020
vt 0.257813 0.544849
vt 0.250000 0.544849
vt 0.265625 0.544849
vt 0.242188 0.585933
vt 0.242188 0.638067
vt 0.234375 0.637372
vt 0.234375 0.585846
vt 0.242185 0.694919
vt 0.234375 0.692443
vt 0.226563 0.638067
vt 0.226563 0.585933
vt 0.226565 0.694919
vt 0.242188 0.544849
vt 0.242160 0.746071
vt 0.234375 0.741293
vt 0.226590 0.746071
vt 0.218750 0.769092
vt 0.218750 0.698350
vt 0.218750 0.638762
vt 0.218750 0.586020
vt 0.226563 0.544849
vt 0.218750 0.544849
vt 0.234375 0.544849
vt 0.210938 0.585933
vt 0.210938 0.638067
vt 0.203125 0.637372
vt 0.203125 0.585846
vt 0.210935 0.694919
vt 0.203125 0.692443
vt 0.195313 0.638067
vt 0.195313 0.585933
vt 0.195315 0.694919
vt 0.210938 0.544849
vt 0.210910 0.746071
vt 0.203125 0.741293
vt 0.195340 0.746071
vt 0.187500 0.769092
vt 0.187500 0.698350
vt 0.187500 0.638762
vt 0.187500 0.586020
vt 0.195313 0.544849
vt 0.187500 0.544849
vt 0.203125 0.544849
vt 0.179688 0.585933
vt 0.179688 0.638067
vt 0.171875 0.637372
vt 0.171875 0.585846
vt 0.179685 0.694919
vt 0.171875 0.692443
vt 0.164063 0.638067
vt 0.164063 0.585933
vt 0.164065 0.694919
vt 0.179688 0.544849
vt 0.179660 0.746071
vt 0.171875 0.741293
vt 0.164090 0.746071
vt 0.156250 0.769092
vt 0.156250 0.698350
vt 0.156250 0.638762
vt 0.156250 0.586020
vt 0.164062 0.544849
vt 0.156250 0.544849
vt 0.171875 0.544849
vt 0.148438 0.585933
vt 0.148438 0.638067
vt 0.140625 0.637372
vt 0.140625 0.585846
vt 0.148435 0.694919
vt 0.140625 0.692443
vt 0.132813 0.638067
vt 0.132813 0.585933
vt 0.132815 0.694919
vt 0.148438 0.544849
vt 0.148410 0.746071
vt 0.140625 0.741293
vt 0.132840 0.746071
vt 0.125000 0.769092
vt 0.125000 0.698350
vt 0.125000 0.638762
vt 0.125000 0.586020
vt 0.132812 0.544849
vt 0.125000 0.544849
vt 0.140625 0.544849
vt 0.117188 0.585933
vt 0.117188 0.638067
vt 0.109375 0.637372
vt 0.109375 0.585846
vt 0.117185 0.694919
vt 0.109375 0.692443
vt 0.101563 0.638067
vt 0.101563 0.585933
vt 0.101565 0.694919
vt 0.117188 0.544849
vt 0.117160 0.746071
vt 0.109375 0.741293
vt 0.101590 0.746071
vt 0.093750 0.769092
vt 0.093750 0.698350
vt 0.093750 0.638762
vt 0.093750 0.586020
vt 0.101563 0.544849
vt 0.093750 0.544849
vt 0.109375 0.544849
vt 0.085938 0.585933
vt 0.085938 0.638067
vt 0.078125 0.637372
vt 0.078125 0.585846
vt 0.085935 0.694919
vt 0.078125 0.692443
vt 0.070313 0.638067
vt 0.070312 0.585933
vt 0.070315 0.694919
vt 0.085938 0.544849
vt 0.085910 0.746071
vt 0.078125 0.741293
vt 0.070340 0.746071
vt 0.062500 0.769092
vt 0.062500 0.698350
vt 0.062500 0.638762
vt 0.062500 0.586020
vt 0.070312 0.544849
vt 0.062500 0.544849
vt 0.078125 0.544849
vt 0.054688 0.585933
vt 0.054687 0.638067
vt 0.046875 0.637372
vt 0.046875 0.585846
vt 0.054685 0.694919
vt 0.046875 0.692443
vt 0.039063 0.638067
vt 0.039062 0.585933
vt 0.039065 0.694919
vt 0.054688 0.544849
vt 0.054660 0.746071
vt 0.046875 0.741293
vt 0.039090 0.746071
vt 0.039063 0.544849
vt 0.046875 0.544849
vt 0.992188 0.577093
vt 0.992188 0.635321
vt 0.984375 0.636438
vt 0.984375 0.583160
vt 0.992185 0.694923
vt 0.984375 0.692326
vt 0.976563 0.637951
vt 0.976562 0.585597
vt 0.976565 0.694904
vt 1.000000 0.500000
vt 1.000000 0.567273
vt 0.992188 0.531301
vt 1.000000 0.634546
vt 1.000000 0.701819
vt 1.000000 0.769092
vt 0.992160 0.746158
vt 0.984375 0.741293
vt 0.976590 0.746071
vt 0.968750 0.769092
vt 0.968750 0.698350
vt 0.968750 0.638762
vt 0.968750 0.586020
vt 0.976563 0.544382
vt 0.968750 0.544849
vt 0.984375 0.541111
vt 0.960938 0.585933
vt 0.960938 0.638067
vt 0.953125 0.637372
vt 0.953125 0.585846
vt 0.960935 0.694919
vt 0.953125 0.692443
vt 0.945313 0.638067
vt 0.945312 0.585933
vt 0.945315 0.694919
vt 0.960938 0.544849
vt 0.960910 0.746071
vt 0.953125 0.741293
vt 0.945340 0.746071
vt 0.945313 0.544849
vt 0.953125 0.544849
vt 0.148438 0.518921
vt 0.140625 0.518921
vt 0.140625 0.505606
vt 0.148438 0.505606
vt 0.132812 0.518921
vt 0.132813 0.505606
vt 0.140625 0.500701
vt 0.148436 0.500701
vt 0.132814 0.500701
vt 0.148438 0.544849
vt 0.156250 0.518921
vt 0.132813 0.544849
vt 0.125000 0.518921
vt 0.125000 0.505606
vt 0.125000 0.500701
vt 0.125000 0.500000
vt 0.132823 0.500000
vt 0.140625 0.500000
vt 0.148427 0.500000
vt 0.156250 0.500701
vt 0.156250 0.500000
vt 0.156250 0.505606
vt 0.976665 0.779205
vt 0.984375 0.776411
vt 0.984375 0.802073
vt 0.976761 0.802538
vt 0.992085 0.779205
vt 0.991989 0.802538
vt 0.984375 0.825131
vt 0.976864 0.823918
vt 0.991886 0.823918
vt 0.976590 0.746071
vt 0.968949 0.786327
vt 0.984375 0.741293
vt 0.992160 0.746158
vt 0.999801 0.786327
vt 0.999602 0.803561
vt 0.999404 0.820795
vt 0.999205 0.838029
vt 0.991754 0.848689
vt 0.984375 0.850950
vt 0.976996 0.848689
vt 0.969347 0.820795
vt 0.969545 0.838029
vt 0.969148 0.803561
vt 0.977193 0.881883
vt 0.984375 0.883206
vt 0.984375 0.920307
vt 0.977419 0.919903
vt 0.991557 0.881883
vt 0.991331 0.919903
vt 0.984375 0.959669
vt 0.977648 0.959618
vt 0.991102 0.959618
vt 0.970004 0.878522
vt 0.998746 0.878522
vt 0.998288 0.919015
vt 0.997829 0.959507
vt 0.997370 1.000000
vt 0.990873 1.000000
vt 0.984375 1.000000
vt 0.977877 1.000000
vt 0.970921 0.959507
vt 0.971380 1.000000
vt 0.970463 0.919015
vt 0.280717 0.467022
vt 0.271466 0.467950
vt 0.269554 0.448532
vt 0.278311 0.447532
vt 0.262212 0.468844
vt 0.260770 0.449259
vt 0.267716 0.429870
vt 0.275956 0.428608
vt 0.259387 0.430240
vt 0.292882 0.485777
vt 0.283146 0.486735
vt 0.289967 0.466073
vt 0.273411 0.487694
vt 0.263675 0.488653
vt 0.253940 0.489612
vt 0.252955 0.469718
vt 0.251970 0.449824
vt 0.250985 0.429931
vt 0.250000 0.410037
vt 0.258188 0.412808
vt 0.266036 0.412811
vt 0.273732 0.411277
vt 0.284137 0.426665
vt 0.281222 0.406962
vt 0.287052 0.446369
vt 0.271725 0.396783
vt 0.264575 0.397980
vt 0.263266 0.384687
vt 0.269835 0.383789
vt 0.257328 0.398201
vt 0.256647 0.385088
vt 0.262017 0.372010
vt 0.267986 0.371263
vt 0.256017 0.372442
vt 0.278862 0.395101
vt 0.250000 0.397944
vt 0.250000 0.385163
vt 0.250000 0.372579
vt 0.250000 0.359931
vt 0.255394 0.359798
vt 0.260775 0.359401
vt 0.266130 0.358741
vt 0.273914 0.370224
vt 0.271447 0.357819
vt 0.276369 0.382566
vt 0.264230 0.345896
vt 0.259498 0.346434
vt 0.258155 0.332795
vt 0.262305 0.332649
vt 0.254751 0.346830
vt 0.254056 0.333461
vt 0.256715 0.318176
vt 0.260420 0.318988
vt 0.253239 0.319696
vt 0.268922 0.345128
vt 0.250000 0.346992
vt 0.250000 0.333924
vt 0.250000 0.321126
vt 0.250000 0.310759
vt 0.252042 0.305611
vt 0.255138 0.302172
vt 0.258847 0.304940
vt 0.263876 0.319759
vt 0.261853 0.309591
vt 0.266373 0.332312
vt 0.945415 0.779205
vt 0.953125 0.776411
vt 0.953125 0.802073
vt 0.945511 0.802538
vt 0.960835 0.779205
vt 0.960739 0.802538
vt 0.953125 0.825131
vt 0.945614 0.823918
vt 0.960636 0.823918
vt 0.945340 0.746071
vt 0.937699 0.786327
vt 0.953125 0.741293
vt 0.960910 0.746071
vt 0.968551 0.786327
vt 0.968352 0.803561
vt 0.968154 0.820795
vt 0.967955 0.838029
vt 0.960504 0.848689
vt 0.953125 0.850950
vt 0.945746 0.848689
vt 0.938097 0.820795
vt 0.938295 0.838029
vt 0.937898 0.803561
vt 0.945943 0.881883
vt 0.953125 0.883206
vt 0.953125 0.920307
vt 0.946169 0.919903
vt 0.960307 0.881883
vt 0.960081 0.919903
vt 0.953125 0.959669
vt 0.946398 0.959618
vt 0.959852 0.959618
vt 0.938754 0.878522
vt 0.967496 0.878522
vt 0.967038 0.919015
vt 0.966579 0.959507
vt 0.966120 1.000000
vt 0.959623 1.000000
vt 0.953125 1.000000
vt 0.946627 1.000000
vt 0.939671 0.959507
vt 0.940130 1.000000
vt 0.939213 0.919015
vt 0.322466 0.456859
vt 0.313574 0.459574
vt 0.307910 0.440902
vt 0.316303 0.438213
vt 0.304671 0.462257
vt 0.299437 0.443330
vt 0.302466 0.422957
vt 0.310302 0.420112
vt 0.294370 0.424945
vt 0.338055 0.472880
vt 0.328694 0.475720
vt 0.331352 0.454124
vt 0.319333 0.478560
vt 0.309972 0.481400
vt 0.300610 0.484239
vt 0.295763 0.464920
vt 0.290916 0.445601
vt 0.286069 0.426281
vt 0.289793 0.408083
vt 0.297490 0.406555
vt 0.304739 0.403549
vt 0.317946 0.416611
vt 0.311243 0.397855
vt 0.324649 0.435368
vt 0.299944 0.389725
vt 0.293164 0.392293
vt 0.289287 0.379511
vt 0.295555 0.377348
vt 0.286100 0.393924
vt 0.282874 0.381195
vt 0.285589 0.367322
vt 0.291298 0.365424
vt 0.279788 0.368916
vt 0.306616 0.386682
vt 0.276711 0.356636
vt 0.281911 0.355197
vt 0.287035 0.353505
vt 0.296909 0.363248
vt 0.292069 0.351563
vt 0.301725 0.374874
vt 0.282665 0.341277
vt 0.278129 0.342728
vt 0.274150 0.329613
vt 0.278192 0.328660
vt 0.273551 0.344042
vt 0.270260 0.331066
vt 0.269886 0.315556
vt 0.273679 0.315630
vt 0.266774 0.317725
vt 0.287117 0.339609
vt 0.262852 0.304144
vt 0.265218 0.300167
vt 0.269395 0.302159
vt 0.277219 0.315712
vt 0.273251 0.306134
vt 0.282116 0.327536
vt 0.914165 0.779205
vt 0.921875 0.776411
vt 0.921875 0.802073
vt 0.914261 0.802538
vt 0.929585 0.779205
vt 0.929489 0.802538
vt 0.921875 0.825131
vt 0.914365 0.823918
vt 0.929386 0.823918
vt 0.914090 0.746071
vt 0.906449 0.786327
vt 0.929660 0.746071
vt 0.937301 0.786327
vt 0.937102 0.803561
vt 0.936904 0.820795
vt 0.936705 0.838029
vt 0.929254 0.848689
vt 0.921875 0.850950
vt 0.914496 0.848689
vt 0.906847 0.820795
vt 0.907045 0.838029
vt 0.906648 0.803561
vt 0.914693 0.881883
vt 0.921875 0.883206
vt 0.921875 0.920307
vt 0.914919 0.919903
vt 0.929057 0.881883
vt 0.928831 0.919903
vt 0.921875 0.959669
vt 0.915148 0.959618
vt 0.928602 0.959618
vt 0.907504 0.878522
vt 0.936246 0.878522
vt 0.935788 0.919015
vt 0.935329 0.959507
vt 0.934870 1.000000
vt 0.928373 1.000000
vt 0.921875 1.000000
vt 0.915377 1.000000
vt 0.908421 0.959507
vt 0.908880 1.000000
vt 0.907963 0.919015
vt 0.361430 0.438747
vt 0.353238 0.443145
vt 0.344040 0.425936
vt 0.351748 0.421662
vt 0.345030 0.447512
vt 0.336203 0.429970
vt 0.335200 0.409398
vt 0.342331 0.405079
vt 0.327648 0.412928
vt 0.379845 0.451419
vt 0.371218 0.456030
vt 0.369612 0.434331
vt 0.362590 0.460642
vt 0.353963 0.465253
vt 0.345336 0.469865
vt 0.336813 0.451862
vt 0.328290 0.433860
vt 0.319766 0.415857
vt 0.319869 0.397282
vt 0.327120 0.394282
vt 0.333643 0.389919
vt 0.349145 0.400154
vt 0.338912 0.383066
vt 0.359378 0.417242
vt 0.326243 0.377296
vt 0.320095 0.381138
vt 0.313798 0.369358
vt 0.319524 0.366014
vt 0.313484 0.384116
vt 0.307837 0.372261
vt 0.307794 0.358124
vt 0.313023 0.355150
vt 0.302415 0.360820
vt 0.332193 0.373011
vt 0.297001 0.349376
vt 0.301821 0.346950
vt 0.306516 0.344291
vt 0.318101 0.351921
vt 0.311074 0.341404
vt 0.325092 0.362384
vt 0.299845 0.333151
vt 0.295678 0.335459
vt 0.289218 0.323372
vt 0.292997 0.321649
vt 0.291445 0.337641
vt 0.285686 0.325556
vt 0.282293 0.310417
vt 0.286028 0.309749
vt 0.279664 0.313151
vt 0.303886 0.330646
vt 0.273168 0.300596
vt 0.274712 0.296234
vt 0.279198 0.297373
vt 0.289515 0.309139
vt 0.283756 0.300519
vt 0.296626 0.319781
vt 0.882915 0.779205
vt 0.890625 0.776411
vt 0.890625 0.802073
vt 0.883011 0.802538
vt 0.898335 0.779205
vt 0.898239 0.802538
vt 0.890625 0.825131
vt 0.883115 0.823918
vt 0.898136 0.823918
vt 0.882840 0.746071
vt 0.875199 0.786327
vt 0.890625 0.741293
vt 0.898410 0.746071
vt 0.906051 0.786327
vt 0.905852 0.803561
vt 0.905654 0.820795
vt 0.905455 0.838029
vt 0.898004 0.848689
vt 0.890625 0.850950
vt 0.883246 0.848689
vt 0.875597 0.820795
vt 0.875795 0.838029
vt 0.875398 0.803561
vt 0.883443 0.881883
vt 0.890625 0.883206
vt 0.890625 0.920307
vt 0.883669 0.919903
vt 0.897807 0.881883
vt 0.897581 0.919903
vt 0.890625 0.959669
vt 0.883898 0.959618
vt 0.897352 0.959618
vt 0.876254 0.878522
vt 0.904996 0.878522
vt 0.904538 0.919015
vt 0.904079 0.959507
vt 0.903620 1.000000
vt 0.897123 1.000000
vt 0.890625 1.000000
vt 0.884127 1.000000
vt 0.877171 0.959507
vt 0.877630 1.000000
vt 0.876713 0.919015
vt 0.396111 0.413381
vt 0.388935 0.419293
vt 0.376556 0.404210
vt 0.383282 0.398513
vt 0.381737 0.425178
vt 0.369657 0.409695
vt 0.364660 0.389714
vt 0.370811 0.384087
vt 0.357941 0.394649
vt 0.416645 0.422217
vt 0.409083 0.428423
vt 0.403275 0.407454
vt 0.401521 0.434629
vt 0.393959 0.440835
vt 0.386397 0.447041
vt 0.374526 0.431047
vt 0.362654 0.415053
vt 0.350783 0.399060
vt 0.347260 0.380821
vt 0.353786 0.376464
vt 0.359333 0.370913
vt 0.376534 0.377927
vt 0.363163 0.363163
vt 0.389904 0.392690
vt 0.349612 0.359976
vt 0.344332 0.364944
vt 0.335858 0.354618
vt 0.340821 0.350222
vt 0.338429 0.369154
vt 0.330578 0.358628
vt 0.327777 0.344772
vt 0.332325 0.340834
vt 0.323028 0.348464
vt 0.354612 0.354612
vt 0.315486 0.338297
vt 0.319739 0.334978
vt 0.323825 0.331453
vt 0.336677 0.336677
vt 0.327733 0.327733
vt 0.345575 0.345575
vt 0.315109 0.321829
vt 0.311473 0.324905
vt 0.302779 0.314311
vt 0.306148 0.311884
vt 0.307746 0.327871
vt 0.299741 0.317142
vt 0.293460 0.302956
vt 0.296992 0.301573
vt 0.291414 0.306150
vt 0.318584 0.318584
vt 0.282593 0.295104
vt 0.283257 0.290524
vt 0.287879 0.290766
vt 0.300293 0.300293
vt 0.292963 0.292963
vt 0.309343 0.309343
vt 0.851665 0.779205
vt 0.859375 0.776411
vt 0.859375 0.802073
vt 0.851761 0.802538
vt 0.867085 0.779205
vt 0.866989 0.802538
vt 0.859375 0.825131
vt 0.851865 0.823918
vt 0.866886 0.823918
vt 0.851590 0.746071
vt 0.843949 0.786327
vt 0.859375 0.741293
vt 0.867160 0.746071
vt 0.874801 0.786327
vt 0.874602 0.803561
vt 0.874404 0.820795
vt 0.874205 0.838029
vt 0.866754 0.848689
vt 0.859375 0.850950
vt 0.851996 0.848689
vt 0.844347 0.820795
vt 0.844545 0.838029
vt 0.844148 0.803561
vt 0.852193 0.881883
vt 0.859375 0.883206
vt 0.859375 0.920307
vt 0.852419 0.919903
vt 0.866557 0.881883
vt 0.866331 0.919903
vt 0.859375 0.959669
vt 0.852648 0.959618
vt 0.866102 0.959618
vt 0.845004 0.878522
vt 0.873746 0.878522
vt 0.873288 0.919015
vt 0.872829 0.959507
vt 0.872370 1.000000
vt 0.865873 1.000000
vt 0.859375 1.000000
vt 0.852877 1.000000
vt 0.845921 0.959507
vt 0.846380 1.000000
vt 0.845463 0.919015
vt 0.425178 0.381737
vt 0.419293 0.388935
vt 0.404210 0.376556
vt 0.409695 0.369657
vt 0.413381 0.396111
vt 0.398513 0.383282
vt 0.389714 0.364660
vt 0.394649 0.357941
vt 0.384087 0.370811
vt 0.447041 0.386397
vt 0.440835 0.393959
vt 0.431047 0.374526
vt 0.434629 0.401521
vt 0.428423 0.409083
vt 0.422217 0.416645
vt 0.407454 0.403275
vt 0.392690 0.389904
vt 0.377927 0.376534
vt 0.370913 0.359333
vt 0.376464 0.353786
vt 0.380821 0.347260
vt 0.399060 0.350783
vt 0.383066 0.338912
vt 0.415053 0.362654
vt 0.369154 0.338429
vt 0.364944 0.344332
vt 0.354618 0.335858
vt 0.358628 0.330578
vt 0.359976 0.349612
vt 0.350222 0.340821
vt 0.344772 0.327777
vt 0.348464 0.323028
vt 0.340834 0.332325
vt 0.373011 0.332193
vt 0.331453 0.323825
vt 0.334978 0.319739
vt 0.338297 0.315486
vt 0.351921 0.318101
vt 0.341404 0.311074
vt 0.362384 0.325092
vt 0.327871 0.307746
vt 0.324905 0.311473
vt 0.314311 0.302779
vt 0.317142 0.299741
vt 0.321829 0.315109
vt 0.311884 0.306148
vt 0.302956 0.293460
vt 0.306150 0.291414
vt 0.301573 0.296992
vt 0.330646 0.303886
vt 0.290766 0.287879
vt 0.290524 0.283257
vt 0.295104 0.282593
vt 0.309139 0.289515
vt 0.300519 0.283756
vt 0.319781 0.296626
vt 0.820415 0.779205
vt 0.828125 0.776411
vt 0.828125 0.802073
vt 0.820511 0.802538
vt 0.835835 0.779205
vt 0.835739 0.802538
vt 0.828125 0.825131
vt 0.820614 0.823918
vt 0.835636 0.823917
vt 0.820340 0.746071
vt 0.812699 0.786327
vt 0.835910 0.746071
vt 0.843551 0.786327
vt 0.843352 0.803561
vt 0.843153 0.820795
vt 0.842955 0.838029
vt 0.835504 0.848689
vt 0.828125 0.850950
vt 0.820746 0.848689
vt 0.813097 0.820795
vt 0.813295 0.838029
vt 0.812898 0.803561
vt 0.820943 0.881883
vt 0.828125 0.883206
vt 0.828125 0.920307
vt 0.821169 0.919903
vt 0.835307 0.881883
vt 0.835081 0.919903
vt 0.828125 0.959669
vt 0.821398 0.959618
vt 0.834852 0.959618
vt 0.813754 0.878522
vt 0.842496 0.878522
vt 0.842037 0.919015
vt 0.841579 0.959507
vt 0.841120 1.000000
vt 0.834623 1.000000
vt 0.828125 1.000000
vt 0.821627 1.000000
vt 0.814671 0.959507
vt 0.815130 1.000000
vt 0.814213 0.919015
vt 0.447512 0.345030
vt 0.443145 0.353238
vt 0.425936 0.344040
vt 0.429970 0.336203
vt 0.438747 0.361430
vt 0.421662 0.351748
vt 0.409398 0.335200
vt 0.412928 0.327648
vt 0.405079 0.342331
vt 0.469865 0.345336
vt 0.465253 0.353963
vt 0.451862 0.336813
vt 0.460642 0.362590
vt 0.456030 0.371218
vt 0.451419 0.379845
vt 0.434331 0.369612
vt 0.417242 0.359379
vt 0.400154 0.349145
vt 0.389919 0.333643
vt 0.394282 0.327120
vt 0.397282 0.319869
vt 0.415857 0.319766
vt 0.397855 0.311243
vt 0.433860 0.328290
vt 0.384116 0.313484
vt 0.381138 0.320095
vt 0.369358 0.313798
vt 0.372261 0.307837
vt 0.377296 0.326243
vt 0.366014 0.319524
vt 0.358124 0.307794
vt 0.360819 0.302415
vt 0.355150 0.313023
vt 0.386682 0.306616
vt 0.344291 0.306516
vt 0.346950 0.301821
vt 0.349376 0.297001
vt 0.363248 0.296909
vt 0.351563 0.292069
vt 0.374874 0.301725
vt 0.337641 0.291445
vt 0.335458 0.295678
vt 0.323372 0.289218
vt 0.325556 0.285686
vt 0.333151 0.299845
vt 0.321649 0.292997
vt 0.310417 0.282293
vt 0.313151 0.279664
vt 0.309749 0.286028
vt 0.339609 0.287117
vt 0.297373 0.279198
vt 0.296234 0.274712
vt 0.300596 0.273168
vt 0.315712 0.277219
vt 0.306134 0.273251
vt 0.327536 0.282116
vt 0.789165 0.779205
vt 0.796875 0.776411
vt 0.796875 0.802073
vt 0.789261 0.802538
vt 0.804585 0.779205
vt 0.804489 0.802538
vt 0.796875 0.825131
vt 0.789365 0.823918
vt 0.804386 0.823918
vt 0.789090 0.746071
vt 0.781449 0.786327
vt 0.796875 0.741293
vt 0.804660 0.746071
vt 0.812301 0.786327
vt 0.812102 0.803561
vt 0.811903 0.820795
vt 0.811705 0.838029
vt 0.804254 0.848689
vt 0.796875 0.850950
vt 0.789496 0.848689
vt 0.781847 0.820795
vt 0.782045 0.838029
vt 0.781648 0.803561
vt 0.789693 0.881883
vt 0.796875 0.883206
vt 0.796875 0.920307
vt 0.789919 0.919903
vt 0.804057 0.881883
vt 0.803831 0.919903
vt 0.796875 0.959669
vt 0.790148 0.959618
vt 0.803602 0.959618
vt 0.782504 0.878522
vt 0.811246 0.878522
vt 0.810788 0.919015
vt 0.810329 0.959507
vt 0.809870 1.000000
vt 0.803373 1.000000
vt 0.796875 1.000000
vt 0.790377 1.000000
vt 0.783421 0.959507
vt 0.783880 1.000000
vt 0.782963 0.919015
vt 0.462257 0.304671
vt 0.459574 0.313574
vt 0.440902 0.307910
vt 0.443330 0.299437
vt 0.456859 0.322466
vt 0.438213 0.316303
vt 0.422957 0.302466
vt 0.424945 0.294370
vt 0.420112 0.310302
vt 0.484239 0.300610
vt 0.481400 0.309972
vt 0.464920 0.295763
vt 0.478560 0.319333
vt 0.475720 0.328694
vt 0.472880 0.338055
vt 0.454124 0.331352
vt 0.435367 0.324649
vt 0.416611 0.317946
vt 0.403549 0.304739
vt 0.406555 0.297490
vt 0.408083 0.289793
vt 0.426281 0.286069
vt 0.406962 0.281222
vt 0.445600 0.290916
vt 0.393924 0.286100
vt 0.392293 0.293164
vt 0.379511 0.289287
vt 0.381195 0.282874
vt 0.389725 0.299944
vt 0.377348 0.295555
vt 0.367322 0.285589
vt 0.368916 0.279788
vt 0.365424 0.291298
vt 0.395101 0.278862
vt 0.353505 0.287035
vt 0.355197 0.281911
vt 0.356636 0.276711
vt 0.370224 0.273914
vt 0.357819 0.271447
vt 0.382566 0.276369
vt 0.344042 0.273551
vt 0.342728 0.278129
vt 0.329613 0.274150
vt 0.331066 0.270260
vt 0.341277 0.282665
vt 0.328660 0.278192
vt 0.315556 0.269886
vt 0.317725 0.266774
vt 0.315630 0.273679
vt 0.345128 0.268922
vt 0.302159 0.269395
vt 0.300167 0.265218
vt 0.304144 0.262852
vt 0.319759 0.263876
vt 0.309591 0.261853
vt 0.332312 0.266373
vt 0.757915 0.779205
vt 0.765625 0.776411
vt 0.765625 0.802073
vt 0.758011 0.802538
vt 0.773335 0.779205
vt 0.773239 0.802538
vt 0.765625 0.825131
vt 0.758114 0.823918
vt 0.773136 0.823917
vt 0.757840 0.746071
vt 0.750199 0.786327
vt 0.765625 0.741293
vt 0.773410 0.746071
vt 0.781051 0.786327
vt 0.780852 0.803561
vt 0.780654 0.820795
vt 0.780455 0.838029
vt 0.773004 0.848689
vt 0.765625 0.850950
vt 0.758246 0.848689
vt 0.750597 0.820795
vt 0.750795 0.838029
vt 0.750398 0.803561
vt 0.758443 0.881883
vt 0.765625 0.883206
vt 0.765625 0.920307
vt 0.758669 0.919903
vt 0.772807 0.881883
vt 0.772581 0.919903
vt 0.765625 0.959669
vt 0.758898 0.959618
vt 0.772352 0.959618
vt 0.751254 0.878522
vt 0.779996 0.878522
vt 0.779538 0.919015
vt 0.779079 0.959507
vt 0.778620 1.000000
vt 0.772123 1.000000
vt 0.765625 1.000000
vt 0.759127 1.000000
vt 0.752171 0.959507
vt 0.752630 1.000000
vt 0.751713 0.919015
vt 0.468844 0.262212
vt 0.467950 0.271466
vt 0.448532 0.269554
vt 0.449259 0.260770
vt 0.467022 0.280717
vt 0.447532 0.278311
vt 0.429870 0.267716
vt 0.430240 0.259387
vt 0.428608 0.275956
vt 0.489612 0.253940
vt 0.488653 0.263675
vt 0.469718 0.252955
vt 0.487694 0.273411
vt 0.486735 0.283146
vt 0.485777 0.292882
vt 0.466073 0.289967
vt 0.446369 0.287052
vt 0.426665 0.284137
vt 0.411277 0.273732
vt 0.412811 0.266036
vt 0.412808 0.258188
vt 0.429931 0.250985
vt 0.410037 0.250000
vt 0.449824 0.251970
vt 0.398201 0.257328
vt 0.397980 0.264575
vt 0.384687 0.263266
vt 0.385088 0.256647
vt 0.396783 0.271725
vt 0.383789 0.269835
vt 0.372010 0.262017
vt 0.372442 0.256017
vt 0.371263 0.267986
vt 0.397944 0.250000
vt 0.358741 0.266130
vt 0.359401 0.260775
vt 0.359798 0.255394
vt 0.372579 0.250000
vt 0.359931 0.250000
vt 0.385163 0.250000
vt 0.346830 0.254751
vt 0.346434 0.259498
vt 0.332795 0.258155
vt 0.333461 0.254056
vt 0.345896 0.264231
vt 0.332649 0.262305
vt 0.318176 0.256715
vt 0.319696 0.253239
vt 0.318988 0.260420
vt 0.346992 0.250000
vt 0.304940 0.258847
vt 0.302172 0.255138
vt 0.305611 0.252042
vt 0.321126 0.250000
vt 0.310759 0.250000
vt 0.333924 0.250000
vt 0.726665 0.779205
vt 0.734375 0.776411
vt 0.734375 0.802073
vt 0.726761 0.802538
vt 0.742085 0.779205
vt 0.741989 0.802538
vt 0.734375 0.825131
vt 0.726865 0.823918
vt 0.741886 0.823918
vt 0.726590 0.746071
vt 0.718949 0.786327
vt 0.742160 0.746071
vt 0.749801 0.786327
vt 0.749602 0.803561
vt 0.749404 0.820795
vt 0.749205 0.838029
vt 0.741754 0.848689
vt 0.734375 0.850950
vt 0.726996 0.848689
vt 0.719347 0.820795
vt 0.719545 0.838029
vt 0.719148 0.803561
vt 0.727193 0.881883
vt 0.734375 0.883206
vt 0.734375 0.920307
vt 0.727419 0.919903
vt 0.741557 0.881883
vt 0.741331 0.919903
vt 0.734375 0.959669
vt 0.727648 0.959618
vt 0.741102 0.959618
vt 0.720004 0.878522
vt 0.748746 0.878522
vt 0.748288 0.919015
vt 0.747829 0.959507
vt 0.747370 1.000000
vt 0.740873 1.000000
vt 0.734375 1.000000
vt 0.727877 1.000000
vt 0.720921 0.959507
vt 0.721380 1.000000
vt 0.720463 0.919015
vt 0.467021 0.219283
vt 0.467950 0.228534
vt 0.448532 0.230446
vt 0.447532 0.221689
vt 0.468844 0.237788
vt 0.449259 0.239230
vt 0.429870 0.232284
vt 0.428608 0.224044
vt 0.430240 0.240613
vt 0.485777 0.207118
vt 0.486735 0.216854
vt 0.466073 0.210033
vt 0.487694 0.226589
vt 0.488653 0.236325
vt 0.489612 0.246060
vt 0.469718 0.247045
vt 0.449824 0.248030
vt 0.429931 0.249015
vt 0.412808 0.241812
vt 0.412811 0.233965
vt 0.411277 0.226268
vt 0.426665 0.215863
vt 0.406962 0.218778
vt 0.446369 0.212948
vt 0.396783 0.228275
vt 0.397980 0.235425
vt 0.384687 0.236734
vt 0.383789 0.230165
vt 0.398201 0.242672
vt 0.385087 0.243353
vt 0.372010 0.237983
vt 0.371263 0.232014
vt 0.372442 0.243983
vt 0.395101 0.221138
vt 0.359798 0.244606
vt 0.359401 0.239225
vt 0.358741 0.233870
vt 0.370224 0.226086
vt 0.357819 0.228554
vt 0.382566 0.223631
vt 0.345896 0.235770
vt 0.346434 0.240502
vt 0.332795 0.241845
vt 0.332649 0.237695
vt 0.346830 0.245249
vt 0.333461 0.245944
vt 0.318176 0.243285
vt 0.318988 0.239580
vt 0.319696 0.246761
vt 0.345128 0.231078
vt 0.305611 0.247958
vt 0.302172 0.244862
vt 0.304940 0.241153
vt 0.319759 0.236124
vt 0.309591 0.238147
vt 0.332312 0.233627
vt 0.695415 0.779205
vt 0.703125 0.776411
vt 0.703125 0.802073
vt 0.695511 0.802538
vt 0.710835 0.779205
vt 0.710739 0.802538
vt 0.703125 0.825131
vt 0.695614 0.823918
vt 0.710636 0.823918
vt 0.695340 0.746071
vt 0.687699 0.786327
vt 0.710910 0.746071
vt 0.718551 0.786327
vt 0.718352 0.803561
vt 0.718153 0.820795
vt 0.717955 0.838029
vt 0.710504 0.848689
vt 0.703125 0.850950
vt 0.695746 0.848689
vt 0.688097 0.820795
vt 0.688295 0.838029
vt 0.687898 0.803561
vt 0.695943 0.881883
vt 0.703125 0.883206
vt 0.703125 0.920307
vt 0.696169 0.919903
vt 0.710307 0.881883
vt 0.710081 0.919903
vt 0.703125 0.959669
vt 0.696398 0.959618
vt 0.709852 0.959618
vt 0.688754 0.878522
vt 0.717496 0.878522
vt 0.717038 0.919015
vt 0.716579 0.959507
vt 0.716120 1.000000
vt 0.709623 1.000000
vt 0.703125 1.000000
vt 0.696627 1.000000
vt 0.689671 0.959507
vt 0.690130 1.000000
vt 0.689213 0.919015
vt 0.456859 0.177534
vt 0.459574 0.186426
vt 0.440902 0.192091
vt 0.438213 0.183697
vt 0.462257 0.195329
vt 0.443330 0.200564
vt 0.422957 0.197534
vt 0.420112 0.189698
vt 0.424945 0.205630
vt 0.472880 0.161945
vt 0.475720 0.171306
vt 0.454124 0.168648
vt 0.478560 0.180667
vt 0.481400 0.190028
vt 0.484239 0.199390
vt 0.464920 0.204237
vt 0.445600 0.209084
vt 0.426281 0.213931
vt 0.408083 0.210207
vt 0.406555 0.202510
vt 0.403549 0.195261
vt 0.416611 0.182054
vt 0.397855 0.188757
vt 0.435367 0.175351
vt 0.389725 0.200056
vt 0.392293 0.206836
vt 0.379511 0.210713
vt 0.377348 0.204445
vt 0.393924 0.213900
vt 0.381195 0.217126
vt 0.367322 0.214411
vt 0.365424 0.208702
vt 0.368916 0.220212
vt 0.386682 0.193384
vt 0.356636 0.223289
vt 0.355197 0.218089
vt 0.353505 0.212965
vt 0.363248 0.203091
vt 0.351563 0.207931
vt 0.374874 0.198275
vt 0.341277 0.217335
vt 0.342728 0.221871
vt 0.329613 0.225850
vt 0.328660 0.221808
vt 0.344042 0.226449
vt 0.331066 0.229740
vt 0.315556 0.230114
vt 0.315630 0.226321
vt 0.317725 0.233226
vt 0.339609 0.212883
vt 0.304144 0.237148
vt 0.300167 0.234782
vt 0.302159 0.230605
vt 0.315712 0.222781
vt 0.306134 0.226749
vt 0.327536 0.217884
vt 0.664165 0.779205
vt 0.671875 0.776411
vt 0.671875 0.802073
vt 0.664261 0.802538
vt 0.679585 0.779205
vt 0.679489 0.802538
vt 0.671875 0.825131
vt 0.664364 0.823918
vt 0.679386 0.823918
vt 0.664090 0.746071
vt 0.656449 0.786327
vt 0.671875 0.741293
vt 0.679660 0.746071
vt 0.687301 0.786327
vt 0.687102 0.803561
vt 0.686903 0.820795
vt 0.686705 0.838029
vt 0.679254 0.848689
vt 0.671875 0.850950
vt 0.664496 0.848689
vt 0.656847 0.820795
vt 0.657045 0.838029
vt 0.656648 0.803561
vt 0.664693 0.881883
vt 0.671875 0.883206
vt 0.671875 0.920307
vt 0.664919 0.919903
vt 0.679057 0.881883
vt 0.678831 0.919903
vt 0.671875 0.959669
vt 0.665148 0.959618
vt 0.678602 0.959618
vt 0.657504 0.878522
vt 0.686246 0.878522
vt 0.685787 0.919015
vt 0.685329 0.959507
vt 0.684870 1.000000
vt 0.678373 1.000000
vt 0.671875 1.000000
vt 0.665377 1.000000
vt 0.658421 0.959507
vt 0.658880 1.000000
vt 0.657963 0.919015
vt 0.438747 0.138570
vt 0.443145 0.146762
vt 0.425936 0.155960
vt 0.421662 0.148252
vt 0.447512 0.154970
vt 0.429970 0.163797
vt 0.409398 0.164800
vt 0.405079 0.157669
vt 0.412928 0.172353
vt 0.451419 0.120155
vt 0.456030 0.128782
vt 0.434331 0.130388
vt 0.460642 0.137410
vt 0.465253 0.146037
vt 0.469865 0.154664
vt 0.451862 0.163187
vt 0.433860 0.171711
vt 0.415857 0.180234
vt 0.397282 0.180131
vt 0.394282 0.172880
vt 0.389919 0.166357
vt 0.400154 0.150855
vt 0.383066 0.161088
vt 0.417242 0.140622
vt 0.377296 0.173757
vt 0.381138 0.179905
vt 0.369358 0.186202
vt 0.366014 0.180476
vt 0.384116 0.186516
vt 0.372261 0.192163
vt 0.358124 0.192206
vt 0.355150 0.186977
vt 0.360820 0.197585
vt 0.373011 0.167807
vt 0.349376 0.202999
vt 0.346950 0.198179
vt 0.344291 0.193484
vt 0.351921 0.181899
vt 0.341404 0.188926
vt 0.362384 0.174908
vt 0.333151 0.200155
vt 0.335459 0.204322
vt 0.323372 0.210782
vt 0.321649 0.207003
vt 0.337641 0.208555
vt 0.325556 0.214314
vt 0.310417 0.217707
vt 0.309749 0.213972
vt 0.313151 0.220336
vt 0.330646 0.196114
vt 0.300596 0.226832
vt 0.296234 0.225287
vt 0.297373 0.220802
vt 0.309139 0.210485
vt 0.300519 0.216244
vt 0.319781 0.203374
vt 0.632915 0.779205
vt 0.640625 0.776411
vt 0.640625 0.802073
vt 0.633011 0.802538
vt 0.648335 0.779205
vt 0.648239 0.802538
vt 0.640625 0.825131
vt 0.633114 0.823918
vt 0.648136 0.823918
vt 0.632840 0.746071
vt 0.625199 0.786327
vt 0.648410 0.746071
vt 0.656051 0.786327
vt 0.655852 0.803561
vt 0.655653 0.820795
vt 0.655455 0.838029
vt 0.648004 0.848689
vt 0.640625 0.850950
vt 0.633246 0.848689
vt 0.625597 0.820795
vt 0.625795 0.838029
vt 0.625398 0.803561
vt 0.633443 0.881883
vt 0.640625 0.883206
vt 0.640625 0.920307
vt 0.633669 0.919903
vt 0.647807 0.881883
vt 0.647581 0.919903
vt 0.640625 0.959669
vt 0.633898 0.959618
vt 0.647352 0.959618
vt 0.626254 0.878522
vt 0.654996 0.878522
vt 0.654537 0.919015
vt 0.654079 0.959507
vt 0.653620 1.000000
vt 0.647123 1.000000
vt 0.640625 1.000000
vt 0.634127 1.000000
vt 0.627171 0.959507
vt 0.627630 1.000000
vt 0.626713 0.919015
vt 0.413381 0.103889
vt 0.419293 0.111065
vt 0.404210 0.123444
vt 0.398513 0.116718
vt 0.425178 0.118263
vt 0.409695 0.130343
vt 0.389714 0.135340
vt 0.384087 0.129189
vt 0.394649 0.142059
vt 0.422217 0.083355
vt 0.428423 0.090917
vt 0.407454 0.096725
vt 0.434629 0.098479
vt 0.440835 0.106041
vt 0.447041 0.113603
vt 0.431047 0.125474
vt 0.415053 0.137346
vt 0.399060 0.149217
vt 0.380821 0.152741
vt 0.376464 0.146214
vt 0.370913 0.140667
vt 0.377927 0.123466
vt 0.363163 0.136837
vt 0.392690 0.110096
vt 0.359976 0.150388
vt 0.364944 0.155668
vt 0.354618 0.164142
vt 0.350222 0.159179
vt 0.369154 0.161571
vt 0.358628 0.169423
vt 0.344772 0.172223
vt 0.340834 0.167675
vt 0.348464 0.176972
vt 0.354612 0.145388
vt 0.338297 0.184514
vt 0.334978 0.180261
vt 0.331453 0.176175
vt 0.336677 0.163323
vt 0.327733 0.172267
vt 0.345575 0.154425
vt 0.321829 0.184891
vt 0.324905 0.188527
vt 0.314311 0.197221
vt 0.311884 0.193852
vt 0.327871 0.192254
vt 0.317142 0.200259
vt 0.302956 0.206540
vt 0.301573 0.203008
vt 0.306150 0.208586
vt 0.318584 0.181416
vt 0.295104 0.217407
vt 0.290524 0.216743
vt 0.290766 0.212121
vt 0.300293 0.199707
vt 0.292963 0.207037
vt 0.309344 0.190657
vt 0.601665 0.779205
vt 0.609375 0.776411
vt 0.609375 0.802073
vt 0.601761 0.802538
vt 0.617085 0.779205
vt 0.616989 0.802538
vt 0.609375 0.825131
vt 0.601864 0.823918
vt 0.616886 0.823918
vt 0.601590 0.746071
vt 0.593949 0.786327
vt 0.609375 0.741293
vt 0.617160 0.746071
vt 0.624801 0.786327
vt 0.624602 0.803561
vt 0.624404 0.820795
vt 0.624205 0.838029
vt 0.616754 0.848689
vt 0.609375 0.850950
vt 0.601996 0.848689
vt 0.594347 0.820795
vt 0.594545 0.838029
vt 0.594148 0.803561
vt 0.602193 0.881883
vt 0.609375 0.883206
vt 0.609375 0.920307
vt 0.602419 0.919903
vt 0.616557 0.881883
vt 0.616331 0.919903
vt 0.609375 0.959669
vt 0.602648 0.959618
vt 0.616102 0.959618
vt 0.595004 0.878522
vt 0.623746 0.878522
vt 0.623288 0.919015
vt 0.622829 0.959507
vt 0.622370 1.000000
vt 0.615873 1.000000
vt 0.609375 1.000000
vt 0.602877 1.000000
vt 0.595921 0.959507
vt 0.596380 1.000000
vt 0.595463 0.919015
vt 0.381737 0.074822
vt 0.388935 0.080707
vt 0.376556 0.095791
vt 0.369657 0.090305
vt 0.396111 0.086619
vt 0.383282 0.101487
vt 0.364660 0.110286
vt 0.357941 0.105351
vt 0.370811 0.115913
vt 0.386397 0.052959
vt 0.393959 0.059165
vt 0.374526 0.068953
vt 0.401521 0.065371
vt 0.409083 0.071577
vt 0.416645 0.077783
vt 0.403275 0.092546
vt 0.389904 0.107310
vt 0.376534 0.122073
vt 0.359333 0.129087
vt 0.353786 0.123536
vt 0.347259 0.119179
vt 0.350783 0.100941
vt 0.338912 0.116934
vt 0.362654 0.084947
vt 0.338429 0.130846
vt 0.344332 0.135056
vt 0.335858 0.145382
vt 0.330578 0.141372
vt 0.349612 0.140024
vt 0.340821 0.149778
vt 0.327777 0.155228
vt 0.323028 0.151536
vt 0.332325 0.159166
vt 0.332193 0.126989
vt 0.323825 0.168547
vt 0.319739 0.165022
vt 0.315486 0.161703
vt 0.318101 0.148079
vt 0.311074 0.158596
vt 0.325092 0.137616
vt 0.307746 0.172129
vt 0.311473 0.175095
vt 0.302779 0.185689
vt 0.299741 0.182858
vt 0.315109 0.178172
vt 0.306148 0.188116
vt 0.293460 0.197044
vt 0.291414 0.193850
vt 0.296992 0.198427
vt 0.303886 0.169354
vt 0.287879 0.209234
vt 0.283257 0.209476
vt 0.282593 0.204896
vt 0.289515 0.190861
vt 0.283756 0.199481
vt 0.296626 0.180219
vt 0.570415 0.779205
vt 0.578125 0.776411
vt 0.578125 0.802073
vt 0.570511 0.802538
vt 0.585835 0.779205
vt 0.585739 0.802538
vt 0.578125 0.825131
vt 0.570614 0.823918
vt 0.585636 0.823917
vt 0.570340 0.746071
vt 0.562699 0.786327
vt 0.585910 0.746071
vt 0.593551 0.786327
vt 0.593352 0.803561
vt 0.593153 0.820795
vt 0.592955 0.838029
vt 0.585504 0.848689
vt 0.578125 0.850950
vt 0.570746 0.848689
vt 0.563097 0.820795
vt 0.563295 0.838029
vt 0.562898 0.803561
vt 0.570943 0.881883
vt 0.578125 0.883206
vt 0.578125 0.920307
vt 0.571169 0.919903
vt 0.585307 0.881883
vt 0.585081 0.919903
vt 0.578125 0.959669
vt 0.571398 0.959618
vt 0.584852 0.959618
vt 0.563754 0.878522
vt 0.592496 0.878522
vt 0.592038 0.919015
vt 0.591579 0.959507
vt 0.591120 1.000000
vt 0.584623 1.000000
vt 0.578125 1.000000
vt 0.571627 1.000000
vt 0.564671 0.959507
vt 0.565130 1.000000
vt 0.564213 0.919015
vt 0.345030 0.052488
vt 0.353238 0.056855
vt 0.344040 0.074064
vt 0.336203 0.070030
vt 0.361430 0.061253
vt 0.351748 0.078338
vt 0.335200 0.090602
vt 0.327648 0.087072
vt 0.342331 0.094921
vt 0.345336 0.030135
vt 0.353963 0.034747
vt 0.336813 0.048138
vt 0.362590 0.039358
vt 0.371218 0.043970
vt 0.379845 0.048581
vt 0.369612 0.065669
vt 0.359378 0.082758
vt 0.349145 0.099846
vt 0.333643 0.110081
vt 0.327120 0.105719
vt 0.319869 0.102718
vt 0.319766 0.084143
vt 0.311243 0.102145
vt 0.328290 0.066140
vt 0.313484 0.115884
vt 0.320095 0.118862
vt 0.313798 0.130642
vt 0.307837 0.127739
vt 0.326243 0.122704
vt 0.319524 0.133986
vt 0.307794 0.141876
vt 0.302415 0.139181
vt 0.313023 0.144850
vt 0.306616 0.113318
vt 0.306516 0.155709
vt 0.301821 0.153050
vt 0.297001 0.150624
vt 0.296909 0.136752
vt 0.292069 0.148437
vt 0.301725 0.125126
vt 0.291445 0.162359
vt 0.295678 0.164542
vt 0.289218 0.176628
vt 0.285686 0.174444
vt 0.299845 0.166849
vt 0.292996 0.178351
vt 0.282293 0.189583
vt 0.279664 0.186849
vt 0.286028 0.190251
vt 0.287117 0.160391
vt 0.279198 0.202627
vt 0.274712 0.203766
vt 0.273168 0.199404
vt 0.277219 0.184289
vt 0.273251 0.193866
vt 0.282116 0.172464
vt 0.539165 0.779205
vt 0.546875 0.776411
vt 0.546875 0.802073
vt 0.539261 0.802538
vt 0.554585 0.779205
vt 0.554489 0.802538
vt 0.546875 0.825131
vt 0.539364 0.823918
vt 0.554386 0.823918
vt 0.539090 0.746071
vt 0.531449 0.786327
vt 0.546875 0.741293
vt 0.554660 0.746071
vt 0.562301 0.786327
vt 0.562102 0.803561
vt 0.561903 0.820795
vt 0.561705 0.838029
vt 0.554254 0.848689
vt 0.546875 0.850950
vt 0.539496 0.848689
vt 0.531847 0.820795
vt 0.532045 0.838029
vt 0.531648 0.803561
vt 0.539693 0.881883
vt 0.546875 0.883206
vt 0.546875 0.920307
vt 0.539919 0.919903
vt 0.554057 0.881883
vt 0.553831 0.919903
vt 0.546875 0.959669
vt 0.540148 0.959618
vt 0.553602 0.959618
vt 0.532504 0.878522
vt 0.561246 0.878522
vt 0.560787 0.919015
vt 0.560329 0.959507
vt 0.559870 1.000000
vt 0.553373 1.000000
vt 0.546875 1.000000
vt 0.540377 1.000000
vt 0.533421 0.959507
vt 0.533880 1.000000
vt 0.532963 0.919015
vt 0.304671 0.037743
vt 0.313574 0.040426
vt 0.307910 0.059098
vt 0.299437 0.056670
vt 0.322466 0.043141
vt 0.316303 0.061787
vt 0.302466 0.077043
vt 0.294370 0.075055
vt 0.310302 0.079888
vt 0.300610 0.015761
vt 0.309972 0.018601
vt 0.295763 0.035080
vt 0.319333 0.021440
vt 0.328694 0.024280
vt 0.338055 0.027120
vt 0.331352 0.045876
vt 0.324649 0.064633
vt 0.317946 0.083389
vt 0.304739 0.096451
vt 0.297490 0.093445
vt 0.289793 0.091917
vt 0.286069 0.073719
vt 0.281222 0.093038
vt 0.290916 0.054400
vt 0.286100 0.106076
vt 0.293164 0.107707
vt 0.289287 0.120489
vt 0.282874 0.118805
vt 0.299944 0.110275
vt 0.295555 0.122652
vt 0.285589 0.132678
vt 0.279788 0.131084
vt 0.291298 0.134576
vt 0.278862 0.104899
vt 0.287035 0.146495
vt 0.281911 0.144803
vt 0.276711 0.143364
vt 0.273914 0.129776
vt 0.271446 0.142181
vt 0.276369 0.117434
vt 0.273551 0.155958
vt 0.278129 0.157272
vt 0.274150 0.170387
vt 0.270260 0.168933
vt 0.282665 0.158723
vt 0.278192 0.171340
vt 0.269886 0.184444
vt 0.266774 0.182275
vt 0.273679 0.184370
vt 0.268922 0.154872
vt 0.269395 0.197841
vt 0.265218 0.199833
vt 0.262852 0.195856
vt 0.263876 0.180241
vt 0.261853 0.190409
vt 0.266373 0.167688
vt 0.507915 0.779205
vt 0.515625 0.776411
vt 0.515625 0.802073
vt 0.508011 0.802538
vt 0.523335 0.779205
vt 0.523239 0.802538
vt 0.515625 0.825131
vt 0.508114 0.823918
vt 0.523136 0.823917
vt 0.507840 0.746071
vt 0.500199 0.786327
vt 0.523410 0.746071
vt 0.531051 0.786327
vt 0.530852 0.803561
vt 0.530653 0.820795
vt 0.530455 0.838029
vt 0.523004 0.848689
vt 0.515625 0.850950
vt 0.508246 0.848689
vt 0.500597 0.820795
vt 0.500795 0.838029
vt 0.500398 0.803561
vt 0.508443 0.881883
vt 0.515625 0.883206
vt 0.515625 0.920307
vt 0.508669 0.919903
vt 0.522807 0.881883
vt 0.522581 0.919903
vt 0.515625 0.959669
vt 0.508898 0.959618
vt 0.522352 0.959618
vt 0.501254 0.878522
vt 0.529996 0.878522
vt 0.529537 0.919015
vt 0.529079 0.959507
vt 0.528620 1.000000
vt 0.522123 1.000000
vt 0.515625 1.000000
vt 0.509127 1.000000
vt 0.502171 0.959507
vt 0.502630 1.000000
vt 0.501713 0.919015
vt 0.262212 0.031156
vt 0.271466 0.032050
vt 0.269554 0.051469
vt 0.260770 0.050741
vt 0.280717 0.032979
vt 0.278311 0.052468
vt 0.267716 0.070130
vt 0.259387 0.069760
vt 0.275956 0.071392
vt 0.253940 0.010388
vt 0.263675 0.011347
vt 0.252955 0.030282
vt 0.273411 0.012306
vt 0.283146 0.013265
vt 0.292882 0.014223
vt 0.289967 0.033927
vt 0.287052 0.053631
vt 0.284137 0.073335
vt 0.273732 0.088723
vt 0.266036 0.087189
vt 0.258188 0.087192
vt 0.250985 0.070069
vt 0.250000 0.089963
vt 0.251970 0.050176
vt 0.257328 0.101799
vt 0.264575 0.102020
vt 0.263266 0.115313
vt 0.256647 0.114913
vt 0.271725 0.103217
vt 0.269835 0.116211
vt 0.262017 0.127990
vt 0.256017 0.127558
vt 0.267986 0.128737
vt 0.250000 0.102056
vt 0.266130 0.141259
vt 0.260775 0.140599
vt 0.255394 0.140202
vt 0.250000 0.127421
vt 0.250000 0.140069
vt 0.250000 0.114837
vt 0.254751 0.153170
vt 0.259498 0.153566
vt 0.258155 0.167205
vt 0.254056 0.166539
vt 0.264231 0.154104
vt 0.262305 0.167351
vt 0.256715 0.181824
vt 0.253239 0.180304
vt 0.260420 0.181012
vt 0.250000 0.153008
vt 0.258847 0.195060
vt 0.255138 0.197828
vt 0.252042 0.194389
vt 0.250000 0.178874
vt 0.250000 0.189241
vt 0.250000 0.166076
vt 0.476665 0.779205
vt 0.484375 0.776411
vt 0.484375 0.802073
vt 0.476761 0.802538
vt 0.492085 0.779205
vt 0.491989 0.802538
vt 0.484375 0.825131
vt 0.476864 0.823918
vt 0.491886 0.823918
vt 0.476590 0.746071
vt 0.468949 0.786327
vt 0.492160 0.746071
vt 0.499801 0.786327
vt 0.499602 0.803561
vt 0.499404 0.820795
vt 0.499205 0.838029
vt 0.491754 0.848689
vt 0.484375 0.850950
vt 0.476996 0.848689
vt 0.469347 0.820795
vt 0.469545 0.838029
vt 0.469148 0.803561
vt 0.477193 0.881883
vt 0.484375 0.883206
vt 0.484375 0.920307
vt 0.477419 0.919903
vt 0.491557 0.881883
vt 0.491331 0.919903
vt 0.484375 0.959669
vt 0.477648 0.959618
vt 0.491102 0.959618
vt 0.470004 0.878522
vt 0.498746 0.878522
vt 0.498288 0.919015
vt 0.497829 0.959507
vt 0.497370 1.000000
vt 0.490873 1.000000
vt 0.484375 1.000000
vt 0.477877 1.000000
vt 0.470921 0.959507
vt 0.471380 1.000000
vt 0.470463 0.919015
vt 0.219283 0.032979
vt 0.228534 0.032050
vt 0.230446 0.051469
vt 0.221689 0.052468
vt 0.237788 0.031156
vt 0.239230 0.050741
vt 0.232284 0.070130
vt 0.224044 0.071392
vt 0.240613 0.069760
vt 0.207118 0.014223
vt 0.216854 0.013265
vt 0.210033 0.033927
vt 0.226589 0.012306
vt 0.236325 0.011347
vt 0.246060 0.010388
vt 0.247045 0.030282
vt 0.248030 0.050176
vt 0.249015 0.070069
vt 0.241812 0.087192
vt 0.233964 0.087189
vt 0.226268 0.088723
vt 0.215863 0.073335
vt 0.218778 0.093038
vt 0.212948 0.053631
vt 0.228275 0.103217
vt 0.235425 0.102020
vt 0.236734 0.115313
vt 0.230165 0.116211
vt 0.242672 0.101799
vt 0.243353 0.114913
vt 0.237983 0.127990
vt 0.232014 0.128737
vt 0.243984 0.127558
vt 0.221138 0.104899
vt 0.244606 0.140202
vt 0.239225 0.140599
vt 0.233870 0.141259
vt 0.226086 0.129776
vt 0.228554 0.142181
vt 0.223631 0.117434
vt 0.235770 0.154104
vt 0.240502 0.153566
vt 0.241845 0.167205
vt 0.237695 0.167351
vt 0.245249 0.153170
vt 0.245944 0.166539
vt 0.243285 0.181824
vt 0.239580 0.181012
vt 0.246761 0.180304
vt 0.231078 0.154872
vt 0.247958 0.194389
vt 0.244862 0.197828
vt 0.241153 0.195060
vt 0.236124 0.180241
vt 0.238147 0.190409
vt 0.233627 0.167688
vt 0.445415 0.779205
vt 0.453125 0.776411
vt 0.453125 0.802073
vt 0.445511 0.802538
vt 0.460835 0.779205
vt 0.460739 0.802538
vt 0.453125 0.825131
vt 0.445614 0.823918
vt 0.460636 0.823918
vt 0.445340 0.746071
vt 0.437699 0.786327
vt 0.460910 0.746071
vt 0.468551 0.786327
vt 0.468352 0.803561
vt 0.468154 0.820795
vt 0.467955 0.838029
vt 0.460504 0.848689
vt 0.453125 0.850950
vt 0.445746 0.848689
vt 0.438097 0.820795
vt 0.438295 0.838029
vt 0.437898 0.803561
vt 0.445943 0.881883
vt 0.453125 0.883206
vt 0.453125 0.920307
vt 0.446169 0.919903
vt 0.460307 0.881883
vt 0.460081 0.919903
vt 0.453125 0.959669
vt 0.446398 0.959618
vt 0.459852 0.959618
vt 0.438754 0.878522
vt 0.467496 0.878522
vt 0.467038 0.919015
vt 0.466579 0.959507
vt 0.466120 1.000000
vt 0.459623 1.000000
vt 0.453125 1.000000
vt 0.446627 1.000000
vt 0.439671 0.959507
vt 0.440130 1.000000
vt 0.439213 0.919015
vt 0.177534 0.043141
vt 0.186426 0.040426
vt 0.192091 0.059098
vt 0.183697 0.061787
vt 0.195329 0.037743
vt 0.200564 0.056670
vt 0.197534 0.077043
vt 0.189698 0.079888
vt 0.205630 0.075055
vt 0.161945 0.027120
vt 0.171306 0.024280
vt 0.168648 0.045876
vt 0.180667 0.021440
vt 0.190028 0.018601
vt 0.199390 0.015761
vt 0.204237 0.035080
vt 0.209084 0.054400
vt 0.213931 0.073719
vt 0.210207 0.091917
vt 0.202510 0.093445
vt 0.195261 0.096451
vt 0.182054 0.083389
vt 0.188757 0.102145
vt 0.175351 0.064633
vt 0.200056 0.110275
vt 0.206836 0.107707
vt 0.210713 0.120489
vt 0.204445 0.122652
vt 0.213900 0.106076
vt 0.217126 0.118805
vt 0.214411 0.132678
vt 0.208702 0.134576
vt 0.220212 0.131084
vt 0.193384 0.113318
vt 0.223289 0.143364
vt 0.218089 0.144803
vt 0.212965 0.146495
vt 0.203091 0.136752
vt 0.207931 0.148437
vt 0.198275 0.125126
vt 0.217335 0.158723
vt 0.221871 0.157272
vt 0.225850 0.170387
vt 0.221808 0.171340
vt 0.226449 0.155958
vt 0.229740 0.168934
vt 0.230114 0.184444
vt 0.226321 0.184370
vt 0.233226 0.182275
vt 0.212883 0.160391
vt 0.237148 0.195856
vt 0.234782 0.199833
vt 0.230605 0.197841
vt 0.222781 0.184289
vt 0.226749 0.193866
vt 0.217884 0.172464
vt 0.414165 0.779205
vt 0.421875 0.776411
vt 0.421875 0.802073
vt 0.414261 0.802538
vt 0.429585 0.779205
vt 0.429489 0.802538
vt 0.421875 0.825131
vt 0.414364 0.823918
vt 0.429386 0.823918
vt 0.414090 0.746071
vt 0.406449 0.786327
vt 0.429660 0.746071
vt 0.437301 0.786327
vt 0.437102 0.803561
vt 0.436903 0.820795
vt 0.436705 0.838029
vt 0.429254 0.848689
vt 0.421875 0.850950
vt 0.414496 0.848689
vt 0.406847 0.820795
vt 0.407045 0.838029
vt 0.406648 0.803561
vt 0.414693 0.881883
vt 0.421875 0.883206
vt 0.421875 0.920307
vt 0.414919 0.919903
vt 0.429057 0.881883
vt 0.428831 0.919903
vt 0.421875 0.959669
vt 0.415148 0.959618
vt 0.428602 0.959618
vt 0.407504 0.878522
vt 0.436246 0.878522
vt 0.435787 0.919015
vt 0.435329 0.959507
vt 0.434870 1.000000
vt 0.428373 1.000000
vt 0.421875 1.000000
vt 0.415377 1.000000
vt 0.408421 0.959507
vt 0.408880 1.000000
vt 0.407963 0.919015
vt 0.138570 0.061253
vt 0.146762 0.056855
vt 0.155960 0.074064
vt 0.148252 0.078338
vt 0.154970 0.052488
vt 0.163797 0.070030
vt 0.164800 0.090602
vt 0.157669 0.094921
vt 0.172352 0.087072
vt 0.120155 0.048581
vt 0.128782 0.043970
vt 0.130388 0.065669
vt 0.137410 0.039358
vt 0.146037 0.034747
vt 0.154664 0.030135
vt 0.163187 0.048138
vt 0.171711 0.066140
vt 0.180234 0.084143
vt 0.180131 0.102718
vt 0.172880 0.105718
vt 0.166357 0.110081
vt 0.150855 0.099846
vt 0.161088 0.116934
vt 0.140622 0.082758
vt 0.173757 0.122704
vt 0.179905 0.118862
vt 0.186202 0.130642
vt 0.180476 0.133986
vt 0.186516 0.115884
vt 0.192163 0.127739
vt 0.192206 0.141876
vt 0.186977 0.144850
vt 0.197585 0.139181
vt 0.167807 0.126989
vt 0.202999 0.150624
vt 0.198179 0.153050
vt 0.193484 0.155709
vt 0.181899 0.148079
vt 0.188926 0.158596
vt 0.174908 0.137616
vt 0.200155 0.166849
vt 0.204322 0.164542
vt 0.210782 0.176628
vt 0.207004 0.178351
vt 0.208555 0.162359
vt 0.214314 0.174444
vt 0.217707 0.189583
vt 0.213972 0.190251
vt 0.220336 0.186849
vt 0.196114 0.169354
vt 0.226832 0.199404
vt 0.225288 0.203766
vt 0.220802 0.202627
vt 0.210485 0.190861
vt 0.216244 0.199481
vt 0.203374 0.180219
vt 0.382915 0.779205
vt 0.390625 0.776411
vt 0.390625 0.802073
vt 0.383011 0.802538
vt 0.398335 0.779205
vt 0.398239 0.802538
vt 0.390625 0.825131
vt 0.383114 0.823918
vt 0.398136 0.823918
vt 0.382840 0.746071
vt 0.375199 0.786327
vt 0.398410 0.746071
vt 0.406051 0.786327
vt 0.405852 0.803561
vt 0.405653 0.820795
vt 0.405455 0.838029
vt 0.398004 0.848689
vt 0.390625 0.850950
vt 0.383246 0.848689
vt 0.375597 0.820795
vt 0.375795 0.838029
vt 0.375398 0.803561
vt 0.383443 0.881883
vt 0.390625 0.883206
vt 0.390625 0.920307
vt 0.383669 0.919903
vt 0.397807 0.881883
vt 0.397581 0.919903
vt 0.390625 0.959669
vt 0.383898 0.959618
vt 0.397352 0.959618
vt 0.376254 0.878522
vt 0.404996 0.878522
vt 0.404537 0.919015
vt 0.404079 0.959507
vt 0.403620 1.000000
vt 0.397123 1.000000
vt 0.390625 1.000000
vt 0.384127 1.000000
vt 0.377171 0.959507
vt 0.377630 1.000000
vt 0.376713 0.919015
vt 0.103889 0.086619
vt 0.111065 0.080707
vt 0.123444 0.095791
vt 0.116718 0.101487
vt 0.118263 0.074822
vt 0.130343 0.090305
vt 0.135340 0.110286
vt 0.129189 0.115913
vt 0.142059 0.105351
vt 0.083355 0.077783
vt 0.090917 0.071577
vt 0.096725 0.092546
vt 0.098479 0.065371
vt 0.106041 0.059165
vt 0.113603 0.052959
vt 0.125474 0.068953
vt 0.137346 0.084947
vt 0.149217 0.100940
vt 0.152740 0.119179
vt 0.146214 0.123536
vt 0.140667 0.129087
vt 0.123466 0.122073
vt 0.136837 0.136837
vt 0.110096 0.107310
vt 0.150388 0.140024
vt 0.155668 0.135056
vt 0.164142 0.145382
vt 0.159179 0.149779
vt 0.161571 0.130846
vt 0.169423 0.141372
vt 0.172223 0.155228
vt 0.167675 0.159166
vt 0.176972 0.151536
vt 0.145388 0.145388
vt 0.184514 0.161703
vt 0.180261 0.165022
vt 0.176175 0.168547
vt 0.163323 0.163323
vt 0.172267 0.172267
vt 0.154425 0.154425
vt 0.184891 0.178172
vt 0.188527 0.175095
vt 0.197221 0.185689
vt 0.193852 0.188116
vt 0.192254 0.172129
vt 0.200259 0.182858
vt 0.206540 0.197044
vt 0.203008 0.198427
vt 0.208586 0.193850
vt 0.181416 0.181416
vt 0.217407 0.204896
vt 0.216743 0.209476
vt 0.212121 0.209234
vt 0.199707 0.199707
vt 0.207037 0.207037
vt 0.190657 0.190657
vt 0.351665 0.779205
vt 0.359375 0.776411
vt 0.359375 0.802073
vt 0.351761 0.802538
vt 0.367085 0.779205
vt 0.366989 0.802538
vt 0.359375 0.825131
vt 0.351864 0.823918
vt 0.366886 0.823918
vt 0.351590 0.746071
vt 0.343949 0.786327
vt 0.367160 0.746071
vt 0.374801 0.786327
vt 0.374602 0.803561
vt 0.374404 0.820795
vt 0.374205 0.838029
vt 0.366754 0.848689
vt 0.359375 0.850950
vt 0.351996 0.848689
vt 0.344347 0.820795
vt 0.344545 0.838029
vt 0.344148 0.803561
vt 0.352193 0.881883
vt 0.359375 0.883206
vt 0.359375 0.920307
vt 0.352419 0.919903
vt 0.366557 0.881883
vt 0.366331 0.919903
vt 0.359375 0.959669
vt 0.352648 0.959618
vt 0.366102 0.959618
vt 0.345004 0.878522
vt 0.373746 0.878522
vt 0.373288 0.919015
vt 0.372829 0.959507
vt 0.372370 1.000000
vt 0.365873 1.000000
vt 0.359375 1.000000
vt 0.352877 1.000000
vt 0.345921 0.959507
vt 0.346380 1.000000
vt 0.345463 0.919015
vt 0.074822 0.118263
vt 0.080707 0.111065
vt 0.095791 0.123444
vt 0.090305 0.130343
vt 0.086619 0.103889
vt 0.101487 0.116718
vt 0.110286 0.135340
vt 0.105351 0.142059
vt 0.115913 0.129189
vt 0.052959 0.113603
vt 0.059165 0.106041
vt 0.068953 0.125474
vt 0.065371 0.098479
vt 0.071577 0.090917
vt 0.077783 0.083355
vt 0.092546 0.096725
vt 0.107310 0.110096
vt 0.122073 0.123466
vt 0.129087 0.140667
vt 0.123536 0.146214
vt 0.119179 0.152740
vt 0.100940 0.149217
vt 0.116934 0.161088
vt 0.084947 0.137346
vt 0.130846 0.161571
vt 0.135056 0.155668
vt 0.145382 0.164142
vt 0.141372 0.169423
vt 0.140024 0.150388
vt 0.149778 0.159179
vt 0.155228 0.172223
vt 0.151536 0.176972
vt 0.159166 0.167675
vt 0.126989 0.167807
vt 0.168547 0.176175
vt 0.165022 0.180261
vt 0.161703 0.184514
vt 0.148079 0.181899
vt 0.158596 0.188926
vt 0.137616 0.174908
vt 0.172129 0.192254
vt 0.175095 0.188527
vt 0.185689 0.197221
vt 0.182858 0.200259
vt 0.178172 0.184891
vt 0.188116 0.193852
vt 0.197044 0.206540
vt 0.193850 0.208586
vt 0.198427 0.203008
vt 0.169354 0.196114
vt 0.209234 0.212121
vt 0.209476 0.216743
vt 0.204896 0.217407
vt 0.190861 0.210485
vt 0.199481 0.216244
vt 0.180219 0.203374
vt 0.320415 0.779205
vt 0.328125 0.776411
vt 0.328125 0.802073
vt 0.320511 0.802538
vt 0.335835 0.779205
vt 0.335739 0.802538
vt 0.328125 0.825131
vt 0.320614 0.823918
vt 0.335636 0.823917
vt 0.320340 0.746071
vt 0.312699 0.786327
vt 0.328125 0.741293
vt 0.335910 0.746071
vt 0.343551 0.786327
vt 0.343352 0.803561
vt 0.343153 0.820795
vt 0.342955 0.838029
vt 0.335504 0.848689
vt 0.328125 0.850950
vt 0.320746 0.848689
vt 0.313097 0.820795
vt 0.313295 0.838029
vt 0.312898 0.803561
vt 0.320943 0.881883
vt 0.328125 0.883206
vt 0.328125 0.920307
vt 0.321169 0.919903
vt 0.335307 0.881883
vt 0.335081 0.919903
vt 0.328125 0.959669
vt 0.321398 0.959618
vt 0.334852 0.959618
vt 0.313754 0.878522
vt 0.342496 0.878522
vt 0.342037 0.919015
vt 0.341579 0.959507
vt 0.341120 1.000000
vt 0.334623 1.000000
vt 0.328125 1.000000
vt 0.321627 1.000000
vt 0.314671 0.959507
vt 0.315130 1.000000
vt 0.314213 0.919015
vt 0.052488 0.154970
vt 0.056855 0.146762
vt 0.074064 0.155960
vt 0.070030 0.163797
vt 0.061253 0.138570
vt 0.078338 0.148252
vt 0.090602 0.164800
vt 0.087072 0.172352
vt 0.094921 0.157669
vt 0.030135 0.154664
vt 0.034747 0.146037
vt 0.048138 0.163187
vt 0.039358 0.137410
vt 0.043970 0.128782
vt 0.048581 0.120155
vt 0.065669 0.130388
vt 0.082758 0.140622
vt 0.099846 0.150855
vt 0.110081 0.166357
vt 0.105719 0.172880
vt 0.102718 0.180131
vt 0.084143 0.180234
vt 0.102145 0.188757
vt 0.066140 0.171711
vt 0.115884 0.186516
vt 0.118862 0.179905
vt 0.130642 0.186202
vt 0.127739 0.192163
vt 0.122704 0.173757
vt 0.133986 0.180476
vt 0.141876 0.192206
vt 0.139181 0.197585
vt 0.144850 0.186977
vt 0.113318 0.193384
vt 0.155709 0.193484
vt 0.153050 0.198179
vt 0.150624 0.202999
vt 0.136752 0.203091
vt 0.148437 0.207931
vt 0.125126 0.198275
vt 0.162359 0.208555
vt 0.164542 0.204322
vt 0.176628 0.210782
vt 0.174444 0.214314
vt 0.166849 0.200155
vt 0.178351 0.207004
vt 0.189583 0.217707
vt 0.186849 0.220336
vt 0.190251 0.213972
vt 0.160391 0.212883
vt 0.202627 0.220802
vt 0.203766 0.225288
vt 0.199404 0.226832
vt 0.184289 0.222781
vt 0.193866 0.226749
vt 0.172464 0.217884
vt 0.289165 0.779205
vt 0.296875 0.776411
vt 0.296875 0.802073
vt 0.289261 0.802538
vt 0.304585 0.779205
vt 0.304489 0.802538
vt 0.296875 0.825131
vt 0.289364 0.823918
vt 0.304386 0.823918
vt 0.289090 0.746071
vt 0.281449 0.786327
vt 0.304660 0.746071
vt 0.312301 0.786327
vt 0.312102 0.803561
vt 0.311903 0.820795
vt 0.311705 0.838029
vt 0.304254 0.848689
vt 0.296875 0.850950
vt 0.289496 0.848689
vt 0.281847 0.820795
vt 0.282045 0.838029
vt 0.281648 0.803561
vt 0.289693 0.881883
vt 0.296875 0.883206
vt 0.296875 0.920307
vt 0.289919 0.919903
vt 0.304057 0.881883
vt 0.303831 0.919903
vt 0.296875 0.959669
vt 0.290148 0.959618
vt 0.303602 0.959618
vt 0.282504 0.878522
vt 0.311246 0.878522
vt 0.310787 0.919015
vt 0.310329 0.959507
vt 0.309870 1.000000
vt 0.303373 1.000000
vt 0.296875 1.000000
vt 0.290377 1.000000
vt 0.283421 0.959507
vt 0.283880 1.000000
vt 0.282963 0.919015
vt 0.037743 0.195329
vt 0.040426 0.186426
vt 0.059098 0.192091
vt 0.056670 0.200564
vt 0.043141 0.177534
vt 0.061787 0.183697
vt 0.077043 0.197534
vt 0.075055 0.205630
vt 0.079888 0.189698
vt 0.015761 0.199390
vt 0.018601 0.190028
vt 0.035080 0.204237
vt 0.021440 0.180667
vt 0.024280 0.171306
vt 0.027120 0.161945
vt 0.045876 0.168648
vt 0.064633 0.175351
vt 0.083389 0.182054
vt 0.096451 0.195261
vt 0.093445 0.202510
vt 0.091917 0.210207
vt 0.073719 0.213931
vt 0.093038 0.218778
vt 0.054400 0.209084
vt 0.106076 0.213900
vt 0.107707 0.206836
vt 0.120489 0.210713
vt 0.118805 0.217126
vt 0.110275 0.200056
vt 0.122652 0.204445
vt 0.132678 0.214411
vt 0.131084 0.220212
vt 0.134576 0.208702
vt 0.104899 0.221138
vt 0.146495 0.212965
vt 0.144803 0.218089
vt 0.143364 0.223289
vt 0.129776 0.226086
vt 0.142181 0.228554
vt 0.117434 0.223631
vt 0.155958 0.226449
vt 0.157272 0.221871
vt 0.170387 0.225850
vt 0.168934 0.229740
vt 0.158723 0.217335
vt 0.171340 0.221808
vt 0.184444 0.230114
vt 0.182275 0.233226
vt 0.184370 0.226321
vt 0.154872 0.231078
vt 0.197841 0.230605
vt 0.199833 0.234782
vt 0.195856 0.237148
vt 0.180241 0.236124
vt 0.190409 0.238147
vt 0.167688 0.233627
vt 0.257915 0.779205
vt 0.265625 0.776411
vt 0.265625 0.802073
vt 0.258011 0.802538
vt 0.273335 0.779205
vt 0.273239 0.802538
vt 0.265625 0.825131
vt 0.258114 0.823918
vt 0.273136 0.823917
vt 0.257840 0.746071
vt 0.250199 0.786327
vt 0.265625 0.741293
vt 0.273410 0.746071
vt 0.281051 0.786327
vt 0.280852 0.803561
vt 0.280653 0.820795
vt 0.280455 0.838029
vt 0.273004 0.848689
vt 0.265625 0.850950
vt 0.258246 0.848689
vt 0.250597 0.820795
vt 0.250795 0.838029
vt 0.250398 0.803561
vt 0.258443 0.881883
vt 0.265625 0.883206
vt 0.265625 0.920307
vt 0.258669 0.919903
vt 0.272807 0.881883
vt 0.272581 0.919903
vt 0.265625 0.959669
vt 0.258898 0.959618
vt 0.272352 0.959618
vt 0.251254 0.878522
vt 0.279996 0.878522
vt 0.279537 0.919015
vt 0.279079 0.959507
vt 0.278620 1.000000
vt 0.272123 1.000000
vt 0.265625 1.000000
vt 0.259127 1.000000
vt 0.252171 0.959507
vt 0.252630 1.000000
vt 0.251713 0.919015
vt 0.031156 0.237788
vt 0.032050 0.228534
vt 0.051469 0.230446
vt 0.050741 0.239230
vt 0.032979 0.219283
vt 0.052468 0.221689
vt 0.070130 0.232284
vt 0.069760 0.240613
vt 0.071392 0.224044
vt 0.010388 0.246060
vt 0.011347 0.236325
vt 0.030282 0.247045
vt 0.012306 0.226589
vt 0.013265 0.216854
vt 0.014223 0.207118
vt 0.033927 0.210033
vt 0.053631 0.212948
vt 0.073335 0.215863
vt 0.088723 0.226268
vt 0.087189 0.233964
vt 0.087192 0.241812
vt 0.070069 0.249015
vt 0.089963 0.250000
vt 0.050176 0.248030
vt 0.101799 0.242672
vt 0.102020 0.235425
vt 0.115313 0.236734
vt 0.114913 0.243353
vt 0.103217 0.228275
vt 0.116211 0.230165
vt 0.127990 0.237983
vt 0.127558 0.243984
vt 0.128737 0.232014
vt 0.102056 0.250000
vt 0.141259 0.233870
vt 0.140599 0.239225
vt 0.140202 0.244606
vt 0.127421 0.250000
vt 0.140069 0.250000
vt 0.114837 0.250000
vt 0.153171 0.245249
vt 0.153566 0.240502
vt 0.167205 0.241846
vt 0.166539 0.245944
vt 0.154104 0.235770
vt 0.167351 0.237695
vt 0.181824 0.243285
vt 0.180304 0.246761
vt 0.181012 0.239580
vt 0.153008 0.250000
vt 0.195060 0.241153
vt 0.197829 0.244862
vt 0.194389 0.247958
vt 0.178874 0.250000
vt 0.189241 0.250000
vt 0.166076 0.250000
vt 0.226665 0.779205
vt 0.234375 0.776411
vt 0.234375 0.802073
vt 0.226761 0.802538
vt 0.242085 0.779205
vt 0.241989 0.802538
vt 0.234375 0.825131
vt 0.226864 0.823918
vt 0.241886 0.823918
vt 0.226590 0.746071
vt 0.218949 0.786327
vt 0.242160 0.746071
vt 0.249801 0.786327
vt 0.249602 0.803561
vt 0.249403 0.820795
vt 0.249205 0.838029
vt 0.241754 0.848689
vt 0.234375 0.850950
vt 0.226996 0.848689
vt 0.219347 0.820795
vt 0.219545 0.838029
vt 0.219148 0.803561
vt 0.227193 0.881883
vt 0.234375 0.883206
vt 0.234375 0.920307
vt 0.227419 0.919903
vt 0.241557 0.881883
vt 0.241331 0.919903
vt 0.234375 0.959669
vt 0.227648 0.959618
vt 0.241102 0.959618
vt 0.220004 0.878522
vt 0.248746 0.878522
vt 0.248288 0.919015
vt 0.247829 0.959507
vt 0.247370 1.000000
vt 0.240873 1.000000
vt 0.234375 1.000000
vt 0.227877 1.000000
vt 0.220921 0.959507
vt 0.221380 1.000000
vt 0.220463 0.919015
vt 0.032979 0.280717
vt 0.032050 0.271466
vt 0.051468 0.269554
vt 0.052468 0.278311
vt 0.031156 0.262212
vt 0.050741 0.260770
vt 0.070130 0.267716
vt 0.071392 0.275956
vt 0.069760 0.259387
vt 0.014223 0.292882
vt 0.013265 0.283146
vt 0.033927 0.289967
vt 0.012306 0.273411
vt 0.011347 0.263675
vt 0.010388 0.253940
vt 0.030282 0.252955
vt 0.050176 0.251970
vt 0.070069 0.250985
vt 0.087192 0.258188
vt 0.087189 0.266035
vt 0.088723 0.273732
vt 0.073335 0.284137
vt 0.093038 0.281222
vt 0.053631 0.287052
vt 0.103217 0.271725
vt 0.102020 0.264575
vt 0.115313 0.263266
vt 0.116211 0.269835
vt 0.101799 0.257328
vt 0.114913 0.256647
vt 0.127990 0.262017
vt 0.128737 0.267986
vt 0.127558 0.256017
vt 0.104899 0.278862
vt 0.140202 0.255394
vt 0.140599 0.260775
vt 0.141259 0.266130
vt 0.129776 0.273914
vt 0.142181 0.271447
vt 0.117434 0.276369
vt 0.154104 0.264231
vt 0.153566 0.259498
vt 0.167205 0.258155
vt 0.167351 0.262305
vt 0.153171 0.254751
vt 0.166539 0.254056
vt 0.181824 0.256715
vt 0.181012 0.260420
vt 0.180304 0.253239
vt 0.154872 0.268922
vt 0.194389 0.252042
vt 0.197828 0.255139
vt 0.195060 0.258847
vt 0.180241 0.263876
vt 0.190409 0.261853
vt 0.167688 0.266373
vt 0.195415 0.779205
vt 0.203125 0.776411
vt 0.203125 0.802073
vt 0.195511 0.802538
vt 0.210835 0.779205
vt 0.210739 0.802538
vt 0.203125 0.825131
vt 0.195614 0.823918
vt 0.210636 0.823918
vt 0.195340 0.746071
vt 0.187699 0.786327
vt 0.210910 0.746071
vt 0.218551 0.786327
vt 0.218352 0.803561
vt 0.218153 0.820795
vt 0.217955 0.838029
vt 0.210504 0.848689
vt 0.203125 0.850950
vt 0.195746 0.848689
vt 0.188097 0.820795
vt 0.188295 0.838029
vt 0.187898 0.803561
vt 0.195943 0.881883
vt 0.203125 0.883206
vt 0.203125 0.920307
vt 0.196169 0.919903
vt 0.210307 0.881883
vt 0.210081 0.919903
vt 0.203125 0.959669
vt 0.196398 0.959618
vt 0.209852 0.959618
vt 0.188754 0.878522
vt 0.217496 0.878522
vt 0.217037 0.919015
vt 0.216579 0.959507
vt 0.216120 1.000000
vt 0.209623 1.000000
vt 0.203125 1.000000
vt 0.196627 1.000000
vt 0.189671 0.959507
vt 0.190130 1.000000
vt 0.189213 0.919015
vt 0.043141 0.322466
vt 0.040426 0.313574
vt 0.059098 0.307909
vt 0.061787 0.316303
vt 0.037743 0.304671
vt 0.056670 0.299436
vt 0.077043 0.302466
vt 0.079888 0.310302
vt 0.075055 0.294370
vt 0.027120 0.338055
vt 0.024280 0.328694
vt 0.045876 0.331352
vt 0.021440 0.319333
vt 0.018601 0.309972
vt 0.015761 0.300610
vt 0.035080 0.295763
vt 0.054400 0.290916
vt 0.073719 0.286069
vt 0.091917 0.289793
vt 0.093445 0.297490
vt 0.096451 0.304739
vt 0.083389 0.317946
vt 0.102145 0.311243
vt 0.064633 0.324649
vt 0.110275 0.299944
vt 0.107707 0.293164
vt 0.120489 0.289287
vt 0.122652 0.295555
vt 0.106076 0.286100
vt 0.118805 0.282874
vt 0.132678 0.285589
vt 0.134576 0.291298
vt 0.131084 0.279788
vt 0.113318 0.306616
vt 0.143364 0.276711
vt 0.144803 0.281911
vt 0.146495 0.287035
vt 0.136752 0.296909
vt 0.148437 0.292069
vt 0.125126 0.301725
vt 0.158723 0.282665
vt 0.157272 0.278129
vt 0.170387 0.274150
vt 0.171340 0.278192
vt 0.155958 0.273551
vt 0.168934 0.270260
vt 0.184444 0.269886
vt 0.184370 0.273679
vt 0.182275 0.266774
vt 0.160391 0.287117
vt 0.195856 0.262852
vt 0.199833 0.265218
vt 0.197841 0.269395
vt 0.184289 0.277219
vt 0.193866 0.273251
vt 0.172464 0.282117
vt 0.164165 0.779205
vt 0.171875 0.776411
vt 0.171875 0.802073
vt 0.164261 0.802538
vt 0.179585 0.779205
vt 0.179489 0.802538
vt 0.171875 0.825131
vt 0.164364 0.823918
vt 0.179386 0.823918
vt 0.164090 0.746071
vt 0.156449 0.786327
vt 0.171875 0.741293
vt 0.179660 0.746071
vt 0.187301 0.786327
vt 0.187102 0.803561
vt 0.186903 0.820795
vt 0.186705 0.838029
vt 0.179254 0.848689
vt 0.171875 0.850950
vt 0.164496 0.848689
vt 0.156847 0.820795
vt 0.157045 0.838029
vt 0.156648 0.803561
vt 0.164693 0.881883
vt 0.171875 0.883206
vt 0.171875 0.920307
vt 0.164919 0.919903
vt 0.179057 0.881883
vt 0.178831 0.919903
vt 0.171875 0.959669
vt 0.165148 0.959618
vt 0.178602 0.959618
vt 0.157504 0.878522
vt 0.186246 0.878522
vt 0.185787 0.919015
vt 0.185329 0.959507
vt 0.184870 1.000000
vt 0.178373 1.000000
vt 0.171875 1.000000
vt 0.165377 1.000000
vt 0.158421 0.959507
vt 0.158880 1.000000
vt 0.157963 0.919015
vt 0.061253 0.361430
vt 0.056855 0.353238
vt 0.074064 0.344040
vt 0.078338 0.351748
vt 0.052488 0.345030
vt 0.070030 0.336203
vt 0.090602 0.335200
vt 0.094921 0.342331
vt 0.087072 0.327648
vt 0.048581 0.379845
vt 0.043970 0.371218
vt 0.065669 0.369612
vt 0.039358 0.362590
vt 0.034747 0.353963
vt 0.030135 0.345336
vt 0.048138 0.336813
vt 0.066140 0.328289
vt 0.084143 0.319766
vt 0.102718 0.319869
vt 0.105719 0.327120
vt 0.110081 0.333643
vt 0.099846 0.349145
vt 0.116934 0.338912
vt 0.082758 0.359378
vt 0.122704 0.326243
vt 0.118862 0.320095
vt 0.130642 0.313798
vt 0.133986 0.319524
vt 0.115884 0.313484
vt 0.127739 0.307837
vt 0.141876 0.307794
vt 0.144850 0.313023
vt 0.139181 0.302415
vt 0.126989 0.332193
vt 0.150624 0.297001
vt 0.153050 0.301821
vt 0.155709 0.306516
vt 0.148079 0.318101
vt 0.158596 0.311074
vt 0.137616 0.325092
vt 0.166850 0.299845
vt 0.164542 0.295679
vt 0.176628 0.289218
vt 0.178351 0.292997
vt 0.162359 0.291445
vt 0.174444 0.285686
vt 0.189583 0.282294
vt 0.190251 0.286028
vt 0.186849 0.279664
vt 0.169354 0.303886
vt 0.199404 0.273168
vt 0.203766 0.274713
vt 0.202627 0.279198
vt 0.190861 0.289515
vt 0.199481 0.283756
vt 0.180220 0.296626
vt 0.132915 0.779205
vt 0.140625 0.776411
vt 0.140625 0.802073
vt 0.133011 0.802538
vt 0.148335 0.779205
vt 0.148239 0.802538
vt 0.140625 0.825131
vt 0.133114 0.823918
vt 0.148136 0.823918
vt 0.132840 0.746071
vt 0.125199 0.786327
vt 0.148410 0.746071
vt 0.156051 0.786327
vt 0.155852 0.803561
vt 0.155653 0.820795
vt 0.155455 0.838029
vt 0.148004 0.848689
vt 0.140625 0.850950
vt 0.133246 0.848689
vt 0.125597 0.820795
vt 0.125795 0.838029
vt 0.125398 0.803561
vt 0.133443 0.881883
vt 0.140625 0.883206
vt 0.140625 0.920307
vt 0.133669 0.919903
vt 0.147807 0.881883
vt 0.147581 0.919903
vt 0.140625 0.959669
vt 0.133898 0.959618
vt 0.147352 0.959618
vt 0.126254 0.878522
vt 0.154996 0.878522
vt 0.154537 0.919015
vt 0.154079 0.959507
vt 0.153620 1.000000
vt 0.147123 1.000000
vt 0.140625 1.000000
vt 0.134127 1.000000
vt 0.127171 0.959507
vt 0.127630 1.000000
vt 0.126713 0.919015
vt 0.086619 0.396111
vt 0.080707 0.388935
vt 0.095791 0.376556
vt 0.101487 0.383282
vt 0.074822 0.381737
vt 0.090305 0.369657
vt 0.110286 0.364660
vt 0.115913 0.370811
vt 0.105351 0.357941
vt 0.077783 0.416645
vt 0.071577 0.409083
vt 0.092546 0.403275
vt 0.065371 0.401521
vt 0.059165 0.393959
vt 0.052959 0.386397
vt 0.068953 0.374526
vt 0.084947 0.362654
vt 0.100941 0.350783
vt 0.119179 0.347259
vt 0.123536 0.353786
vt 0.129087 0.359333
vt 0.122073 0.376534
vt 0.136837 0.363163
vt 0.107310 0.389904
vt 0.140024 0.349612
vt 0.135056 0.344332
vt 0.145382 0.335858
vt 0.149779 0.340821
vt 0.130846 0.338429
vt 0.141372 0.330578
vt 0.155228 0.327777
vt 0.159166 0.332325
vt 0.151536 0.323028
vt 0.145388 0.354612
vt 0.161703 0.315486
vt 0.165022 0.319739
vt 0.168547 0.323825
vt 0.163323 0.336677
vt 0.172267 0.327733
vt 0.154425 0.345575
vt 0.178172 0.315109
vt 0.175095 0.311473
vt 0.185689 0.302779
vt 0.188116 0.306148
vt 0.172129 0.307746
vt 0.182858 0.299741
vt 0.197044 0.293460
vt 0.198427 0.296992
vt 0.193850 0.291414
vt 0.181417 0.318584
vt 0.204896 0.282593
vt 0.209476 0.283257
vt 0.209234 0.287879
vt 0.199707 0.300293
vt 0.207037 0.292963
vt 0.190657 0.309344
vt 0.101665 0.779205
vt 0.109375 0.776411
vt 0.109375 0.802073
vt 0.101761 0.802538
vt 0.117085 0.779205
vt 0.116989 0.802538
vt 0.109375 0.825131
vt 0.101864 0.823918
vt 0.116886 0.823918
vt 0.101590 0.746071
vt 0.093949 0.786327
vt 0.109375 0.741293
vt 0.117160 0.746071
vt 0.124801 0.786327
vt 0.124602 0.803561
vt 0.124403 0.820795
vt 0.124205 0.838029
vt 0.116754 0.848689
vt 0.109375 0.850950
vt 0.101996 0.848689
vt 0.094347 0.820795
vt 0.094545 0.838029
vt 0.094148 0.803561
vt 0.102193 0.881883
vt 0.109375 0.883206
vt 0.109375 0.920307
vt 0.102419 0.919903
vt 0.116557 0.881883
vt 0.116331 0.919903
vt 0.109375 0.959669
vt 0.102648 0.959618
vt 0.116102 0.959618
vt 0.095004 0.878522
vt 0.123746 0.878522
vt 0.123287 0.919015
vt 0.122829 0.959507
vt 0.122370 1.000000
vt 0.115873 1.000000
vt 0.109375 1.000000
vt 0.102877 1.000000
vt 0.095921 0.959507
vt 0.096380 1.000000
vt 0.095463 0.919015
vt 0.118263 0.425178
vt 0.111065 0.419293
vt 0.123444 0.404209
vt 0.130343 0.409695
vt 0.103889 0.413381
vt 0.116718 0.398513
vt 0.135340 0.389714
vt 0.142059 0.394649
vt 0.129189 0.384087
vt 0.113603 0.447041
vt 0.106041 0.440835
vt 0.125474 0.431047
vt 0.098479 0.434629
vt 0.090917 0.428423
vt 0.083355 0.422217
vt 0.096725 0.407454
vt 0.110096 0.392690
vt 0.123466 0.377927
vt 0.140667 0.370913
vt 0.146214 0.376464
vt 0.152741 0.380821
vt 0.149217 0.399060
vt 0.161088 0.383066
vt 0.137346 0.415053
vt 0.161571 0.369154
vt 0.155668 0.364944
vt 0.164142 0.354618
vt 0.169423 0.358628
vt 0.150388 0.359976
vt 0.159179 0.350222
vt 0.172223 0.344772
vt 0.176972 0.348464
vt 0.167675 0.340834
vt 0.167807 0.373011
vt 0.176175 0.331453
vt 0.180261 0.334978
vt 0.184514 0.338297
vt 0.181899 0.351921
vt 0.188926 0.341404
vt 0.174908 0.362384
vt 0.192254 0.327871
vt 0.188527 0.324905
vt 0.197221 0.314311
vt 0.200259 0.317142
vt 0.184891 0.321829
vt 0.193852 0.311884
vt 0.206540 0.302956
vt 0.208586 0.306150
vt 0.203008 0.301573
vt 0.196114 0.330646
vt 0.212121 0.290766
vt 0.216743 0.290524
vt 0.217407 0.295104
vt 0.210485 0.309139
vt 0.216244 0.300519
vt 0.203374 0.319781
vt 0.070415 0.779205
vt 0.078125 0.776411
vt 0.078125 0.802073
vt 0.070511 0.802538
vt 0.085835 0.779205
vt 0.085739 0.802538
vt 0.078125 0.825131
vt 0.070614 0.823918
vt 0.085636 0.823917
vt 0.070340 0.746071
vt 0.062699 0.786327
vt 0.085910 0.746071
vt 0.093551 0.786327
vt 0.093352 0.803561
vt 0.093153 0.820795
vt 0.092955 0.838029
vt 0.085504 0.848689
vt 0.078125 0.850950
vt 0.070746 0.848689
vt 0.063097 0.820795
vt 0.063295 0.838029
vt 0.062898 0.803561
vt 0.070943 0.881883
vt 0.078125 0.883206
vt 0.078125 0.920307
vt 0.071169 0.919903
vt 0.085307 0.881883
vt 0.085081 0.919903
vt 0.078125 0.959669
vt 0.071398 0.959618
vt 0.084852 0.959618
vt 0.063754 0.878522
vt 0.092496 0.878522
vt 0.092037 0.919015
vt 0.091579 0.959507
vt 0.091120 1.000000
vt 0.084623 1.000000
vt 0.078125 1.000000
vt 0.071627 1.000000
vt 0.064671 0.959507
vt 0.065130 1.000000
vt 0.064213 0.919015
vt 0.154970 0.447512
vt 0.146762 0.443145
vt 0.155960 0.425936
vt 0.163797 0.429970
vt 0.138570 0.438747
vt 0.148252 0.421662
vt 0.164800 0.409398
vt 0.172353 0.412928
vt 0.157669 0.405079
vt 0.154664 0.469865
vt 0.146037 0.465253
vt 0.163187 0.451862
vt 0.137410 0.460642
vt 0.128782 0.456030
vt 0.120155 0.451419
vt 0.130388 0.434331
vt 0.140622 0.417242
vt 0.150855 0.400154
vt 0.166357 0.389919
vt 0.172880 0.394282
vt 0.180131 0.397282
vt 0.180234 0.415857
vt 0.188757 0.397855
vt 0.171711 0.433860
vt 0.186516 0.384116
vt 0.179905 0.381138
vt 0.186202 0.369358
vt 0.192163 0.372261
vt 0.173757 0.377296
vt 0.180476 0.366014
vt 0.192206 0.358124
vt 0.197585 0.360820
vt 0.186977 0.355150
vt 0.193384 0.386682
vt 0.193484 0.344291
vt 0.198179 0.346950
vt 0.202999 0.349376
vt 0.203091 0.363249
vt 0.207931 0.351563
vt 0.198275 0.374874
vt 0.208555 0.337641
vt 0.204322 0.335459
vt 0.210782 0.323372
vt 0.214314 0.325556
vt 0.200155 0.333151
vt 0.207004 0.321649
vt 0.217707 0.310417
vt 0.220336 0.313151
vt 0.213972 0.309749
vt 0.212883 0.339609
vt 0.220802 0.297373
vt 0.225288 0.296234
vt 0.226832 0.300596
vt 0.222781 0.315712
vt 0.226749 0.306134
vt 0.217884 0.327536
vt 0.039165 0.779205
vt 0.046875 0.776411
vt 0.046875 0.802073
vt 0.039261 0.802538
vt 0.054585 0.779205
vt 0.054489 0.802538
vt 0.046875 0.825131
vt 0.039364 0.823918
vt 0.054386 0.823918
vt 0.039090 0.746071
vt 0.031449 0.786327
vt 0.054660 0.746071
vt 0.062301 0.786327
vt 0.062102 0.803561
vt 0.061903 0.820795
vt 0.061705 0.838029
vt 0.054254 0.848689
vt 0.046875 0.850950
vt 0.039496 0.848689
vt 0.031847 0.820795
vt 0.032045 0.838029
vt 0.031648 0.803561
vt 0.039693 0.881883
vt 0.046875 0.883206
vt 0.046875 0.920307
vt 0.039919 0.919903
vt 0.054057 0.881883
vt 0.053831 0.919903
vt 0.046875 0.959669
vt 0.040148 0.959618
vt 0.053602 0.959618
vt 0.032504 0.878522
vt 0.061246 0.878522
vt 0.060787 0.919015
vt 0.060329 0.959507
vt 0.059870 1.000000
vt 0.053373 1.000000
vt 0.046875 1.000000
vt 0.040377 1.000000
vt 0.033421 0.959507
vt 0.033880 1.000000
vt 0.032963 0.919015
vt 0.195329 0.462257
vt 0.186426 0.459574
vt 0.192091 0.440902
vt 0.200564 0.443330
vt 0.177534 0.456859
vt 0.183697 0.438213
vt 0.197534 0.422957
vt 0.205630 0.424945
vt 0.189698 0.420112
vt 0.199390 0.484239
vt 0.190028 0.481400
vt 0.204237 0.464920
vt 0.180667 0.478560
vt 0.171306 0.475720
vt 0.161945 0.472880
vt 0.168648 0.454124
vt 0.175351 0.435368
vt 0.182054 0.416611
vt 0.195261 0.403549
vt 0.202510 0.406555
vt 0.210207 0.408083
vt 0.213931 0.426281
vt 0.218778 0.406962
vt 0.209084 0.445601
vt 0.213900 0.393924
vt 0.206836 0.392293
vt 0.210713 0.379511
vt 0.217126 0.381195
vt 0.200056 0.389725
vt 0.204446 0.377348
vt 0.214411 0.367322
vt 0.220212 0.368916
vt 0.208702 0.365424
vt 0.221138 0.395101
vt 0.212965 0.353505
vt 0.218089 0.355197
vt 0.223289 0.356636
vt 0.226086 0.370224
vt 0.228554 0.357819
vt 0.223631 0.382566
vt 0.226449 0.344042
vt 0.221871 0.342728
vt 0.225850 0.329613
vt 0.229740 0.331067
vt 0.217335 0.341277
vt 0.221808 0.328660
vt 0.230114 0.315556
vt 0.233226 0.317725
vt 0.226321 0.315630
vt 0.231078 0.345128
vt 0.230605 0.302159
vt 0.234782 0.300167
vt 0.237148 0.304144
vt 0.236124 0.319759
vt 0.238147 0.309591
vt 0.233627 0.332312
vt 0.007915 0.779205
vt 0.015625 0.776411
vt 0.015625 0.802073
vt 0.008011 0.802538
vt 0.023335 0.779205
vt 0.023239 0.802538
vt 0.015625 0.825131
vt 0.008114 0.823918
vt 0.023136 0.823917
vt 0.000199 0.786327
vt 0.015625 0.741293
vt 0.031051 0.786327
vt 0.030852 0.803561
vt 0.030653 0.820795
vt 0.030455 0.838029
vt 0.023004 0.848689
vt 0.015625 0.850950
vt 0.008246 0.848689
vt 0.000597 0.820795
vt 0.000795 0.838029
vt 0.000398 0.803561
vt 0.008443 0.881883
vt 0.015625 0.883206
vt 0.015625 0.920307
vt 0.008669 0.919903
vt 0.022807 0.881883
vt 0.022581 0.919903
vt 0.015625 0.959669
vt 0.008898 0.959618
vt 0.022352 0.959618
vt 0.001254 0.878522
vt 0.029996 0.878522
vt 0.029537 0.919015
vt 0.029079 0.959507
vt 0.028620 1.000000
vt 0.022123 1.000000
vt 0.015625 1.000000
vt 0.009127 1.000000
vt 0.002171 0.959507
vt 0.002630 1.000000
vt 0.001713 0.919015
vt 0.237788 0.468844
vt 0.228534 0.467950
vt 0.230446 0.448532
vt 0.239230 0.449260
vt 0.219283 0.467022
vt 0.221689 0.447532
vt 0.232284 0.429870
vt 0.240613 0.430240
vt 0.224044 0.428608
vt 0.246060 0.489612
vt 0.236325 0.488653
vt 0.247045 0.469718
vt 0.226589 0.487694
vt 0.216854 0.486735
vt 0.207118 0.485777
vt 0.210033 0.466073
vt 0.212948 0.446369
vt 0.215863 0.426665
vt 0.226268 0.411277
vt 0.233965 0.412811
vt 0.241812 0.412808
vt 0.249015 0.429931
vt 0.248030 0.449824
vt 0.242672 0.398201
vt 0.235425 0.397980
vt 0.236735 0.384687
vt 0.243353 0.385088
vt 0.228275 0.396783
vt 0.230165 0.383789
vt 0.237983 0.372010
vt 0.243984 0.372442
vt 0.232014 0.371263
vt 0.233870 0.358741
vt 0.239225 0.359401
vt 0.244606 0.359798
vt 0.245249 0.346830
vt 0.240502 0.346434
vt 0.241845 0.332795
vt 0.245944 0.333461
vt 0.235770 0.345896
vt 0.237695 0.332649
vt 0.243285 0.318176
vt 0.246761 0.319696
vt 0.239580 0.318988
vt 0.241153 0.304940
vt 0.244862 0.302172
vt 0.247958 0.305611
vt 0.258167 0.291057
vt 0.253314 0.283650
vt 0.250000 0.250000
vt 0.259815 0.282357
vt 0.250000 0.291862
vt 0.246686 0.283650
vt 0.241833 0.291057
vt 0.240185 0.282357
vt 0.246686 0.283650
vt 0.233980 0.288675
vt 0.234061 0.279820
vt 0.240185 0.282357
vt 0.226743 0.284807
vt 0.228549 0.276138
vt 0.234061 0.279820
vt 0.220399 0.279601
vt 0.223862 0.271451
vt 0.215193 0.273257
vt 0.220180 0.265939
vt 0.223862 0.271451
vt 0.211325 0.266020
vt 0.217643 0.259815
vt 0.220180 0.265939
vt 0.208943 0.258167
vt 0.216350 0.253314
vt 0.217643 0.259815
vt 0.208138 0.250000
vt 0.216350 0.246686
vt 0.216350 0.253314
vt 0.208943 0.241833
vt 0.217643 0.240185
vt 0.211325 0.233980
vt 0.220180 0.234061
vt 0.217643 0.240185
vt 0.215193 0.226743
vt 0.223862 0.228549
vt 0.220180 0.234061
vt 0.220399 0.220399
vt 0.228549 0.223862
vt 0.226743 0.215193
vt 0.234061 0.220180
vt 0.228549 0.223862
vt 0.233980 0.211325
vt 0.240185 0.217643
vt 0.234061 0.220180
vt 0.241833 0.208943
vt 0.246686 0.216350
vt 0.240185 0.217643
vt 0.250000 0.208138
vt 0.253314 0.216350
vt 0.246686 0.216350
vt 0.258167 0.208943
vt 0.259815 0.217643
vt 0.266020 0.211325
vt 0.265939 0.220180
vt 0.259815 0.217643
vt 0.273257 0.215193
vt 0.271451 0.223862
vt 0.279601 0.220399
vt 0.276138 0.228549
vt 0.271451 0.223862
vt 0.284807 0.226743
vt 0.279820 0.234061
vt 0.276138 0.228549
vt 0.288675 0.233980
vt 0.282357 0.240185
vt 0.291057 0.241833
vt 0.283650 0.246686
vt 0.282357 0.240185
vt 0.291862 0.250000
vt 0.283650 0.253314
vt 0.291057 0.258167
vt 0.282357 0.259815
vt 0.283650 0.253314
vt 0.288675 0.266020
vt 0.279820 0.265939
vt 0.282357 0.259815
vt 0.284807 0.273257
vt 0.276138 0.271451
vt 0.279820 0.265939
vt 0.279601 0.279601
vt 0.271451 0.276138
vt 0.276138 0.271451
vt 0.273257 0.284807
vt 0.265939 0.279820
vt 0.271451 0.276138
vt 0.266020 0.288675
vt 0.259815 0.282357
vt 0.265939 0.279820
vt 0.262852 0.304144
vt 0.252042 0.305611
vt 0.241153 0.304940
vt 0.230605 0.302159
vt 0.225288 0.296234
vt 0.212121 0.290766
vt 0.216743 0.290524
vt 0.204896 0.282593
vt 0.209476 0.283257
vt 0.199404 0.273168
vt 0.203766 0.274713
vt 0.195856 0.262852
vt 0.199833 0.265218
vt 0.194389 0.252042
vt 0.197829 0.255139
vt 0.195060 0.241153
vt 0.197828 0.244862
vt 0.197841 0.230605
vt 0.199833 0.234782
vt 0.202627 0.220802
vt 0.203766 0.225288
vt 0.209234 0.212121
vt 0.209476 0.216743
vt 0.217407 0.204896
vt 0.216743 0.209476
vt 0.237148 0.195856
vt 0.234782 0.199833
vt 0.247958 0.194389
vt 0.258847 0.195060
vt 0.255138 0.197829
vt 0.269395 0.197841
vt 0.265218 0.199833
vt 0.279198 0.202627
vt 0.274712 0.203766
vt 0.287879 0.209234
vt 0.283257 0.209476
vt 0.295104 0.217407
vt 0.290524 0.216743
vt 0.300596 0.226832
vt 0.296234 0.225287
vt 0.300167 0.234782
vt 0.305611 0.247958
vt 0.302172 0.244862
vt 0.304940 0.258847
vt 0.302159 0.269395
vt 0.300167 0.265218
vt 0.297373 0.279198
vt 0.296234 0.274712
vt 0.290766 0.287879
vt 0.282593 0.295104
vt 0.283257 0.290524
vt 0.273168 0.300596
vt 0.023438 0.518585
vt 0.015625 0.516234
vt 0.015625 0.504672
vt 0.023438 0.505489
vt 0.007813 0.510059
vt 0.007813 0.502686
vt 0.015625 0.500584
vt 0.023436 0.500686
vt 0.007814 0.500336
vt 0.023438 0.544382
vt 0.031250 0.518921
vt 0.015625 0.541111
vt 0.007813 0.531301
vt 0.000000 0.500000
vt 0.007823 0.500000
vt 0.015625 0.500000
vt 0.023427 0.500000
vt 0.031250 0.500701
vt 0.031250 0.500000
vt 0.031250 0.505606
vt 0.554688 0.518921
vt 0.546875 0.518921
vt 0.546875 0.505606
vt 0.554688 0.505606
vt 0.539062 0.518921
vt 0.539062 0.505606
vt 0.546875 0.500701
vt 0.554686 0.500701
vt 0.539064 0.500701
vt 0.562500 0.544849
vt 0.554688 0.544849
vt 0.562500 0.518921
vt 0.539063 0.544849
vt 0.531250 0.518921
vt 0.531250 0.505606
vt 0.531250 0.500701
vt 0.531250 0.500000
vt 0.539073 0.500000
vt 0.546875 0.500000
vt 0.554677 0.500000
vt 0.562500 0.500701
vt 0.562500 0.500000
vt 0.562500 0.505606
vt 0.117188 0.518921
vt 0.109375 0.518921
vt 0.109375 0.505606
vt 0.117188 0.505606
vt 0.101563 0.518921
vt 0.101563 0.505606
vt 0.109375 0.500701
vt 0.117186 0.500701
vt 0.101564 0.500701
vt 0.117188 0.544849
vt 0.109375 0.544849
vt 0.101563 0.544849
vt 0.093750 0.518921
vt 0.093750 0.505606
vt 0.093750 0.500701
vt 0.093750 0.500000
vt 0.101573 0.500000
vt 0.109375 0.500000
vt 0.117177 0.500000
vt 0.523438 0.518921
vt 0.515625 0.518921
vt 0.515625 0.505606
vt 0.523438 0.505606
vt 0.507812 0.518921
vt 0.507812 0.505606
vt 0.515625 0.500701
vt 0.523437 0.500701
vt 0.507814 0.500701
vt 0.523438 0.544849
vt 0.507813 0.544849
vt 0.500000 0.544849
vt 0.500000 0.518921
vt 0.500000 0.505606
vt 0.500000 0.500701
vt 0.500000 0.500000
vt 0.507823 0.500000
vt 0.515625 0.500000
vt 0.523427 0.500000
vt 0.929688 0.518921
vt 0.921875 0.518921
vt 0.921875 0.505606
vt 0.929688 0.505606
vt 0.914063 0.518921
vt 0.914063 0.505606
vt 0.921875 0.500701
vt 0.929687 0.500701
vt 0.914064 0.500701
vt 0.929688 0.544849
vt 0.937500 0.518921
vt 0.914063 0.544849
vt 0.906250 0.518921
vt 0.906250 0.505606
vt 0.906250 0.500701
vt 0.906250 0.500000
vt 0.914073 0.500000
vt 0.921875 0.500000
vt 0.929677 0.500000
vt 0.937500 0.500701
vt 0.937500 0.500000
vt 0.937500 0.505606
vt 0.085938 0.518921
vt 0.078125 0.518921
vt 0.078125 0.505606
vt 0.085938 0.505606
vt 0.070312 0.518921
vt 0.070313 0.505606
vt 0.078125 0.500701
vt 0.085936 0.500701
vt 0.070314 0.500701
vt 0.085937 0.544849
vt 0.078125 0.544849
vt 0.070313 0.544849
vt 0.062500 0.544849
vt 0.062500 0.518921
vt 0.062500 0.505606
vt 0.062500 0.500701
vt 0.062500 0.500000
vt 0.070323 0.500000
vt 0.078125 0.500000
vt 0.085927 0.500000
vt 0.492188 0.518921
vt 0.484375 0.518921
vt 0.484375 0.505606
vt 0.492188 0.505606
vt 0.476563 0.518921
vt 0.476563 0.505606
vt 0.484375 0.500701
vt 0.492186 0.500701
vt 0.476564 0.500701
vt 0.492188 0.544849
vt 0.476563 0.544849
vt 0.468750 0.518921
vt 0.468750 0.505606
vt 0.468750 0.500701
vt 0.468750 0.500000
vt 0.476573 0.500000
vt 0.484375 0.500000
vt 0.492177 0.500000
vt 0.898438 0.518921
vt 0.890625 0.518921
vt 0.890625 0.505606
vt 0.898438 0.505606
vt 0.882813 0.518921
vt 0.882813 0.505606
vt 0.890625 0.500701
vt 0.898436 0.500701
vt 0.882814 0.500701
vt 0.898438 0.544849
vt 0.882813 0.544849
vt 0.875000 0.544849
vt 0.875000 0.518921
vt 0.875000 0.505606
vt 0.875000 0.500701
vt 0.875000 0.500000
vt 0.882823 0.500000
vt 0.890625 0.500000
vt 0.898427 0.500000
vt 0.054688 0.518921
vt 0.046875 0.518921
vt 0.046875 0.505606
vt 0.054688 0.505606
vt 0.039062 0.518921
vt 0.039063 0.505606
vt 0.046875 0.500701
vt 0.054686 0.500701
vt 0.039064 0.500701
vt 0.054688 0.544849
vt 0.046875 0.544849
vt 0.039063 0.544849
vt 0.039073 0.500000
vt 0.046875 0.500000
vt 0.054677 0.500000
vt 0.460938 0.518921
vt 0.453125 0.518921
vt 0.453125 0.505606
vt 0.460938 0.505606
vt 0.445313 0.518921
vt 0.445313 0.505606
vt 0.453125 0.500701
vt 0.460936 0.500701
vt 0.445314 0.500701
vt 0.460938 0.544849
vt 0.453125 0.544849
vt 0.445313 0.544849
vt 0.437500 0.518921
vt 0.437500 0.505606
vt 0.437500 0.500701
vt 0.437500 0.500000
vt 0.445323 0.500000
vt 0.453125 0.500000
vt 0.460927 0.500000
vt 0.867188 0.518921
vt 0.859375 0.518921
vt 0.859375 0.505606
vt 0.867188 0.505606
vt 0.851563 0.518921
vt 0.851563 0.505606
vt 0.859375 0.500701
vt 0.867187 0.500701
vt 0.851564 0.500701
vt 0.867188 0.544849
vt 0.851563 0.544849
vt 0.843750 0.518921
vt 0.843750 0.505606
vt 0.843750 0.500701
vt 0.843750 0.500000
vt 0.851573 0.500000
vt 0.859375 0.500000
vt 0.867177 0.500000
vt 0.429688 0.518921
vt 0.421875 0.518921
vt 0.421875 0.505606
vt 0.429688 0.505606
vt 0.414063 0.518921
vt 0.414063 0.505606
vt 0.421875 0.500701
vt 0.429686 0.500701
vt 0.414064 0.500701
vt 0.429688 0.544849
vt 0.421875 0.544849
vt 0.414063 0.544849
vt 0.406250 0.544849
vt 0.406250 0.518921
vt 0.406250 0.505606
vt 0.406250 0.500701
vt 0.406250 0.500000
vt 0.414073 0.500000
vt 0.421875 0.500000
vt 0.429677 0.500000
vt 0.835938 0.518921
vt 0.828125 0.518921
vt 0.828125 0.505606
vt 0.835938 0.505606
vt 0.820312 0.518921
vt 0.820312 0.505606
vt 0.828125 0.500701
vt 0.835936 0.500701
vt 0.820314 0.500701
vt 0.835938 0.544849
vt 0.828125 0.544849
vt 0.820313 0.544849
vt 0.812500 0.544849
vt 0.812500 0.518921
vt 0.812500 0.505606
vt 0.812500 0.500701
vt 0.812500 0.500000
vt 0.820323 0.500000
vt 0.828125 0.500000
vt 0.835927 0.500000
vt 0.960938 0.518921
vt 0.953125 0.518921
vt 0.953125 0.505606
vt 0.960938 0.505606
vt 0.945312 0.518921
vt 0.945313 0.505606
vt 0.953125 0.500701
vt 0.960936 0.500701
vt 0.945314 0.500701
vt 0.968750 0.544849
vt 0.960938 0.544849
vt 0.968750 0.518921
vt 0.945313 0.544849
vt 0.945323 0.500000
vt 0.953125 0.500000
vt 0.960927 0.500000
vt 0.968750 0.500701
vt 0.968750 0.500000
vt 0.968750 0.505606
vt 0.398438 0.518921
vt 0.390625 0.518921
vt 0.390625 0.505606
vt 0.398438 0.505606
vt 0.382812 0.518921
vt 0.382813 0.505606
vt 0.390625 0.500701
vt 0.398436 0.500701
vt 0.382814 0.500701
vt 0.398438 0.544849
vt 0.382813 0.544849
vt 0.375000 0.544849
vt 0.375000 0.518921
vt 0.375000 0.505606
vt 0.375000 0.500701
vt 0.375000 0.500000
vt 0.382823 0.500000
vt 0.390625 0.500000
vt 0.398427 0.500000
vt 0.804688 0.518921
vt 0.796875 0.518921
vt 0.796875 0.505606
vt 0.804688 0.505606
vt 0.789062 0.518921
vt 0.789063 0.505606
vt 0.796875 0.500701
vt 0.804686 0.500701
vt 0.789064 0.500701
vt 0.804688 0.544849
vt 0.789063 0.544849
vt 0.781250 0.544849
vt 0.781250 0.518921
vt 0.781250 0.505606
vt 0.781250 0.500701
vt 0.781250 0.500000
vt 0.789073 0.500000
vt 0.796875 0.500000
vt 0.804677 0.500000
vt 0.367188 0.518921
vt 0.359375 0.518921
vt 0.359375 0.505606
vt 0.367188 0.505606
vt 0.351563 0.518921
vt 0.351563 0.505606
vt 0.359375 0.500701
vt 0.367186 0.500701
vt 0.351564 0.500701
vt 0.367188 0.544849
vt 0.359375 0.544849
vt 0.351563 0.544849
vt 0.343750 0.518921
vt 0.343750 0.505606
vt 0.343750 0.500701
vt 0.343750 0.500000
vt 0.351573 0.500000
vt 0.359375 0.500000
vt 0.367177 0.500000
vt 0.773438 0.518921
vt 0.765625 0.518921
vt 0.765625 0.505606
vt 0.773438 0.505606
vt 0.757813 0.518921
vt 0.757813 0.505606
vt 0.765625 0.500701
vt 0.773436 0.500701
vt 0.757814 0.500701
vt 0.773438 0.544849
vt 0.765625 0.544849
vt 0.757813 0.544849
vt 0.750000 0.518921
vt 0.750000 0.505606
vt 0.750000 0.500701
vt 0.750000 0.500000
vt 0.757823 0.500000
vt 0.765625 0.500000
vt 0.773427 0.500000
vt 0.335938 0.518921
vt 0.328125 0.518921
vt 0.328125 0.505606
vt 0.335938 0.505606
vt 0.320313 0.518921
vt 0.320313 0.505606
vt 0.328125 0.500701
vt 0.335936 0.500701
vt 0.320314 0.500701
vt 0.335938 0.544849
vt 0.328125 0.544849
vt 0.320313 0.544849
vt 0.312500 0.518921
vt 0.312500 0.505606
vt 0.312500 0.500701
vt 0.312500 0.500000
vt 0.320323 0.500000
vt 0.328125 0.500000
vt 0.335927 0.500000
vt 0.742188 0.518921
vt 0.734375 0.518921
vt 0.734375 0.505606
vt 0.742188 0.505606
vt 0.726563 0.518921
vt 0.726563 0.505606
vt 0.734375 0.500701
vt 0.742186 0.500701
vt 0.726564 0.500701
vt 0.742188 0.544849
vt 0.734375 0.544849
vt 0.726563 0.544849
vt 0.718750 0.518921
vt 0.718750 0.505606
vt 0.718750 0.500701
vt 0.718750 0.500000
vt 0.726573 0.500000
vt 0.734375 0.500000
vt 0.742177 0.500000
vt 0.304688 0.518921
vt 0.296875 0.518921
vt 0.296875 0.505606
vt 0.304688 0.505606
vt 0.289062 0.518921
vt 0.289063 0.505606
vt 0.296875 0.500701
vt 0.304686 0.500701
vt 0.289064 0.500701
vt 0.304688 0.544849
vt 0.289063 0.544849
vt 0.281250 0.544849
vt 0.281250 0.518921
vt 0.281250 0.505606
vt 0.281250 0.500701
vt 0.281250 0.500000
vt 0.289073 0.500000
vt 0.296875 0.500000
vt 0.304677 0.500000
vt 0.710938 0.518921
vt 0.703125 0.518921
vt 0.703125 0.505606
vt 0.710938 0.505606
vt 0.695312 0.518921
vt 0.695312 0.505606
vt 0.703125 0.500701
vt 0.710936 0.500701
vt 0.695314 0.500701
vt 0.710938 0.544849
vt 0.695313 0.544849
vt 0.687500 0.518921
vt 0.687500 0.505606
vt 0.687500 0.500701
vt 0.687500 0.500000
vt 0.695323 0.500000
vt 0.703125 0.500000
vt 0.710927 0.500000
vt 0.273438 0.518921
vt 0.265625 0.518921
vt 0.265625 0.505606
vt 0.273438 0.505606
vt 0.257812 0.518921
vt 0.257813 0.505606
vt 0.265625 0.500701
vt 0.273436 0.500701
vt 0.257814 0.500701
vt 0.273438 0.544849
vt 0.257813 0.544849
vt 0.250000 0.518921
vt 0.250000 0.505606
vt 0.250000 0.500701
vt 0.250000 0.500000
vt 0.257823 0.500000
vt 0.265625 0.500000
vt 0.273427 0.500000
vt 0.679688 0.518921
vt 0.671875 0.518921
vt 0.671875 0.505606
vt 0.679687 0.505606
vt 0.664062 0.518921
vt 0.664063 0.505606
vt 0.671875 0.500701
vt 0.679686 0.500701
vt 0.664064 0.500701
vt 0.679688 0.544849
vt 0.671875 0.544849
vt 0.664063 0.544849
vt 0.656250 0.518921
vt 0.656250 0.505606
vt 0.656250 0.500701
vt 0.656250 0.500000
vt 0.664073 0.500000
vt 0.671875 0.500000
vt 0.679677 0.500000
vt 0.242188 0.518921
vt 0.234375 0.518921
vt 0.234375 0.505606
vt 0.242188 0.505606
vt 0.226562 0.518921
vt 0.226563 0.505606
vt 0.234375 0.500701
vt 0.242186 0.500701
vt 0.226564 0.500701
vt 0.242188 0.544849
vt 0.226563 0.544849
vt 0.218750 0.544849
vt 0.218750 0.518921
vt 0.218750 0.505606
vt 0.218750 0.500701
vt 0.218750 0.500000
vt 0.226573 0.500000
vt 0.234375 0.500000
vt 0.242177 0.500000
vt 0.648438 0.518921
vt 0.640625 0.518921
vt 0.640625 0.505606
vt 0.648438 0.505606
vt 0.632813 0.518921
vt 0.632812 0.505606
vt 0.640625 0.500701
vt 0.648436 0.500701
vt 0.632814 0.500701
vt 0.648438 0.544849
vt 0.632813 0.544849
vt 0.625000 0.544849
vt 0.625000 0.518921
vt 0.625000 0.505606
vt 0.625000 0.500701
vt 0.625000 0.500000
vt 0.632823 0.500000
vt 0.640625 0.500000
vt 0.648427 0.500000
vt 0.210938 0.518921
vt 0.203125 0.518921
vt 0.203125 0.505606
vt 0.210938 0.505606
vt 0.195312 0.518921
vt 0.195313 0.505606
vt 0.203125 0.500701
vt 0.210936 0.500701
vt 0.195314 0.500701
vt 0.210938 0.544849
vt 0.195313 0.544849
vt 0.187500 0.544849
vt 0.187500 0.518921
vt 0.187500 0.505606
vt 0.187500 0.500701
vt 0.187500 0.500000
vt 0.195323 0.500000
vt 0.203125 0.500000
vt 0.210927 0.500000
vt 0.617188 0.518921
vt 0.609375 0.518921
vt 0.609375 0.505606
vt 0.617188 0.505606
vt 0.601563 0.518921
vt 0.601563 0.505606
vt 0.609375 0.500701
vt 0.617186 0.500701
vt 0.601564 0.500701
vt 0.617188 0.544849
vt 0.609375 0.544849
vt 0.601562 0.544849
vt 0.593750 0.544849
vt 0.593750 0.518921
vt 0.593750 0.505606
vt 0.593750 0.500701
vt 0.593750 0.500000
vt 0.601573 0.500000
vt 0.609375 0.500000
vt 0.617177 0.500000
vt 0.179688 0.518921
vt 0.171875 0.518921
vt 0.171875 0.505606
vt 0.179688 0.505606
vt 0.164063 0.518921
vt 0.164062 0.505606
vt 0.171875 0.500701
vt 0.179686 0.500701
vt 0.164064 0.500701
vt 0.179688 0.544849
vt 0.164063 0.544849
vt 0.164073 0.500000
vt 0.171875 0.500000
vt 0.179677 0.500000
vt 0.585938 0.518921
vt 0.578125 0.518921
vt 0.578125 0.505606
vt 0.585938 0.505606
vt 0.570313 0.518921
vt 0.570313 0.505606
vt 0.578125 0.500701
vt 0.585936 0.500701
vt 0.570314 0.500701
vt 0.585938 0.544849
vt 0.570313 0.544849
vt 0.570323 0.500000
vt 0.578125 0.500000
vt 0.585927 0.500000
vt 0.992147 0.500000
vt 0.984375 0.500000
vt 0.984375 0.500000
vt 0.992110 0.500000
vt 0.976603 0.500000
vt 0.976641 0.500000
vt 0.984375 0.500000
vt 0.992070 0.500000
vt 0.976680 0.500000
vt 0.992177 0.500000
vt 0.999922 0.500000
vt 0.976573 0.500000
vt 0.968828 0.500000
vt 0.968906 0.500000
vt 0.968984 0.500000
vt 0.969063 0.500000
vt 0.976719 0.500000
vt 0.984375 0.500000
vt 0.992031 0.500000
vt 0.999766 0.500000
vt 0.999688 0.500000
vt 0.999844 0.500000
vt 0.761693 0.484998
vt 0.773035 0.483882
vt 0.772661 0.480081
vt 0.761448 0.481180
vt 0.784377 0.482764
vt 0.783873 0.478972
vt 0.772289 0.476302
vt 0.761206 0.477376
vt 0.783369 0.475193
vt 0.750468 0.489954
vt 0.761939 0.488824
vt 0.750351 0.486114
vt 0.773411 0.487694
vt 0.784882 0.486564
vt 0.796354 0.485435
vt 0.795719 0.481645
vt 0.795085 0.477856
vt 0.794451 0.474067
vt 0.793816 0.470277
vt 0.782846 0.471404
vt 0.771919 0.472542
vt 0.760979 0.473558
vt 0.750117 0.478433
vt 0.750000 0.474593
vt 0.750234 0.482274
vt 0.760784 0.469701
vt 0.771551 0.468809
vt 0.771194 0.465182
vt 0.760606 0.466017
vt 0.782285 0.467583
vt 0.781741 0.463936
vt 0.770853 0.461719
vt 0.760432 0.462594
vt 0.781243 0.460544
vt 0.750000 0.470093
vt 0.792938 0.465864
vt 0.792204 0.462175
vt 0.791551 0.458891
vt 0.791042 0.456334
vt 0.780782 0.457345
vt 0.770521 0.458355
vt 0.760261 0.459366
vt 0.750000 0.462984
vt 0.750000 0.460377
vt 0.750000 0.466332
vt 0.960897 0.500000
vt 0.953125 0.500000
vt 0.960860 0.500000
vt 0.945353 0.500000
vt 0.945391 0.500000
vt 0.953125 0.500000
vt 0.960820 0.500000
vt 0.945430 0.500000
vt 0.968672 0.500000
vt 0.937578 0.500000
vt 0.937656 0.500000
vt 0.937734 0.500000
vt 0.937813 0.500000
vt 0.945469 0.500000
vt 0.960781 0.500000
vt 0.968516 0.500000
vt 0.968438 0.500000
vt 0.968594 0.500000
vt 0.807314 0.478201
vt 0.818221 0.474894
vt 0.817112 0.471239
vt 0.806329 0.474505
vt 0.829127 0.471585
vt 0.827893 0.467964
vt 0.816010 0.467606
vt 0.805349 0.470821
vt 0.826661 0.464356
vt 0.797272 0.485252
vt 0.808302 0.481906
vt 0.796408 0.481508
vt 0.819333 0.478560
vt 0.830364 0.475214
vt 0.841394 0.471868
vt 0.840033 0.468275
vt 0.838671 0.464682
vt 0.837310 0.461090
vt 0.835948 0.457497
vt 0.825409 0.460742
vt 0.814913 0.463989
vt 0.804382 0.467120
vt 0.794680 0.474021
vt 0.795544 0.477765
vt 0.803438 0.463376
vt 0.813824 0.460401
vt 0.812766 0.456912
vt 0.802545 0.459798
vt 0.824113 0.457104
vt 0.822868 0.453633
vt 0.811756 0.453583
vt 0.801707 0.456474
vt 0.821718 0.450403
vt 0.834226 0.453339
vt 0.832787 0.449865
vt 0.831505 0.446771
vt 0.830508 0.444363
vt 0.820641 0.447356
vt 0.810775 0.450348
vt 0.800909 0.453341
vt 0.929648 0.500000
vt 0.921875 0.500000
vt 0.921875 0.500000
vt 0.929610 0.500000
vt 0.914103 0.500000
vt 0.914141 0.500000
vt 0.921875 0.500000
vt 0.929570 0.500000
vt 0.914180 0.500000
vt 0.937422 0.500000
vt 0.906328 0.500000
vt 0.906406 0.500000
vt 0.906484 0.500000
vt 0.906563 0.500000
vt 0.914219 0.500000
vt 0.929531 0.500000
vt 0.937266 0.500000
vt 0.937188 0.500000
vt 0.937344 0.500000
vt 0.850733 0.462635
vt 0.860785 0.457263
vt 0.858985 0.453895
vt 0.849046 0.459202
vt 0.870835 0.451890
vt 0.868919 0.448579
vt 0.857195 0.450546
vt 0.847366 0.455780
vt 0.867006 0.445282
vt 0.842259 0.471509
vt 0.852425 0.466076
vt 0.840681 0.468006
vt 0.862591 0.460642
vt 0.872756 0.455208
vt 0.882922 0.449774
vt 0.880886 0.446516
vt 0.878850 0.443258
vt 0.876814 0.440000
vt 0.874778 0.436742
vt 0.865074 0.441981
vt 0.855413 0.447214
vt 0.845695 0.452339
vt 0.837526 0.461000
vt 0.839104 0.464503
vt 0.844039 0.448850
vt 0.853646 0.443906
vt 0.851927 0.440692
vt 0.842465 0.445515
vt 0.863093 0.438666
vt 0.861195 0.435504
vt 0.850287 0.437623
vt 0.840994 0.442419
vt 0.859437 0.432561
vt 0.872277 0.433000
vt 0.870188 0.429874
vt 0.868328 0.427089
vt 0.866879 0.424922
vt 0.857786 0.429782
vt 0.848693 0.434642
vt 0.839601 0.439502
vt 0.898397 0.500000
vt 0.890625 0.500000
vt 0.898360 0.500000
vt 0.882853 0.500000
vt 0.882891 0.500000
vt 0.890625 0.500000
vt 0.898320 0.500000
vt 0.882930 0.500000
vt 0.906172 0.500000
vt 0.875078 0.500000
vt 0.875156 0.500000
vt 0.875234 0.500000
vt 0.875312 0.500000
vt 0.882969 0.500000
vt 0.898281 0.500000
vt 0.906016 0.500000
vt 0.905938 0.500000
vt 0.906094 0.500000
vt 0.890281 0.438897
vt 0.899091 0.431668
vt 0.896668 0.428716
vt 0.887956 0.435859
vt 0.907900 0.424437
vt 0.905375 0.421564
vt 0.894259 0.425780
vt 0.885641 0.432831
vt 0.902856 0.418703
vt 0.883700 0.449254
vt 0.892611 0.441942
vt 0.881470 0.446126
vt 0.901521 0.434629
vt 0.910432 0.427317
vt 0.919342 0.420004
vt 0.916710 0.417206
vt 0.914077 0.414408
vt 0.911444 0.411609
vt 0.908811 0.408811
vt 0.900316 0.415842
vt 0.891862 0.422859
vt 0.883331 0.429782
vt 0.877008 0.439870
vt 0.879239 0.442998
vt 0.881026 0.426683
vt 0.889483 0.419960
vt 0.887171 0.417143
vt 0.878831 0.423720
vt 0.897727 0.412977
vt 0.895248 0.410247
vt 0.884963 0.414453
vt 0.876785 0.420969
vt 0.892950 0.407703
vt 0.905629 0.405629
vt 0.902970 0.402970
vt 0.900602 0.400602
vt 0.898759 0.398759
vt 0.890789 0.405300
vt 0.882819 0.411840
vt 0.874849 0.418381
vt 0.867147 0.500000
vt 0.859375 0.500000
vt 0.867109 0.500000
vt 0.851603 0.500000
vt 0.851641 0.500000
vt 0.859375 0.500000
vt 0.867070 0.500000
vt 0.851680 0.500000
vt 0.874922 0.500000
vt 0.843828 0.500000
vt 0.843906 0.500000
vt 0.843984 0.500000
vt 0.844062 0.500000
vt 0.851719 0.500000
vt 0.859375 0.500000
vt 0.867031 0.500000
vt 0.874766 0.500000
vt 0.874688 0.500000
vt 0.874844 0.500000
vt 0.924437 0.407900
vt 0.931668 0.399091
vt 0.928716 0.396668
vt 0.921564 0.405374
vt 0.938897 0.390280
vt 0.935860 0.387955
vt 0.925781 0.394259
vt 0.918703 0.402856
vt 0.932831 0.385641
vt 0.920004 0.419342
vt 0.927317 0.410432
vt 0.917206 0.416709
vt 0.934629 0.401521
vt 0.941942 0.392611
vt 0.949255 0.383700
vt 0.946126 0.381470
vt 0.942998 0.379239
vt 0.939870 0.377008
vt 0.936742 0.374777
vt 0.929782 0.383331
vt 0.922859 0.391862
vt 0.915842 0.400316
vt 0.911610 0.411444
vt 0.914408 0.414077
vt 0.912978 0.397727
vt 0.919960 0.389483
vt 0.917143 0.387170
vt 0.910247 0.395248
vt 0.926683 0.381026
vt 0.923720 0.378831
vt 0.914453 0.384963
vt 0.907703 0.392950
vt 0.920970 0.376785
vt 0.933001 0.372277
vt 0.929874 0.370188
vt 0.927089 0.368327
vt 0.924922 0.366879
vt 0.918381 0.374849
vt 0.911840 0.382819
vt 0.905300 0.390789
vt 0.835897 0.500000
vt 0.828125 0.500000
vt 0.835860 0.500000
vt 0.820353 0.500000
vt 0.820391 0.500000
vt 0.828125 0.500000
vt 0.835820 0.500000
vt 0.820430 0.500000
vt 0.843672 0.500000
vt 0.812578 0.500000
vt 0.812656 0.500000
vt 0.812734 0.500000
vt 0.812813 0.500000
vt 0.820469 0.500000
vt 0.835781 0.500000
vt 0.843516 0.500000
vt 0.843438 0.500000
vt 0.843594 0.500000
vt 0.951890 0.370835
vt 0.957263 0.360785
vt 0.953895 0.358984
vt 0.948580 0.368918
vt 0.962635 0.350733
vt 0.959202 0.349045
vt 0.950546 0.357194
vt 0.945282 0.367006
vt 0.955780 0.347366
vt 0.949774 0.382922
vt 0.955208 0.372756
vt 0.946516 0.380886
vt 0.960642 0.362590
vt 0.966076 0.352425
vt 0.971510 0.342259
vt 0.968006 0.340681
vt 0.964503 0.339103
vt 0.961000 0.337526
vt 0.957497 0.335948
vt 0.952339 0.345695
vt 0.947214 0.355413
vt 0.941981 0.365074
vt 0.940000 0.376813
vt 0.943258 0.378850
vt 0.938666 0.363093
vt 0.943906 0.353645
vt 0.940692 0.351927
vt 0.935504 0.361195
vt 0.948850 0.344039
vt 0.945515 0.342465
vt 0.937623 0.350287
vt 0.932561 0.359437
vt 0.942419 0.340994
vt 0.953339 0.334226
vt 0.949865 0.332787
vt 0.946771 0.331505
vt 0.944363 0.330508
vt 0.939502 0.339600
vt 0.934642 0.348693
vt 0.929782 0.357786
vt 0.804648 0.500000
vt 0.796875 0.500000
vt 0.804609 0.500000
vt 0.789103 0.500000
vt 0.789141 0.500000
vt 0.796875 0.500000
vt 0.804570 0.500000
vt 0.789180 0.500000
vt 0.812422 0.500000
vt 0.781328 0.500000
vt 0.781406 0.500000
vt 0.781484 0.500000
vt 0.781562 0.500000
vt 0.789219 0.500000
vt 0.804531 0.500000
vt 0.812266 0.500000
vt 0.812188 0.500000
vt 0.812344 0.500000
vt 0.971585 0.329127
vt 0.974894 0.318221
vt 0.971239 0.317112
vt 0.967964 0.327893
vt 0.978201 0.307314
vt 0.974505 0.306329
vt 0.967606 0.316010
vt 0.964356 0.326660
vt 0.970821 0.305349
vt 0.971868 0.341394
vt 0.975214 0.330363
vt 0.968275 0.340033
vt 0.978560 0.319333
vt 0.981906 0.308302
vt 0.985252 0.297272
vt 0.981508 0.296408
vt 0.977765 0.295544
vt 0.974021 0.294680
vt 0.970277 0.293816
vt 0.967120 0.304382
vt 0.963989 0.314913
vt 0.960742 0.325409
vt 0.961090 0.337310
vt 0.964682 0.338671
vt 0.957104 0.324113
vt 0.960401 0.313824
vt 0.956913 0.312766
vt 0.953633 0.322868
vt 0.963376 0.303438
vt 0.959798 0.302545
vt 0.953583 0.311756
vt 0.950403 0.321718
vt 0.956474 0.301707
vt 0.965864 0.292938
vt 0.962176 0.292204
vt 0.958891 0.291551
vt 0.956335 0.291042
vt 0.953342 0.300909
vt 0.950349 0.310775
vt 0.947356 0.320641
vt 0.773397 0.500000
vt 0.765625 0.500000
vt 0.773359 0.500000
vt 0.757853 0.500000
vt 0.757891 0.500000
vt 0.765625 0.500000
vt 0.773320 0.500000
vt 0.757930 0.500000
vt 0.781172 0.500000
vt 0.750078 0.500000
vt 0.750156 0.500000
vt 0.750234 0.500000
vt 0.750312 0.500000
vt 0.757969 0.500000
vt 0.773281 0.500000
vt 0.781016 0.500000
vt 0.780938 0.500000
vt 0.781094 0.500000
vt 0.982764 0.284377
vt 0.983882 0.273035
vt 0.980081 0.272661
vt 0.978972 0.283873
vt 0.984998 0.261693
vt 0.981180 0.261448
vt 0.976302 0.272289
vt 0.975193 0.283369
vt 0.977376 0.261206
vt 0.985435 0.296354
vt 0.986565 0.284882
vt 0.981645 0.295719
vt 0.987694 0.273411
vt 0.988824 0.261939
vt 0.989954 0.250468
vt 0.986114 0.250351
vt 0.982274 0.250234
vt 0.978433 0.250117
vt 0.974593 0.250000
vt 0.973558 0.260979
vt 0.972542 0.271918
vt 0.971404 0.282846
vt 0.974067 0.294450
vt 0.977856 0.295085
vt 0.967583 0.282285
vt 0.968809 0.271551
vt 0.965182 0.271194
vt 0.963936 0.281741
vt 0.969701 0.260784
vt 0.966017 0.260606
vt 0.961719 0.270853
vt 0.960544 0.281243
vt 0.962594 0.260432
vt 0.970093 0.250000
vt 0.966332 0.250000
vt 0.962984 0.250000
vt 0.960377 0.250000
vt 0.959366 0.260261
vt 0.958356 0.270521
vt 0.957345 0.280782
vt 0.742147 0.500000
vt 0.734375 0.500000
vt 0.742109 0.500000
vt 0.726603 0.500000
vt 0.726641 0.500000
vt 0.734375 0.500000
vt 0.742070 0.500000
vt 0.726680 0.500000
vt 0.749922 0.500000
vt 0.718828 0.500000
vt 0.718906 0.500000
vt 0.718984 0.500000
vt 0.719062 0.500000
vt 0.726719 0.500000
vt 0.734375 0.500000
vt 0.742031 0.500000
vt 0.749766 0.500000
vt 0.749688 0.500000
vt 0.749844 0.500000
vt 0.984998 0.238307
vt 0.983882 0.226965
vt 0.980081 0.227339
vt 0.981180 0.238552
vt 0.982764 0.215623
vt 0.978972 0.216127
vt 0.976302 0.227711
vt 0.977376 0.238794
vt 0.975193 0.216632
vt 0.989954 0.249532
vt 0.988824 0.238061
vt 0.986114 0.249649
vt 0.987694 0.226589
vt 0.986565 0.215118
vt 0.985435 0.203646
vt 0.981645 0.204281
vt 0.977856 0.204915
vt 0.974067 0.205550
vt 0.970278 0.206184
vt 0.971404 0.217154
vt 0.972542 0.228082
vt 0.973558 0.239021
vt 0.978433 0.249883
vt 0.982274 0.249766
vt 0.969701 0.239216
vt 0.968809 0.228449
vt 0.965182 0.228807
vt 0.966017 0.239395
vt 0.967583 0.217715
vt 0.963936 0.218259
vt 0.961719 0.229148
vt 0.962594 0.239568
vt 0.960544 0.218757
vt 0.965864 0.207062
vt 0.962176 0.207796
vt 0.958891 0.208449
vt 0.956335 0.208958
vt 0.957345 0.219218
vt 0.958356 0.229479
vt 0.959366 0.239739
vt 0.710897 0.500000
vt 0.703125 0.500000
vt 0.710860 0.500000
vt 0.695353 0.500000
vt 0.695391 0.500000
vt 0.703125 0.500000
vt 0.710820 0.500000
vt 0.695430 0.500000
vt 0.718672 0.500000
vt 0.687578 0.500000
vt 0.687656 0.500000
vt 0.687734 0.500000
vt 0.687812 0.500000
vt 0.695469 0.500000
vt 0.710781 0.500000
vt 0.718516 0.500000
vt 0.718438 0.500000
vt 0.718594 0.500000
vt 0.978201 0.192686
vt 0.974894 0.181779
vt 0.971239 0.182888
vt 0.974505 0.193671
vt 0.971585 0.170873
vt 0.967964 0.172108
vt 0.967606 0.183990
vt 0.970821 0.194651
vt 0.964356 0.173340
vt 0.985252 0.202728
vt 0.981906 0.191698
vt 0.981508 0.203592
vt 0.978560 0.180667
vt 0.975214 0.169637
vt 0.971868 0.158606
vt 0.968275 0.159968
vt 0.964682 0.161329
vt 0.961090 0.162691
vt 0.957497 0.164052
vt 0.960742 0.174591
vt 0.963989 0.185087
vt 0.967120 0.195618
vt 0.974021 0.205320
vt 0.977765 0.204456
vt 0.963376 0.196562
vt 0.960401 0.186176
vt 0.956913 0.187234
vt 0.959798 0.197455
vt 0.957104 0.175887
vt 0.953633 0.177132
vt 0.953583 0.188244
vt 0.956474 0.198293
vt 0.950403 0.178282
vt 0.953339 0.165774
vt 0.949865 0.167213
vt 0.946771 0.168495
vt 0.944363 0.169492
vt 0.947356 0.179359
vt 0.950349 0.189225
vt 0.953342 0.199091
vt 0.679647 0.500000
vt 0.679610 0.500000
vt 0.664103 0.500000
vt 0.664141 0.500000
vt 0.671875 0.500000
vt 0.679570 0.500000
vt 0.664180 0.500000
vt 0.687422 0.500000
vt 0.656328 0.500000
vt 0.656406 0.500000
vt 0.656484 0.500000
vt 0.656562 0.500000
vt 0.664219 0.500000
vt 0.671875 0.500000
vt 0.679531 0.500000
vt 0.687266 0.500000
vt 0.687188 0.500000
vt 0.687344 0.500000
vt 0.962635 0.149267
vt 0.957263 0.139216
vt 0.953895 0.141016
vt 0.959202 0.150955
vt 0.951890 0.129165
vt 0.948580 0.131082
vt 0.950547 0.142806
vt 0.955780 0.152634
vt 0.945282 0.132994
vt 0.971510 0.157741
vt 0.966076 0.147575
vt 0.968006 0.159319
vt 0.960642 0.137410
vt 0.955208 0.127244
vt 0.949775 0.117078
vt 0.946516 0.119114
vt 0.943259 0.121150
vt 0.940001 0.123187
vt 0.936742 0.125223
vt 0.941981 0.134927
vt 0.947214 0.144587
vt 0.952339 0.154305
vt 0.961000 0.162474
vt 0.964503 0.160897
vt 0.948850 0.155961
vt 0.943906 0.146355
vt 0.940692 0.148073
vt 0.945516 0.157536
vt 0.938666 0.136907
vt 0.935504 0.138805
vt 0.937623 0.149713
vt 0.942419 0.159006
vt 0.932561 0.140563
vt 0.933000 0.127723
vt 0.929874 0.129812
vt 0.927089 0.131673
vt 0.924922 0.133121
vt 0.929782 0.142214
vt 0.934642 0.151307
vt 0.939502 0.160400
vt 0.648397 0.500000
vt 0.640625 0.500000
vt 0.648359 0.500000
vt 0.632853 0.500000
vt 0.632891 0.500000
vt 0.640625 0.500000
vt 0.648320 0.500000
vt 0.632930 0.500000
vt 0.656172 0.500000
vt 0.625078 0.500000
vt 0.625156 0.500000
vt 0.625234 0.500000
vt 0.625312 0.500000
vt 0.632969 0.500000
vt 0.648281 0.500000
vt 0.656016 0.500000
vt 0.655938 0.500000
vt 0.656094 0.500000
vt 0.938897 0.109720
vt 0.931668 0.100909
vt 0.928716 0.103332
vt 0.935860 0.112045
vt 0.924437 0.092100
vt 0.921564 0.094626
vt 0.925781 0.105741
vt 0.932831 0.114360
vt 0.918703 0.097145
vt 0.949255 0.116300
vt 0.941942 0.107389
vt 0.946127 0.118530
vt 0.934629 0.098479
vt 0.927317 0.089568
vt 0.920004 0.080658
vt 0.917206 0.083291
vt 0.914408 0.085923
vt 0.911610 0.088556
vt 0.908811 0.091189
vt 0.915842 0.099684
vt 0.922859 0.108138
vt 0.929782 0.116670
vt 0.939871 0.122992
vt 0.942999 0.120761
vt 0.926684 0.118974
vt 0.919960 0.110517
vt 0.917143 0.112830
vt 0.923720 0.121169
vt 0.912978 0.102274
vt 0.910247 0.104752
vt 0.914453 0.115037
vt 0.920969 0.123215
vt 0.907703 0.107050
vt 0.905629 0.094371
vt 0.902970 0.097030
vt 0.900602 0.099398
vt 0.898759 0.101241
vt 0.905300 0.109211
vt 0.911840 0.117181
vt 0.918381 0.125151
vt 0.617147 0.500000
vt 0.609375 0.500000
vt 0.617110 0.500000
vt 0.601603 0.500000
vt 0.601641 0.500000
vt 0.609375 0.500000
vt 0.617070 0.500000
vt 0.601680 0.500000
vt 0.624922 0.500000
vt 0.593828 0.500000
vt 0.593906 0.500000
vt 0.593984 0.500000
vt 0.594062 0.500000
vt 0.601719 0.500000
vt 0.617031 0.500000
vt 0.624766 0.500000
vt 0.624688 0.500000
vt 0.624844 0.500000
vt 0.907900 0.075563
vt 0.899091 0.068332
vt 0.896668 0.071284
vt 0.905375 0.078436
vt 0.890280 0.061103
vt 0.887956 0.064141
vt 0.894259 0.074220
vt 0.902856 0.081297
vt 0.885641 0.067169
vt 0.919342 0.079996
vt 0.910432 0.072683
vt 0.916709 0.082794
vt 0.901521 0.065371
vt 0.892611 0.058058
vt 0.883700 0.050746
vt 0.881470 0.053874
vt 0.879239 0.057002
vt 0.877008 0.060130
vt 0.874777 0.063258
vt 0.883331 0.070218
vt 0.891862 0.077141
vt 0.900316 0.084158
vt 0.911444 0.088391
vt 0.914077 0.085592
vt 0.897727 0.087023
vt 0.889483 0.080040
vt 0.887171 0.082857
vt 0.895248 0.089754
vt 0.881026 0.073317
vt 0.878831 0.076280
vt 0.884963 0.085547
vt 0.892950 0.092297
vt 0.876785 0.079031
vt 0.872277 0.067000
vt 0.870188 0.070126
vt 0.868327 0.072911
vt 0.866879 0.075078
vt 0.874849 0.081619
vt 0.882819 0.088160
vt 0.890789 0.094701
vt 0.585897 0.500000
vt 0.585859 0.500000
vt 0.570353 0.500000
vt 0.570391 0.500000
vt 0.578125 0.500000
vt 0.585820 0.500000
vt 0.570430 0.500000
vt 0.593672 0.500000
vt 0.562578 0.500000
vt 0.562656 0.500000
vt 0.562734 0.500000
vt 0.562812 0.500000
vt 0.570469 0.500000
vt 0.578125 0.500000
vt 0.585781 0.500000
vt 0.593516 0.500000
vt 0.593438 0.500000
vt 0.593594 0.500000
vt 0.870835 0.048110
vt 0.860785 0.042737
vt 0.858984 0.046105
vt 0.868919 0.051421
vt 0.850733 0.037365
vt 0.849045 0.040798
vt 0.857194 0.049454
vt 0.867006 0.054718
vt 0.847366 0.044220
vt 0.882922 0.050226
vt 0.872756 0.044792
vt 0.880886 0.053484
vt 0.862591 0.039358
vt 0.852425 0.033924
vt 0.842259 0.028491
vt 0.840681 0.031994
vt 0.839104 0.035497
vt 0.837526 0.039000
vt 0.835948 0.042503
vt 0.845695 0.047661
vt 0.855413 0.052786
vt 0.865074 0.058019
vt 0.876814 0.060000
vt 0.878850 0.056742
vt 0.863093 0.061334
vt 0.853645 0.056094
vt 0.851927 0.059308
vt 0.861195 0.064496
vt 0.844039 0.051150
vt 0.842465 0.054485
vt 0.850287 0.062377
vt 0.859437 0.067439
vt 0.840994 0.057581
vt 0.834226 0.046661
vt 0.832787 0.050135
vt 0.831505 0.053229
vt 0.830508 0.055637
vt 0.839601 0.060498
vt 0.848693 0.065358
vt 0.857786 0.070218
vt 0.554647 0.500000
vt 0.546875 0.500000
vt 0.554609 0.500000
vt 0.539103 0.500000
vt 0.539141 0.500000
vt 0.546875 0.500000
vt 0.554570 0.500000
vt 0.539180 0.500000
vt 0.562422 0.500000
vt 0.531328 0.500000
vt 0.531406 0.500000
vt 0.531484 0.500000
vt 0.531562 0.500000
vt 0.539219 0.500000
vt 0.554531 0.500000
vt 0.562266 0.500000
vt 0.562188 0.500000
vt 0.562344 0.500000
vt 0.829127 0.028415
vt 0.818221 0.025106
vt 0.817112 0.028761
vt 0.827893 0.032036
vt 0.807314 0.021799
vt 0.806329 0.025495
vt 0.816010 0.032395
vt 0.826660 0.035644
vt 0.805349 0.029179
vt 0.841394 0.028132
vt 0.830364 0.024786
vt 0.840033 0.031725
vt 0.819333 0.021440
vt 0.808302 0.018094
vt 0.797272 0.014748
vt 0.796408 0.018492
vt 0.795544 0.022235
vt 0.794680 0.025979
vt 0.793816 0.029723
vt 0.804382 0.032880
vt 0.814913 0.036011
vt 0.825409 0.039258
vt 0.837310 0.038911
vt 0.838671 0.035318
vt 0.824113 0.042896
vt 0.813824 0.039599
vt 0.812766 0.043088
vt 0.822868 0.046368
vt 0.803438 0.036625
vt 0.802545 0.040203
vt 0.811756 0.046417
vt 0.821718 0.049597
vt 0.801707 0.043526
vt 0.792938 0.034137
vt 0.792204 0.037825
vt 0.791551 0.041109
vt 0.791042 0.043666
vt 0.800909 0.046659
vt 0.810775 0.049652
vt 0.820641 0.052645
vt 0.523397 0.500000
vt 0.515625 0.500000
vt 0.523359 0.500000
vt 0.507853 0.500000
vt 0.507891 0.500000
vt 0.515625 0.500000
vt 0.523320 0.500000
vt 0.507930 0.500000
vt 0.531172 0.500000
vt 0.500078 0.500000
vt 0.500156 0.500000
vt 0.500234 0.500000
vt 0.500312 0.500000
vt 0.507969 0.500000
vt 0.523281 0.500000
vt 0.531016 0.500000
vt 0.530938 0.500000
vt 0.531094 0.500000
vt 0.784377 0.017236
vt 0.773035 0.016118
vt 0.772661 0.019919
vt 0.783873 0.021028
vt 0.761693 0.015002
vt 0.761448 0.018820
vt 0.772289 0.023698
vt 0.783368 0.024807
vt 0.761206 0.022624
vt 0.796354 0.014565
vt 0.784882 0.013436
vt 0.795719 0.018355
vt 0.773411 0.012306
vt 0.761939 0.011176
vt 0.750468 0.010046
vt 0.750351 0.013886
vt 0.750234 0.017727
vt 0.750117 0.021567
vt 0.750000 0.025407
vt 0.760979 0.026442
vt 0.771918 0.027459
vt 0.782846 0.028596
vt 0.794450 0.025933
vt 0.795085 0.022144
vt 0.782285 0.032417
vt 0.771551 0.031191
vt 0.771194 0.034818
vt 0.781741 0.036064
vt 0.760784 0.030299
vt 0.760606 0.033983
vt 0.770853 0.038281
vt 0.781243 0.039456
vt 0.760432 0.037406
vt 0.750000 0.029907
vt 0.750000 0.033668
vt 0.750000 0.037017
vt 0.750000 0.039623
vt 0.760261 0.040634
vt 0.770521 0.041645
vt 0.780782 0.042655
vt 0.492147 0.500000
vt 0.492109 0.500000
vt 0.476603 0.500000
vt 0.476641 0.500000
vt 0.484375 0.500000
vt 0.492070 0.500000
vt 0.476680 0.500000
vt 0.499922 0.500000
vt 0.468828 0.500000
vt 0.468906 0.500000
vt 0.468984 0.500000
vt 0.469062 0.500000
vt 0.476719 0.500000
vt 0.484375 0.500000
vt 0.492031 0.500000
vt 0.499766 0.500000
vt 0.499688 0.500000
vt 0.499844 0.500000
vt 0.738307 0.015002
vt 0.726965 0.016119
vt 0.727339 0.019919
vt 0.738552 0.018820
vt 0.715623 0.017236
vt 0.716127 0.021028
vt 0.727711 0.023698
vt 0.738794 0.022624
vt 0.716632 0.024807
vt 0.749532 0.010046
vt 0.738061 0.011176
vt 0.749649 0.013886
vt 0.726589 0.012306
vt 0.715118 0.013436
vt 0.703646 0.014565
vt 0.704281 0.018355
vt 0.704915 0.022144
vt 0.705550 0.025933
vt 0.706184 0.029723
vt 0.717154 0.028596
vt 0.728082 0.027459
vt 0.739021 0.026442
vt 0.749883 0.021567
vt 0.749766 0.017727
vt 0.739216 0.030299
vt 0.728449 0.031191
vt 0.728807 0.034818
vt 0.739394 0.033983
vt 0.717715 0.032417
vt 0.718259 0.036064
vt 0.729148 0.038281
vt 0.739568 0.037406
vt 0.718757 0.039456
vt 0.707062 0.034137
vt 0.707796 0.037825
vt 0.708449 0.041109
vt 0.708958 0.043666
vt 0.719218 0.042655
vt 0.729479 0.041645
vt 0.739740 0.040634
vt 0.460897 0.500000
vt 0.453125 0.500000
vt 0.460859 0.500000
vt 0.445353 0.500000
vt 0.445391 0.500000
vt 0.453125 0.500000
vt 0.460820 0.500000
vt 0.445430 0.500000
vt 0.468672 0.500000
vt 0.437578 0.500000
vt 0.437656 0.500000
vt 0.437734 0.500000
vt 0.437812 0.500000
vt 0.445469 0.500000
vt 0.453125 0.500000
vt 0.460781 0.500000
vt 0.468516 0.500000
vt 0.468438 0.500000
vt 0.468594 0.500000
vt 0.692686 0.021799
vt 0.681779 0.025106
vt 0.682888 0.028761
vt 0.693671 0.025495
vt 0.670873 0.028415
vt 0.672108 0.032036
vt 0.683990 0.032395
vt 0.694651 0.029179
vt 0.673340 0.035644
vt 0.702728 0.014748
vt 0.691698 0.018094
vt 0.703592 0.018492
vt 0.680667 0.021440
vt 0.669637 0.024786
vt 0.658606 0.028132
vt 0.659968 0.031725
vt 0.661329 0.035318
vt 0.662691 0.038911
vt 0.664052 0.042503
vt 0.674591 0.039258
vt 0.685087 0.036011
vt 0.695618 0.032880
vt 0.705320 0.025979
vt 0.704456 0.022235
vt 0.696562 0.036625
vt 0.686176 0.039599
vt 0.687234 0.043088
vt 0.697455 0.040203
vt 0.675887 0.042896
vt 0.677132 0.046368
vt 0.688244 0.046417
vt 0.698293 0.043526
vt 0.678282 0.049597
vt 0.665774 0.046661
vt 0.667213 0.050135
vt 0.668495 0.053229
vt 0.669492 0.055637
vt 0.679359 0.052645
vt 0.689225 0.049652
vt 0.699091 0.046659
vt 0.429647 0.500000
vt 0.421875 0.500000
vt 0.421875 0.500000
vt 0.429609 0.500000
vt 0.414103 0.500000
vt 0.414141 0.500000
vt 0.421875 0.500000
vt 0.429570 0.500000
vt 0.414180 0.500000
vt 0.437422 0.500000
vt 0.406328 0.500000
vt 0.406406 0.500000
vt 0.406484 0.500000
vt 0.406562 0.500000
vt 0.414219 0.500000
vt 0.421875 0.500000
vt 0.429531 0.500000
vt 0.437266 0.500000
vt 0.437188 0.500000
vt 0.437344 0.500000
vt 0.649267 0.037365
vt 0.639216 0.042737
vt 0.641016 0.046105
vt 0.650955 0.040798
vt 0.629165 0.048110
vt 0.631082 0.051421
vt 0.642806 0.049454
vt 0.652634 0.044220
vt 0.632994 0.054718
vt 0.657741 0.028491
vt 0.647575 0.033924
vt 0.659319 0.031994
vt 0.637410 0.039358
vt 0.627244 0.044792
vt 0.617078 0.050226
vt 0.619114 0.053484
vt 0.621150 0.056742
vt 0.623187 0.060000
vt 0.625223 0.063258
vt 0.634927 0.058019
vt 0.644587 0.052786
vt 0.654305 0.047661
vt 0.662474 0.039000
vt 0.660897 0.035497
vt 0.655961 0.051150
vt 0.646355 0.056094
vt 0.648073 0.059308
vt 0.657536 0.054485
vt 0.636907 0.061334
vt 0.638806 0.064496
vt 0.649713 0.062377
vt 0.659006 0.057581
vt 0.640563 0.067439
vt 0.627723 0.067000
vt 0.629812 0.070126
vt 0.631673 0.072911
vt 0.633121 0.075078
vt 0.642214 0.070218
vt 0.651307 0.065358
vt 0.660400 0.060498
vt 0.398397 0.500000
vt 0.398359 0.500000
vt 0.382853 0.500000
vt 0.382891 0.500000
vt 0.390625 0.500000
vt 0.398320 0.500000
vt 0.382930 0.500000
vt 0.406172 0.500000
vt 0.375078 0.500000
vt 0.375156 0.500000
vt 0.375234 0.500000
vt 0.375312 0.500000
vt 0.382969 0.500000
vt 0.390625 0.500000
vt 0.398281 0.500000
vt 0.406016 0.500000
vt 0.405938 0.500000
vt 0.406094 0.500000
vt 0.609720 0.061103
vt 0.600909 0.068332
vt 0.603332 0.071284
vt 0.612045 0.064141
vt 0.592100 0.075563
vt 0.594626 0.078436
vt 0.605741 0.074220
vt 0.614360 0.067169
vt 0.597145 0.081297
vt 0.616300 0.050746
vt 0.607389 0.058058
vt 0.618531 0.053874
vt 0.598479 0.065371
vt 0.589568 0.072683
vt 0.580658 0.079996
vt 0.583291 0.082794
vt 0.585923 0.085592
vt 0.588556 0.088391
vt 0.591189 0.091189
vt 0.599684 0.084158
vt 0.608138 0.077141
vt 0.616670 0.070218
vt 0.622992 0.060130
vt 0.620761 0.057002
vt 0.618974 0.073317
vt 0.610517 0.080040
vt 0.612830 0.082857
vt 0.621169 0.076280
vt 0.602274 0.087023
vt 0.604752 0.089754
vt 0.615037 0.085547
vt 0.623215 0.079031
vt 0.607050 0.092297
vt 0.594371 0.094371
vt 0.597030 0.097030
vt 0.599398 0.099398
vt 0.601241 0.101241
vt 0.609211 0.094701
vt 0.617181 0.088160
vt 0.625151 0.081619
vt 0.367147 0.500000
vt 0.359375 0.500000
vt 0.367109 0.500000
vt 0.351603 0.500000
vt 0.351641 0.500000
vt 0.359375 0.500000
vt 0.367070 0.500000
vt 0.351680 0.500000
vt 0.374922 0.500000
vt 0.343828 0.500000
vt 0.343906 0.500000
vt 0.343984 0.500000
vt 0.344062 0.500000
vt 0.351719 0.500000
vt 0.367031 0.500000
vt 0.374766 0.500000
vt 0.374688 0.500000
vt 0.374844 0.500000
vt 0.575563 0.092100
vt 0.568332 0.100909
vt 0.571284 0.103332
vt 0.578436 0.094626
vt 0.561103 0.109720
vt 0.564141 0.112045
vt 0.574220 0.105741
vt 0.581297 0.097145
vt 0.567169 0.114360
vt 0.579996 0.080658
vt 0.572683 0.089568
vt 0.582794 0.083291
vt 0.565371 0.098479
vt 0.558058 0.107389
vt 0.550746 0.116300
vt 0.553874 0.118530
vt 0.557002 0.120761
vt 0.560130 0.122992
vt 0.563258 0.125223
vt 0.570218 0.116670
vt 0.577141 0.108138
vt 0.584158 0.099684
vt 0.588391 0.088556
vt 0.585593 0.085923
vt 0.587023 0.102274
vt 0.580040 0.110517
vt 0.582857 0.112830
vt 0.589754 0.104752
vt 0.573317 0.118974
vt 0.576280 0.121169
vt 0.585547 0.115037
vt 0.592297 0.107050
vt 0.579031 0.123215
vt 0.567000 0.127723
vt 0.570127 0.129812
vt 0.572911 0.131673
vt 0.575078 0.133121
vt 0.581619 0.125151
vt 0.588160 0.117181
vt 0.594701 0.109211
vt 0.335897 0.500000
vt 0.328125 0.500000
vt 0.335859 0.500000
vt 0.320353 0.500000
vt 0.320391 0.500000
vt 0.328125 0.500000
vt 0.335820 0.500000
vt 0.320430 0.500000
vt 0.343672 0.500000
vt 0.312578 0.500000
vt 0.312656 0.500000
vt 0.312734 0.500000
vt 0.312812 0.500000
vt 0.320469 0.500000
vt 0.328125 0.500000
vt 0.335781 0.500000
vt 0.343516 0.500000
vt 0.343438 0.500000
vt 0.343594 0.500000
vt 0.548110 0.129165
vt 0.542737 0.139216
vt 0.546105 0.141016
vt 0.551421 0.131082
vt 0.537365 0.149267
vt 0.540798 0.150955
vt 0.549454 0.142806
vt 0.554718 0.132994
vt 0.544220 0.152634
vt 0.550226 0.117078
vt 0.544792 0.127244
vt 0.553484 0.119114
vt 0.539358 0.137410
vt 0.533924 0.147575
vt 0.528491 0.157741
vt 0.531994 0.159319
vt 0.535497 0.160897
vt 0.539000 0.162474
vt 0.542503 0.164052
vt 0.547661 0.154305
vt 0.552786 0.144587
vt 0.558019 0.134927
vt 0.560000 0.123187
vt 0.556742 0.121150
vt 0.561334 0.136907
vt 0.556094 0.146355
vt 0.559308 0.148073
vt 0.564496 0.138805
vt 0.551150 0.155961
vt 0.554485 0.157536
vt 0.562377 0.149713
vt 0.567439 0.140563
vt 0.557581 0.159006
vt 0.546661 0.165774
vt 0.550135 0.167213
vt 0.553229 0.168495
vt 0.555637 0.169492
vt 0.560498 0.160400
vt 0.565358 0.151307
vt 0.570218 0.142214
vt 0.304647 0.500000
vt 0.296875 0.500000
vt 0.304609 0.500000
vt 0.289103 0.500000
vt 0.289141 0.500000
vt 0.296875 0.500000
vt 0.304570 0.500000
vt 0.289180 0.500000
vt 0.312422 0.500000
vt 0.281328 0.500000
vt 0.281406 0.500000
vt 0.281484 0.500000
vt 0.281562 0.500000
vt 0.289219 0.500000
vt 0.296875 0.500000
vt 0.304531 0.500000
vt 0.312266 0.500000
vt 0.312188 0.500000
vt 0.312344 0.500000
vt 0.528415 0.170873
vt 0.525106 0.181779
vt 0.528761 0.182888
vt 0.532036 0.172108
vt 0.521799 0.192686
vt 0.525495 0.193671
vt 0.532395 0.183990
vt 0.535644 0.173340
vt 0.529179 0.194651
vt 0.528132 0.158606
vt 0.524786 0.169637
vt 0.531725 0.159968
vt 0.521440 0.180667
vt 0.518094 0.191698
vt 0.514748 0.202728
vt 0.518492 0.203592
vt 0.522235 0.204456
vt 0.525979 0.205320
vt 0.529723 0.206184
vt 0.532880 0.195618
vt 0.536011 0.185087
vt 0.539258 0.174591
vt 0.538911 0.162691
vt 0.535318 0.161329
vt 0.542896 0.175887
vt 0.539599 0.186176
vt 0.543088 0.187234
vt 0.546368 0.177132
vt 0.536625 0.196562
vt 0.540203 0.197455
vt 0.546417 0.188244
vt 0.549597 0.178282
vt 0.543527 0.198293
vt 0.534137 0.207062
vt 0.537825 0.207796
vt 0.541109 0.208449
vt 0.543666 0.208958
vt 0.546659 0.199091
vt 0.549652 0.189225
vt 0.552644 0.179359
vt 0.273397 0.500000
vt 0.273359 0.500000
vt 0.257853 0.500000
vt 0.257891 0.500000
vt 0.265625 0.500000
vt 0.273320 0.500000
vt 0.257930 0.500000
vt 0.281172 0.500000
vt 0.250078 0.500000
vt 0.250156 0.500000
vt 0.250234 0.500000
vt 0.250312 0.500000
vt 0.257969 0.500000
vt 0.273281 0.500000
vt 0.281016 0.500000
vt 0.280938 0.500000
vt 0.281094 0.500000
vt 0.517236 0.215623
vt 0.516119 0.226965
vt 0.519919 0.227339
vt 0.521028 0.216127
vt 0.515002 0.238307
vt 0.518820 0.238552
vt 0.523698 0.227711
vt 0.524807 0.216632
vt 0.522624 0.238794
vt 0.514565 0.203646
vt 0.513436 0.215118
vt 0.518355 0.204281
vt 0.512306 0.226589
vt 0.511176 0.238061
vt 0.510046 0.249532
vt 0.513886 0.249649
vt 0.517727 0.249766
vt 0.521567 0.249883
vt 0.525407 0.250000
vt 0.526442 0.239021
vt 0.527459 0.228082
vt 0.528596 0.217154
vt 0.525933 0.205550
vt 0.522144 0.204915
vt 0.532417 0.217715
vt 0.531191 0.228449
vt 0.534818 0.228807
vt 0.536065 0.218259
vt 0.530299 0.239216
vt 0.533983 0.239394
vt 0.538281 0.229148
vt 0.539456 0.218757
vt 0.537406 0.239568
vt 0.529908 0.250000
vt 0.533668 0.250000
vt 0.537017 0.250000
vt 0.539623 0.250000
vt 0.540634 0.239739
vt 0.541645 0.229479
vt 0.542655 0.219218
vt 0.242147 0.500000
vt 0.234375 0.500000
vt 0.242109 0.500000
vt 0.226603 0.500000
vt 0.226641 0.500000
vt 0.234375 0.500000
vt 0.242070 0.500000
vt 0.226680 0.500000
vt 0.249922 0.500000
vt 0.218828 0.500000
vt 0.218906 0.500000
vt 0.218984 0.500000
vt 0.219062 0.500000
vt 0.226719 0.500000
vt 0.234375 0.500000
vt 0.242031 0.500000
vt 0.249766 0.500000
vt 0.249688 0.500000
vt 0.249844 0.500000
vt 0.515002 0.261693
vt 0.516119 0.273035
vt 0.519919 0.272661
vt 0.518820 0.261448
vt 0.517236 0.284377
vt 0.521029 0.283873
vt 0.523698 0.272289
vt 0.522624 0.261206
vt 0.524807 0.283368
vt 0.510046 0.250468
vt 0.511176 0.261939
vt 0.513886 0.250351
vt 0.512306 0.273411
vt 0.513436 0.284882
vt 0.514566 0.296354
vt 0.518355 0.295719
vt 0.522144 0.295085
vt 0.525933 0.294450
vt 0.529723 0.293816
vt 0.528596 0.282846
vt 0.527459 0.271918
vt 0.526442 0.260979
vt 0.521567 0.250117
vt 0.517727 0.250234
vt 0.530299 0.260784
vt 0.531191 0.271551
vt 0.534818 0.271194
vt 0.533983 0.260606
vt 0.532417 0.282285
vt 0.536065 0.281741
vt 0.538281 0.270853
vt 0.537406 0.260432
vt 0.539456 0.281243
vt 0.534137 0.292938
vt 0.537825 0.292204
vt 0.541109 0.291551
vt 0.543666 0.291042
vt 0.542655 0.280782
vt 0.541645 0.270521
vt 0.540634 0.260261
vt 0.210897 0.500000
vt 0.210859 0.500000
vt 0.195353 0.500000
vt 0.195391 0.500000
vt 0.203125 0.500000
vt 0.210820 0.500000
vt 0.195430 0.500000
vt 0.218672 0.500000
vt 0.187578 0.500000
vt 0.187656 0.500000
vt 0.187734 0.500000
vt 0.187812 0.500000
vt 0.195469 0.500000
vt 0.210781 0.500000
vt 0.218516 0.500000
vt 0.218438 0.500000
vt 0.218594 0.500000
vt 0.521799 0.307314
vt 0.525107 0.318221
vt 0.528761 0.317112
vt 0.525495 0.306329
vt 0.528415 0.329127
vt 0.532036 0.327892
vt 0.532395 0.316010
vt 0.529179 0.305349
vt 0.535644 0.326660
vt 0.514748 0.297272
vt 0.518094 0.308302
vt 0.518492 0.296408
vt 0.521440 0.319333
vt 0.524786 0.330363
vt 0.528132 0.341394
vt 0.531725 0.340033
vt 0.535318 0.338671
vt 0.538911 0.337309
vt 0.542503 0.335948
vt 0.539258 0.325409
vt 0.536011 0.314913
vt 0.532880 0.304382
vt 0.525979 0.294680
vt 0.522235 0.295544
vt 0.536625 0.303438
vt 0.539599 0.313824
vt 0.543088 0.312766
vt 0.540203 0.302545
vt 0.542896 0.324113
vt 0.546368 0.322868
vt 0.546417 0.311756
vt 0.543527 0.301707
vt 0.549597 0.321718
vt 0.546661 0.334226
vt 0.550135 0.332787
vt 0.553229 0.331505
vt 0.555637 0.330508
vt 0.552645 0.320641
vt 0.549652 0.310775
vt 0.546659 0.300909
vt 0.179647 0.500000
vt 0.171875 0.500000
vt 0.179609 0.500000
vt 0.164103 0.500000
vt 0.164141 0.500000
vt 0.171875 0.500000
vt 0.179570 0.500000
vt 0.164180 0.500000
vt 0.187422 0.500000
vt 0.156328 0.500000
vt 0.156406 0.500000
vt 0.156484 0.500000
vt 0.156562 0.500000
vt 0.164219 0.500000
vt 0.179531 0.500000
vt 0.187266 0.500000
vt 0.187188 0.500000
vt 0.187344 0.500000
vt 0.537365 0.350733
vt 0.542737 0.360785
vt 0.546105 0.358984
vt 0.540798 0.349045
vt 0.548110 0.370835
vt 0.551421 0.368918
vt 0.549454 0.357194
vt 0.544220 0.347366
vt 0.554718 0.367006
vt 0.528491 0.342259
vt 0.533924 0.352425
vt 0.531994 0.340681
vt 0.539358 0.362590
vt 0.544792 0.372756
vt 0.550226 0.382922
vt 0.553484 0.380886
vt 0.556742 0.378850
vt 0.560000 0.376813
vt 0.563258 0.374777
vt 0.558019 0.365073
vt 0.552786 0.355413
vt 0.547661 0.345695
vt 0.539000 0.337526
vt 0.535497 0.339103
vt 0.551150 0.344039
vt 0.556094 0.353645
vt 0.559309 0.351927
vt 0.554485 0.342465
vt 0.561334 0.363093
vt 0.564496 0.361195
vt 0.562377 0.350287
vt 0.557581 0.340994
vt 0.567439 0.359437
vt 0.567000 0.372277
vt 0.570127 0.370188
vt 0.572911 0.368327
vt 0.575078 0.366879
vt 0.570218 0.357786
vt 0.565358 0.348693
vt 0.560498 0.339600
vt 0.148397 0.500000
vt 0.148359 0.500000
vt 0.132853 0.500000
vt 0.132891 0.500000
vt 0.140625 0.500000
vt 0.148320 0.500000
vt 0.132930 0.500000
vt 0.156172 0.500000
vt 0.125078 0.500000
vt 0.125156 0.500000
vt 0.125234 0.500000
vt 0.125312 0.500000
vt 0.132969 0.500000
vt 0.148281 0.500000
vt 0.156016 0.500000
vt 0.155938 0.500000
vt 0.156094 0.500000
vt 0.561103 0.390280
vt 0.568332 0.399091
vt 0.571284 0.396668
vt 0.564141 0.387955
vt 0.575563 0.407900
vt 0.578436 0.405374
vt 0.574220 0.394259
vt 0.567169 0.385640
vt 0.581297 0.402855
vt 0.550746 0.383700
vt 0.558058 0.392611
vt 0.553874 0.381470
vt 0.565371 0.401521
vt 0.572683 0.410432
vt 0.579996 0.419342
vt 0.582794 0.416709
vt 0.585593 0.414077
vt 0.588391 0.411444
vt 0.591189 0.408811
vt 0.584158 0.400316
vt 0.577141 0.391862
vt 0.570218 0.383330
vt 0.560130 0.377008
vt 0.557002 0.379239
vt 0.573317 0.381026
vt 0.580040 0.389483
vt 0.582858 0.387170
vt 0.576280 0.378831
vt 0.587023 0.397726
vt 0.589754 0.395248
vt 0.585547 0.384963
vt 0.579031 0.376785
vt 0.592297 0.392950
vt 0.594371 0.405629
vt 0.597030 0.402970
vt 0.599398 0.400602
vt 0.601241 0.398759
vt 0.594701 0.390789
vt 0.588160 0.382819
vt 0.581619 0.374849
vt 0.117147 0.500000
vt 0.109375 0.500000
vt 0.117109 0.500000
vt 0.101603 0.500000
vt 0.101641 0.500000
vt 0.109375 0.500000
vt 0.117070 0.500000
vt 0.101680 0.500000
vt 0.124922 0.500000
vt 0.093828 0.500000
vt 0.093906 0.500000
vt 0.093984 0.500000
vt 0.094062 0.500000
vt 0.101719 0.500000
vt 0.109375 0.500000
vt 0.117031 0.500000
vt 0.124766 0.500000
vt 0.124688 0.500000
vt 0.124844 0.500000
vt 0.592100 0.424437
vt 0.600909 0.431668
vt 0.603332 0.428716
vt 0.594626 0.421564
vt 0.609720 0.438897
vt 0.612045 0.435859
vt 0.605741 0.425780
vt 0.597145 0.418703
vt 0.614360 0.432831
vt 0.580658 0.420004
vt 0.589568 0.427317
vt 0.583291 0.417206
vt 0.598479 0.434629
vt 0.607389 0.441942
vt 0.616300 0.449254
vt 0.618530 0.446126
vt 0.620761 0.442998
vt 0.622992 0.439870
vt 0.625223 0.436742
vt 0.616670 0.429782
vt 0.608138 0.422859
vt 0.599684 0.415842
vt 0.588556 0.411609
vt 0.585923 0.414408
vt 0.602274 0.412977
vt 0.610517 0.419960
vt 0.612830 0.417143
vt 0.604752 0.410247
vt 0.618974 0.426683
vt 0.621169 0.423720
vt 0.615037 0.414453
vt 0.607050 0.407703
vt 0.623215 0.420969
vt 0.627723 0.433000
vt 0.629812 0.429874
vt 0.631673 0.427089
vt 0.633121 0.424922
vt 0.625151 0.418381
vt 0.617181 0.411840
vt 0.609211 0.405299
vt 0.085897 0.500000
vt 0.078125 0.500000
vt 0.085859 0.500000
vt 0.070353 0.500000
vt 0.070391 0.500000
vt 0.078125 0.500000
vt 0.085820 0.500000
vt 0.070430 0.500000
vt 0.093672 0.500000
vt 0.062578 0.500000
vt 0.062656 0.500000
vt 0.062734 0.500000
vt 0.062812 0.500000
vt 0.070469 0.500000
vt 0.078125 0.500000
vt 0.085781 0.500000
vt 0.093516 0.500000
vt 0.093438 0.500000
vt 0.093594 0.500000
vt 0.629165 0.451890
vt 0.639216 0.457263
vt 0.641016 0.453895
vt 0.631082 0.448579
vt 0.649267 0.462635
vt 0.650955 0.459202
vt 0.642806 0.450546
vt 0.632994 0.445282
vt 0.652634 0.455780
vt 0.617078 0.449774
vt 0.627244 0.455208
vt 0.619114 0.446516
vt 0.637410 0.460642
vt 0.647575 0.466076
vt 0.657741 0.471509
vt 0.659319 0.468006
vt 0.660897 0.464503
vt 0.662474 0.461000
vt 0.664052 0.457497
vt 0.654305 0.452339
vt 0.644587 0.447214
vt 0.634927 0.441981
vt 0.623187 0.440000
vt 0.621150 0.443258
vt 0.636907 0.438666
vt 0.646355 0.443906
vt 0.648073 0.440692
vt 0.638806 0.435504
vt 0.655961 0.448850
vt 0.657536 0.445515
vt 0.649713 0.437623
vt 0.640563 0.432561
vt 0.659006 0.442419
vt 0.665774 0.453339
vt 0.667213 0.449865
vt 0.668495 0.446771
vt 0.669492 0.444362
vt 0.660400 0.439502
vt 0.651307 0.434642
vt 0.642214 0.429782
vt 0.054647 0.500000
vt 0.046875 0.500000
vt 0.054609 0.500000
vt 0.039103 0.500000
vt 0.039141 0.500000
vt 0.046875 0.500000
vt 0.054570 0.500000
vt 0.039180 0.500000
vt 0.062422 0.500000
vt 0.031328 0.500000
vt 0.031406 0.500000
vt 0.031484 0.500000
vt 0.031562 0.500000
vt 0.039219 0.500000
vt 0.046875 0.500000
vt 0.054531 0.500000
vt 0.062266 0.500000
vt 0.062188 0.500000
vt 0.062344 0.500000
vt 0.670873 0.471585
vt 0.681779 0.474894
vt 0.682888 0.471239
vt 0.672108 0.467964
vt 0.692686 0.478201
vt 0.693671 0.474505
vt 0.683990 0.467606
vt 0.673340 0.464356
vt 0.694651 0.470821
vt 0.658606 0.471868
vt 0.669637 0.475214
vt 0.659968 0.468275
vt 0.680667 0.478560
vt 0.691698 0.481906
vt 0.702728 0.485252
vt 0.703592 0.481508
vt 0.704456 0.477765
vt 0.705320 0.474021
vt 0.706184 0.470277
vt 0.695619 0.467120
vt 0.685087 0.463989
vt 0.674591 0.460742
vt 0.662691 0.461090
vt 0.661329 0.464682
vt 0.675887 0.457104
vt 0.686176 0.460401
vt 0.687234 0.456912
vt 0.677132 0.453633
vt 0.696562 0.463376
vt 0.697455 0.459798
vt 0.688244 0.453583
vt 0.678282 0.450403
vt 0.698294 0.456474
vt 0.707062 0.465864
vt 0.707796 0.462175
vt 0.708449 0.458891
vt 0.708958 0.456334
vt 0.699091 0.453341
vt 0.689225 0.450348
vt 0.679359 0.447355
vt 0.023397 0.500000
vt 0.015625 0.500000
vt 0.023359 0.500000
vt 0.007853 0.500000
vt 0.007891 0.500000
vt 0.015625 0.500000
vt 0.023320 0.500000
vt 0.007930 0.500000
vt 0.031172 0.500000
vt 0.000078 0.500000
vt 0.000156 0.500000
vt 0.000234 0.500000
vt 0.000312 0.500000
vt 0.007969 0.500000
vt 0.015625 0.500000
vt 0.023281 0.500000
vt 0.031016 0.500000
vt 0.030938 0.500000
vt 0.031094 0.500000
vt 0.715623 0.482764
vt 0.726965 0.483882
vt 0.727339 0.480081
vt 0.716127 0.478972
vt 0.738307 0.484998
vt 0.738552 0.481180
vt 0.727711 0.476302
vt 0.716632 0.475193
vt 0.738794 0.477376
vt 0.703646 0.485435
vt 0.715118 0.486564
vt 0.704281 0.481645
vt 0.726589 0.487694
vt 0.738061 0.488824
vt 0.749532 0.489954
vt 0.749649 0.486114
vt 0.749766 0.482274
vt 0.749883 0.478433
vt 0.739021 0.473558
vt 0.728082 0.472542
vt 0.717154 0.471404
vt 0.705550 0.474067
vt 0.704915 0.477856
vt 0.717716 0.467583
vt 0.728449 0.468809
vt 0.728807 0.465182
vt 0.718259 0.463936
vt 0.739216 0.469701
vt 0.739395 0.466017
vt 0.729148 0.461719
vt 0.718757 0.460544
vt 0.739568 0.462594
vt 0.739740 0.459366
vt 0.729479 0.458355
vt 0.719218 0.457345
vt 0.992188 0.510059
vt 0.984375 0.516234
vt 0.984375 0.504672
vt 0.992188 0.502686
vt 0.976562 0.518585
vt 0.976563 0.505489
vt 0.984375 0.500584
vt 0.992187 0.500336
vt 0.976564 0.500686
vt 0.992188 0.531301
vt 1.000000 0.500000
vt 0.976563 0.544382
s 1
usemtl PURPLE
f 2369/1/1 2370/2/2 2373/3/3 2372/4/4
f 2370/2/2 2371/5/5 2374/6/6 2373/3/3
f 2372/4/4 2373/3/3 2376/7/7 2375/8/8
f 2373/3/3 2374/6/6 2377/9/9 2376/7/7
f 32/10/10 1511/11/11 2369/1/1 446/12/12
f 1511/11/11 1512/13/13 2370/2/2 2369/1/1
f 1512/13/13 1513/14/14 2371/5/5 2370/2/2
f 1513/14/14 220/15/15 1489/16/16 2371/5/5
f 2371/5/5 1489/16/16 1488/17/17 2374/6/6
f 2374/6/6 1488/17/17 1487/18/18 2377/9/9
f 2377/9/9 1487/18/18 34/19/19 1507/20/20
f 2376/7/7 2377/9/9 1507/20/20 1506/21/21
f 2375/8/8 2376/7/7 1506/21/21 1505/22/22
f 448/23/23 2375/8/8 1505/22/22 1/24/24
f 447/25/25 2372/4/4 2375/8/8 448/23/23
f 446/12/12 2369/1/1 2372/4/4 447/25/25
f 2378/26/26 2379/27/27 2382/28/28 2381/29/29
f 2379/27/27 2380/30/30 2383/31/31 2382/28/28
f 2381/29/29 2382/28/28 2385/32/32 2384/33/33
f 2382/28/28 2383/31/31 2386/34/34 2385/32/32
f 3/35/35 1516/36/36 2378/26/26 359/37/37
f 1516/36/36 1515/38/38 2379/27/27 2378/26/26
f 1515/38/38 1514/39/39 2380/30/30 2379/27/27
f 1514/39/39 46/40/40 535/41/41 2380/30/30
f 2380/30/30 535/41/41 534/42/42 2383/31/31
f 2383/31/31 534/42/42 533/43/43 2386/34/34
f 2386/34/34 533/43/43 52/44/44 1517/45/45
f 2385/32/32 2386/34/34 1517/45/45 1518/46/46
f 2384/33/33 2385/32/32 1518/46/46 1519/47/47
f 361/48/48 2384/33/33 1519/47/47 4/49/49
f 360/50/50 2381/29/29 2384/33/33 361/48/48
f 359/37/37 2378/26/26 2381/29/29 360/50/50
f 2387/51/51 2388/52/52 2391/53/53 2390/54/54
f 2388/52/52 2389/55/55 2392/56/56 2391/53/53
f 2390/54/54 2391/53/53 2394/57/57 2393/58/58
f 2391/53/53 2392/56/56 2395/59/59 2394/57/57
f 4/49/49 1519/47/47 2387/51/51 362/60/60
f 1519/47/47 1518/46/46 2388/52/52 2387/51/51
f 1518/46/46 1517/45/45 2389/55/55 2388/52/52
f 1517/45/45 52/44/44 568/61/61 2389/55/55
f 2389/55/55 568/61/61 567/62/62 2392/56/56
f 2392/56/56 567/62/62 566/63/63 2395/59/59
f 2395/59/59 566/63/63 58/64/64 1520/65/65
f 2394/57/57 2395/59/59 1520/65/65 1521/66/66
f 2393/58/58 2394/57/57 1521/66/66 1522/67/67
f 364/68/68 2393/58/58 1522/67/67 5/69/69
f 363/70/70 2390/54/54 2393/58/58 364/68/68
f 362/60/60 2387/51/51 2390/54/54 363/70/70
f 2396/71/71 2397/72/72 2400/73/73 2399/74/74
f 2397/72/72 2398/75/75 2401/76/76 2400/73/73
f 2399/74/74 2400/73/73 2403/77/77 2402/78/78
f 2400/73/73 2401/76/76 2404/79/79 2403/77/77
f 5/69/69 1522/67/67 2396/71/71 365/80/80
f 1522/67/67 1521/66/66 2397/72/72 2396/71/71
f 1521/66/66 1520/65/65 2398/75/75 2397/72/72
f 1520/65/65 58/64/64 601/81/81 2398/75/75
f 2398/75/75 601/81/81 600/82/82 2401/76/76
f 2401/76/76 600/82/82 599/83/83 2404/79/79
f 2404/79/79 599/83/83 64/84/84 1523/85/85
f 2403/77/77 2404/79/79 1523/85/85 1524/86/86
f 2402/78/78 2403/77/77 1524/86/86 1525/87/87
f 367/88/88 2402/78/78 1525/87/87 6/89/89
f 366/90/90 2399/74/74 2402/78/78 367/88/88
f 365/80/80 2396/71/71 2399/74/74 366/90/90
f 2405/91/91 2406/92/92 2409/93/93 2408/94/94
f 2406/92/92 2407/95/95 2410/96/96 2409/93/93
f 2408/94/94 2409/93/93 2412/97/97 2411/98/98
f 2409/93/93 2410/96/96 2413/99/99 2412/97/97
f 6/89/89 1525/87/87 2405/91/91 368/100/100
f 1525/87/87 1524/86/86 2406/92/92 2405/91/91
f 1524/86/86 1523/85/85 2407/95/95 2406/92/92
f 1523/85/85 64/84/84 634/101/101 2407/95/95
f 2407/95/95 634/101/101 633/102/102 2410/96/96
f 2410/96/96 633/102/102 632/103/103 2413/99/99
f 2413/99/99 632/103/103 70/104/104 1526/105/105
f 2412/97/97 2413/99/99 1526/105/105 1527/106/106
f 2411/98/98 2412/97/97 1527/106/106 1528/107/107
f 370/108/108 2411/98/98 1528/107/107 7/109/109
f 369/110/110 2408/94/94 2411/98/98 370/108/108
f 368/100/100 2405/91/91 2408/94/94 369/110/110
f 2414/111/111 2415/112/112 2418/113/113 2417/114/114
f 2415/112/112 2416/115/115 2419/116/116 2418/113/113
f 2417/114/114 2418/113/113 2421/117/117 2420/118/118
f 2418/113/113 2419/116/116 2422/119/119 2421/117/117
f 7/109/109 1528/107/107 2414/111/111 371/120/120
f 1528/107/107 1527/106/106 2415/112/112 2414/111/111
f 1527/106/106 1526/105/105 2416/115/115 2415/112/112
f 1526/105/105 70/104/104 667/121/121 2416/115/115
f 2416/115/115 667/121/121 666/122/122 2419/116/116
f 2419/116/116 666/122/122 665/123/123 2422/119/119
f 2422/119/119 665/123/123 76/124/124 1529/125/125
f 2421/117/117 2422/119/119 1529/125/125 1530/126/126
f 2420/118/118 2421/117/117 1530/126/126 1531/127/127
f 373/128/128 2420/118/118 1531/127/127 8/129/129
f 372/130/130 2417/114/114 2420/118/118 373/128/128
f 371/120/120 2414/111/111 2417/114/114 372/130/130
f 2423/131/131 2424/132/132 2427/133/133 2426/134/134
f 2424/132/132 2425/135/135 2428/136/136 2427/133/133
f 2426/134/134 2427/133/133 2430/137/137 2429/138/138
f 2427/133/133 2428/136/136 2431/139/139 2430/137/137
f 8/129/129 1531/127/127 2423/131/131 374/140/140
f 1531/127/127 1530/126/126 2424/132/132 2423/131/131
f 1530/126/126 1529/125/125 2425/135/135 2424/132/132
f 1529/125/125 76/124/124 700/141/141 2425/135/135
f 2425/135/135 700/141/141 699/142/142 2428/136/136
f 2428/136/136 699/142/142 698/143/143 2431/139/139
f 2431/139/139 698/143/143 82/144/144 1532/145/145
f 2430/137/137 2431/139/139 1532/145/145 1533/146/146
f 2429/138/138 2430/137/137 1533/146/146 1534/147/147
f 376/148/148 2429/138/138 1534/147/147 9/149/149
f 375/150/150 2426/134/134 2429/138/138 376/148/148
f 374/140/140 2423/131/131 2426/134/134 375/150/150
f 2432/151/151 2433/152/152 2436/153/153 2435/154/154
f 2433/152/152 2434/155/155 2437/156/156 2436/153/153
f 2435/154/154 2436/153/153 2439/157/157 2438/158/158
f 2436/153/153 2437/156/156 2440/159/159 2439/157/157
f 9/149/149 1534/147/147 2432/151/151 377/160/160
f 1534/147/147 1533/146/146 2433/152/152 2432/151/151
f 1533/146/146 1532/145/145 2434/155/155 2433/152/152
f 1532/145/145 82/144/144 733/161/161 2434/155/155
f 2434/155/155 733/161/161 732/162/162 2437/156/156
f 2437/156/156 732/162/162 731/163/163 2440/159/159
f 2440/159/159 731/163/163 88/164/164 1535/165/165
f 2439/157/157 2440/159/159 1535/165/165 1536/166/166
f 2438/158/158 2439/157/157 1536/166/166 1537/167/167
f 379/168/168 2438/158/158 1537/167/167 10/169/169
f 378/170/170 2435/154/154 2438/158/158 379/168/168
f 377/160/160 2432/151/151 2435/154/154 378/170/170
f 2441/171/171 2442/172/172 2445/173/173 2444/174/174
f 2442/172/172 2443/175/175 2446/176/176 2445/173/173
f 2444/174/174 2445/173/173 2448/177/177 2447/178/178
f 2445/173/173 2446/176/176 2449/179/179 2448/177/177
f 10/169/169 1537/167/167 2441/171/171 380/180/180
f 1537/167/167 1536/166/166 2442/172/172 2441/171/171
f 1536/166/166 1535/165/165 2443/175/175 2442/172/172
f 1535/165/165 88/164/164 766/181/181 2443/175/175
f 2443/175/175 766/181/181 765/182/182 2446/176/176
f 2446/176/176 765/182/182 764/183/183 2449/179/179
f 2449/179/179 764/183/183 94/184/184 1538/185/185
f 2448/177/177 2449/179/179 1538/185/185 1539/186/186
f 2447/178/178 2448/177/177 1539/186/186 1540/187/187
f 382/188/188 2447/178/178 1540/187/187 11/189/189
f 381/190/190 2444/174/174 2447/178/178 382/188/188
f 380/180/180 2441/171/171 2444/174/174 381/190/190
f 2450/191/191 2451/192/192 2454/193/193 2453/194/194
f 2451/192/192 2452/195/195 2455/196/196 2454/193/193
f 2453/194/194 2454/193/193 2457/197/197 2456/198/198
f 2454/193/193 2455/196/196 2458/199/199 2457/197/197
f 11/189/189 1540/187/187 2450/191/191 383/200/200
f 1540/187/187 1539/186/186 2451/192/192 2450/191/191
f 1539/186/186 1538/185/185 2452/195/195 2451/192/192
f 1538/185/185 94/184/184 799/201/201 2452/195/195
f 2452/195/195 799/201/201 798/202/202 2455/196/196
f 2455/196/196 798/202/202 797/203/203 2458/199/199
f 2458/199/199 797/203/203 100/204/204 1541/205/205
f 2457/197/197 2458/199/199 1541/205/205 1542/206/206
f 2456/198/198 2457/197/197 1542/206/206 1543/207/207
f 385/208/208 2456/198/198 1543/207/207 12/209/209
f 384/210/210 2453/194/194 2456/198/198 385/208/208
f 383/200/200 2450/191/191 2453/194/194 384/210/210
f 2459/211/211 2460/212/212 2463/213/213 2462/214/214
f 2460/212/212 2461/215/215 2464/216/216 2463/213/213
f 2462/214/214 2463/213/213 2466/217/217 2465/218/218
f 2463/213/213 2464/216/216 2467/219/219 2466/217/217
f 12/209/209 1543/207/207 2459/211/211 386/220/220
f 1543/207/207 1542/206/206 2460/212/212 2459/211/211
f 1542/206/206 1541/205/205 2461/215/215 2460/212/212
f 1541/205/205 100/204/204 832/221/221 2461/215/215
f 2461/215/215 832/221/221 831/222/222 2464/216/216
f 2464/216/216 831/222/222 830/223/223 2467/219/219
f 2467/219/219 830/223/223 106/224/224 1544/225/225
f 2466/217/217 2467/219/219 1544/225/225 1545/226/226
f 2465/218/218 2466/217/217 1545/226/226 1546/227/227
f 388/228/228 2465/218/218 1546/227/227 13/229/229
f 387/230/230 2462/214/214 2465/218/218 388/228/228
f 386/220/220 2459/211/211 2462/214/214 387/230/230
f 2468/231/231 2469/232/232 2472/233/233 2471/234/234
f 2469/232/232 2470/235/235 2473/236/236 2472/233/233
f 2471/234/234 2472/233/233 2475/237/237 2474/238/238
f 2472/233/233 2473/236/236 2476/239/239 2475/237/237
f 13/229/229 1546/227/227 2468/231/231 389/240/240
f 1546/227/227 1545/226/226 2469/232/232 2468/231/231
f 1545/226/226 1544/225/225 2470/235/235 2469/232/232
f 1544/225/225 106/224/224 865/241/241 2470/235/235
f 2470/235/235 865/241/241 864/242/242 2473/236/236
f 2473/236/236 864/242/242 863/243/243 2476/239/239
f 2476/239/239 863/243/243 112/244/244 1547/245/245
f 2475/237/237 2476/239/239 1547/245/245 1548/246/246
f 2474/238/238 2475/237/237 1548/246/246 1549/247/247
f 391/248/248 2474/238/238 1549/247/247 14/249/249
f 390/250/250 2471/234/234 2474/238/238 391/248/248
f 389/240/240 2468/231/231 2471/234/234 390/250/250
f 2477/251/251 2478/252/252 2481/253/253 2480/254/254
f 2478/252/252 2479/255/255 2482/256/256 2481/253/253
f 2480/254/254 2481/253/253 2484/257/257 2483/258/258
f 2481/253/253 2482/256/256 2485/259/259 2484/257/257
f 14/249/249 1549/247/247 2477/251/251 392/260/260
f 1549/247/247 1548/246/246 2478/252/252 2477/251/251
f 1548/246/246 1547/245/245 2479/255/255 2478/252/252
f 1547/245/245 112/244/244 898/261/261 2479/255/255
f 2479/255/255 898/261/261 897/262/262 2482/256/256
f 2482/256/256 897/262/262 896/263/263 2485/259/259
f 2485/259/259 896/263/263 118/264/264 1550/265/265
f 2484/257/257 2485/259/259 1550/265/265 1551/266/266
f 2483/258/258 2484/257/257 1551/266/266 1552/267/267
f 394/268/268 2483/258/258 1552/267/267 15/269/269
f 393/270/270 2480/254/254 2483/258/258 394/268/268
f 392/260/260 2477/251/251 2480/254/254 393/270/270
f 2486/271/271 2487/272/272 2490/273/273 2489/274/274
f 2487/272/272 2488/275/275 2491/276/276 2490/273/273
f 2489/274/274 2490/273/273 2493/277/277 2492/278/278
f 2490/273/273 2491/276/276 2494/279/279 2493/277/277
f 15/269/269 1552/267/267 2486/271/271 395/280/280
f 1552/267/267 1551/266/266 2487/272/272 2486/271/271
f 1551/266/266 1550/265/265 2488/275/275 2487/272/272
f 1550/265/265 118/264/264 931/281/281 2488/275/275
f 2488/275/275 931/281/281 930/282/282 2491/276/276
f 2491/276/276 930/282/282 929/283/283 2494/279/279
f 2494/279/279 929/283/283 124/284/284 1553/285/285
f 2493/277/277 2494/279/279 1553/285/285 1554/286/286
f 2492/278/278 2493/277/277 1554/286/286 1555/287/287
f 397/288/288 2492/278/278 1555/287/287 16/289/289
f 396/290/290 2489/274/274 2492/278/278 397/288/288
f 395/280/280 2486/271/271 2489/274/274 396/290/290
f 2495/291/291 2496/292/292 2499/293/293 2498/294/294
f 2496/292/292 2497/295/295 2500/296/296 2499/293/293
f 2498/294/294 2499/293/293 2502/297/297 2501/298/298
f 2499/293/293 2500/296/296 2503/299/299 2502/297/297
f 16/289/289 1555/287/287 2495/291/291 398/300/300
f 1555/287/287 1554/286/286 2496/292/292 2495/291/291
f 1554/286/286 1553/285/285 2497/295/295 2496/292/292
f 1553/285/285 124/284/284 964/301/301 2497/295/295
f 2497/295/295 964/301/301 963/302/302 2500/296/296
f 2500/296/296 963/302/302 962/303/303 2503/299/299
f 2503/299/299 962/303/303 130/304/304 1556/305/305
f 2502/297/297 2503/299/299 1556/305/305 1557/306/306
f 2501/298/298 2502/297/297 1557/306/306 1558/307/307
f 400/308/308 2501/298/298 1558/307/307 17/309/309
f 399/310/310 2498/294/294 2501/298/298 400/308/308
f 398/300/300 2495/291/291 2498/294/294 399/310/310
f 2504/311/311 2505/312/312 2508/313/313 2507/314/314
f 2505/312/312 2506/315/315 2509/316/316 2508/313/313
f 2507/314/314 2508/313/313 2511/317/317 2510/318/318
f 2508/313/313 2509/316/316 2512/319/319 2511/317/317
f 17/309/309 1558/307/307 2504/311/311 401/320/320
f 1558/307/307 1557/306/306 2505/312/312 2504/311/311
f 1557/306/306 1556/305/305 2506/315/315 2505/312/312
f 1556/305/305 130/304/304 997/321/321 2506/315/315
f 2506/315/315 997/321/321 996/322/322 2509/316/316
f 2509/316/316 996/322/322 995/323/323 2512/319/319
f 2512/319/319 995/323/323 136/324/324 1559/325/325
f 2511/317/317 2512/319/319 1559/325/325 1560/326/326
f 2510/318/318 2511/317/317 1560/326/326 1561/327/327
f 403/328/328 2510/318/318 1561/327/327 18/329/329
f 402/330/330 2507/314/314 2510/318/318 403/328/328
f 401/320/320 2504/311/311 2507/314/314 402/330/330
f 2513/331/331 2514/332/332 2517/333/333 2516/334/334
f 2514/332/332 2515/335/335 2518/336/336 2517/333/333
f 2516/334/334 2517/333/333 2520/337/337 2519/338/338
f 2517/333/333 2518/336/336 2521/339/339 2520/337/337
f 18/329/329 1561/327/327 2513/331/331 404/340/340
f 1561/327/327 1560/326/326 2514/332/332 2513/331/331
f 1560/326/326 1559/325/325 2515/335/335 2514/332/332
f 1559/325/325 136/324/324 1030/341/341 2515/335/335
f 2515/335/335 1030/341/341 1029/342/342 2518/336/336
f 2518/336/336 1029/342/342 1028/343/343 2521/339/339
f 2521/339/339 1028/343/343 142/344/344 1562/345/345
f 2520/337/337 2521/339/339 1562/345/345 1563/346/346
f 2519/338/338 2520/337/337 1563/346/346 1564/347/347
f 406/348/348 2519/338/338 1564/347/347 19/349/349
f 405/350/350 2516/334/334 2519/338/338 406/348/348
f 404/340/340 2513/331/331 2516/334/334 405/350/350
f 2522/351/351 2523/352/352 2526/353/353 2525/354/354
f 2523/352/352 2524/355/355 2527/356/356 2526/353/353
f 2525/354/354 2526/353/353 2529/357/357 2528/358/358
f 2526/353/353 2527/356/356 2530/359/359 2529/357/357
f 19/349/349 1564/347/347 2522/351/351 407/360/360
f 1564/347/347 1563/346/346 2523/352/352 2522/351/351
f 1563/346/346 1562/345/345 2524/355/355 2523/352/352
f 1562/345/345 142/344/344 1063/361/361 2524/355/355
f 2524/355/355 1063/361/361 1062/362/362 2527/356/356
f 2527/356/356 1062/362/362 1061/363/363 2530/359/359
f 2530/359/359 1061/363/363 148/364/364 1565/365/365
f 2529/357/357 2530/359/359 1565/365/365 1566/366/366
f 2528/358/358 2529/357/357 1566/366/366 1567/367/367
f 409/368/368 2528/358/358 1567/367/367 20/369/369
f 408/370/370 2525/354/354 2528/358/358 409/368/368
f 407/360/360 2522/351/351 2525/354/354 408/370/370
f 2531/371/371 2532/372/372 2535/373/373 2534/374/374
f 2532/372/372 2533/375/375 2536/376/376 2535/373/373
f 2534/374/374 2535/373/373 2538/377/377 2537/378/378
f 2535/373/373 2536/376/376 2539/379/379 2538/377/377
f 20/369/369 1567/367/367 2531/371/371 410/380/380
f 1567/367/367 1566/366/366 2532/372/372 2531/371/371
f 1566/366/366 1565/365/365 2533/375/375 2532/372/372
f 1565/365/365 148/364/364 1096/381/381 2533/375/375
f 2533/375/375 1096/381/381 1095/382/382 2536/376/376
f 2536/376/376 1095/382/382 1094/383/383 2539/379/379
f 2539/379/379 1094/383/383 154/384/384 1568/385/385
f 2538/377/377 2539/379/379 1568/385/385 1569/386/386
f 2537/378/378 2538/377/377 1569/386/386 1570/387/387
f 412/388/388 2537/378/378 1570/387/387 21/389/389
f 411/390/390 2534/374/374 2537/378/378 412/388/388
f 410/380/380 2531/371/371 2534/374/374 411/390/390
f 2540/391/391 2541/392/392 2544/393/393 2543/394/394
f 2541/392/392 2542/395/395 2545/396/396 2544/393/393
f 2543/394/394 2544/393/393 2547/397/397 2546/398/398
f 2544/393/393 2545/396/396 2548/399/399 2547/397/397
f 21/389/389 1570/387/387 2540/391/391 413/400/400
f 1570/387/387 1569/386/386 2541/392/392 2540/391/391
f 1569/386/386 1568/385/385 2542/395/395 2541/392/392
f 1568/385/385 154/384/384 1129/401/401 2542/395/395
f 2542/395/395 1129/401/401 1128/402/402 2545/396/396
f 2545/396/396 1128/402/402 1127/403/403 2548/399/399
f 2548/399/399 1127/403/403 160/404/404 1571/405/405
f 2547/397/397 2548/399/399 1571/405/405 1572/406/406
f 2546/398/398 2547/397/397 1572/406/406 1573/407/407
f 415/408/408 2546/398/398 1573/407/407 22/409/409
f 414/410/410 2543/394/394 2546/398/398 415/408/408
f 413/400/400 2540/391/391 2543/394/394 414/410/410
f 2549/411/411 2550/412/412 2553/413/413 2552/414/414
f 2550/412/412 2551/415/415 2554/416/416 2553/413/413
f 2552/414/414 2553/413/413 2556/417/417 2555/418/418
f 2553/413/413 2554/416/416 2557/419/419 2556/417/417
f 22/409/409 1573/407/407 2549/411/411 416/420/420
f 1573/407/407 1572/406/406 2550/412/412 2549/411/411
f 1572/406/406 1571/405/405 2551/415/415 2550/412/412
f 1571/405/405 160/404/404 1162/421/421 2551/415/415
f 2551/415/415 1162/421/421 1161/422/422 2554/416/416
f 2554/416/416 1161/422/422 1160/423/423 2557/419/419
f 2557/419/419 1160/423/423 166/424/424 1574/425/425
f 2556/417/417 2557/419/419 1574/425/425 1575/426/426
f 2555/418/418 2556/417/417 1575/426/426 1576/427/427
f 418/428/428 2555/418/418 1576/427/427 23/429/429
f 417/430/430 2552/414/414 2555/418/418 418/428/428
f 416/420/420 2549/411/411 2552/414/414 417/430/430
f 2558/431/431 2559/432/432 2562/433/433 2561/434/434
f 2559/432/432 2560/435/435 2563/436/436 2562/433/433
f 2561/434/434 2562/433/433 2565/437/437 2564/438/438
f 2562/433/433 2563/436/436 2566/439/439 2565/437/437
f 23/429/429 1576/427/427 2558/431/431 419/440/440
f 1576/427/427 1575/426/426 2559/432/432 2558/431/431
f 1575/426/426 1574/425/425 2560/435/435 2559/432/432
f 1574/425/425 166/424/424 1195/441/441 2560/435/435
f 2560/435/435 1195/441/441 1194/442/442 2563/436/436
f 2563/436/436 1194/442/442 1193/443/443 2566/439/439
f 2566/439/439 1193/443/443 172/444/444 1577/445/445
f 2565/437/437 2566/439/439 1577/445/445 1578/446/446
f 2564/438/438 2565/437/437 1578/446/446 1579/447/447
f 421/448/448 2564/438/438 1579/447/447 24/449/449
f 420/450/450 2561/434/434 2564/438/438 421/448/448
f 419/440/440 2558/431/431 2561/434/434 420/450/450
f 2567/451/451 2568/452/452 2571/453/453 2570/454/454
f 2568/452/452 2569/455/455 2572/456/456 2571/453/453
f 2570/454/454 2571/453/453 2574/457/457 2573/458/458
f 2571/453/453 2572/456/456 2575/459/459 2574/457/457
f 24/449/449 1579/447/447 2567/451/451 422/460/460
f 1579/447/447 1578/446/446 2568/452/452 2567/451/451
f 1578/446/446 1577/445/445 2569/455/455 2568/452/452
f 1577/445/445 172/444/444 1228/461/461 2569/455/455
f 2569/455/455 1228/461/461 1227/462/462 2572/456/456
f 2572/456/456 1227/462/462 1226/463/463 2575/459/459
f 2575/459/459 1226/463/463 178/464/464 1580/465/465
f 2574/457/457 2575/459/459 1580/465/465 1581/466/466
f 2573/458/458 2574/457/457 1581/466/466 1582/467/467
f 424/468/468 2573/458/458 1582/467/467 25/469/469
f 423/470/470 2570/454/454 2573/458/458 424/468/468
f 422/460/460 2567/451/451 2570/454/454 423/470/470
f 2576/471/471 2577/472/472 2580/473/473 2579/474/474
f 2577/472/472 2578/475/475 2581/476/476 2580/473/473
f 2579/474/474 2580/473/473 2583/477/477 2582/478/478
f 2580/473/473 2581/476/476 2584/479/479 2583/477/477
f 25/469/469 1582/467/467 2576/471/471 425/480/480
f 1582/467/467 1581/466/466 2577/472/472 2576/471/471
f 1581/466/466 1580/465/465 2578/475/475 2577/472/472
f 1580/465/465 178/464/464 1261/481/481 2578/475/475
f 2578/475/475 1261/481/481 1260/482/482 2581/476/476
f 2581/476/476 1260/482/482 1259/483/483 2584/479/479
f 2584/479/479 1259/483/483 184/484/484 1583/485/485
f 2583/477/477 2584/479/479 1583/485/485 1584/486/486
f 2582/478/478 2583/477/477 1584/486/486 1585/487/487
f 427/488/488 2582/478/478 1585/487/487 26/489/489
f 426/490/490 2579/474/474 2582/478/478 427/488/488
f 425/480/480 2576/471/471 2579/474/474 426/490/490
f 2585/491/491 2586/492/492 2589/493/493 2588/494/494
f 2586/492/492 2587/495/495 2590/496/496 2589/493/493
f 2588/494/494 2589/493/493 2592/497/497 2591/498/498
f 2589/493/493 2590/496/496 2593/499/499 2592/497/497
f 26/489/489 1585/487/487 2585/491/491 428/500/500
f 1585/487/487 1584/486/486 2586/492/492 2585/491/491
f 1584/486/486 1583/485/485 2587/495/495 2586/492/492
f 1583/485/485 184/484/484 1294/501/501 2587/495/495
f 2587/495/495 1294/501/501 1293/502/502 2590/496/496
f 2590/496/496 1293/502/502 1292/503/503 2593/499/499
f 2593/499/499 1292/503/503 190/504/504 1586/505/505
f 2592/497/497 2593/499/499 1586/505/505 1587/506/506
f 2591/498/498 2592/497/497 1587/506/506 1588/507/507
f 430/508/508 2591/498/498 1588/507/507 27/509/509
f 429/510/510 2588/494/494 2591/498/498 430/508/508
f 428/500/500 2585/491/491 2588/494/494 429/510/510
f 2594/511/511 2595/512/512 2598/513/513 2597/514/514
f 2595/512/512 2596/515/515 2599/516/516 2598/513/513
f 2597/514/514 2598/513/513 2601/517/517 2600/518/518
f 2598/513/513 2599/516/516 2602/519/519 2601/517/517
f 27/509/509 1588/507/507 2594/511/511 431/520/520
f 1588/507/507 1587/506/506 2595/512/512 2594/511/511
f 1587/506/506 1586/505/505 2596/515/515 2595/512/512
f 1586/505/505 190/504/504 1327/521/521 2596/515/515
f 2596/515/515 1327/521/521 1326/522/522 2599/516/516
f 2599/516/516 1326/522/522 1325/523/523 2602/519/519
f 2602/519/519 1325/523/523 196/524/524 1589/525/525
f 2601/517/517 2602/519/519 1589/525/525 1590/526/526
f 2600/518/518 2601/517/517 1590/526/526 1591/527/527
f 433/528/528 2600/518/518 1591/527/527 28/529/529
f 432/530/530 2597/514/514 2600/518/518 433/528/528
f 431/520/520 2594/511/511 2597/514/514 432/530/530
f 2603/531/531 2604/532/532 2607/533/533 2606/534/534
f 2604/532/532 2605/535/535 2608/536/536 2607/533/533
f 2606/534/534 2607/533/533 2610/537/537 2609/538/538
f 2607/533/533 2608/536/536 2611/539/539 2610/537/537
f 28/529/529 1591/527/527 2603/531/531 434/540/540
f 1591/527/527 1590/526/526 2604/532/532 2603/531/531
f 1590/526/526 1589/525/525 2605/535/535 2604/532/532
f 1589/525/525 196/524/524 1360/541/541 2605/535/535
f 2605/535/535 1360/541/541 1359/542/542 2608/536/536
f 2608/536/536 1359/542/542 1358/543/543 2611/539/539
f 2611/539/539 1358/543/543 202/544/544 1592/545/545
f 2610/537/537 2611/539/539 1592/545/545 1593/546/546
f 2609/538/538 2610/537/537 1593/546/546 1594/547/547
f 436/548/548 2609/538/538 1594/547/547 29/549/549
f 435/550/550 2606/534/534 2609/538/538 436/548/548
f 434/540/540 2603/531/531 2606/534/534 435/550/550
f 2612/551/551 2613/552/552 2616/553/553 2615/554/554
f 2613/552/552 2614/555/555 2617/556/556 2616/553/553
f 2615/554/554 2616/553/553 2619/557/557 2618/558/558
f 2616/553/553 2617/556/556 2620/559/559 2619/557/557
f 29/549/549 1594/547/547 2612/551/551 437/560/560
f 1594/547/547 1593/546/546 2613/552/552 2612/551/551
f 1593/546/546 1592/545/545 2614/555/555 2613/552/552
f 1592/545/545 202/544/544 1393/561/561 2614/555/555
f 2614/555/555 1393/561/561 1392/562/562 2617/556/556
f 2617/556/556 1392/562/562 1391/563/563 2620/559/559
f 2620/559/559 1391/563/563 208/564/564 1595/565/565
f 2619/557/557 2620/559/559 1595/565/565 1596/566/566
f 2618/558/558 2619/557/557 1596/566/566 1597/567/567
f 439/568/568 2618/558/558 1597/567/567 30/569/569
f 438/570/570 2615/554/554 2618/558/558 439/568/568
f 437/560/560 2612/551/551 2615/554/554 438/570/570
f 2621/571/571 2622/572/572 2625/573/573 2624/574/574
f 2622/572/572 2623/575/575 2626/576/576 2625/573/573
f 2624/574/574 2625/573/573 2628/577/577 2627/578/578
f 2625/573/573 2626/576/576 2629/579/579 2628/577/577
f 30/569/569 1597/567/567 2621/571/571 440/580/580
f 1597/567/567 1596/566/566 2622/572/572 2621/571/571
f 1596/566/566 1595/565/565 2623/575/575 2622/572/572
f 1595/565/565 208/564/564 1426/581/581 2623/575/575
f 2623/575/575 1426/581/581 1425/582/582 2626/576/576
f 2626/576/576 1425/582/582 1424/583/583 2629/579/579
f 2629/579/579 1424/583/583 214/584/584 1598/585/585
f 2628/577/577 2629/579/579 1598/585/585 1599/586/586
f 2627/578/578 2628/577/577 1599/586/586 1600/587/587
f 442/588/588 2627/578/578 1600/587/587 31/589/589
f 441/590/590 2624/574/574 2627/578/578 442/588/588
f 440/580/580 2621/571/571 2624/574/574 441/590/590
f 2630/591/591 2631/592/592 2634/593/593 2633/594/594
f 2631/592/592 2632/595/595 2635/596/596 2634/593/593
f 2633/594/594 2634/593/593 2637/597/597 2636/598/598
f 2634/593/593 2635/596/596 2638/599/599 2637/597/597
f 31/589/589 1600/587/587 2630/591/591 443/600/600
f 1600/587/587 1599/586/586 2631/592/592 2630/591/591
f 1599/586/586 1598/585/585 2632/595/595 2631/592/592
f 1598/585/585 214/584/584 1459/601/601 2632/595/595
f 2632/595/595 1459/601/601 1458/602/602 2635/596/596
f 2635/596/596 1458/602/602 1457/603/603 2638/599/599
f 2638/599/599 1457/603/603 220/15/15 1513/14/14
f 2637/597/597 2638/599/599 1513/14/14 1512/13/13
f 2636/598/598 2637/597/597 1512/13/13 1511/11/11
f 445/604/604 2636/598/598 1511/11/11 32/10/10
f 444/605/605 2633/594/594 2636/598/598 445/604/604
f 443/600/600 2630/591/591 2633/594/594 444/605/605
f 2639/606/606 2640/607/607 2643/608/608 2642/609/609
f 2640/607/607 2641/610/610 2644/611/611 2643/608/608
f 2642/609/609 2643/608/608 2646/612/612 2645/613/613
f 2643/608/608 2644/611/611 2647/614/614 2646/612/612
f 1/615/24 1505/616/22 2639/606/606 353/617/615
f 1505/616/22 1506/618/21 2640/607/607 2639/606/606
f 1506/618/21 1507/619/20 2641/610/610 2640/607/607
f 1507/619/20 34/620/19 454/621/616 2641/610/610
f 2641/610/610 454/621/616 453/622/617 2644/611/611
f 2644/611/611 453/622/617 452/623/618 2647/614/614
f 2647/614/614 452/623/618 40/624/619 1508/625/620
f 2646/612/612 2647/614/614 1508/625/620 1509/626/621
f 2645/613/613 2646/612/612 1509/626/621 1510/627/622
f 355/628/623 2645/613/613 1510/627/622 2/629/624
f 354/630/625 2642/609/609 2645/613/613 355/628/623
f 353/617/615 2639/606/606 2642/609/609 354/630/625
f 2648/631/626 2649/632/627 2652/633/628 2651/634/629
f 2649/632/627 2650/635/630 2653/636/631 2652/633/628
f 2651/634/629 2652/633/628 2655/637/632 2654/638/633
f 2652/633/628 2653/636/631 2656/639/634 2655/637/632
f 2/629/624 1510/627/622 2648/631/626 356/640/635
f 1510/627/622 1509/626/621 2649/632/627 2648/631/626
f 1509/626/621 1508/625/620 2650/635/630 2649/632/627
f 1508/625/620 40/624/619 502/641/636 2650/635/630
f 2650/635/630 502/641/636 501/642/637 2653/636/631
f 2653/636/631 501/642/637 500/643/638 2656/639/634
f 2656/639/634 500/643/638 46/40/40 1514/39/39
f 2655/637/632 2656/639/634 1514/39/39 1515/38/38
f 2654/638/633 2655/637/632 1515/38/38 1516/36/36
f 358/644/639 2654/638/633 1516/36/36 3/35/35
f 357/645/640 2651/634/629 2654/638/633 358/644/639
f 356/640/635 2648/631/626 2651/634/629 357/645/640
f 2657/646/641 2658/647/642 2661/648/643 2660/649/644
f 2658/647/642 2659/650/645 2662/651/646 2661/648/643
f 2660/649/644 2661/648/643 2664/652/647 2663/653/648
f 2661/648/643 2662/651/646 2665/654/649 2664/652/647
f 28/529/529 434/655/540 2657/646/641 2357/656/650
f 434/655/540 435/550/550 2658/647/642 2657/646/641
f 435/550/550 436/657/548 2659/650/645 2658/647/642
f 436/657/548 29/549/549 2360/658/651 2659/650/645
f 2659/650/645 2360/658/651 2361/659/652 2662/651/646
f 2662/651/646 2361/659/652 2362/660/653 2665/654/649
f 2665/654/649 2362/660/653 337/661/654 2179/662/655
f 2664/652/647 2665/654/649 2179/662/655 2178/663/656
f 2663/653/648 2664/652/647 2178/663/656 2177/664/657
f 2359/665/658 2663/653/648 2177/664/657 333/666/659
f 2358/667/660 2660/649/644 2663/653/648 2359/665/658
f 2357/656/650 2657/646/641 2660/649/644 2358/667/660
f 2666/668/661 2667/669/662 2670/670/663 2669/671/664
f 2667/669/662 2668/672/665 2671/673/666 2670/670/663
f 2669/671/664 2670/670/663 2673/674/667 2672/675/668
f 2670/670/663 2671/673/666 2674/676/669 2673/674/667
f 40/624/619 452/677/618 2666/668/661 451/678/670
f 452/677/618 453/679/617 2667/669/662 2666/668/661
f 453/679/617 454/680/616 2668/672/665 2667/669/662
f 454/680/616 34/620/19 455/681/671 2668/672/665
f 2668/672/665 455/681/671 456/682/672 2671/673/666
f 2671/673/666 456/682/672 457/683/673 2674/676/669
f 2674/676/669 457/683/673 38/684/674 458/685/675
f 2673/674/667 2674/676/669 458/685/675 459/686/676
f 2672/675/668 2673/674/667 459/686/676 460/687/677
f 449/688/678 2672/675/668 460/687/677 44/689/679
f 450/690/680 2669/671/664 2672/675/668 449/688/678
f 451/678/670 2666/668/661 2669/671/664 450/690/680
f 2675/691/681 2676/692/682 2679/693/683 2678/694/684
f 2676/692/682 2677/695/685 2680/696/686 2679/693/683
f 2678/694/684 2679/693/683 2682/697/687 2681/698/688
f 2679/693/683 2680/696/686 2683/699/689 2682/697/687
f 44/689/679 460/687/677 2675/691/681 463/700/690
f 460/687/677 459/686/676 2676/692/682 2675/691/681
f 459/686/676 458/685/675 2677/695/685 2676/692/682
f 458/685/675 38/684/674 464/701/691 2677/695/685
f 2677/695/685 464/701/691 465/702/692 2680/696/686
f 2680/696/686 465/702/692 466/703/693 2683/699/689
f 2683/699/689 466/703/693 37/704/694 467/705/695
f 2682/697/687 2683/699/689 467/705/695 468/706/696
f 2681/698/688 2682/697/687 468/706/696 469/707/697
f 461/708/698 2681/698/688 469/707/697 43/709/699
f 462/710/700 2678/694/684 2681/698/688 461/708/698
f 463/700/690 2675/691/681 2678/694/684 462/710/700
f 2684/711/701 2685/712/702 2688/713/703 2687/714/704
f 2685/712/702 2686/715/705 2689/716/706 2688/713/703
f 2687/714/704 2688/713/703 2691/717/707 2690/718/708
f 2688/713/703 2689/716/706 2692/719/709 2691/717/707
f 43/720/699 469/721/697 2684/711/701 472/722/710
f 469/721/697 468/723/696 2685/712/702 2684/711/701
f 468/723/696 467/724/695 2686/715/705 2685/712/702
f 467/724/695 37/725/694 473/726/711 2686/715/705
f 2686/715/705 473/726/711 474/727/712 2689/716/706
f 2689/716/706 474/727/712 475/728/713 2692/719/709
f 2692/719/709 475/728/713 36/729/714 476/730/715
f 2691/717/707 2692/719/709 476/730/715 477/731/716
f 2690/718/708 2691/717/707 477/731/716 478/732/717
f 470/733/718 2690/718/708 478/732/717 42/734/719
f 471/735/720 2687/714/704 2690/718/708 470/733/718
f 472/722/710 2684/711/701 2687/714/704 471/735/720
f 2693/736/721 2694/737/722 2697/738/723 2696/739/724
f 2694/737/722 2695/740/725 2698/741/726 2697/738/723
f 2696/739/724 2697/738/723 2700/742/727 2699/743/728
f 2697/738/723 2698/741/726 2701/744/729 2700/742/727
f 42/734/719 478/732/717 2693/736/721 481/745/730
f 478/732/717 477/731/716 2694/737/722 2693/736/721
f 477/731/716 476/730/715 2695/740/725 2694/737/722
f 476/730/715 36/729/714 482/746/731 2695/740/725
f 2695/740/725 482/746/731 483/747/732 2698/741/726
f 2698/741/726 483/747/732 484/748/733 2701/744/729
f 2701/744/729 484/748/733 35/749/734 485/750/735
f 2700/742/727 2701/744/729 485/750/735 486/751/736
f 2699/743/728 2700/742/727 486/751/736 487/752/737
f 479/753/738 2699/743/728 487/752/737 41/754/739
f 480/755/740 2696/739/724 2699/743/728 479/753/738
f 481/745/730 2693/736/721 2696/739/724 480/755/740
f 2702/756/741 2703/757/742 2706/758/743 2705/759/744
f 2703/757/742 2704/760/745 2707/761/746 2706/758/743
f 2705/759/744 2706/758/743 2709/762/747 2708/763/748
f 2706/758/743 2707/761/746 2710/764/749 2709/762/747
f 41/754/739 487/752/737 2702/756/741 490/765/750
f 487/752/737 486/751/736 2703/757/742 2702/756/741
f 486/751/736 485/750/735 2704/760/745 2703/757/742
f 485/750/735 35/749/734 491/766/751 2704/760/745
f 2704/760/745 491/766/751 492/767/752 2707/761/746
f 2707/761/746 492/767/752 493/768/753 2710/764/749
f 2710/764/749 493/768/753 33/769/754 494/770/755
f 2709/762/747 2710/764/749 494/770/755 495/771/756
f 2708/763/748 2709/762/747 495/771/756 496/772/757
f 488/773/758 2708/763/748 496/772/757 39/774/759
f 489/775/760 2705/759/744 2708/763/748 488/773/758
f 490/765/750 2702/756/741 2705/759/744 489/775/760
f 2711/776/761 2712/777/762 2715/778/763 2714/779/764
f 2712/777/762 2713/780/765 2716/781/766 2715/778/763
f 2714/779/764 2715/778/763 2718/782/767 2717/783/768
f 2715/778/763 2716/781/766 2719/784/769 2718/782/767
f 46/40/40 500/785/638 2711/776/761 499/786/770
f 500/785/638 501/787/637 2712/777/762 2711/776/761
f 501/787/637 502/788/636 2713/780/765 2712/777/762
f 502/788/636 40/624/619 451/789/670 2713/780/765
f 2713/780/765 451/789/670 450/790/680 2716/781/766
f 2716/781/766 450/790/680 449/791/678 2719/784/769
f 2719/784/769 449/791/678 44/792/679 503/793/771
f 2718/782/767 2719/784/769 503/793/771 504/794/772
f 2717/783/768 2718/782/767 504/794/772 505/795/773
f 497/796/774 2717/783/768 505/795/773 50/797/775
f 498/798/776 2714/779/764 2717/783/768 497/796/774
f 499/786/770 2711/776/761 2714/779/764 498/798/776
f 2720/799/777 2721/800/778 2724/801/779 2723/802/780
f 2721/800/778 2722/803/781 2725/804/782 2724/801/779
f 2723/802/780 2724/801/779 2727/805/783 2726/806/784
f 2724/801/779 2725/804/782 2728/807/785 2727/805/783
f 50/797/775 505/795/773 2720/799/777 508/808/786
f 505/795/773 504/794/772 2721/800/778 2720/799/777
f 504/794/772 503/793/771 2722/803/781 2721/800/778
f 503/793/771 44/792/679 463/809/690 2722/803/781
f 2722/803/781 463/809/690 462/810/700 2725/804/782
f 2725/804/782 462/810/700 461/811/698 2728/807/785
f 2728/807/785 461/811/698 43/812/699 509/813/787
f 2727/805/783 2728/807/785 509/813/787 510/814/788
f 2726/806/784 2727/805/783 510/814/788 511/815/789
f 506/816/790 2726/806/784 511/815/789 49/817/791
f 507/818/792 2723/802/780 2726/806/784 506/816/790
f 508/808/786 2720/799/777 2723/802/780 507/818/792
f 2729/819/793 2730/820/794 2733/821/795 2732/822/796
f 2730/820/794 2731/823/797 2734/824/798 2733/821/795
f 2732/822/796 2733/821/795 2736/825/799 2735/826/800
f 2733/821/795 2734/824/798 2737/827/801 2736/825/799
f 49/828/791 511/829/789 2729/819/793 514/830/802
f 511/829/789 510/831/788 2730/820/794 2729/819/793
f 510/831/788 509/832/787 2731/823/797 2730/820/794
f 509/832/787 43/833/699 472/834/710 2731/823/797
f 2731/823/797 472/834/710 471/835/720 2734/824/798
f 2734/824/798 471/835/720 470/836/718 2737/827/801
f 2737/827/801 470/836/718 42/734/719 515/837/803
f 2736/825/799 2737/827/801 515/837/803 516/838/804
f 2735/826/800 2736/825/799 516/838/804 517/839/805
f 512/840/806 2735/826/800 517/839/805 48/841/807
f 513/842/808 2732/822/796 2735/826/800 512/840/806
f 514/830/802 2729/819/793 2732/822/796 513/842/808
f 2738/843/809 2739/844/810 2742/845/811 2741/846/812
f 2739/844/810 2740/847/813 2743/848/814 2742/845/811
f 2741/846/812 2742/845/811 2745/849/815 2744/850/816
f 2742/845/811 2743/848/814 2746/851/817 2745/849/815
f 48/841/807 517/839/805 2738/843/809 520/852/818
f 517/839/805 516/838/804 2739/844/810 2738/843/809
f 516/838/804 515/837/803 2740/847/813 2739/844/810
f 515/837/803 42/734/719 481/745/730 2740/847/813
f 2740/847/813 481/745/730 480/755/740 2743/848/814
f 2743/848/814 480/755/740 479/753/738 2746/851/817
f 2746/851/817 479/753/738 41/754/739 521/853/819
f 2745/849/815 2746/851/817 521/853/819 522/854/820
f 2744/850/816 2745/849/815 522/854/820 523/855/821
f 518/856/822 2744/850/816 523/855/821 47/857/823
f 519/858/824 2741/846/812 2744/850/816 518/856/822
f 520/852/818 2738/843/809 2741/846/812 519/858/824
f 2747/859/825 2748/860/826 2751/861/827 2750/862/828
f 2748/860/826 2749/863/829 2752/864/830 2751/861/827
f 2750/862/828 2751/861/827 2754/865/831 2753/866/832
f 2751/861/827 2752/864/830 2755/867/833 2754/865/831
f 47/857/823 523/855/821 2747/859/825 526/868/834
f 523/855/821 522/854/820 2748/860/826 2747/859/825
f 522/854/820 521/853/819 2749/863/829 2748/860/826
f 521/853/819 41/754/739 490/765/750 2749/863/829
f 2749/863/829 490/765/750 489/775/760 2752/864/830
f 2752/864/830 489/775/760 488/773/758 2755/867/833
f 2755/867/833 488/773/758 39/774/759 527/869/835
f 2754/865/831 2755/867/833 527/869/835 528/870/836
f 2753/866/832 2754/865/831 528/870/836 529/871/837
f 524/872/838 2753/866/832 529/871/837 45/873/839
f 525/874/840 2750/862/828 2753/866/832 524/872/838
f 526/868/834 2747/859/825 2750/862/828 525/874/840
f 2756/875/841 2757/876/842 2760/877/843 2759/878/844
f 2757/876/842 2758/879/845 2761/880/846 2760/877/843
f 2759/878/844 2760/877/843 2763/881/847 2762/882/848
f 2760/877/843 2761/880/846 2764/883/849 2763/881/847
f 52/44/44 533/884/43 2756/875/841 532/885/850
f 533/884/43 534/42/42 2757/876/842 2756/875/841
f 534/42/42 535/886/41 2758/879/845 2757/876/842
f 535/886/41 46/40/40 499/887/770 2758/879/845
f 2758/879/845 499/887/770 498/888/776 2761/880/846
f 2761/880/846 498/888/776 497/889/774 2764/883/849
f 2764/883/849 497/889/774 50/890/775 536/891/851
f 2763/881/847 2764/883/849 536/891/851 537/892/852
f 2762/882/848 2763/881/847 537/892/852 538/893/853
f 530/894/854 2762/882/848 538/893/853 56/895/855
f 531/896/856 2759/878/844 2762/882/848 530/894/854
f 532/885/850 2756/875/841 2759/878/844 531/896/856
f 2765/897/857 2766/898/858 2769/899/859 2768/900/860
f 2766/898/858 2767/901/861 2770/902/862 2769/899/859
f 2768/900/860 2769/899/859 2772/903/863 2771/904/864
f 2769/899/859 2770/902/862 2773/905/865 2772/903/863
f 56/895/855 538/893/853 2765/897/857 541/906/866
f 538/893/853 537/892/852 2766/898/858 2765/897/857
f 537/892/852 536/891/851 2767/901/861 2766/898/858
f 536/891/851 50/890/775 508/907/786 2767/901/861
f 2767/901/861 508/907/786 507/908/792 2770/902/862
f 2770/902/862 507/908/792 506/909/790 2773/905/865
f 2773/905/865 506/909/790 49/910/791 542/911/867
f 2772/903/863 2773/905/865 542/911/867 543/912/868
f 2771/904/864 2772/903/863 543/912/868 544/913/869
f 539/914/870 2771/904/864 544/913/869 55/915/871
f 540/916/872 2768/900/860 2771/904/864 539/914/870
f 541/906/866 2765/897/857 2768/900/860 540/916/872
f 2774/917/873 2775/918/874 2778/919/875 2777/920/876
f 2775/918/874 2776/921/877 2779/922/878 2778/919/875
f 2777/920/876 2778/919/875 2781/923/879 2780/924/880
f 2778/919/875 2779/922/878 2782/925/881 2781/923/879
f 55/926/871 544/927/869 2774/917/873 547/928/882
f 544/927/869 543/929/868 2775/918/874 2774/917/873
f 543/929/868 542/930/867 2776/921/877 2775/918/874
f 542/930/867 49/931/791 514/932/802 2776/921/877
f 2776/921/877 514/932/802 513/933/808 2779/922/878
f 2779/922/878 513/933/808 512/934/806 2782/925/881
f 2782/925/881 512/934/806 48/841/807 548/935/883
f 2781/923/879 2782/925/881 548/935/883 549/936/884
f 2780/924/880 2781/923/879 549/936/884 550/937/885
f 545/938/886 2780/924/880 550/937/885 54/939/887
f 546/940/888 2777/920/876 2780/924/880 545/938/886
f 547/928/882 2774/917/873 2777/920/876 546/940/888
f 2783/941/889 2784/942/890 2787/943/891 2786/944/892
f 2784/942/890 2785/945/893 2788/946/894 2787/943/891
f 2786/944/892 2787/943/891 2790/947/895 2789/948/896
f 2787/943/891 2788/946/894 2791/949/897 2790/947/895
f 54/939/887 550/937/885 2783/941/889 553/950/898
f 550/937/885 549/936/884 2784/942/890 2783/941/889
f 549/936/884 548/935/883 2785/945/893 2784/942/890
f 548/935/883 48/841/807 520/852/818 2785/945/893
f 2785/945/893 520/852/818 519/858/824 2788/946/894
f 2788/946/894 519/858/824 518/856/822 2791/949/897
f 2791/949/897 518/856/822 47/857/823 554/951/899
f 2790/947/895 2791/949/897 554/951/899 555/952/900
f 2789/948/896 2790/947/895 555/952/900 556/953/901
f 551/954/902 2789/948/896 556/953/901 53/955/903
f 552/956/904 2786/944/892 2789/948/896 551/954/902
f 553/950/898 2783/941/889 2786/944/892 552/956/904
f 2792/957/905 2793/958/906 2796/959/907 2795/960/908
f 2793/958/906 2794/961/909 2797/962/910 2796/959/907
f 2795/960/908 2796/959/907 2799/963/911 2798/964/912
f 2796/959/907 2797/962/910 2800/965/913 2799/963/911
f 53/955/903 556/953/901 2792/957/905 559/966/914
f 556/953/901 555/952/900 2793/958/906 2792/957/905
f 555/952/900 554/951/899 2794/961/909 2793/958/906
f 554/951/899 47/857/823 526/868/834 2794/961/909
f 2794/961/909 526/868/834 525/874/840 2797/962/910
f 2797/962/910 525/874/840 524/872/838 2800/965/913
f 2800/965/913 524/872/838 45/873/839 560/967/915
f 2799/963/911 2800/965/913 560/967/915 561/968/916
f 2798/964/912 2799/963/911 561/968/916 562/969/917
f 557/970/918 2798/964/912 562/969/917 51/971/919
f 558/972/920 2795/960/908 2798/964/912 557/970/918
f 559/966/914 2792/957/905 2795/960/908 558/972/920
f 2801/973/921 2802/974/922 2805/975/923 2804/976/924
f 2802/974/922 2803/977/925 2806/978/926 2805/975/923
f 2804/976/924 2805/975/923 2808/979/927 2807/980/928
f 2805/975/923 2806/978/926 2809/981/929 2808/979/927
f 58/64/64 566/982/63 2801/973/921 565/983/930
f 566/982/63 567/984/62 2802/974/922 2801/973/921
f 567/984/62 568/985/61 2803/977/925 2802/974/922
f 568/985/61 52/44/44 532/986/850 2803/977/925
f 2803/977/925 532/986/850 531/987/856 2806/978/926
f 2806/978/926 531/987/856 530/988/854 2809/981/929
f 2809/981/929 530/988/854 56/989/855 569/990/931
f 2808/979/927 2809/981/929 569/990/931 570/991/932
f 2807/980/928 2808/979/927 570/991/932 571/992/933
f 563/993/934 2807/980/928 571/992/933 62/994/935
f 564/995/936 2804/976/924 2807/980/928 563/993/934
f 565/983/930 2801/973/921 2804/976/924 564/995/936
f 2810/996/937 2811/997/938 2814/998/939 2813/999/940
f 2811/997/938 2812/1000/941 2815/1001/942 2814/998/939
f 2813/999/940 2814/998/939 2817/1002/943 2816/1003/944
f 2814/998/939 2815/1001/942 2818/1004/945 2817/1002/943
f 62/994/935 571/992/933 2810/996/937 574/1005/946
f 571/992/933 570/991/932 2811/997/938 2810/996/937
f 570/991/932 569/990/931 2812/1000/941 2811/997/938
f 569/990/931 56/989/855 541/1006/866 2812/1000/941
f 2812/1000/941 541/1006/866 540/1007/872 2815/1001/942
f 2815/1001/942 540/1007/872 539/1008/870 2818/1004/945
f 2818/1004/945 539/1008/870 55/1009/871 575/1010/947
f 2817/1002/943 2818/1004/945 575/1010/947 576/1011/948
f 2816/1003/944 2817/1002/943 576/1011/948 577/1012/949
f 572/1013/950 2816/1003/944 577/1012/949 61/1014/951
f 573/1015/952 2813/999/940 2816/1003/944 572/1013/950
f 574/1005/946 2810/996/937 2813/999/940 573/1015/952
f 2819/1016/953 2820/1017/954 2823/1018/955 2822/1019/956
f 2820/1017/954 2821/1020/957 2824/1021/958 2823/1018/955
f 2822/1019/956 2823/1018/955 2826/1022/959 2825/1023/960
f 2823/1018/955 2824/1021/958 2827/1024/961 2826/1022/959
f 61/1025/951 577/1026/949 2819/1016/953 580/1027/962
f 577/1026/949 576/1028/948 2820/1017/954 2819/1016/953
f 576/1028/948 575/1029/947 2821/1020/957 2820/1017/954
f 575/1029/947 55/1030/871 547/1031/882 2821/1020/957
f 2821/1020/957 547/1031/882 546/1032/888 2824/1021/958
f 2824/1021/958 546/1032/888 545/1033/886 2827/1024/961
f 2827/1024/961 545/1033/886 54/939/887 581/1034/963
f 2826/1022/959 2827/1024/961 581/1034/963 582/1035/964
f 2825/1023/960 2826/1022/959 582/1035/964 583/1036/965
f 578/1037/966 2825/1023/960 583/1036/965 60/1038/967
f 579/1039/968 2822/1019/956 2825/1023/960 578/1037/966
f 580/1027/962 2819/1016/953 2822/1019/956 579/1039/968
f 2828/1040/969 2829/1041/970 2832/1042/971 2831/1043/972
f 2829/1041/970 2830/1044/973 2833/1045/974 2832/1042/971
f 2831/1043/972 2832/1042/971 2835/1046/975 2834/1047/976
f 2832/1042/971 2833/1045/974 2836/1048/977 2835/1046/975
f 60/1038/967 583/1036/965 2828/1040/969 586/1049/978
f 583/1036/965 582/1035/964 2829/1041/970 2828/1040/969
f 582/1035/964 581/1034/963 2830/1044/973 2829/1041/970
f 581/1034/963 54/939/887 553/950/898 2830/1044/973
f 2830/1044/973 553/950/898 552/956/904 2833/1045/974
f 2833/1045/974 552/956/904 551/954/902 2836/1048/977
f 2836/1048/977 551/954/902 53/955/903 587/1050/979
f 2835/1046/975 2836/1048/977 587/1050/979 588/1051/980
f 2834/1047/976 2835/1046/975 588/1051/980 589/1052/981
f 584/1053/982 2834/1047/976 589/1052/981 59/1054/983
f 585/1055/984 2831/1043/972 2834/1047/976 584/1053/982
f 586/1049/978 2828/1040/969 2831/1043/972 585/1055/984
f 2837/1056/985 2838/1057/986 2841/1058/987 2840/1059/988
f 2838/1057/986 2839/1060/989 2842/1061/990 2841/1058/987
f 2840/1059/988 2841/1058/987 2844/1062/991 2843/1063/992
f 2841/1058/987 2842/1061/990 2845/1064/993 2844/1062/991
f 59/1054/983 589/1052/981 2837/1056/985 592/1065/994
f 589/1052/981 588/1051/980 2838/1057/986 2837/1056/985
f 588/1051/980 587/1050/979 2839/1060/989 2838/1057/986
f 587/1050/979 53/955/903 559/966/914 2839/1060/989
f 2839/1060/989 559/966/914 558/972/920 2842/1061/990
f 2842/1061/990 558/972/920 557/970/918 2845/1064/993
f 2845/1064/993 557/970/918 51/971/919 593/1066/995
f 2844/1062/991 2845/1064/993 593/1066/995 594/1067/996
f 2843/1063/992 2844/1062/991 594/1067/996 595/1068/997
f 590/1069/998 2843/1063/992 595/1068/997 57/1070/999
f 591/1071/1000 2840/1059/988 2843/1063/992 590/1069/998
f 592/1065/994 2837/1056/985 2840/1059/988 591/1071/1000
f 2846/1072/1001 2847/1073/1002 2850/1074/1003 2849/1075/1004
f 2847/1073/1002 2848/1076/1005 2851/1077/1006 2850/1074/1003
f 2849/1075/1004 2850/1074/1003 2853/1078/1007 2852/1079/1008
f 2850/1074/1003 2851/1077/1006 2854/1080/1009 2853/1078/1007
f 64/84/84 599/1081/83 2846/1072/1001 598/1082/1010
f 599/1081/83 600/1083/82 2847/1073/1002 2846/1072/1001
f 600/1083/82 601/1084/81 2848/1076/1005 2847/1073/1002
f 601/1084/81 58/64/64 565/1085/930 2848/1076/1005
f 2848/1076/1005 565/1085/930 564/1086/936 2851/1077/1006
f 2851/1077/1006 564/1086/936 563/1087/934 2854/1080/1009
f 2854/1080/1009 563/1087/934 62/1088/935 602/1089/1011
f 2853/1078/1007 2854/1080/1009 602/1089/1011 603/1090/1012
f 2852/1079/1008 2853/1078/1007 603/1090/1012 604/1091/1013
f 596/1092/1014 2852/1079/1008 604/1091/1013 68/1093/1015
f 597/1094/1016 2849/1075/1004 2852/1079/1008 596/1092/1014
f 598/1082/1010 2846/1072/1001 2849/1075/1004 597/1094/1016
f 2855/1095/1017 2856/1096/1018 2859/1097/1019 2858/1098/1020
f 2856/1096/1018 2857/1099/1021 2860/1100/1022 2859/1097/1019
f 2858/1098/1020 2859/1097/1019 2862/1101/1023 2861/1102/1024
f 2859/1097/1019 2860/1100/1022 2863/1103/1025 2862/1101/1023
f 68/1093/1015 604/1091/1013 2855/1095/1017 607/1104/1026
f 604/1091/1013 603/1090/1012 2856/1096/1018 2855/1095/1017
f 603/1090/1012 602/1089/1011 2857/1099/1021 2856/1096/1018
f 602/1089/1011 62/1088/935 574/1105/946 2857/1099/1021
f 2857/1099/1021 574/1105/946 573/1106/952 2860/1100/1022
f 2860/1100/1022 573/1106/952 572/1107/950 2863/1103/1025
f 2863/1103/1025 572/1107/950 61/1108/951 608/1109/1027
f 2862/1101/1023 2863/1103/1025 608/1109/1027 609/1110/1028
f 2861/1102/1024 2862/1101/1023 609/1110/1028 610/1111/1029
f 605/1112/1030 2861/1102/1024 610/1111/1029 67/1113/1031
f 606/1114/1032 2858/1098/1020 2861/1102/1024 605/1112/1030
f 607/1104/1026 2855/1095/1017 2858/1098/1020 606/1114/1032
f 2864/1115/1033 2865/1116/1034 2868/1117/1035 2867/1118/1036
f 2865/1116/1034 2866/1119/1037 2869/1120/1038 2868/1117/1035
f 2867/1118/1036 2868/1117/1035 2871/1121/1039 2870/1122/1040
f 2868/1117/1035 2869/1120/1038 2872/1123/1041 2871/1121/1039
f 67/1124/1031 610/1125/1029 2864/1115/1033 613/1126/1042
f 610/1125/1029 609/1127/1028 2865/1116/1034 2864/1115/1033
f 609/1127/1028 608/1128/1027 2866/1119/1037 2865/1116/1034
f 608/1128/1027 61/1129/951 580/1130/962 2866/1119/1037
f 2866/1119/1037 580/1130/962 579/1131/968 2869/1120/1038
f 2869/1120/1038 579/1131/968 578/1132/966 2872/1123/1041
f 2872/1123/1041 578/1132/966 60/1038/967 614/1133/1043
f 2871/1121/1039 2872/1123/1041 614/1133/1043 615/1134/1044
f 2870/1122/1040 2871/1121/1039 615/1134/1044 616/1135/1045
f 611/1136/1046 2870/1122/1040 616/1135/1045 66/1137/1047
f 612/1138/1048 2867/1118/1036 2870/1122/1040 611/1136/1046
f 613/1126/1042 2864/1115/1033 2867/1118/1036 612/1138/1048
f 2873/1139/1049 2874/1140/1050 2877/1141/1051 2876/1142/1052
f 2874/1140/1050 2875/1143/1053 2878/1144/1054 2877/1141/1051
f 2876/1142/1052 2877/1141/1051 2880/1145/1055 2879/1146/1056
f 2877/1141/1051 2878/1144/1054 2881/1147/1057 2880/1145/1055
f 66/1137/1047 616/1135/1045 2873/1139/1049 619/1148/1058
f 616/1135/1045 615/1134/1044 2874/1140/1050 2873/1139/1049
f 615/1134/1044 614/1133/1043 2875/1143/1053 2874/1140/1050
f 614/1133/1043 60/1038/967 586/1049/978 2875/1143/1053
f 2875/1143/1053 586/1049/978 585/1055/984 2878/1144/1054
f 2878/1144/1054 585/1055/984 584/1053/982 2881/1147/1057
f 2881/1147/1057 584/1053/982 59/1054/983 620/1149/1059
f 2880/1145/1055 2881/1147/1057 620/1149/1059 621/1150/1060
f 2879/1146/1056 2880/1145/1055 621/1150/1060 622/1151/1061
f 617/1152/1062 2879/1146/1056 622/1151/1061 65/1153/1063
f 618/1154/1064 2876/1142/1052 2879/1146/1056 617/1152/1062
f 619/1148/1058 2873/1139/1049 2876/1142/1052 618/1154/1064
f 2882/1155/1065 2883/1156/1066 2886/1157/1067 2885/1158/1068
f 2883/1156/1066 2884/1159/1069 2887/1160/1070 2886/1157/1067
f 2885/1158/1068 2886/1157/1067 2889/1161/1071 2888/1162/1072
f 2886/1157/1067 2887/1160/1070 2890/1163/1073 2889/1161/1071
f 65/1153/1063 622/1151/1061 2882/1155/1065 625/1164/1074
f 622/1151/1061 621/1150/1060 2883/1156/1066 2882/1155/1065
f 621/1150/1060 620/1149/1059 2884/1159/1069 2883/1156/1066
f 620/1149/1059 59/1054/983 592/1065/994 2884/1159/1069
f 2884/1159/1069 592/1065/994 591/1071/1000 2887/1160/1070
f 2887/1160/1070 591/1071/1000 590/1069/998 2890/1163/1073
f 2890/1163/1073 590/1069/998 57/1070/999 626/1165/1075
f 2889/1161/1071 2890/1163/1073 626/1165/1075 627/1166/1076
f 2888/1162/1072 2889/1161/1071 627/1166/1076 628/1167/1077
f 623/1168/1078 2888/1162/1072 628/1167/1077 63/1169/1079
f 624/1170/1080 2885/1158/1068 2888/1162/1072 623/1168/1078
f 625/1164/1074 2882/1155/1065 2885/1158/1068 624/1170/1080
f 2891/1171/1081 2892/1172/1082 2895/1173/1083 2894/1174/1084
f 2892/1172/1082 2893/1175/1085 2896/1176/1086 2895/1173/1083
f 2894/1174/1084 2895/1173/1083 2898/1177/1087 2897/1178/1088
f 2895/1173/1083 2896/1176/1086 2899/1179/1089 2898/1177/1087
f 70/104/104 632/1180/103 2891/1171/1081 631/1181/1090
f 632/1180/103 633/102/102 2892/1172/1082 2891/1171/1081
f 633/102/102 634/1182/101 2893/1175/1085 2892/1172/1082
f 634/1182/101 64/84/84 598/1183/1010 2893/1175/1085
f 2893/1175/1085 598/1183/1010 597/1184/1016 2896/1176/1086
f 2896/1176/1086 597/1184/1016 596/1185/1014 2899/1179/1089
f 2899/1179/1089 596/1185/1014 68/1186/1015 635/1187/1091
f 2898/1177/1087 2899/1179/1089 635/1187/1091 636/1188/1092
f 2897/1178/1088 2898/1177/1087 636/1188/1092 637/1189/1093
f 629/1190/1094 2897/1178/1088 637/1189/1093 74/1191/1095
f 630/1192/1096 2894/1174/1084 2897/1178/1088 629/1190/1094
f 631/1181/1090 2891/1171/1081 2894/1174/1084 630/1192/1096
f 2900/1193/1097 2901/1194/1098 2904/1195/1099 2903/1196/1100
f 2901/1194/1098 2902/1197/1101 2905/1198/1102 2904/1195/1099
f 2903/1196/1100 2904/1195/1099 2907/1199/1103 2906/1200/1104
f 2904/1195/1099 2905/1198/1102 2908/1201/1105 2907/1199/1103
f 74/1191/1095 637/1189/1093 2900/1193/1097 640/1202/1106
f 637/1189/1093 636/1188/1092 2901/1194/1098 2900/1193/1097
f 636/1188/1092 635/1187/1091 2902/1197/1101 2901/1194/1098
f 635/1187/1091 68/1186/1015 607/1203/1026 2902/1197/1101
f 2902/1197/1101 607/1203/1026 606/1204/1032 2905/1198/1102
f 2905/1198/1102 606/1204/1032 605/1205/1030 2908/1201/1105
f 2908/1201/1105 605/1205/1030 67/1206/1031 641/1207/1107
f 2907/1199/1103 2908/1201/1105 641/1207/1107 642/1208/1108
f 2906/1200/1104 2907/1199/1103 642/1208/1108 643/1209/1109
f 638/1210/1110 2906/1200/1104 643/1209/1109 73/1211/1111
f 639/1212/1112 2903/1196/1100 2906/1200/1104 638/1210/1110
f 640/1202/1106 2900/1193/1097 2903/1196/1100 639/1212/1112
f 2909/1213/1113 2910/1214/1114 2913/1215/1115 2912/1216/1116
f 2910/1214/1114 2911/1217/1117 2914/1218/1118 2913/1215/1115
f 2912/1216/1116 2913/1215/1115 2916/1219/1119 2915/1220/1120
f 2913/1215/1115 2914/1218/1118 2917/1221/1121 2916/1219/1119
f 73/1222/1111 643/1223/1109 2909/1213/1113 646/1224/1122
f 643/1223/1109 642/1225/1108 2910/1214/1114 2909/1213/1113
f 642/1225/1108 641/1226/1107 2911/1217/1117 2910/1214/1114
f 641/1226/1107 67/1227/1031 613/1228/1042 2911/1217/1117
f 2911/1217/1117 613/1228/1042 612/1229/1048 2914/1218/1118
f 2914/1218/1118 612/1229/1048 611/1230/1046 2917/1221/1121
f 2917/1221/1121 611/1230/1046 66/1137/1047 647/1231/1123
f 2916/1219/1119 2917/1221/1121 647/1231/1123 648/1232/1124
f 2915/1220/1120 2916/1219/1119 648/1232/1124 649/1233/1125
f 644/1234/1126 2915/1220/1120 649/1233/1125 72/1235/1127
f 645/1236/1128 2912/1216/1116 2915/1220/1120 644/1234/1126
f 646/1224/1122 2909/1213/1113 2912/1216/1116 645/1236/1128
f 2918/1237/1129 2919/1238/1130 2922/1239/1131 2921/1240/1132
f 2919/1238/1130 2920/1241/1133 2923/1242/1134 2922/1239/1131
f 2921/1240/1132 2922/1239/1131 2925/1243/1135 2924/1244/1136
f 2922/1239/1131 2923/1242/1134 2926/1245/1137 2925/1243/1135
f 72/1235/1127 649/1233/1125 2918/1237/1129 652/1246/1138
f 649/1233/1125 648/1232/1124 2919/1238/1130 2918/1237/1129
f 648/1232/1124 647/1231/1123 2920/1241/1133 2919/1238/1130
f 647/1231/1123 66/1137/1047 619/1148/1058 2920/1241/1133
f 2920/1241/1133 619/1148/1058 618/1154/1064 2923/1242/1134
f 2923/1242/1134 618/1154/1064 617/1152/1062 2926/1245/1137
f 2926/1245/1137 617/1152/1062 65/1153/1063 653/1247/1139
f 2925/1243/1135 2926/1245/1137 653/1247/1139 654/1248/1140
f 2924/1244/1136 2925/1243/1135 654/1248/1140 655/1249/1141
f 650/1250/1142 2924/1244/1136 655/1249/1141 71/1251/1143
f 651/1252/1144 2921/1240/1132 2924/1244/1136 650/1250/1142
f 652/1246/1138 2918/1237/1129 2921/1240/1132 651/1252/1144
f 2927/1253/1145 2928/1254/1146 2931/1255/1147 2930/1256/1148
f 2928/1254/1146 2929/1257/1149 2932/1258/1150 2931/1255/1147
f 2930/1256/1148 2931/1255/1147 2934/1259/1151 2933/1260/1152
f 2931/1255/1147 2932/1258/1150 2935/1261/1153 2934/1259/1151
f 71/1251/1143 655/1249/1141 2927/1253/1145 658/1262/1154
f 655/1249/1141 654/1248/1140 2928/1254/1146 2927/1253/1145
f 654/1248/1140 653/1247/1139 2929/1257/1149 2928/1254/1146
f 653/1247/1139 65/1153/1063 625/1164/1074 2929/1257/1149
f 2929/1257/1149 625/1164/1074 624/1170/1080 2932/1258/1150
f 2932/1258/1150 624/1170/1080 623/1168/1078 2935/1261/1153
f 2935/1261/1153 623/1168/1078 63/1169/1079 659/1263/1155
f 2934/1259/1151 2935/1261/1153 659/1263/1155 660/1264/1156
f 2933/1260/1152 2934/1259/1151 660/1264/1156 661/1265/1157
f 656/1266/1158 2933/1260/1152 661/1265/1157 69/1267/1159
f 657/1268/1160 2930/1256/1148 2933/1260/1152 656/1266/1158
f 658/1262/1154 2927/1253/1145 2930/1256/1148 657/1268/1160
f 2936/1269/1161 2937/1270/1162 2940/1271/1163 2939/1272/1164
f 2937/1270/1162 2938/1273/1165 2941/1274/1166 2940/1271/1163
f 2939/1272/1164 2940/1271/1163 2943/1275/1167 2942/1276/1168
f 2940/1271/1163 2941/1274/1166 2944/1277/1169 2943/1275/1167
f 76/124/124 665/1278/123 2936/1269/1161 664/1279/1170
f 665/1278/123 666/1280/122 2937/1270/1162 2936/1269/1161
f 666/1280/122 667/1281/121 2938/1273/1165 2937/1270/1162
f 667/1281/121 70/104/104 631/1282/1090 2938/1273/1165
f 2938/1273/1165 631/1282/1090 630/1283/1096 2941/1274/1166
f 2941/1274/1166 630/1283/1096 629/1284/1094 2944/1277/1169
f 2944/1277/1169 629/1284/1094 74/1285/1095 668/1286/1171
f 2943/1275/1167 2944/1277/1169 668/1286/1171 669/1287/1172
f 2942/1276/1168 2943/1275/1167 669/1287/1172 670/1288/1173
f 662/1289/1174 2942/1276/1168 670/1288/1173 80/1290/1175
f 663/1291/1176 2939/1272/1164 2942/1276/1168 662/1289/1174
f 664/1279/1170 2936/1269/1161 2939/1272/1164 663/1291/1176
f 2945/1292/1177 2946/1293/1178 2949/1294/1179 2948/1295/1180
f 2946/1293/1178 2947/1296/1181 2950/1297/1182 2949/1294/1179
f 2948/1295/1180 2949/1294/1179 2952/1298/1183 2951/1299/1184
f 2949/1294/1179 2950/1297/1182 2953/1300/1185 2952/1298/1183
f 80/1290/1175 670/1288/1173 2945/1292/1177 673/1301/1186
f 670/1288/1173 669/1287/1172 2946/1293/1178 2945/1292/1177
f 669/1287/1172 668/1286/1171 2947/1296/1181 2946/1293/1178
f 668/1286/1171 74/1285/1095 640/1302/1106 2947/1296/1181
f 2947/1296/1181 640/1302/1106 639/1303/1112 2950/1297/1182
f 2950/1297/1182 639/1303/1112 638/1304/1110 2953/1300/1185
f 2953/1300/1185 638/1304/1110 73/1305/1111 674/1306/1187
f 2952/1298/1183 2953/1300/1185 674/1306/1187 675/1307/1188
f 2951/1299/1184 2952/1298/1183 675/1307/1188 676/1308/1189
f 671/1309/1190 2951/1299/1184 676/1308/1189 79/1310/1191
f 672/1311/1192 2948/1295/1180 2951/1299/1184 671/1309/1190
f 673/1301/1186 2945/1292/1177 2948/1295/1180 672/1311/1192
f 2954/1312/1193 2955/1313/1194 2958/1314/1195 2957/1315/1196
f 2955/1313/1194 2956/1316/1197 2959/1317/1198 2958/1314/1195
f 2957/1315/1196 2958/1314/1195 2961/1318/1199 2960/1319/1200
f 2958/1314/1195 2959/1317/1198 2962/1320/1201 2961/1318/1199
f 79/1321/1191 676/1322/1189 2954/1312/1193 679/1323/1202
f 676/1322/1189 675/1324/1188 2955/1313/1194 2954/1312/1193
f 675/1324/1188 674/1325/1187 2956/1316/1197 2955/1313/1194
f 674/1325/1187 73/1326/1111 646/1327/1122 2956/1316/1197
f 2956/1316/1197 646/1327/1122 645/1328/1128 2959/1317/1198
f 2959/1317/1198 645/1328/1128 644/1329/1126 2962/1320/1201
f 2962/1320/1201 644/1329/1126 72/1235/1127 680/1330/1203
f 2961/1318/1199 2962/1320/1201 680/1330/1203 681/1331/1204
f 2960/1319/1200 2961/1318/1199 681/1331/1204 682/1332/1205
f 677/1333/1206 2960/1319/1200 682/1332/1205 78/1334/1207
f 678/1335/1208 2957/1315/1196 2960/1319/1200 677/1333/1206
f 679/1323/1202 2954/1312/1193 2957/1315/1196 678/1335/1208
f 2963/1336/1209 2964/1337/1210 2967/1338/1211 2966/1339/1212
f 2964/1337/1210 2965/1340/1213 2968/1341/1214 2967/1338/1211
f 2966/1339/1212 2967/1338/1211 2970/1342/1215 2969/1343/1216
f 2967/1338/1211 2968/1341/1214 2971/1344/1217 2970/1342/1215
f 78/1334/1207 682/1332/1205 2963/1336/1209 685/1345/1218
f 682/1332/1205 681/1331/1204 2964/1337/1210 2963/1336/1209
f 681/1331/1204 680/1330/1203 2965/1340/1213 2964/1337/1210
f 680/1330/1203 72/1235/1127 652/1246/1138 2965/1340/1213
f 2965/1340/1213 652/1246/1138 651/1252/1144 2968/1341/1214
f 2968/1341/1214 651/1252/1144 650/1250/1142 2971/1344/1217
f 2971/1344/1217 650/1250/1142 71/1251/1143 686/1346/1219
f 2970/1342/1215 2971/1344/1217 686/1346/1219 687/1347/1220
f 2969/1343/1216 2970/1342/1215 687/1347/1220 688/1348/1221
f 683/1349/1222 2969/1343/1216 688/1348/1221 77/1350/1223
f 684/1351/1224 2966/1339/1212 2969/1343/1216 683/1349/1222
f 685/1345/1218 2963/1336/1209 2966/1339/1212 684/1351/1224
f 2972/1352/1225 2973/1353/1226 2976/1354/1227 2975/1355/1228
f 2973/1353/1226 2974/1356/1229 2977/1357/1230 2976/1354/1227
f 2975/1355/1228 2976/1354/1227 2979/1358/1231 2978/1359/1232
f 2976/1354/1227 2977/1357/1230 2980/1360/1233 2979/1358/1231
f 77/1350/1223 688/1348/1221 2972/1352/1225 691/1361/1234
f 688/1348/1221 687/1347/1220 2973/1353/1226 2972/1352/1225
f 687/1347/1220 686/1346/1219 2974/1356/1229 2973/1353/1226
f 686/1346/1219 71/1251/1143 658/1262/1154 2974/1356/1229
f 2974/1356/1229 658/1262/1154 657/1268/1160 2977/1357/1230
f 2977/1357/1230 657/1268/1160 656/1266/1158 2980/1360/1233
f 2980/1360/1233 656/1266/1158 69/1267/1159 692/1362/1235
f 2979/1358/1231 2980/1360/1233 692/1362/1235 693/1363/1236
f 2978/1359/1232 2979/1358/1231 693/1363/1236 694/1364/1237
f 689/1365/1238 2978/1359/1232 694/1364/1237 75/1366/1239
f 690/1367/1240 2975/1355/1228 2978/1359/1232 689/1365/1238
f 691/1361/1234 2972/1352/1225 2975/1355/1228 690/1367/1240
f 2981/1368/1241 2982/1369/1242 2985/1370/1243 2984/1371/1244
f 2982/1369/1242 2983/1372/1245 2986/1373/1246 2985/1370/1243
f 2984/1371/1244 2985/1370/1243 2988/1374/1247 2987/1375/1248
f 2985/1370/1243 2986/1373/1246 2989/1376/1249 2988/1374/1247
f 82/144/144 698/1377/143 2981/1368/1241 697/1378/1250
f 698/1377/143 699/1379/142 2982/1369/1242 2981/1368/1241
f 699/1379/142 700/1380/141 2983/1372/1245 2982/1369/1242
f 700/1380/141 76/124/124 664/1381/1170 2983/1372/1245
f 2983/1372/1245 664/1381/1170 663/1382/1176 2986/1373/1246
f 2986/1373/1246 663/1382/1176 662/1383/1174 2989/1376/1249
f 2989/1376/1249 662/1383/1174 80/1384/1175 701/1385/1251
f 2988/1374/1247 2989/1376/1249 701/1385/1251 702/1386/1252
f 2987/1375/1248 2988/1374/1247 702/1386/1252 703/1387/1253
f 695/1388/1254 2987/1375/1248 703/1387/1253 86/1389/1255
f 696/1390/1256 2984/1371/1244 2987/1375/1248 695/1388/1254
f 697/1378/1250 2981/1368/1241 2984/1371/1244 696/1390/1256
f 2990/1391/1257 2991/1392/1258 2994/1393/1259 2993/1394/1260
f 2991/1392/1258 2992/1395/1261 2995/1396/1262 2994/1393/1259
f 2993/1394/1260 2994/1393/1259 2997/1397/1263 2996/1398/1264
f 2994/1393/1259 2995/1396/1262 2998/1399/1265 2997/1397/1263
f 86/1389/1255 703/1387/1253 2990/1391/1257 706/1400/1266
f 703/1387/1253 702/1386/1252 2991/1392/1258 2990/1391/1257
f 702/1386/1252 701/1385/1251 2992/1395/1261 2991/1392/1258
f 701/1385/1251 80/1384/1175 673/1401/1186 2992/1395/1261
f 2992/1395/1261 673/1401/1186 672/1402/1192 2995/1396/1262
f 2995/1396/1262 672/1402/1192 671/1403/1190 2998/1399/1265
f 2998/1399/1265 671/1403/1190 79/1404/1191 707/1405/1267
f 2997/1397/1263 2998/1399/1265 707/1405/1267 708/1406/1268
f 2996/1398/1264 2997/1397/1263 708/1406/1268 709/1407/1269
f 704/1408/1270 2996/1398/1264 709/1407/1269 85/1409/1271
f 705/1410/1272 2993/1394/1260 2996/1398/1264 704/1408/1270
f 706/1400/1266 2990/1391/1257 2993/1394/1260 705/1410/1272
f 2999/1411/1273 3000/1412/1274 3003/1413/1275 3002/1414/1276
f 3000/1412/1274 3001/1415/1277 3004/1416/1278 3003/1413/1275
f 3002/1414/1276 3003/1413/1275 3006/1417/1279 3005/1418/1280
f 3003/1413/1275 3004/1416/1278 3007/1419/1281 3006/1417/1279
f 85/1420/1271 709/1421/1269 2999/1411/1273 712/1422/1282
f 709/1421/1269 708/1423/1268 3000/1412/1274 2999/1411/1273
f 708/1423/1268 707/1424/1267 3001/1415/1277 3000/1412/1274
f 707/1424/1267 79/1425/1191 679/1426/1202 3001/1415/1277
f 3001/1415/1277 679/1426/1202 678/1427/1208 3004/1416/1278
f 3004/1416/1278 678/1427/1208 677/1428/1206 3007/1419/1281
f 3007/1419/1281 677/1428/1206 78/1334/1207 713/1429/1283
f 3006/1417/1279 3007/1419/1281 713/1429/1283 714/1430/1284
f 3005/1418/1280 3006/1417/1279 714/1430/1284 715/1431/1285
f 710/1432/1286 3005/1418/1280 715/1431/1285 84/1433/1287
f 711/1434/1288 3002/1414/1276 3005/1418/1280 710/1432/1286
f 712/1422/1282 2999/1411/1273 3002/1414/1276 711/1434/1288
f 3008/1435/1289 3009/1436/1290 3012/1437/1291 3011/1438/1292
f 3009/1436/1290 3010/1439/1293 3013/1440/1294 3012/1437/1291
f 3011/1438/1292 3012/1437/1291 3015/1441/1295 3014/1442/1296
f 3012/1437/1291 3013/1440/1294 3016/1443/1297 3015/1441/1295
f 84/1433/1287 715/1431/1285 3008/1435/1289 718/1444/1298
f 715/1431/1285 714/1430/1284 3009/1436/1290 3008/1435/1289
f 714/1430/1284 713/1429/1283 3010/1439/1293 3009/1436/1290
f 713/1429/1283 78/1334/1207 685/1345/1218 3010/1439/1293
f 3010/1439/1293 685/1345/1218 684/1351/1224 3013/1440/1294
f 3013/1440/1294 684/1351/1224 683/1349/1222 3016/1443/1297
f 3016/1443/1297 683/1349/1222 77/1350/1223 719/1445/1299
f 3015/1441/1295 3016/1443/1297 719/1445/1299 720/1446/1300
f 3014/1442/1296 3015/1441/1295 720/1446/1300 721/1447/1301
f 716/1448/1302 3014/1442/1296 721/1447/1301 83/1449/1303
f 717/1450/1304 3011/1438/1292 3014/1442/1296 716/1448/1302
f 718/1444/1298 3008/1435/1289 3011/1438/1292 717/1450/1304
f 3017/1451/1305 3018/1452/1306 3021/1453/1307 3020/1454/1308
f 3018/1452/1306 3019/1455/1309 3022/1456/1310 3021/1453/1307
f 3020/1454/1308 3021/1453/1307 3024/1457/1311 3023/1458/1312
f 3021/1453/1307 3022/1456/1310 3025/1459/1313 3024/1457/1311
f 83/1449/1303 721/1447/1301 3017/1451/1305 724/1460/1314
f 721/1447/1301 720/1446/1300 3018/1452/1306 3017/1451/1305
f 720/1446/1300 719/1445/1299 3019/1455/1309 3018/1452/1306
f 719/1445/1299 77/1350/1223 691/1361/1234 3019/1455/1309
f 3019/1455/1309 691/1361/1234 690/1367/1240 3022/1456/1310
f 3022/1456/1310 690/1367/1240 689/1365/1238 3025/1459/1313
f 3025/1459/1313 689/1365/1238 75/1366/1239 725/1461/1315
f 3024/1457/1311 3025/1459/1313 725/1461/1315 726/1462/1316
f 3023/1458/1312 3024/1457/1311 726/1462/1316 727/1463/1317
f 722/1464/1318 3023/1458/1312 727/1463/1317 81/1465/1319
f 723/1466/1320 3020/1454/1308 3023/1458/1312 722/1464/1318
f 724/1460/1314 3017/1451/1305 3020/1454/1308 723/1466/1320
f 3026/1467/1321 3027/1468/1322 3030/1469/1323 3029/1470/1324
f 3027/1468/1322 3028/1471/1325 3031/1472/1326 3030/1469/1323
f 3029/1470/1324 3030/1469/1323 3033/1473/1327 3032/1474/1328
f 3030/1469/1323 3031/1472/1326 3034/1475/1329 3033/1473/1327
f 88/164/164 731/1476/163 3026/1467/1321 730/1477/1330
f 731/1476/163 732/162/162 3027/1468/1322 3026/1467/1321
f 732/162/162 733/1478/161 3028/1471/1325 3027/1468/1322
f 733/1478/161 82/144/144 697/1479/1250 3028/1471/1325
f 3028/1471/1325 697/1479/1250 696/1480/1256 3031/1472/1326
f 3031/1472/1326 696/1480/1256 695/1481/1254 3034/1475/1329
f 3034/1475/1329 695/1481/1254 86/1482/1255 734/1483/1331
f 3033/1473/1327 3034/1475/1329 734/1483/1331 735/1484/1332
f 3032/1474/1328 3033/1473/1327 735/1484/1332 736/1485/1333
f 728/1486/1334 3032/1474/1328 736/1485/1333 92/1487/1335
f 729/1488/1336 3029/1470/1324 3032/1474/1328 728/1486/1334
f 730/1477/1330 3026/1467/1321 3029/1470/1324 729/1488/1336
f 3035/1489/1337 3036/1490/1338 3039/1491/1339 3038/1492/1340
f 3036/1490/1338 3037/1493/1341 3040/1494/1342 3039/1491/1339
f 3038/1492/1340 3039/1491/1339 3042/1495/1343 3041/1496/1344
f 3039/1491/1339 3040/1494/1342 3043/1497/1345 3042/1495/1343
f 92/1487/1335 736/1485/1333 3035/1489/1337 739/1498/1346
f 736/1485/1333 735/1484/1332 3036/1490/1338 3035/1489/1337
f 735/1484/1332 734/1483/1331 3037/1493/1341 3036/1490/1338
f 734/1483/1331 86/1482/1255 706/1499/1266 3037/1493/1341
f 3037/1493/1341 706/1499/1266 705/1500/1272 3040/1494/1342
f 3040/1494/1342 705/1500/1272 704/1501/1270 3043/1497/1345
f 3043/1497/1345 704/1501/1270 85/1502/1271 740/1503/1347
f 3042/1495/1343 3043/1497/1345 740/1503/1347 741/1504/1348
f 3041/1496/1344 3042/1495/1343 741/1504/1348 742/1505/1349
f 737/1506/1350 3041/1496/1344 742/1505/1349 91/1507/1351
f 738/1508/1352 3038/1492/1340 3041/1496/1344 737/1506/1350
f 739/1498/1346 3035/1489/1337 3038/1492/1340 738/1508/1352
f 3044/1509/1353 3045/1510/1354 3048/1511/1355 3047/1512/1356
f 3045/1510/1354 3046/1513/1357 3049/1514/1358 3048/1511/1355
f 3047/1512/1356 3048/1511/1355 3051/1515/1359 3050/1516/1360
f 3048/1511/1355 3049/1514/1358 3052/1517/1361 3051/1515/1359
f 91/1518/1351 742/1519/1349 3044/1509/1353 745/1520/1362
f 742/1519/1349 741/1521/1348 3045/1510/1354 3044/1509/1353
f 741/1521/1348 740/1522/1347 3046/1513/1357 3045/1510/1354
f 740/1522/1347 85/1523/1271 712/1524/1282 3046/1513/1357
f 3046/1513/1357 712/1524/1282 711/1525/1288 3049/1514/1358
f 3049/1514/1358 711/1525/1288 710/1526/1286 3052/1517/1361
f 3052/1517/1361 710/1526/1286 84/1433/1287 746/1527/1363
f 3051/1515/1359 3052/1517/1361 746/1527/1363 747/1528/1364
f 3050/1516/1360 3051/1515/1359 747/1528/1364 748/1529/1365
f 743/1530/1366 3050/1516/1360 748/1529/1365 90/1531/1367
f 744/1532/1368 3047/1512/1356 3050/1516/1360 743/1530/1366
f 745/1520/1362 3044/1509/1353 3047/1512/1356 744/1532/1368
f 3053/1533/1369 3054/1534/1370 3057/1535/1371 3056/1536/1372
f 3054/1534/1370 3055/1537/1373 3058/1538/1374 3057/1535/1371
f 3056/1536/1372 3057/1535/1371 3060/1539/1375 3059/1540/1376
f 3057/1535/1371 3058/1538/1374 3061/1541/1377 3060/1539/1375
f 90/1531/1367 748/1529/1365 3053/1533/1369 751/1542/1378
f 748/1529/1365 747/1528/1364 3054/1534/1370 3053/1533/1369
f 747/1528/1364 746/1527/1363 3055/1537/1373 3054/1534/1370
f 746/1527/1363 84/1433/1287 718/1444/1298 3055/1537/1373
f 3055/1537/1373 718/1444/1298 717/1450/1304 3058/1538/1374
f 3058/1538/1374 717/1450/1304 716/1448/1302 3061/1541/1377
f 3061/1541/1377 716/1448/1302 83/1449/1303 752/1543/1379
f 3060/1539/1375 3061/1541/1377 752/1543/1379 753/1544/1380
f 3059/1540/1376 3060/1539/1375 753/1544/1380 754/1545/1381
f 749/1546/1382 3059/1540/1376 754/1545/1381 89/1547/1383
f 750/1548/1384 3056/1536/1372 3059/1540/1376 749/1546/1382
f 751/1542/1378 3053/1533/1369 3056/1536/1372 750/1548/1384
f 3062/1549/1385 3063/1550/1386 3066/1551/1387 3065/1552/1388
f 3063/1550/1386 3064/1553/1389 3067/1554/1390 3066/1551/1387
f 3065/1552/1388 3066/1551/1387 3069/1555/1391 3068/1556/1392
f 3066/1551/1387 3067/1554/1390 3070/1557/1393 3069/1555/1391
f 89/1547/1383 754/1545/1381 3062/1549/1385 757/1558/1394
f 754/1545/1381 753/1544/1380 3063/1550/1386 3062/1549/1385
f 753/1544/1380 752/1543/1379 3064/1553/1389 3063/1550/1386
f 752/1543/1379 83/1449/1303 724/1460/1314 3064/1553/1389
f 3064/1553/1389 724/1460/1314 723/1466/1320 3067/1554/1390
f 3067/1554/1390 723/1466/1320 722/1464/1318 3070/1557/1393
f 3070/1557/1393 722/1464/1318 81/1465/1319 758/1559/1395
f 3069/1555/1391 3070/1557/1393 758/1559/1395 759/1560/1396
f 3068/1556/1392 3069/1555/1391 759/1560/1396 760/1561/1397
f 755/1562/1398 3068/1556/1392 760/1561/1397 87/1563/1399
f 756/1564/1400 3065/1552/1388 3068/1556/1392 755/1562/1398
f 757/1558/1394 3062/1549/1385 3065/1552/1388 756/1564/1400
f 3071/1565/1401 3072/1566/1402 3075/1567/1403 3074/1568/1404
f 3072/1566/1402 3073/1569/1405 3076/1570/1406 3075/1567/1403
f 3074/1568/1404 3075/1567/1403 3078/1571/1407 3077/1572/1408
f 3075/1567/1403 3076/1570/1406 3079/1573/1409 3078/1571/1407
f 94/184/184 764/1574/183 3071/1565/1401 763/1575/1410
f 764/1574/183 765/182/182 3072/1566/1402 3071/1565/1401
f 765/182/182 766/1576/181 3073/1569/1405 3072/1566/1402
f 766/1576/181 88/164/164 730/1577/1330 3073/1569/1405
f 3073/1569/1405 730/1577/1330 729/1578/1336 3076/1570/1406
f 3076/1570/1406 729/1578/1336 728/1579/1334 3079/1573/1409
f 3079/1573/1409 728/1579/1334 92/1580/1335 767/1581/1411
f 3078/1571/1407 3079/1573/1409 767/1581/1411 768/1582/1412
f 3077/1572/1408 3078/1571/1407 768/1582/1412 769/1583/1413
f 761/1584/1414 3077/1572/1408 769/1583/1413 98/1585/1415
f 762/1586/1416 3074/1568/1404 3077/1572/1408 761/1584/1414
f 763/1575/1410 3071/1565/1401 3074/1568/1404 762/1586/1416
f 3080/1587/1417 3081/1588/1418 3084/1589/1419 3083/1590/1420
f 3081/1588/1418 3082/1591/1421 3085/1592/1422 3084/1589/1419
f 3083/1590/1420 3084/1589/1419 3087/1593/1423 3086/1594/1424
f 3084/1589/1419 3085/1592/1422 3088/1595/1425 3087/1593/1423
f 98/1585/1415 769/1583/1413 3080/1587/1417 772/1596/1426
f 769/1583/1413 768/1582/1412 3081/1588/1418 3080/1587/1417
f 768/1582/1412 767/1581/1411 3082/1591/1421 3081/1588/1418
f 767/1581/1411 92/1580/1335 739/1597/1346 3082/1591/1421
f 3082/1591/1421 739/1597/1346 738/1598/1352 3085/1592/1422
f 3085/1592/1422 738/1598/1352 737/1599/1350 3088/1595/1425
f 3088/1595/1425 737/1599/1350 91/1600/1351 773/1601/1427
f 3087/1593/1423 3088/1595/1425 773/1601/1427 774/1602/1428
f 3086/1594/1424 3087/1593/1423 774/1602/1428 775/1603/1429
f 770/1604/1430 3086/1594/1424 775/1603/1429 97/1605/1431
f 771/1606/1432 3083/1590/1420 3086/1594/1424 770/1604/1430
f 772/1596/1426 3080/1587/1417 3083/1590/1420 771/1606/1432
f 3089/1607/1433 3090/1608/1434 3093/1609/1435 3092/1610/1436
f 3090/1608/1434 3091/1611/1437 3094/1612/1438 3093/1609/1435
f 3092/1610/1436 3093/1609/1435 3096/1613/1439 3095/1614/1440
f 3093/1609/1435 3094/1612/1438 3097/1615/1441 3096/1613/1439
f 97/1616/1431 775/1617/1429 3089/1607/1433 778/1618/1442
f 775/1617/1429 774/1619/1428 3090/1608/1434 3089/1607/1433
f 774/1619/1428 773/1620/1427 3091/1611/1437 3090/1608/1434
f 773/1620/1427 91/1621/1351 745/1622/1362 3091/1611/1437
f 3091/1611/1437 745/1622/1362 744/1623/1368 3094/1612/1438
f 3094/1612/1438 744/1623/1368 743/1624/1366 3097/1615/1441
f 3097/1615/1441 743/1624/1366 90/1531/1367 779/1625/1443
f 3096/1613/1439 3097/1615/1441 779/1625/1443 780/1626/1444
f 3095/1614/1440 3096/1613/1439 780/1626/1444 781/1627/1445
f 776/1628/1446 3095/1614/1440 781/1627/1445 96/1629/1447
f 777/1630/1448 3092/1610/1436 3095/1614/1440 776/1628/1446
f 778/1618/1442 3089/1607/1433 3092/1610/1436 777/1630/1448
f 3098/1631/1449 3099/1632/1450 3102/1633/1451 3101/1634/1452
f 3099/1632/1450 3100/1635/1453 3103/1636/1454 3102/1633/1451
f 3101/1634/1452 3102/1633/1451 3105/1637/1455 3104/1638/1456
f 3102/1633/1451 3103/1636/1454 3106/1639/1457 3105/1637/1455
f 96/1629/1447 781/1627/1445 3098/1631/1449 784/1640/1458
f 781/1627/1445 780/1626/1444 3099/1632/1450 3098/1631/1449
f 780/1626/1444 779/1625/1443 3100/1635/1453 3099/1632/1450
f 779/1625/1443 90/1531/1367 751/1542/1378 3100/1635/1453
f 3100/1635/1453 751/1542/1378 750/1548/1384 3103/1636/1454
f 3103/1636/1454 750/1548/1384 749/1546/1382 3106/1639/1457
f 3106/1639/1457 749/1546/1382 89/1547/1383 785/1641/1459
f 3105/1637/1455 3106/1639/1457 785/1641/1459 786/1642/1460
f 3104/1638/1456 3105/1637/1455 786/1642/1460 787/1643/1461
f 782/1644/1462 3104/1638/1456 787/1643/1461 95/1645/1463
f 783/1646/1464 3101/1634/1452 3104/1638/1456 782/1644/1462
f 784/1640/1458 3098/1631/1449 3101/1634/1452 783/1646/1464
f 3107/1647/1465 3108/1648/1466 3111/1649/1467 3110/1650/1468
f 3108/1648/1466 3109/1651/1469 3112/1652/1470 3111/1649/1467
f 3110/1650/1468 3111/1649/1467 3114/1653/1471 3113/1654/1472
f 3111/1649/1467 3112/1652/1470 3115/1655/1473 3114/1653/1471
f 95/1645/1463 787/1643/1461 3107/1647/1465 790/1656/1474
f 787/1643/1461 786/1642/1460 3108/1648/1466 3107/1647/1465
f 786/1642/1460 785/1641/1459 3109/1651/1469 3108/1648/1466
f 785/1641/1459 89/1547/1383 757/1558/1394 3109/1651/1469
f 3109/1651/1469 757/1558/1394 756/1564/1400 3112/1652/1470
f 3112/1652/1470 756/1564/1400 755/1562/1398 3115/1655/1473
f 3115/1655/1473 755/1562/1398 87/1563/1399 791/1657/1475
f 3114/1653/1471 3115/1655/1473 791/1657/1475 792/1658/1476
f 3113/1654/1472 3114/1653/1471 792/1658/1476 793/1659/1477
f 788/1660/1478 3113/1654/1472 793/1659/1477 93/1661/1479
f 789/1662/1480 3110/1650/1468 3113/1654/1472 788/1660/1478
f 790/1656/1474 3107/1647/1465 3110/1650/1468 789/1662/1480
f 3116/1663/1481 3117/1664/1482 3120/1665/1483 3119/1666/1484
f 3117/1664/1482 3118/1667/1485 3121/1668/1486 3120/1665/1483
f 3119/1666/1484 3120/1665/1483 3123/1669/1487 3122/1670/1488
f 3120/1665/1483 3121/1668/1486 3124/1671/1489 3123/1669/1487
f 100/204/204 797/1672/203 3116/1663/1481 796/1673/1490
f 797/1672/203 798/1674/202 3117/1664/1482 3116/1663/1481
f 798/1674/202 799/1675/201 3118/1667/1485 3117/1664/1482
f 799/1675/201 94/184/184 763/1676/1410 3118/1667/1485
f 3118/1667/1485 763/1676/1410 762/1677/1416 3121/1668/1486
f 3121/1668/1486 762/1677/1416 761/1678/1414 3124/1671/1489
f 3124/1671/1489 761/1678/1414 98/1679/1415 800/1680/1491
f 3123/1669/1487 3124/1671/1489 800/1680/1491 801/1681/1492
f 3122/1670/1488 3123/1669/1487 801/1681/1492 802/1682/1493
f 794/1683/1494 3122/1670/1488 802/1682/1493 104/1684/1495
f 795/1685/1496 3119/1666/1484 3122/1670/1488 794/1683/1494
f 796/1673/1490 3116/1663/1481 3119/1666/1484 795/1685/1496
f 3125/1686/1497 3126/1687/1498 3129/1688/1499 3128/1689/1500
f 3126/1687/1498 3127/1690/1501 3130/1691/1502 3129/1688/1499
f 3128/1689/1500 3129/1688/1499 3132/1692/1503 3131/1693/1504
f 3129/1688/1499 3130/1691/1502 3133/1694/1505 3132/1692/1503
f 104/1684/1495 802/1682/1493 3125/1686/1497 805/1695/1506
f 802/1682/1493 801/1681/1492 3126/1687/1498 3125/1686/1497
f 801/1681/1492 800/1680/1491 3127/1690/1501 3126/1687/1498
f 800/1680/1491 98/1679/1415 772/1696/1426 3127/1690/1501
f 3127/1690/1501 772/1696/1426 771/1697/1432 3130/1691/1502
f 3130/1691/1502 771/1697/1432 770/1698/1430 3133/1694/1505
f 3133/1694/1505 770/1698/1430 97/1699/1431 806/1700/1507
f 3132/1692/1503 3133/1694/1505 806/1700/1507 807/1701/1508
f 3131/1693/1504 3132/1692/1503 807/1701/1508 808/1702/1509
f 803/1703/1510 3131/1693/1504 808/1702/1509 103/1704/1511
f 804/1705/1512 3128/1689/1500 3131/1693/1504 803/1703/1510
f 805/1695/1506 3125/1686/1497 3128/1689/1500 804/1705/1512
f 3134/1706/1513 3135/1707/1514 3138/1708/1515 3137/1709/1516
f 3135/1707/1514 3136/1710/1517 3139/1711/1518 3138/1708/1515
f 3137/1709/1516 3138/1708/1515 3141/1712/1519 3140/1713/1520
f 3138/1708/1515 3139/1711/1518 3142/1714/1521 3141/1712/1519
f 103/1715/1511 808/1716/1509 3134/1706/1513 811/1717/1522
f 808/1716/1509 807/1718/1508 3135/1707/1514 3134/1706/1513
f 807/1718/1508 806/1719/1507 3136/1710/1517 3135/1707/1514
f 806/1719/1507 97/1720/1431 778/1721/1442 3136/1710/1517
f 3136/1710/1517 778/1721/1442 777/1722/1448 3139/1711/1518
f 3139/1711/1518 777/1722/1448 776/1723/1446 3142/1714/1521
f 3142/1714/1521 776/1723/1446 96/1629/1447 812/1724/1523
f 3141/1712/1519 3142/1714/1521 812/1724/1523 813/1725/1524
f 3140/1713/1520 3141/1712/1519 813/1725/1524 814/1726/1525
f 809/1727/1526 3140/1713/1520 814/1726/1525 102/1728/1527
f 810/1729/1528 3137/1709/1516 3140/1713/1520 809/1727/1526
f 811/1717/1522 3134/1706/1513 3137/1709/1516 810/1729/1528
f 3143/1730/1529 3144/1731/1530 3147/1732/1531 3146/1733/1532
f 3144/1731/1530 3145/1734/1533 3148/1735/1534 3147/1732/1531
f 3146/1733/1532 3147/1732/1531 3150/1736/1535 3149/1737/1536
f 3147/1732/1531 3148/1735/1534 3151/1738/1537 3150/1736/1535
f 102/1728/1527 814/1726/1525 3143/1730/1529 817/1739/1538
f 814/1726/1525 813/1725/1524 3144/1731/1530 3143/1730/1529
f 813/1725/1524 812/1724/1523 3145/1734/1533 3144/1731/1530
f 812/1724/1523 96/1629/1447 784/1640/1458 3145/1734/1533
f 3145/1734/1533 784/1640/1458 783/1646/1464 3148/1735/1534
f 3148/1735/1534 783/1646/1464 782/1644/1462 3151/1738/1537
f 3151/1738/1537 782/1644/1462 95/1645/1463 818/1740/1539
f 3150/1736/1535 3151/1738/1537 818/1740/1539 819/1741/1540
f 3149/1737/1536 3150/1736/1535 819/1741/1540 820/1742/1541
f 815/1743/1542 3149/1737/1536 820/1742/1541 101/1744/1543
f 816/1745/1544 3146/1733/1532 3149/1737/1536 815/1743/1542
f 817/1739/1538 3143/1730/1529 3146/1733/1532 816/1745/1544
f 3152/1746/1545 3153/1747/1546 3156/1748/1547 3155/1749/1548
f 3153/1747/1546 3154/1750/1549 3157/1751/1550 3156/1748/1547
f 3155/1749/1548 3156/1748/1547 3159/1752/1551 3158/1753/1552
f 3156/1748/1547 3157/1751/1550 3160/1754/1553 3159/1752/1551
f 101/1744/1543 820/1742/1541 3152/1746/1545 823/1755/1554
f 820/1742/1541 819/1741/1540 3153/1747/1546 3152/1746/1545
f 819/1741/1540 818/1740/1539 3154/1750/1549 3153/1747/1546
f 818/1740/1539 95/1645/1463 790/1656/1474 3154/1750/1549
f 3154/1750/1549 790/1656/1474 789/1662/1480 3157/1751/1550
f 3157/1751/1550 789/1662/1480 788/1660/1478 3160/1754/1553
f 3160/1754/1553 788/1660/1478 93/1661/1479 824/1756/1555
f 3159/1752/1551 3160/1754/1553 824/1756/1555 825/1757/1556
f 3158/1753/1552 3159/1752/1551 825/1757/1556 826/1758/1557
f 821/1759/1558 3158/1753/1552 826/1758/1557 99/1760/1559
f 822/1761/1560 3155/1749/1548 3158/1753/1552 821/1759/1558
f 823/1755/1554 3152/1746/1545 3155/1749/1548 822/1761/1560
f 3161/1762/1561 3162/1763/1562 3165/1764/1563 3164/1765/1564
f 3162/1763/1562 3163/1766/1565 3166/1767/1566 3165/1764/1563
f 3164/1765/1564 3165/1764/1563 3168/1768/1567 3167/1769/1568
f 3165/1764/1563 3166/1767/1566 3169/1770/1569 3168/1768/1567
f 106/224/224 830/1771/223 3161/1762/1561 829/1772/1570
f 830/1771/223 831/222/222 3162/1763/1562 3161/1762/1561
f 831/222/222 832/1773/221 3163/1766/1565 3162/1763/1562
f 832/1773/221 100/204/204 796/1774/1490 3163/1766/1565
f 3163/1766/1565 796/1774/1490 795/1775/1496 3166/1767/1566
f 3166/1767/1566 795/1775/1496 794/1776/1494 3169/1770/1569
f 3169/1770/1569 794/1776/1494 104/1777/1495 833/1778/1571
f 3168/1768/1567 3169/1770/1569 833/1778/1571 834/1779/1572
f 3167/1769/1568 3168/1768/1567 834/1779/1572 835/1780/1573
f 827/1781/1574 3167/1769/1568 835/1780/1573 110/1782/1575
f 828/1783/1576 3164/1765/1564 3167/1769/1568 827/1781/1574
f 829/1772/1570 3161/1762/1561 3164/1765/1564 828/1783/1576
f 3170/1784/1577 3171/1785/1578 3174/1786/1579 3173/1787/1580
f 3171/1785/1578 3172/1788/1581 3175/1789/1582 3174/1786/1579
f 3173/1787/1580 3174/1786/1579 3177/1790/1583 3176/1791/1584
f 3174/1786/1579 3175/1789/1582 3178/1792/1585 3177/1790/1583
f 110/1782/1575 835/1780/1573 3170/1784/1577 838/1793/1586
f 835/1780/1573 834/1779/1572 3171/1785/1578 3170/1784/1577
f 834/1779/1572 833/1778/1571 3172/1788/1581 3171/1785/1578
f 833/1778/1571 104/1777/1495 805/1794/1506 3172/1788/1581
f 3172/1788/1581 805/1794/1506 804/1795/1512 3175/1789/1582
f 3175/1789/1582 804/1795/1512 803/1796/1510 3178/1792/1585
f 3178/1792/1585 803/1796/1510 103/1797/1511 839/1798/1587
f 3177/1790/1583 3178/1792/1585 839/1798/1587 840/1799/1588
f 3176/1791/1584 3177/1790/1583 840/1799/1588 841/1800/1589
f 836/1801/1590 3176/1791/1584 841/1800/1589 109/1802/1591
f 837/1803/1592 3173/1787/1580 3176/1791/1584 836/1801/1590
f 838/1793/1586 3170/1784/1577 3173/1787/1580 837/1803/1592
f 3179/1804/1593 3180/1805/1594 3183/1806/1595 3182/1807/1596
f 3180/1805/1594 3181/1808/1597 3184/1809/1598 3183/1806/1595
f 3182/1807/1596 3183/1806/1595 3186/1810/1599 3185/1811/1600
f 3183/1806/1595 3184/1809/1598 3187/1812/1601 3186/1810/1599
f 109/1813/1591 841/1814/1589 3179/1804/1593 844/1815/1602
f 841/1814/1589 840/1816/1588 3180/1805/1594 3179/1804/1593
f 840/1816/1588 839/1817/1587 3181/1808/1597 3180/1805/1594
f 839/1817/1587 103/1818/1511 811/1819/1522 3181/1808/1597
f 3181/1808/1597 811/1819/1522 810/1820/1528 3184/1809/1598
f 3184/1809/1598 810/1820/1528 809/1821/1526 3187/1812/1601
f 3187/1812/1601 809/1821/1526 102/1728/1527 845/1822/1603
f 3186/1810/1599 3187/1812/1601 845/1822/1603 846/1823/1604
f 3185/1811/1600 3186/1810/1599 846/1823/1604 847/1824/1605
f 842/1825/1606 3185/1811/1600 847/1824/1605 108/1826/1607
f 843/1827/1608 3182/1807/1596 3185/1811/1600 842/1825/1606
f 844/1815/1602 3179/1804/1593 3182/1807/1596 843/1827/1608
f 3188/1828/1609 3189/1829/1610 3192/1830/1611 3191/1831/1612
f 3189/1829/1610 3190/1832/1613 3193/1833/1614 3192/1830/1611
f 3191/1831/1612 3192/1830/1611 3195/1834/1615 3194/1835/1616
f 3192/1830/1611 3193/1833/1614 3196/1836/1617 3195/1834/1615
f 108/1826/1607 847/1824/1605 3188/1828/1609 850/1837/1618
f 847/1824/1605 846/1823/1604 3189/1829/1610 3188/1828/1609
f 846/1823/1604 845/1822/1603 3190/1832/1613 3189/1829/1610
f 845/1822/1603 102/1728/1527 817/1739/1538 3190/1832/1613
f 3190/1832/1613 817/1739/1538 816/1745/1544 3193/1833/1614
f 3193/1833/1614 816/1745/1544 815/1743/1542 3196/1836/1617
f 3196/1836/1617 815/1743/1542 101/1744/1543 851/1838/1619
f 3195/1834/1615 3196/1836/1617 851/1838/1619 852/1839/1620
f 3194/1835/1616 3195/1834/1615 852/1839/1620 853/1840/1621
f 848/1841/1622 3194/1835/1616 853/1840/1621 107/1842/1623
f 849/1843/1624 3191/1831/1612 3194/1835/1616 848/1841/1622
f 850/1837/1618 3188/1828/1609 3191/1831/1612 849/1843/1624
f 3197/1844/1625 3198/1845/1626 3201/1846/1627 3200/1847/1628
f 3198/1845/1626 3199/1848/1629 3202/1849/1630 3201/1846/1627
f 3200/1847/1628 3201/1846/1627 3204/1850/1631 3203/1851/1632
f 3201/1846/1627 3202/1849/1630 3205/1852/1633 3204/1850/1631
f 107/1842/1623 853/1840/1621 3197/1844/1625 856/1853/1634
f 853/1840/1621 852/1839/1620 3198/1845/1626 3197/1844/1625
f 852/1839/1620 851/1838/1619 3199/1848/1629 3198/1845/1626
f 851/1838/1619 101/1744/1543 823/1755/1554 3199/1848/1629
f 3199/1848/1629 823/1755/1554 822/1761/1560 3202/1849/1630
f 3202/1849/1630 822/1761/1560 821/1759/1558 3205/1852/1633
f 3205/1852/1633 821/1759/1558 99/1760/1559 857/1854/1635
f 3204/1850/1631 3205/1852/1633 857/1854/1635 858/1855/1636
f 3203/1851/1632 3204/1850/1631 858/1855/1636 859/1856/1637
f 854/1857/1638 3203/1851/1632 859/1856/1637 105/1858/1639
f 855/1859/1640 3200/1847/1628 3203/1851/1632 854/1857/1638
f 856/1853/1634 3197/1844/1625 3200/1847/1628 855/1859/1640
f 3206/1860/1641 3207/1861/1642 3210/1862/1643 3209/1863/1644
f 3207/1861/1642 3208/1864/1645 3211/1865/1646 3210/1862/1643
f 3209/1863/1644 3210/1862/1643 3213/1866/1647 3212/1867/1648
f 3210/1862/1643 3211/1865/1646 3214/1868/1649 3213/1866/1647
f 112/244/244 863/1869/243 3206/1860/1641 862/1870/1650
f 863/1869/243 864/1871/242 3207/1861/1642 3206/1860/1641
f 864/1871/242 865/1872/241 3208/1864/1645 3207/1861/1642
f 865/1872/241 106/224/224 829/1873/1570 3208/1864/1645
f 3208/1864/1645 829/1873/1570 828/1874/1576 3211/1865/1646
f 3211/1865/1646 828/1874/1576 827/1875/1574 3214/1868/1649
f 3214/1868/1649 827/1875/1574 110/1876/1575 866/1877/1651
f 3213/1866/1647 3214/1868/1649 866/1877/1651 867/1878/1652
f 3212/1867/1648 3213/1866/1647 867/1878/1652 868/1879/1653
f 860/1880/1654 3212/1867/1648 868/1879/1653 116/1881/1655
f 861/1882/1656 3209/1863/1644 3212/1867/1648 860/1880/1654
f 862/1870/1650 3206/1860/1641 3209/1863/1644 861/1882/1656
f 3215/1883/1657 3216/1884/1658 3219/1885/1659 3218/1886/1660
f 3216/1884/1658 3217/1887/1661 3220/1888/1662 3219/1885/1659
f 3218/1886/1660 3219/1885/1659 3222/1889/1663 3221/1890/1664
f 3219/1885/1659 3220/1888/1662 3223/1891/1665 3222/1889/1663
f 116/1881/1655 868/1879/1653 3215/1883/1657 871/1892/1666
f 868/1879/1653 867/1878/1652 3216/1884/1658 3215/1883/1657
f 867/1878/1652 866/1877/1651 3217/1887/1661 3216/1884/1658
f 866/1877/1651 110/1876/1575 838/1893/1586 3217/1887/1661
f 3217/1887/1661 838/1893/1586 837/1894/1592 3220/1888/1662
f 3220/1888/1662 837/1894/1592 836/1895/1590 3223/1891/1665
f 3223/1891/1665 836/1895/1590 109/1896/1591 872/1897/1667
f 3222/1889/1663 3223/1891/1665 872/1897/1667 873/1898/1668
f 3221/1890/1664 3222/1889/1663 873/1898/1668 874/1899/1669
f 869/1900/1670 3221/1890/1664 874/1899/1669 115/1901/1671
f 870/1902/1672 3218/1886/1660 3221/1890/1664 869/1900/1670
f 871/1892/1666 3215/1883/1657 3218/1886/1660 870/1902/1672
f 3224/1903/1673 3225/1904/1674 3228/1905/1675 3227/1906/1676
f 3225/1904/1674 3226/1907/1677 3229/1908/1678 3228/1905/1675
f 3227/1906/1676 3228/1905/1675 3231/1909/1679 3230/1910/1680
f 3228/1905/1675 3229/1908/1678 3232/1911/1681 3231/1909/1679
f 115/1912/1671 874/1913/1669 3224/1903/1673 877/1914/1682
f 874/1913/1669 873/1915/1668 3225/1904/1674 3224/1903/1673
f 873/1915/1668 872/1916/1667 3226/1907/1677 3225/1904/1674
f 872/1916/1667 109/1917/1591 844/1918/1602 3226/1907/1677
f 3226/1907/1677 844/1918/1602 843/1919/1608 3229/1908/1678
f 3229/1908/1678 843/1919/1608 842/1920/1606 3232/1911/1681
f 3232/1911/1681 842/1920/1606 108/1826/1607 878/1921/1683
f 3231/1909/1679 3232/1911/1681 878/1921/1683 879/1922/1684
f 3230/1910/1680 3231/1909/1679 879/1922/1684 880/1923/1685
f 875/1924/1686 3230/1910/1680 880/1923/1685 114/1925/1687
f 876/1926/1688 3227/1906/1676 3230/1910/1680 875/1924/1686
f 877/1914/1682 3224/1903/1673 3227/1906/1676 876/1926/1688
f 3233/1927/1689 3234/1928/1690 3237/1929/1691 3236/1930/1692
f 3234/1928/1690 3235/1931/1693 3238/1932/1694 3237/1929/1691
f 3236/1930/1692 3237/1929/1691 3240/1933/1695 3239/1934/1696
f 3237/1929/1691 3238/1932/1694 3241/1935/1697 3240/1933/1695
f 114/1925/1687 880/1923/1685 3233/1927/1689 883/1936/1698
f 880/1923/1685 879/1922/1684 3234/1928/1690 3233/1927/1689
f 879/1922/1684 878/1921/1683 3235/1931/1693 3234/1928/1690
f 878/1921/1683 108/1826/1607 850/1837/1618 3235/1931/1693
f 3235/1931/1693 850/1837/1618 849/1843/1624 3238/1932/1694
f 3238/1932/1694 849/1843/1624 848/1841/1622 3241/1935/1697
f 3241/1935/1697 848/1841/1622 107/1842/1623 884/1937/1699
f 3240/1933/1695 3241/1935/1697 884/1937/1699 885/1938/1700
f 3239/1934/1696 3240/1933/1695 885/1938/1700 886/1939/1701
f 881/1940/1702 3239/1934/1696 886/1939/1701 113/1941/1703
f 882/1942/1704 3236/1930/1692 3239/1934/1696 881/1940/1702
f 883/1936/1698 3233/1927/1689 3236/1930/1692 882/1942/1704
f 3242/1943/1705 3243/1944/1706 3246/1945/1707 3245/1946/1708
f 3243/1944/1706 3244/1947/1709 3247/1948/1710 3246/1945/1707
f 3245/1946/1708 3246/1945/1707 3249/1949/1711 3248/1950/1712
f 3246/1945/1707 3247/1948/1710 3250/1951/1713 3249/1949/1711
f 113/1941/1703 886/1939/1701 3242/1943/1705 889/1952/1714
f 886/1939/1701 885/1938/1700 3243/1944/1706 3242/1943/1705
f 885/1938/1700 884/1937/1699 3244/1947/1709 3243/1944/1706
f 884/1937/1699 107/1842/1623 856/1853/1634 3244/1947/1709
f 3244/1947/1709 856/1853/1634 855/1859/1640 3247/1948/1710
f 3247/1948/1710 855/1859/1640 854/1857/1638 3250/1951/1713
f 3250/1951/1713 854/1857/1638 105/1858/1639 890/1953/1715
f 3249/1949/1711 3250/1951/1713 890/1953/1715 891/1954/1716
f 3248/1950/1712 3249/1949/1711 891/1954/1716 892/1955/1717
f 887/1956/1718 3248/1950/1712 892/1955/1717 111/1957/1719
f 888/1958/1720 3245/1946/1708 3248/1950/1712 887/1956/1718
f 889/1952/1714 3242/1943/1705 3245/1946/1708 888/1958/1720
f 3251/1959/1721 3252/1960/1722 3255/1961/1723 3254/1962/1724
f 3252/1960/1722 3253/1963/1725 3256/1964/1726 3255/1961/1723
f 3254/1962/1724 3255/1961/1723 3258/1965/1727 3257/1966/1728
f 3255/1961/1723 3256/1964/1726 3259/1967/1729 3258/1965/1727
f 118/264/264 896/1968/263 3251/1959/1721 895/1969/1730
f 896/1968/263 897/262/262 3252/1960/1722 3251/1959/1721
f 897/262/262 898/1970/261 3253/1963/1725 3252/1960/1722
f 898/1970/261 112/244/244 862/1971/1650 3253/1963/1725
f 3253/1963/1725 862/1971/1650 861/1972/1656 3256/1964/1726
f 3256/1964/1726 861/1972/1656 860/1973/1654 3259/1967/1729
f 3259/1967/1729 860/1973/1654 116/1974/1655 899/1975/1731
f 3258/1965/1727 3259/1967/1729 899/1975/1731 900/1976/1732
f 3257/1966/1728 3258/1965/1727 900/1976/1732 901/1977/1733
f 893/1978/1734 3257/1966/1728 901/1977/1733 122/1979/1735
f 894/1980/1736 3254/1962/1724 3257/1966/1728 893/1978/1734
f 895/1969/1730 3251/1959/1721 3254/1962/1724 894/1980/1736
f 3260/1981/1737 3261/1982/1738 3264/1983/1739 3263/1984/1740
f 3261/1982/1738 3262/1985/1741 3265/1986/1742 3264/1983/1739
f 3263/1984/1740 3264/1983/1739 3267/1987/1743 3266/1988/1744
f 3264/1983/1739 3265/1986/1742 3268/1989/1745 3267/1987/1743
f 122/1979/1735 901/1977/1733 3260/1981/1737 904/1990/1746
f 901/1977/1733 900/1976/1732 3261/1982/1738 3260/1981/1737
f 900/1976/1732 899/1975/1731 3262/1985/1741 3261/1982/1738
f 899/1975/1731 116/1974/1655 871/1991/1666 3262/1985/1741
f 3262/1985/1741 871/1991/1666 870/1992/1672 3265/1986/1742
f 3265/1986/1742 870/1992/1672 869/1993/1670 3268/1989/1745
f 3268/1989/1745 869/1993/1670 115/1994/1671 905/1995/1747
f 3267/1987/1743 3268/1989/1745 905/1995/1747 906/1996/1748
f 3266/1988/1744 3267/1987/1743 906/1996/1748 907/1997/1749
f 902/1998/1750 3266/1988/1744 907/1997/1749 121/1999/1751
f 903/2000/1752 3263/1984/1740 3266/1988/1744 902/1998/1750
f 904/1990/1746 3260/1981/1737 3263/1984/1740 903/2000/1752
f 3269/2001/1753 3270/2002/1754 3273/2003/1755 3272/2004/1756
f 3270/2002/1754 3271/2005/1757 3274/2006/1758 3273/2003/1755
f 3272/2004/1756 3273/2003/1755 3276/2007/1759 3275/2008/1760
f 3273/2003/1755 3274/2006/1758 3277/2009/1761 3276/2007/1759
f 121/2010/1751 907/2011/1749 3269/2001/1753 910/2012/1762
f 907/2011/1749 906/2013/1748 3270/2002/1754 3269/2001/1753
f 906/2013/1748 905/2014/1747 3271/2005/1757 3270/2002/1754
f 905/2014/1747 115/2015/1671 877/2016/1682 3271/2005/1757
f 3271/2005/1757 877/2016/1682 876/2017/1688 3274/2006/1758
f 3274/2006/1758 876/2017/1688 875/2018/1686 3277/2009/1761
f 3277/2009/1761 875/2018/1686 114/1925/1687 911/2019/1763
f 3276/2007/1759 3277/2009/1761 911/2019/1763 912/2020/1764
f 3275/2008/1760 3276/2007/1759 912/2020/1764 913/2021/1765
f 908/2022/1766 3275/2008/1760 913/2021/1765 120/2023/1767
f 909/2024/1768 3272/2004/1756 3275/2008/1760 908/2022/1766
f 910/2012/1762 3269/2001/1753 3272/2004/1756 909/2024/1768
f 3278/2025/1769 3279/2026/1770 3282/2027/1771 3281/2028/1772
f 3279/2026/1770 3280/2029/1773 3283/2030/1774 3282/2027/1771
f 3281/2028/1772 3282/2027/1771 3285/2031/1775 3284/2032/1776
f 3282/2027/1771 3283/2030/1774 3286/2033/1777 3285/2031/1775
f 120/2023/1767 913/2021/1765 3278/2025/1769 916/2034/1778
f 913/2021/1765 912/2020/1764 3279/2026/1770 3278/2025/1769
f 912/2020/1764 911/2019/1763 3280/2029/1773 3279/2026/1770
f 911/2019/1763 114/1925/1687 883/1936/1698 3280/2029/1773
f 3280/2029/1773 883/1936/1698 882/1942/1704 3283/2030/1774
f 3283/2030/1774 882/1942/1704 881/1940/1702 3286/2033/1777
f 3286/2033/1777 881/1940/1702 113/1941/1703 917/2035/1779
f 3285/2031/1775 3286/2033/1777 917/2035/1779 918/2036/1780
f 3284/2032/1776 3285/2031/1775 918/2036/1780 919/2037/1781
f 914/2038/1782 3284/2032/1776 919/2037/1781 119/2039/1783
f 915/2040/1784 3281/2028/1772 3284/2032/1776 914/2038/1782
f 916/2034/1778 3278/2025/1769 3281/2028/1772 915/2040/1784
f 3287/2041/1785 3288/2042/1786 3291/2043/1787 3290/2044/1788
f 3288/2042/1786 3289/2045/1789 3292/2046/1790 3291/2043/1787
f 3290/2044/1788 3291/2043/1787 3294/2047/1791 3293/2048/1792
f 3291/2043/1787 3292/2046/1790 3295/2049/1793 3294/2047/1791
f 119/2039/1783 919/2037/1781 3287/2041/1785 922/2050/1794
f 919/2037/1781 918/2036/1780 3288/2042/1786 3287/2041/1785
f 918/2036/1780 917/2035/1779 3289/2045/1789 3288/2042/1786
f 917/2035/1779 113/1941/1703 889/1952/1714 3289/2045/1789
f 3289/2045/1789 889/1952/1714 888/1958/1720 3292/2046/1790
f 3292/2046/1790 888/1958/1720 887/1956/1718 3295/2049/1793
f 3295/2049/1793 887/1956/1718 111/1957/1719 923/2051/1795
f 3294/2047/1791 3295/2049/1793 923/2051/1795 924/2052/1796
f 3293/2048/1792 3294/2047/1791 924/2052/1796 925/2053/1797
f 920/2054/1798 3293/2048/1792 925/2053/1797 117/2055/1799
f 921/2056/1800 3290/2044/1788 3293/2048/1792 920/2054/1798
f 922/2050/1794 3287/2041/1785 3290/2044/1788 921/2056/1800
f 3296/2057/1801 3297/2058/1802 3300/2059/1803 3299/2060/1804
f 3297/2058/1802 3298/2061/1805 3301/2062/1806 3300/2059/1803
f 3299/2060/1804 3300/2059/1803 3303/2063/1807 3302/2064/1808
f 3300/2059/1803 3301/2062/1806 3304/2065/1809 3303/2063/1807
f 124/284/284 929/2066/283 3296/2057/1801 928/2067/1810
f 929/2066/283 930/2068/282 3297/2058/1802 3296/2057/1801
f 930/2068/282 931/2069/281 3298/2061/1805 3297/2058/1802
f 931/2069/281 118/264/264 895/2070/1730 3298/2061/1805
f 3298/2061/1805 895/2070/1730 894/2071/1736 3301/2062/1806
f 3301/2062/1806 894/2071/1736 893/2072/1734 3304/2065/1809
f 3304/2065/1809 893/2072/1734 122/2073/1735 932/2074/1811
f 3303/2063/1807 3304/2065/1809 932/2074/1811 933/2075/1812
f 3302/2064/1808 3303/2063/1807 933/2075/1812 934/2076/1813
f 926/2077/1814 3302/2064/1808 934/2076/1813 128/2078/1815
f 927/2079/1816 3299/2060/1804 3302/2064/1808 926/2077/1814
f 928/2067/1810 3296/2057/1801 3299/2060/1804 927/2079/1816
f 3305/2080/1817 3306/2081/1818 3309/2082/1819 3308/2083/1820
f 3306/2081/1818 3307/2084/1821 3310/2085/1822 3309/2082/1819
f 3308/2083/1820 3309/2082/1819 3312/2086/1823 3311/2087/1824
f 3309/2082/1819 3310/2085/1822 3313/2088/1825 3312/2086/1823
f 128/2078/1815 934/2076/1813 3305/2080/1817 937/2089/1826
f 934/2076/1813 933/2075/1812 3306/2081/1818 3305/2080/1817
f 933/2075/1812 932/2074/1811 3307/2084/1821 3306/2081/1818
f 932/2074/1811 122/2073/1735 904/2090/1746 3307/2084/1821
f 3307/2084/1821 904/2090/1746 903/2091/1752 3310/2085/1822
f 3310/2085/1822 903/2091/1752 902/2092/1750 3313/2088/1825
f 3313/2088/1825 902/2092/1750 121/2093/1751 938/2094/1827
f 3312/2086/1823 3313/2088/1825 938/2094/1827 939/2095/1828
f 3311/2087/1824 3312/2086/1823 939/2095/1828 940/2096/1829
f 935/2097/1830 3311/2087/1824 940/2096/1829 127/2098/1831
f 936/2099/1832 3308/2083/1820 3311/2087/1824 935/2097/1830
f 937/2089/1826 3305/2080/1817 3308/2083/1820 936/2099/1832
f 3314/2100/1833 3315/2101/1834 3318/2102/1835 3317/2103/1836
f 3315/2101/1834 3316/2104/1837 3319/2105/1838 3318/2102/1835
f 3317/2103/1836 3318/2102/1835 3321/2106/1839 3320/2107/1840
f 3318/2102/1835 3319/2105/1838 3322/2108/1841 3321/2106/1839
f 127/2109/1831 940/2110/1829 3314/2100/1833 943/2111/1842
f 940/2110/1829 939/2112/1828 3315/2101/1834 3314/2100/1833
f 939/2112/1828 938/2113/1827 3316/2104/1837 3315/2101/1834
f 938/2113/1827 121/2114/1751 910/2115/1762 3316/2104/1837
f 3316/2104/1837 910/2115/1762 909/2116/1768 3319/2105/1838
f 3319/2105/1838 909/2116/1768 908/2117/1766 3322/2108/1841
f 3322/2108/1841 908/2117/1766 120/2023/1767 944/2118/1843
f 3321/2106/1839 3322/2108/1841 944/2118/1843 945/2119/1844
f 3320/2107/1840 3321/2106/1839 945/2119/1844 946/2120/1845
f 941/2121/1846 3320/2107/1840 946/2120/1845 126/2122/1847
f 942/2123/1848 3317/2103/1836 3320/2107/1840 941/2121/1846
f 943/2111/1842 3314/2100/1833 3317/2103/1836 942/2123/1848
f 3323/2124/1849 3324/2125/1850 3327/2126/1851 3326/2127/1852
f 3324/2125/1850 3325/2128/1853 3328/2129/1854 3327/2126/1851
f 3326/2127/1852 3327/2126/1851 3330/2130/1855 3329/2131/1856
f 3327/2126/1851 3328/2129/1854 3331/2132/1857 3330/2130/1855
f 126/2122/1847 946/2120/1845 3323/2124/1849 949/2133/1858
f 946/2120/1845 945/2119/1844 3324/2125/1850 3323/2124/1849
f 945/2119/1844 944/2118/1843 3325/2128/1853 3324/2125/1850
f 944/2118/1843 120/2023/1767 916/2034/1778 3325/2128/1853
f 3325/2128/1853 916/2034/1778 915/2040/1784 3328/2129/1854
f 3328/2129/1854 915/2040/1784 914/2038/1782 3331/2132/1857
f 3331/2132/1857 914/2038/1782 119/2039/1783 950/2134/1859
f 3330/2130/1855 3331/2132/1857 950/2134/1859 951/2135/1860
f 3329/2131/1856 3330/2130/1855 951/2135/1860 952/2136/1861
f 947/2137/1862 3329/2131/1856 952/2136/1861 125/2138/1863
f 948/2139/1864 3326/2127/1852 3329/2131/1856 947/2137/1862
f 949/2133/1858 3323/2124/1849 3326/2127/1852 948/2139/1864
f 3332/2140/1865 3333/2141/1866 3336/2142/1867 3335/2143/1868
f 3333/2141/1866 3334/2144/1869 3337/2145/1870 3336/2142/1867
f 3335/2143/1868 3336/2142/1867 3339/2146/1871 3338/2147/1872
f 3336/2142/1867 3337/2145/1870 3340/2148/1873 3339/2146/1871
f 125/2138/1863 952/2136/1861 3332/2140/1865 955/2149/1874
f 952/2136/1861 951/2135/1860 3333/2141/1866 3332/2140/1865
f 951/2135/1860 950/2134/1859 3334/2144/1869 3333/2141/1866
f 950/2134/1859 119/2039/1783 922/2050/1794 3334/2144/1869
f 3334/2144/1869 922/2050/1794 921/2056/1800 3337/2145/1870
f 3337/2145/1870 921/2056/1800 920/2054/1798 3340/2148/1873
f 3340/2148/1873 920/2054/1798 117/2055/1799 956/2150/1875
f 3339/2146/1871 3340/2148/1873 956/2150/1875 957/2151/1876
f 3338/2147/1872 3339/2146/1871 957/2151/1876 958/2152/1877
f 953/2153/1878 3338/2147/1872 958/2152/1877 123/2154/1879
f 954/2155/1880 3335/2143/1868 3338/2147/1872 953/2153/1878
f 955/2149/1874 3332/2140/1865 3335/2143/1868 954/2155/1880
f 3341/2156/1881 3342/2157/1882 3345/2158/1883 3344/2159/1884
f 3342/2157/1882 3343/2160/1885 3346/2161/1886 3345/2158/1883
f 3344/2159/1884 3345/2158/1883 3348/2162/1887 3347/2163/1888
f 3345/2158/1883 3346/2161/1886 3349/2164/1889 3348/2162/1887
f 130/304/304 962/2165/303 3341/2156/1881 961/2166/1890
f 962/2165/303 963/302/302 3342/2157/1882 3341/2156/1881
f 963/302/302 964/2167/301 3343/2160/1885 3342/2157/1882
f 964/2167/301 124/284/284 928/2168/1810 3343/2160/1885
f 3343/2160/1885 928/2168/1810 927/2169/1816 3346/2161/1886
f 3346/2161/1886 927/2169/1816 926/2170/1814 3349/2164/1889
f 3349/2164/1889 926/2170/1814 128/2171/1815 965/2172/1891
f 3348/2162/1887 3349/2164/1889 965/2172/1891 966/2173/1892
f 3347/2163/1888 3348/2162/1887 966/2173/1892 967/2174/1893
f 959/2175/1894 3347/2163/1888 967/2174/1893 134/2176/1895
f 960/2177/1896 3344/2159/1884 3347/2163/1888 959/2175/1894
f 961/2166/1890 3341/2156/1881 3344/2159/1884 960/2177/1896
f 3350/2178/1897 3351/2179/1898 3354/2180/1899 3353/2181/1900
f 3351/2179/1898 3352/2182/1901 3355/2183/1902 3354/2180/1899
f 3353/2181/1900 3354/2180/1899 3357/2184/1903 3356/2185/1904
f 3354/2180/1899 3355/2183/1902 3358/2186/1905 3357/2184/1903
f 134/2176/1895 967/2174/1893 3350/2178/1897 970/2187/1906
f 967/2174/1893 966/2173/1892 3351/2179/1898 3350/2178/1897
f 966/2173/1892 965/2172/1891 3352/2182/1901 3351/2179/1898
f 965/2172/1891 128/2171/1815 937/2188/1826 3352/2182/1901
f 3352/2182/1901 937/2188/1826 936/2189/1832 3355/2183/1902
f 3355/2183/1902 936/2189/1832 935/2190/1830 3358/2186/1905
f 3358/2186/1905 935/2190/1830 127/2191/1831 971/2192/1907
f 3357/2184/1903 3358/2186/1905 971/2192/1907 972/2193/1908
f 3356/2185/1904 3357/2184/1903 972/2193/1908 973/2194/1909
f 968/2195/1910 3356/2185/1904 973/2194/1909 133/2196/1911
f 969/2197/1912 3353/2181/1900 3356/2185/1904 968/2195/1910
f 970/2187/1906 3350/2178/1897 3353/2181/1900 969/2197/1912
f 3359/2198/1913 3360/2199/1914 3363/2200/1915 3362/2201/1916
f 3360/2199/1914 3361/2202/1917 3364/2203/1918 3363/2200/1915
f 3362/2201/1916 3363/2200/1915 3366/2204/1919 3365/2205/1920
f 3363/2200/1915 3364/2203/1918 3367/2206/1921 3366/2204/1919
f 133/2207/1911 973/2208/1909 3359/2198/1913 976/2209/1922
f 973/2208/1909 972/2210/1908 3360/2199/1914 3359/2198/1913
f 972/2210/1908 971/2211/1907 3361/2202/1917 3360/2199/1914
f 971/2211/1907 127/2212/1831 943/2213/1842 3361/2202/1917
f 3361/2202/1917 943/2213/1842 942/2214/1848 3364/2203/1918
f 3364/2203/1918 942/2214/1848 941/2215/1846 3367/2206/1921
f 3367/2206/1921 941/2215/1846 126/2122/1847 977/2216/1923
f 3366/2204/1919 3367/2206/1921 977/2216/1923 978/2217/1924
f 3365/2205/1920 3366/2204/1919 978/2217/1924 979/2218/1925
f 974/2219/1926 3365/2205/1920 979/2218/1925 132/2220/1927
f 975/2221/1928 3362/2201/1916 3365/2205/1920 974/2219/1926
f 976/2209/1922 3359/2198/1913 3362/2201/1916 975/2221/1928
f 3368/2222/1929 3369/2223/1930 3372/2224/1931 3371/2225/1932
f 3369/2223/1930 3370/2226/1933 3373/2227/1934 3372/2224/1931
f 3371/2225/1932 3372/2224/1931 3375/2228/1935 3374/2229/1936
f 3372/2224/1931 3373/2227/1934 3376/2230/1937 3375/2228/1935
f 132/2220/1927 979/2218/1925 3368/2222/1929 982/2231/1938
f 979/2218/1925 978/2217/1924 3369/2223/1930 3368/2222/1929
f 978/2217/1924 977/2216/1923 3370/2226/1933 3369/2223/1930
f 977/2216/1923 126/2122/1847 949/2133/1858 3370/2226/1933
f 3370/2226/1933 949/2133/1858 948/2139/1864 3373/2227/1934
f 3373/2227/1934 948/2139/1864 947/2137/1862 3376/2230/1937
f 3376/2230/1937 947/2137/1862 125/2138/1863 983/2232/1939
f 3375/2228/1935 3376/2230/1937 983/2232/1939 984/2233/1940
f 3374/2229/1936 3375/2228/1935 984/2233/1940 985/2234/1941
f 980/2235/1942 3374/2229/1936 985/2234/1941 131/2236/1943
f 981/2237/1944 3371/2225/1932 3374/2229/1936 980/2235/1942
f 982/2231/1938 3368/2222/1929 3371/2225/1932 981/2237/1944
f 3377/2238/1945 3378/2239/1946 3381/2240/1947 3380/2241/1948
f 3378/2239/1946 3379/2242/1949 3382/2243/1950 3381/2240/1947
f 3380/2241/1948 3381/2240/1947 3384/2244/1951 3383/2245/1952
f 3381/2240/1947 3382/2243/1950 3385/2246/1953 3384/2244/1951
f 131/2236/1943 985/2234/1941 3377/2238/1945 988/2247/1954
f 985/2234/1941 984/2233/1940 3378/2239/1946 3377/2238/1945
f 984/2233/1940 983/2232/1939 3379/2242/1949 3378/2239/1946
f 983/2232/1939 125/2138/1863 955/2149/1874 3379/2242/1949
f 3379/2242/1949 955/2149/1874 954/2155/1880 3382/2243/1950
f 3382/2243/1950 954/2155/1880 953/2153/1878 3385/2246/1953
f 3385/2246/1953 953/2153/1878 123/2154/1879 989/2248/1955
f 3384/2244/1951 3385/2246/1953 989/2248/1955 990/2249/1956
f 3383/2245/1952 3384/2244/1951 990/2249/1956 991/2250/1957
f 986/2251/1958 3383/2245/1952 991/2250/1957 129/2252/1959
f 987/2253/1960 3380/2241/1948 3383/2245/1952 986/2251/1958
f 988/2247/1954 3377/2238/1945 3380/2241/1948 987/2253/1960
f 3386/2254/1961 3387/2255/1962 3390/2256/1963 3389/2257/1964
f 3387/2255/1962 3388/2258/1965 3391/2259/1966 3390/2256/1963
f 3389/2257/1964 3390/2256/1963 3393/2260/1967 3392/2261/1968
f 3390/2256/1963 3391/2259/1966 3394/2262/1969 3393/2260/1967
f 136/324/324 995/2263/323 3386/2254/1961 994/2264/1970
f 995/2263/323 996/322/322 3387/2255/1962 3386/2254/1961
f 996/322/322 997/2265/321 3388/2258/1965 3387/2255/1962
f 997/2265/321 130/304/304 961/2266/1890 3388/2258/1965
f 3388/2258/1965 961/2266/1890 960/2267/1896 3391/2259/1966
f 3391/2259/1966 960/2267/1896 959/2268/1894 3394/2262/1969
f 3394/2262/1969 959/2268/1894 134/2269/1895 998/2270/1971
f 3393/2260/1967 3394/2262/1969 998/2270/1971 999/2271/1972
f 3392/2261/1968 3393/2260/1967 999/2271/1972 1000/2272/1973
f 992/2273/1974 3392/2261/1968 1000/2272/1973 140/2274/1975
f 993/2275/1976 3389/2257/1964 3392/2261/1968 992/2273/1974
f 994/2264/1970 3386/2254/1961 3389/2257/1964 993/2275/1976
f 3395/2276/1977 3396/2277/1978 3399/2278/1979 3398/2279/1980
f 3396/2277/1978 3397/2280/1981 3400/2281/1982 3399/2278/1979
f 3398/2279/1980 3399/2278/1979 3402/2282/1983 3401/2283/1984
f 3399/2278/1979 3400/2281/1982 3403/2284/1985 3402/2282/1983
f 140/2274/1975 1000/2272/1973 3395/2276/1977 1003/2285/1986
f 1000/2272/1973 999/2271/1972 3396/2277/1978 3395/2276/1977
f 999/2271/1972 998/2270/1971 3397/2280/1981 3396/2277/1978
f 998/2270/1971 134/2269/1895 970/2286/1906 3397/2280/1981
f 3397/2280/1981 970/2286/1906 969/2287/1912 3400/2281/1982
f 3400/2281/1982 969/2287/1912 968/2288/1910 3403/2284/1985
f 3403/2284/1985 968/2288/1910 133/2289/1911 1004/2290/1987
f 3402/2282/1983 3403/2284/1985 1004/2290/1987 1005/2291/1988
f 3401/2283/1984 3402/2282/1983 1005/2291/1988 1006/2292/1989
f 1001/2293/1990 3401/2283/1984 1006/2292/1989 139/2294/1991
f 1002/2295/1992 3398/2279/1980 3401/2283/1984 1001/2293/1990
f 1003/2285/1986 3395/2276/1977 3398/2279/1980 1002/2295/1992
f 3404/2296/1993 3405/2297/1994 3408/2298/1995 3407/2299/1996
f 3405/2297/1994 3406/2300/1997 3409/2301/1998 3408/2298/1995
f 3407/2299/1996 3408/2298/1995 3411/2302/1999 3410/2303/2000
f 3408/2298/1995 3409/2301/1998 3412/2304/2001 3411/2302/1999
f 139/2305/1991 1006/2306/1989 3404/2296/1993 1009/2307/2002
f 1006/2306/1989 1005/2308/1988 3405/2297/1994 3404/2296/1993
f 1005/2308/1988 1004/2309/1987 3406/2300/1997 3405/2297/1994
f 1004/2309/1987 133/2310/1911 976/2311/1922 3406/2300/1997
f 3406/2300/1997 976/2311/1922 975/2312/1928 3409/2301/1998
f 3409/2301/1998 975/2312/1928 974/2313/1926 3412/2304/2001
f 3412/2304/2001 974/2313/1926 132/2220/1927 1010/2314/2003
f 3411/2302/1999 3412/2304/2001 1010/2314/2003 1011/2315/2004
f 3410/2303/2000 3411/2302/1999 1011/2315/2004 1012/2316/2005
f 1007/2317/2006 3410/2303/2000 1012/2316/2005 138/2318/2007
f 1008/2319/2008 3407/2299/1996 3410/2303/2000 1007/2317/2006
f 1009/2307/2002 3404/2296/1993 3407/2299/1996 1008/2319/2008
f 3413/2320/2009 3414/2321/2010 3417/2322/2011 3416/2323/2012
f 3414/2321/2010 3415/2324/2013 3418/2325/2014 3417/2322/2011
f 3416/2323/2012 3417/2322/2011 3420/2326/2015 3419/2327/2016
f 3417/2322/2011 3418/2325/2014 3421/2328/2017 3420/2326/2015
f 138/2318/2007 1012/2316/2005 3413/2320/2009 1015/2329/2018
f 1012/2316/2005 1011/2315/2004 3414/2321/2010 3413/2320/2009
f 1011/2315/2004 1010/2314/2003 3415/2324/2013 3414/2321/2010
f 1010/2314/2003 132/2220/1927 982/2231/1938 3415/2324/2013
f 3415/2324/2013 982/2231/1938 981/2237/1944 3418/2325/2014
f 3418/2325/2014 981/2237/1944 980/2235/1942 3421/2328/2017
f 3421/2328/2017 980/2235/1942 131/2236/1943 1016/2330/2019
f 3420/2326/2015 3421/2328/2017 1016/2330/2019 1017/2331/2020
f 3419/2327/2016 3420/2326/2015 1017/2331/2020 1018/2332/2021
f 1013/2333/2022 3419/2327/2016 1018/2332/2021 137/2334/2023
f 1014/2335/2024 3416/2323/2012 3419/2327/2016 1013/2333/2022
f 1015/2329/2018 3413/2320/2009 3416/2323/2012 1014/2335/2024
f 3422/2336/2025 3423/2337/2026 3426/2338/2027 3425/2339/2028
f 3423/2337/2026 3424/2340/2029 3427/2341/2030 3426/2338/2027
f 3425/2339/2028 3426/2338/2027 3429/2342/2031 3428/2343/2032
f 3426/2338/2027 3427/2341/2030 3430/2344/2033 3429/2342/2031
f 137/2334/2023 1018/2332/2021 3422/2336/2025 1021/2345/2034
f 1018/2332/2021 1017/2331/2020 3423/2337/2026 3422/2336/2025
f 1017/2331/2020 1016/2330/2019 3424/2340/2029 3423/2337/2026
f 1016/2330/2019 131/2236/1943 988/2247/1954 3424/2340/2029
f 3424/2340/2029 988/2247/1954 987/2253/1960 3427/2341/2030
f 3427/2341/2030 987/2253/1960 986/2251/1958 3430/2344/2033
f 3430/2344/2033 986/2251/1958 129/2252/1959 1022/2346/2035
f 3429/2342/2031 3430/2344/2033 1022/2346/2035 1023/2347/2036
f 3428/2343/2032 3429/2342/2031 1023/2347/2036 1024/2348/2037
f 1019/2349/2038 3428/2343/2032 1024/2348/2037 135/2350/2039
f 1020/2351/2040 3425/2339/2028 3428/2343/2032 1019/2349/2038
f 1021/2345/2034 3422/2336/2025 3425/2339/2028 1020/2351/2040
f 3431/2352/2041 3432/2353/2042 3435/2354/2043 3434/2355/2044
f 3432/2353/2042 3433/2356/2045 3436/2357/2046 3435/2354/2043
f 3434/2355/2044 3435/2354/2043 3438/2358/2047 3437/2359/2048
f 3435/2354/2043 3436/2357/2046 3439/2360/2049 3438/2358/2047
f 142/344/344 1028/2361/343 3431/2352/2041 1027/2362/2050
f 1028/2361/343 1029/342/342 3432/2353/2042 3431/2352/2041
f 1029/342/342 1030/2363/341 3433/2356/2045 3432/2353/2042
f 1030/2363/341 136/324/324 994/2364/1970 3433/2356/2045
f 3433/2356/2045 994/2364/1970 993/2365/1976 3436/2357/2046
f 3436/2357/2046 993/2365/1976 992/2366/1974 3439/2360/2049
f 3439/2360/2049 992/2366/1974 140/2367/1975 1031/2368/2051
f 3438/2358/2047 3439/2360/2049 1031/2368/2051 1032/2369/2052
f 3437/2359/2048 3438/2358/2047 1032/2369/2052 1033/2370/2053
f 1025/2371/2054 3437/2359/2048 1033/2370/2053 146/2372/2055
f 1026/2373/2056 3434/2355/2044 3437/2359/2048 1025/2371/2054
f 1027/2362/2050 3431/2352/2041 3434/2355/2044 1026/2373/2056
f 3440/2374/2057 3441/2375/2058 3444/2376/2059 3443/2377/2060
f 3441/2375/2058 3442/2378/2061 3445/2379/2062 3444/2376/2059
f 3443/2377/2060 3444/2376/2059 3447/2380/2063 3446/2381/2064
f 3444/2376/2059 3445/2379/2062 3448/2382/2065 3447/2380/2063
f 146/2372/2055 1033/2370/2053 3440/2374/2057 1036/2383/2066
f 1033/2370/2053 1032/2369/2052 3441/2375/2058 3440/2374/2057
f 1032/2369/2052 1031/2368/2051 3442/2378/2061 3441/2375/2058
f 1031/2368/2051 140/2367/1975 1003/2384/1986 3442/2378/2061
f 3442/2378/2061 1003/2384/1986 1002/2385/1992 3445/2379/2062
f 3445/2379/2062 1002/2385/1992 1001/2386/1990 3448/2382/2065
f 3448/2382/2065 1001/2386/1990 139/2387/1991 1037/2388/2067
f 3447/2380/2063 3448/2382/2065 1037/2388/2067 1038/2389/2068
f 3446/2381/2064 3447/2380/2063 1038/2389/2068 1039/2390/2069
f 1034/2391/2070 3446/2381/2064 1039/2390/2069 145/2392/2071
f 1035/2393/2072 3443/2377/2060 3446/2381/2064 1034/2391/2070
f 1036/2383/2066 3440/2374/2057 3443/2377/2060 1035/2393/2072
f 3449/2394/2073 3450/2395/2074 3453/2396/2075 3452/2397/2076
f 3450/2395/2074 3451/2398/2077 3454/2399/2078 3453/2396/2075
f 3452/2397/2076 3453/2396/2075 3456/2400/2079 3455/2401/2080
f 3453/2396/2075 3454/2399/2078 3457/2402/2081 3456/2400/2079
f 145/2403/2071 1039/2404/2069 3449/2394/2073 1042/2405/2082
f 1039/2404/2069 1038/2406/2068 3450/2395/2074 3449/2394/2073
f 1038/2406/2068 1037/2407/2067 3451/2398/2077 3450/2395/2074
f 1037/2407/2067 139/2408/1991 1009/2409/2002 3451/2398/2077
f 3451/2398/2077 1009/2409/2002 1008/2410/2008 3454/2399/2078
f 3454/2399/2078 1008/2410/2008 1007/2411/2006 3457/2402/2081
f 3457/2402/2081 1007/2411/2006 138/2318/2007 1043/2412/2083
f 3456/2400/2079 3457/2402/2081 1043/2412/2083 1044/2413/2084
f 3455/2401/2080 3456/2400/2079 1044/2413/2084 1045/2414/2085
f 1040/2415/2086 3455/2401/2080 1045/2414/2085 144/2416/2087
f 1041/2417/2088 3452/2397/2076 3455/2401/2080 1040/2415/2086
f 1042/2405/2082 3449/2394/2073 3452/2397/2076 1041/2417/2088
f 3458/2418/2089 3459/2419/2090 3462/2420/2091 3461/2421/2092
f 3459/2419/2090 3460/2422/2093 3463/2423/2094 3462/2420/2091
f 3461/2421/2092 3462/2420/2091 3465/2424/2095 3464/2425/2096
f 3462/2420/2091 3463/2423/2094 3466/2426/2097 3465/2424/2095
f 144/2416/2087 1045/2414/2085 3458/2418/2089 1048/2427/2098
f 1045/2414/2085 1044/2413/2084 3459/2419/2090 3458/2418/2089
f 1044/2413/2084 1043/2412/2083 3460/2422/2093 3459/2419/2090
f 1043/2412/2083 138/2318/2007 1015/2329/2018 3460/2422/2093
f 3460/2422/2093 1015/2329/2018 1014/2335/2024 3463/2423/2094
f 3463/2423/2094 1014/2335/2024 1013/2333/2022 3466/2426/2097
f 3466/2426/2097 1013/2333/2022 137/2334/2023 1049/2428/2099
f 3465/2424/2095 3466/2426/2097 1049/2428/2099 1050/2429/2100
f 3464/2425/2096 3465/2424/2095 1050/2429/2100 1051/2430/2101
f 1046/2431/2102 3464/2425/2096 1051/2430/2101 143/2432/2103
f 1047/2433/2104 3461/2421/2092 3464/2425/2096 1046/2431/2102
f 1048/2427/2098 3458/2418/2089 3461/2421/2092 1047/2433/2104
f 3467/2434/2105 3468/2435/2106 3471/2436/2107 3470/2437/2108
f 3468/2435/2106 3469/2438/2109 3472/2439/2110 3471/2436/2107
f 3470/2437/2108 3471/2436/2107 3474/2440/2111 3473/2441/2112
f 3471/2436/2107 3472/2439/2110 3475/2442/2113 3474/2440/2111
f 143/2432/2103 1051/2430/2101 3467/2434/2105 1054/2443/2114
f 1051/2430/2101 1050/2429/2100 3468/2435/2106 3467/2434/2105
f 1050/2429/2100 1049/2428/2099 3469/2438/2109 3468/2435/2106
f 1049/2428/2099 137/2334/2023 1021/2345/2034 3469/2438/2109
f 3469/2438/2109 1021/2345/2034 1020/2351/2040 3472/2439/2110
f 3472/2439/2110 1020/2351/2040 1019/2349/2038 3475/2442/2113
f 3475/2442/2113 1019/2349/2038 135/2350/2039 1055/2444/2115
f 3474/2440/2111 3475/2442/2113 1055/2444/2115 1056/2445/2116
f 3473/2441/2112 3474/2440/2111 1056/2445/2116 1057/2446/2117
f 1052/2447/2118 3473/2441/2112 1057/2446/2117 141/2448/2119
f 1053/2449/2120 3470/2437/2108 3473/2441/2112 1052/2447/2118
f 1054/2443/2114 3467/2434/2105 3470/2437/2108 1053/2449/2120
f 3476/2450/2121 3477/2451/2122 3480/2452/2123 3479/2453/2124
f 3477/2451/2122 3478/2454/2125 3481/2455/2126 3480/2452/2123
f 3479/2453/2124 3480/2452/2123 3483/2456/2127 3482/2457/2128
f 3480/2452/2123 3481/2455/2126 3484/2458/2129 3483/2456/2127
f 148/364/364 1061/2459/363 3476/2450/2121 1060/2460/2130
f 1061/2459/363 1062/362/362 3477/2451/2122 3476/2450/2121
f 1062/362/362 1063/2461/361 3478/2454/2125 3477/2451/2122
f 1063/2461/361 142/344/344 1027/2462/2050 3478/2454/2125
f 3478/2454/2125 1027/2462/2050 1026/2463/2056 3481/2455/2126
f 3481/2455/2126 1026/2463/2056 1025/2464/2054 3484/2458/2129
f 3484/2458/2129 1025/2464/2054 146/2465/2055 1064/2466/2131
f 3483/2456/2127 3484/2458/2129 1064/2466/2131 1065/2467/2132
f 3482/2457/2128 3483/2456/2127 1065/2467/2132 1066/2468/2133
f 1058/2469/2134 3482/2457/2128 1066/2468/2133 152/2470/2135
f 1059/2471/2136 3479/2453/2124 3482/2457/2128 1058/2469/2134
f 1060/2460/2130 3476/2450/2121 3479/2453/2124 1059/2471/2136
f 3485/2472/2137 3486/2473/2138 3489/2474/2139 3488/2475/2140
f 3486/2473/2138 3487/2476/2141 3490/2477/2142 3489/2474/2139
f 3488/2475/2140 3489/2474/2139 3492/2478/2143 3491/2479/2144
f 3489/2474/2139 3490/2477/2142 3493/2480/2145 3492/2478/2143
f 152/2470/2135 1066/2468/2133 3485/2472/2137 1069/2481/2146
f 1066/2468/2133 1065/2467/2132 3486/2473/2138 3485/2472/2137
f 1065/2467/2132 1064/2466/2131 3487/2476/2141 3486/2473/2138
f 1064/2466/2131 146/2465/2055 1036/2482/2066 3487/2476/2141
f 3487/2476/2141 1036/2482/2066 1035/2483/2072 3490/2477/2142
f 3490/2477/2142 1035/2483/2072 1034/2484/2070 3493/2480/2145
f 3493/2480/2145 1034/2484/2070 145/2485/2071 1070/2486/2147
f 3492/2478/2143 3493/2480/2145 1070/2486/2147 1071/2487/2148
f 3491/2479/2144 3492/2478/2143 1071/2487/2148 1072/2488/2149
f 1067/2489/2150 3491/2479/2144 1072/2488/2149 151/2490/2151
f 1068/2491/2152 3488/2475/2140 3491/2479/2144 1067/2489/2150
f 1069/2481/2146 3485/2472/2137 3488/2475/2140 1068/2491/2152
f 3494/2492/2153 3495/2493/2154 3498/2494/2155 3497/2495/2156
f 3495/2493/2154 3496/2496/2157 3499/2497/2158 3498/2494/2155
f 3497/2495/2156 3498/2494/2155 3501/2498/2159 3500/2499/2160
f 3498/2494/2155 3499/2497/2158 3502/2500/2161 3501/2498/2159
f 151/2501/2151 1072/2502/2149 3494/2492/2153 1075/2503/2162
f 1072/2502/2149 1071/2504/2148 3495/2493/2154 3494/2492/2153
f 1071/2504/2148 1070/2505/2147 3496/2496/2157 3495/2493/2154
f 1070/2505/2147 145/2506/2071 1042/2507/2082 3496/2496/2157
f 3496/2496/2157 1042/2507/2082 1041/2508/2088 3499/2497/2158
f 3499/2497/2158 1041/2508/2088 1040/2509/2086 3502/2500/2161
f 3502/2500/2161 1040/2509/2086 144/2416/2087 1076/2510/2163
f 3501/2498/2159 3502/2500/2161 1076/2510/2163 1077/2511/2164
f 3500/2499/2160 3501/2498/2159 1077/2511/2164 1078/2512/2165
f 1073/2513/2166 3500/2499/2160 1078/2512/2165 150/2514/2167
f 1074/2515/2168 3497/2495/2156 3500/2499/2160 1073/2513/2166
f 1075/2503/2162 3494/2492/2153 3497/2495/2156 1074/2515/2168
f 3503/2516/2169 3504/2517/2170 3507/2518/2171 3506/2519/2172
f 3504/2517/2170 3505/2520/2173 3508/2521/2174 3507/2518/2171
f 3506/2519/2172 3507/2518/2171 3510/2522/2175 3509/2523/2176
f 3507/2518/2171 3508/2521/2174 3511/2524/2177 3510/2522/2175
f 150/2514/2167 1078/2512/2165 3503/2516/2169 1081/2525/2178
f 1078/2512/2165 1077/2511/2164 3504/2517/2170 3503/2516/2169
f 1077/2511/2164 1076/2510/2163 3505/2520/2173 3504/2517/2170
f 1076/2510/2163 144/2416/2087 1048/2427/2098 3505/2520/2173
f 3505/2520/2173 1048/2427/2098 1047/2433/2104 3508/2521/2174
f 3508/2521/2174 1047/2433/2104 1046/2431/2102 3511/2524/2177
f 3511/2524/2177 1046/2431/2102 143/2432/2103 1082/2526/2179
f 3510/2522/2175 3511/2524/2177 1082/2526/2179 1083/2527/2180
f 3509/2523/2176 3510/2522/2175 1083/2527/2180 1084/2528/2181
f 1079/2529/2182 3509/2523/2176 1084/2528/2181 149/2530/2183
f 1080/2531/2184 3506/2519/2172 3509/2523/2176 1079/2529/2182
f 1081/2525/2178 3503/2516/2169 3506/2519/2172 1080/2531/2184
f 3512/2532/2185 3513/2533/2186 3516/2534/2187 3515/2535/2188
f 3513/2533/2186 3514/2536/2189 3517/2537/2190 3516/2534/2187
f 3515/2535/2188 3516/2534/2187 3519/2538/2191 3518/2539/2192
f 3516/2534/2187 3517/2537/2190 3520/2540/2193 3519/2538/2191
f 149/2530/2183 1084/2528/2181 3512/2532/2185 1087/2541/2194
f 1084/2528/2181 1083/2527/2180 3513/2533/2186 3512/2532/2185
f 1083/2527/2180 1082/2526/2179 3514/2536/2189 3513/2533/2186
f 1082/2526/2179 143/2432/2103 1054/2443/2114 3514/2536/2189
f 3514/2536/2189 1054/2443/2114 1053/2449/2120 3517/2537/2190
f 3517/2537/2190 1053/2449/2120 1052/2447/2118 3520/2540/2193
f 3520/2540/2193 1052/2447/2118 141/2448/2119 1088/2542/2195
f 3519/2538/2191 3520/2540/2193 1088/2542/2195 1089/2543/2196
f 3518/2539/2192 3519/2538/2191 1089/2543/2196 1090/2544/2197
f 1085/2545/2198 3518/2539/2192 1090/2544/2197 147/2546/2199
f 1086/2547/2200 3515/2535/2188 3518/2539/2192 1085/2545/2198
f 1087/2541/2194 3512/2532/2185 3515/2535/2188 1086/2547/2200
f 3521/2548/2201 3522/2549/2202 3525/2550/2203 3524/2551/2204
f 3522/2549/2202 3523/2552/2205 3526/2553/2206 3525/2550/2203
f 3524/2551/2204 3525/2550/2203 3528/2554/2207 3527/2555/2208
f 3525/2550/2203 3526/2553/2206 3529/2556/2209 3528/2554/2207
f 154/384/384 1094/2557/383 3521/2548/2201 1093/2558/2210
f 1094/2557/383 1095/382/382 3522/2549/2202 3521/2548/2201
f 1095/382/382 1096/2559/381 3523/2552/2205 3522/2549/2202
f 1096/2559/381 148/364/364 1060/2560/2130 3523/2552/2205
f 3523/2552/2205 1060/2560/2130 1059/2561/2136 3526/2553/2206
f 3526/2553/2206 1059/2561/2136 1058/2562/2134 3529/2556/2209
f 3529/2556/2209 1058/2562/2134 152/2563/2135 1097/2564/2211
f 3528/2554/2207 3529/2556/2209 1097/2564/2211 1098/2565/2212
f 3527/2555/2208 3528/2554/2207 1098/2565/2212 1099/2566/2213
f 1091/2567/2214 3527/2555/2208 1099/2566/2213 158/2568/2215
f 1092/2569/2216 3524/2551/2204 3527/2555/2208 1091/2567/2214
f 1093/2558/2210 3521/2548/2201 3524/2551/2204 1092/2569/2216
f 3530/2570/2217 3531/2571/2218 3534/2572/2219 3533/2573/2220
f 3531/2571/2218 3532/2574/2221 3535/2575/2222 3534/2572/2219
f 3533/2573/2220 3534/2572/2219 3537/2576/2223 3536/2577/2224
f 3534/2572/2219 3535/2575/2222 3538/2578/2225 3537/2576/2223
f 158/2568/2215 1099/2566/2213 3530/2570/2217 1102/2579/2226
f 1099/2566/2213 1098/2565/2212 3531/2571/2218 3530/2570/2217
f 1098/2565/2212 1097/2564/2211 3532/2574/2221 3531/2571/2218
f 1097/2564/2211 152/2563/2135 1069/2580/2146 3532/2574/2221
f 3532/2574/2221 1069/2580/2146 1068/2581/2152 3535/2575/2222
f 3535/2575/2222 1068/2581/2152 1067/2582/2150 3538/2578/2225
f 3538/2578/2225 1067/2582/2150 151/2583/2151 1103/2584/2227
f 3537/2576/2223 3538/2578/2225 1103/2584/2227 1104/2585/2228
f 3536/2577/2224 3537/2576/2223 1104/2585/2228 1105/2586/2229
f 1100/2587/2230 3536/2577/2224 1105/2586/2229 157/2588/2231
f 1101/2589/2232 3533/2573/2220 3536/2577/2224 1100/2587/2230
f 1102/2579/2226 3530/2570/2217 3533/2573/2220 1101/2589/2232
f 3539/2590/2233 3540/2591/2234 3543/2592/2235 3542/2593/2236
f 3540/2591/2234 3541/2594/2237 3544/2595/2238 3543/2592/2235
f 3542/2593/2236 3543/2592/2235 3546/2596/2239 3545/2597/2240
f 3543/2592/2235 3544/2595/2238 3547/2598/2241 3546/2596/2239
f 157/2599/2231 1105/2600/2229 3539/2590/2233 1108/2601/2242
f 1105/2600/2229 1104/2602/2228 3540/2591/2234 3539/2590/2233
f 1104/2602/2228 1103/2603/2227 3541/2594/2237 3540/2591/2234
f 1103/2603/2227 151/2604/2151 1075/2605/2162 3541/2594/2237
f 3541/2594/2237 1075/2605/2162 1074/2606/2168 3544/2595/2238
f 3544/2595/2238 1074/2606/2168 1073/2607/2166 3547/2598/2241
f 3547/2598/2241 1073/2607/2166 150/2514/2167 1109/2608/2243
f 3546/2596/2239 3547/2598/2241 1109/2608/2243 1110/2609/2244
f 3545/2597/2240 3546/2596/2239 1110/2609/2244 1111/2610/2245
f 1106/2611/2246 3545/2597/2240 1111/2610/2245 156/2612/2247
f 1107/2613/2248 3542/2593/2236 3545/2597/2240 1106/2611/2246
f 1108/2601/2242 3539/2590/2233 3542/2593/2236 1107/2613/2248
f 3548/2614/2249 3549/2615/2250 3552/2616/2251 3551/2617/2252
f 3549/2615/2250 3550/2618/2253 3553/2619/2254 3552/2616/2251
f 3551/2617/2252 3552/2616/2251 3555/2620/2255 3554/2621/2256
f 3552/2616/2251 3553/2619/2254 3556/2622/2257 3555/2620/2255
f 156/2612/2247 1111/2610/2245 3548/2614/2249 1114/2623/2258
f 1111/2610/2245 1110/2609/2244 3549/2615/2250 3548/2614/2249
f 1110/2609/2244 1109/2608/2243 3550/2618/2253 3549/2615/2250
f 1109/2608/2243 150/2514/2167 1081/2525/2178 3550/2618/2253
f 3550/2618/2253 1081/2525/2178 1080/2531/2184 3553/2619/2254
f 3553/2619/2254 1080/2531/2184 1079/2529/2182 3556/2622/2257
f 3556/2622/2257 1079/2529/2182 149/2530/2183 1115/2624/2259
f 3555/2620/2255 3556/2622/2257 1115/2624/2259 1116/2625/2260
f 3554/2621/2256 3555/2620/2255 1116/2625/2260 1117/2626/2261
f 1112/2627/2262 3554/2621/2256 1117/2626/2261 155/2628/2263
f 1113/2629/2264 3551/2617/2252 3554/2621/2256 1112/2627/2262
f 1114/2623/2258 3548/2614/2249 3551/2617/2252 1113/2629/2264
f 3557/2630/2265 3558/2631/2266 3561/2632/2267 3560/2633/2268
f 3558/2631/2266 3559/2634/2269 3562/2635/2270 3561/2632/2267
f 3560/2633/2268 3561/2632/2267 3564/2636/2271 3563/2637/2272
f 3561/2632/2267 3562/2635/2270 3565/2638/2273 3564/2636/2271
f 155/2628/2263 1117/2626/2261 3557/2630/2265 1120/2639/2274
f 1117/2626/2261 1116/2625/2260 3558/2631/2266 3557/2630/2265
f 1116/2625/2260 1115/2624/2259 3559/2634/2269 3558/2631/2266
f 1115/2624/2259 149/2530/2183 1087/2541/2194 3559/2634/2269
f 3559/2634/2269 1087/2541/2194 1086/2547/2200 3562/2635/2270
f 3562/2635/2270 1086/2547/2200 1085/2545/2198 3565/2638/2273
f 3565/2638/2273 1085/2545/2198 147/2546/2199 1121/2640/2275
f 3564/2636/2271 3565/2638/2273 1121/2640/2275 1122/2641/2276
f 3563/2637/2272 3564/2636/2271 1122/2641/2276 1123/2642/2277
f 1118/2643/2278 3563/2637/2272 1123/2642/2277 153/2644/2279
f 1119/2645/2280 3560/2633/2268 3563/2637/2272 1118/2643/2278
f 1120/2639/2274 3557/2630/2265 3560/2633/2268 1119/2645/2280
f 3566/2646/2281 3567/2647/2282 3570/2648/2283 3569/2649/2284
f 3567/2647/2282 3568/2650/2285 3571/2651/2286 3570/2648/2283
f 3569/2649/2284 3570/2648/2283 3573/2652/2287 3572/2653/2288
f 3570/2648/2283 3571/2651/2286 3574/2654/2289 3573/2652/2287
f 160/404/404 1127/2655/403 3566/2646/2281 1126/2656/2290
f 1127/2655/403 1128/402/402 3567/2647/2282 3566/2646/2281
f 1128/402/402 1129/2657/401 3568/2650/2285 3567/2647/2282
f 1129/2657/401 154/384/384 1093/2658/2210 3568/2650/2285
f 3568/2650/2285 1093/2658/2210 1092/2659/2216 3571/2651/2286
f 3571/2651/2286 1092/2659/2216 1091/2660/2214 3574/2654/2289
f 3574/2654/2289 1091/2660/2214 158/2661/2215 1130/2662/2291
f 3573/2652/2287 3574/2654/2289 1130/2662/2291 1131/2663/2292
f 3572/2653/2288 3573/2652/2287 1131/2663/2292 1132/2664/2293
f 1124/2665/2294 3572/2653/2288 1132/2664/2293 164/2666/2295
f 1125/2667/2296 3569/2649/2284 3572/2653/2288 1124/2665/2294
f 1126/2656/2290 3566/2646/2281 3569/2649/2284 1125/2667/2296
f 3575/2668/2297 3576/2669/2298 3579/2670/2299 3578/2671/2300
f 3576/2669/2298 3577/2672/2301 3580/2673/2302 3579/2670/2299
f 3578/2671/2300 3579/2670/2299 3582/2674/2303 3581/2675/2304
f 3579/2670/2299 3580/2673/2302 3583/2676/2305 3582/2674/2303
f 164/2666/2295 1132/2664/2293 3575/2668/2297 1135/2677/2306
f 1132/2664/2293 1131/2663/2292 3576/2669/2298 3575/2668/2297
f 1131/2663/2292 1130/2662/2291 3577/2672/2301 3576/2669/2298
f 1130/2662/2291 158/2661/2215 1102/2678/2226 3577/2672/2301
f 3577/2672/2301 1102/2678/2226 1101/2679/2232 3580/2673/2302
f 3580/2673/2302 1101/2679/2232 1100/2680/2230 3583/2676/2305
f 3583/2676/2305 1100/2680/2230 157/2681/2231 1136/2682/2307
f 3582/2674/2303 3583/2676/2305 1136/2682/2307 1137/2683/2308
f 3581/2675/2304 3582/2674/2303 1137/2683/2308 1138/2684/2309
f 1133/2685/2310 3581/2675/2304 1138/2684/2309 163/2686/2311
f 1134/2687/2312 3578/2671/2300 3581/2675/2304 1133/2685/2310
f 1135/2677/2306 3575/2668/2297 3578/2671/2300 1134/2687/2312
f 3584/2688/2313 3585/2689/2314 3588/2690/2315 3587/2691/2316
f 3585/2689/2314 3586/2692/2317 3589/2693/2318 3588/2690/2315
f 3587/2691/2316 3588/2690/2315 3591/2694/2319 3590/2695/2320
f 3588/2690/2315 3589/2693/2318 3592/2696/2321 3591/2694/2319
f 163/2697/2311 1138/2698/2309 3584/2688/2313 1141/2699/2322
f 1138/2698/2309 1137/2700/2308 3585/2689/2314 3584/2688/2313
f 1137/2700/2308 1136/2701/2307 3586/2692/2317 3585/2689/2314
f 1136/2701/2307 157/2702/2231 1108/2703/2242 3586/2692/2317
f 3586/2692/2317 1108/2703/2242 1107/2704/2248 3589/2693/2318
f 3589/2693/2318 1107/2704/2248 1106/2705/2246 3592/2696/2321
f 3592/2696/2321 1106/2705/2246 156/2612/2247 1142/2706/2323
f 3591/2694/2319 3592/2696/2321 1142/2706/2323 1143/2707/2324
f 3590/2695/2320 3591/2694/2319 1143/2707/2324 1144/2708/2325
f 1139/2709/2326 3590/2695/2320 1144/2708/2325 162/2710/2327
f 1140/2711/2328 3587/2691/2316 3590/2695/2320 1139/2709/2326
f 1141/2699/2322 3584/2688/2313 3587/2691/2316 1140/2711/2328
f 3593/2712/2329 3594/2713/2330 3597/2714/2331 3596/2715/2332
f 3594/2713/2330 3595/2716/2333 3598/2717/2334 3597/2714/2331
f 3596/2715/2332 3597/2714/2331 3600/2718/2335 3599/2719/2336
f 3597/2714/2331 3598/2717/2334 3601/2720/2337 3600/2718/2335
f 162/2710/2327 1144/2708/2325 3593/2712/2329 1147/2721/2338
f 1144/2708/2325 1143/2707/2324 3594/2713/2330 3593/2712/2329
f 1143/2707/2324 1142/2706/2323 3595/2716/2333 3594/2713/2330
f 1142/2706/2323 156/2612/2247 1114/2623/2258 3595/2716/2333
f 3595/2716/2333 1114/2623/2258 1113/2629/2264 3598/2717/2334
f 3598/2717/2334 1113/2629/2264 1112/2627/2262 3601/2720/2337
f 3601/2720/2337 1112/2627/2262 155/2628/2263 1148/2722/2339
f 3600/2718/2335 3601/2720/2337 1148/2722/2339 1149/2723/2340
f 3599/2719/2336 3600/2718/2335 1149/2723/2340 1150/2724/2341
f 1145/2725/2342 3599/2719/2336 1150/2724/2341 161/2726/2343
f 1146/2727/2344 3596/2715/2332 3599/2719/2336 1145/2725/2342
f 1147/2721/2338 3593/2712/2329 3596/2715/2332 1146/2727/2344
f 3602/2728/2345 3603/2729/2346 3606/2730/2347 3605/2731/2348
f 3603/2729/2346 3604/2732/2349 3607/2733/2350 3606/2730/2347
f 3605/2731/2348 3606/2730/2347 3609/2734/2351 3608/2735/2352
f 3606/2730/2347 3607/2733/2350 3610/2736/2353 3609/2734/2351
f 161/2726/2343 1150/2724/2341 3602/2728/2345 1153/2737/2354
f 1150/2724/2341 1149/2723/2340 3603/2729/2346 3602/2728/2345
f 1149/2723/2340 1148/2722/2339 3604/2732/2349 3603/2729/2346
f 1148/2722/2339 155/2628/2263 1120/2639/2274 3604/2732/2349
f 3604/2732/2349 1120/2639/2274 1119/2645/2280 3607/2733/2350
f 3607/2733/2350 1119/2645/2280 1118/2643/2278 3610/2736/2353
f 3610/2736/2353 1118/2643/2278 153/2644/2279 1154/2738/2355
f 3609/2734/2351 3610/2736/2353 1154/2738/2355 1155/2739/2356
f 3608/2735/2352 3609/2734/2351 1155/2739/2356 1156/2740/2357
f 1151/2741/2358 3608/2735/2352 1156/2740/2357 159/2742/2359
f 1152/2743/2360 3605/2731/2348 3608/2735/2352 1151/2741/2358
f 1153/2737/2354 3602/2728/2345 3605/2731/2348 1152/2743/2360
f 3611/2744/2361 3612/2745/2362 3615/2746/2363 3614/2747/2364
f 3612/2745/2362 3613/2748/2365 3616/2749/2366 3615/2746/2363
f 3614/2747/2364 3615/2746/2363 3618/2750/2367 3617/2751/2368
f 3615/2746/2363 3616/2749/2366 3619/2752/2369 3618/2750/2367
f 166/424/424 1160/2753/423 3611/2744/2361 1159/2754/2370
f 1160/2753/423 1161/2755/422 3612/2745/2362 3611/2744/2361
f 1161/2755/422 1162/2756/421 3613/2748/2365 3612/2745/2362
f 1162/2756/421 160/404/404 1126/2757/2290 3613/2748/2365
f 3613/2748/2365 1126/2757/2290 1125/2758/2296 3616/2749/2366
f 3616/2749/2366 1125/2758/2296 1124/2759/2294 3619/2752/2369
f 3619/2752/2369 1124/2759/2294 164/2760/2295 1163/2761/2371
f 3618/2750/2367 3619/2752/2369 1163/2761/2371 1164/2762/2372
f 3617/2751/2368 3618/2750/2367 1164/2762/2372 1165/2763/2373
f 1157/2764/2374 3617/2751/2368 1165/2763/2373 170/2765/2375
f 1158/2766/2376 3614/2747/2364 3617/2751/2368 1157/2764/2374
f 1159/2754/2370 3611/2744/2361 3614/2747/2364 1158/2766/2376
f 3620/2767/2377 3621/2768/2378 3624/2769/2379 3623/2770/2380
f 3621/2768/2378 3622/2771/2381 3625/2772/2382 3624/2769/2379
f 3623/2770/2380 3624/2769/2379 3627/2773/2383 3626/2774/2384
f 3624/2769/2379 3625/2772/2382 3628/2775/2385 3627/2773/2383
f 170/2765/2375 1165/2763/2373 3620/2767/2377 1168/2776/2386
f 1165/2763/2373 1164/2762/2372 3621/2768/2378 3620/2767/2377
f 1164/2762/2372 1163/2761/2371 3622/2771/2381 3621/2768/2378
f 1163/2761/2371 164/2760/2295 1135/2777/2306 3622/2771/2381
f 3622/2771/2381 1135/2777/2306 1134/2778/2312 3625/2772/2382
f 3625/2772/2382 1134/2778/2312 1133/2779/2310 3628/2775/2385
f 3628/2775/2385 1133/2779/2310 163/2780/2311 1169/2781/2387
f 3627/2773/2383 3628/2775/2385 1169/2781/2387 1170/2782/2388
f 3626/2774/2384 3627/2773/2383 1170/2782/2388 1171/2783/2389
f 1166/2784/2390 3626/2774/2384 1171/2783/2389 169/2785/2391
f 1167/2786/2392 3623/2770/2380 3626/2774/2384 1166/2784/2390
f 1168/2776/2386 3620/2767/2377 3623/2770/2380 1167/2786/2392
f 3629/2787/2393 3630/2788/2394 3633/2789/2395 3632/2790/2396
f 3630/2788/2394 3631/2791/2397 3634/2792/2398 3633/2789/2395
f 3632/2790/2396 3633/2789/2395 3636/2793/2399 3635/2794/2400
f 3633/2789/2395 3634/2792/2398 3637/2795/2401 3636/2793/2399
f 169/2796/2391 1171/2797/2389 3629/2787/2393 1174/2798/2402
f 1171/2797/2389 1170/2799/2388 3630/2788/2394 3629/2787/2393
f 1170/2799/2388 1169/2800/2387 3631/2791/2397 3630/2788/2394
f 1169/2800/2387 163/2801/2311 1141/2802/2322 3631/2791/2397
f 3631/2791/2397 1141/2802/2322 1140/2803/2328 3634/2792/2398
f 3634/2792/2398 1140/2803/2328 1139/2804/2326 3637/2795/2401
f 3637/2795/2401 1139/2804/2326 162/2710/2327 1175/2805/2403
f 3636/2793/2399 3637/2795/2401 1175/2805/2403 1176/2806/2404
f 3635/2794/2400 3636/2793/2399 1176/2806/2404 1177/2807/2405
f 1172/2808/2406 3635/2794/2400 1177/2807/2405 168/2809/2407
f 1173/2810/2408 3632/2790/2396 3635/2794/2400 1172/2808/2406
f 1174/2798/2402 3629/2787/2393 3632/2790/2396 1173/2810/2408
f 3638/2811/2409 3639/2812/2410 3642/2813/2411 3641/2814/2412
f 3639/2812/2410 3640/2815/2413 3643/2816/2414 3642/2813/2411
f 3641/2814/2412 3642/2813/2411 3645/2817/2415 3644/2818/2416
f 3642/2813/2411 3643/2816/2414 3646/2819/2417 3645/2817/2415
f 168/2809/2407 1177/2807/2405 3638/2811/2409 1180/2820/2418
f 1177/2807/2405 1176/2806/2404 3639/2812/2410 3638/2811/2409
f 1176/2806/2404 1175/2805/2403 3640/2815/2413 3639/2812/2410
f 1175/2805/2403 162/2710/2327 1147/2721/2338 3640/2815/2413
f 3640/2815/2413 1147/2721/2338 1146/2727/2344 3643/2816/2414
f 3643/2816/2414 1146/2727/2344 1145/2725/2342 3646/2819/2417
f 3646/2819/2417 1145/2725/2342 161/2726/2343 1181/2821/2419
f 3645/2817/2415 3646/2819/2417 1181/2821/2419 1182/2822/2420
f 3644/2818/2416 3645/2817/2415 1182/2822/2420 1183/2823/2421
f 1178/2824/2422 3644/2818/2416 1183/2823/2421 167/2825/2423
f 1179/2826/2424 3641/2814/2412 3644/2818/2416 1178/2824/2422
f 1180/2820/2418 3638/2811/2409 3641/2814/2412 1179/2826/2424
f 3647/2827/2425 3648/2828/2426 3651/2829/2427 3650/2830/2428
f 3648/2828/2426 3649/2831/2429 3652/2832/2430 3651/2829/2427
f 3650/2830/2428 3651/2829/2427 3654/2833/2431 3653/2834/2432
f 3651/2829/2427 3652/2832/2430 3655/2835/2433 3654/2833/2431
f 167/2825/2423 1183/2823/2421 3647/2827/2425 1186/2836/2434
f 1183/2823/2421 1182/2822/2420 3648/2828/2426 3647/2827/2425
f 1182/2822/2420 1181/2821/2419 3649/2831/2429 3648/2828/2426
f 1181/2821/2419 161/2726/2343 1153/2737/2354 3649/2831/2429
f 3649/2831/2429 1153/2737/2354 1152/2743/2360 3652/2832/2430
f 3652/2832/2430 1152/2743/2360 1151/2741/2358 3655/2835/2433
f 3655/2835/2433 1151/2741/2358 159/2742/2359 1187/2837/2435
f 3654/2833/2431 3655/2835/2433 1187/2837/2435 1188/2838/2436
f 3653/2834/2432 3654/2833/2431 1188/2838/2436 1189/2839/2437
f 1184/2840/2438 3653/2834/2432 1189/2839/2437 165/2841/2439
f 1185/2842/2440 3650/2830/2428 3653/2834/2432 1184/2840/2438
f 1186/2836/2434 3647/2827/2425 3650/2830/2428 1185/2842/2440
f 3656/2843/2441 3657/2844/2442 3660/2845/2443 3659/2846/2444
f 3657/2844/2442 3658/2847/2445 3661/2848/2446 3660/2845/2443
f 3659/2846/2444 3660/2845/2443 3663/2849/2447 3662/2850/2448
f 3660/2845/2443 3661/2848/2446 3664/2851/2449 3663/2849/2447
f 172/444/444 1193/2852/443 3656/2843/2441 1192/2853/2450
f 1193/2852/443 1194/442/442 3657/2844/2442 3656/2843/2441
f 1194/442/442 1195/2854/441 3658/2847/2445 3657/2844/2442
f 1195/2854/441 166/424/424 1159/2855/2370 3658/2847/2445
f 3658/2847/2445 1159/2855/2370 1158/2856/2376 3661/2848/2446
f 3661/2848/2446 1158/2856/2376 1157/2857/2374 3664/2851/2449
f 3664/2851/2449 1157/2857/2374 170/2858/2375 1196/2859/2451
f 3663/2849/2447 3664/2851/2449 1196/2859/2451 1197/2860/2452
f 3662/2850/2448 3663/2849/2447 1197/2860/2452 1198/2861/2453
f 1190/2862/2454 3662/2850/2448 1198/2861/2453 176/2863/2455
f 1191/2864/2456 3659/2846/2444 3662/2850/2448 1190/2862/2454
f 1192/2853/2450 3656/2843/2441 3659/2846/2444 1191/2864/2456
f 3665/2865/2457 3666/2866/2458 3669/2867/2459 3668/2868/2460
f 3666/2866/2458 3667/2869/2461 3670/2870/2462 3669/2867/2459
f 3668/2868/2460 3669/2867/2459 3672/2871/2463 3671/2872/2464
f 3669/2867/2459 3670/2870/2462 3673/2873/2465 3672/2871/2463
f 176/2863/2455 1198/2861/2453 3665/2865/2457 1201/2874/2466
f 1198/2861/2453 1197/2860/2452 3666/2866/2458 3665/2865/2457
f 1197/2860/2452 1196/2859/2451 3667/2869/2461 3666/2866/2458
f 1196/2859/2451 170/2858/2375 1168/2875/2386 3667/2869/2461
f 3667/2869/2461 1168/2875/2386 1167/2876/2392 3670/2870/2462
f 3670/2870/2462 1167/2876/2392 1166/2877/2390 3673/2873/2465
f 3673/2873/2465 1166/2877/2390 169/2878/2391 1202/2879/2467
f 3672/2871/2463 3673/2873/2465 1202/2879/2467 1203/2880/2468
f 3671/2872/2464 3672/2871/2463 1203/2880/2468 1204/2881/2469
f 1199/2882/2470 3671/2872/2464 1204/2881/2469 175/2883/2471
f 1200/2884/2472 3668/2868/2460 3671/2872/2464 1199/2882/2470
f 1201/2874/2466 3665/2865/2457 3668/2868/2460 1200/2884/2472
f 3674/2885/2473 3675/2886/2474 3678/2887/2475 3677/2888/2476
f 3675/2886/2474 3676/2889/2477 3679/2890/2478 3678/2887/2475
f 3677/2888/2476 3678/2887/2475 3681/2891/2479 3680/2892/2480
f 3678/2887/2475 3679/2890/2478 3682/2893/2481 3681/2891/2479
f 175/2894/2471 1204/2895/2469 3674/2885/2473 1207/2896/2482
f 1204/2895/2469 1203/2897/2468 3675/2886/2474 3674/2885/2473
f 1203/2897/2468 1202/2898/2467 3676/2889/2477 3675/2886/2474
f 1202/2898/2467 169/2899/2391 1174/2900/2402 3676/2889/2477
f 3676/2889/2477 1174/2900/2402 1173/2901/2408 3679/2890/2478
f 3679/2890/2478 1173/2901/2408 1172/2902/2406 3682/2893/2481
f 3682/2893/2481 1172/2902/2406 168/2809/2407 1208/2903/2483
f 3681/2891/2479 3682/2893/2481 1208/2903/2483 1209/2904/2484
f 3680/2892/2480 3681/2891/2479 1209/2904/2484 1210/2905/2485
f 1205/2906/2486 3680/2892/2480 1210/2905/2485 174/2907/2487
f 1206/2908/2488 3677/2888/2476 3680/2892/2480 1205/2906/2486
f 1207/2896/2482 3674/2885/2473 3677/2888/2476 1206/2908/2488
f 3683/2909/2489 3684/2910/2490 3687/2911/2491 3686/2912/2492
f 3684/2910/2490 3685/2913/2493 3688/2914/2494 3687/2911/2491
f 3686/2912/2492 3687/2911/2491 3690/2915/2495 3689/2916/2496
f 3687/2911/2491 3688/2914/2494 3691/2917/2497 3690/2915/2495
f 174/2907/2487 1210/2905/2485 3683/2909/2489 1213/2918/2498
f 1210/2905/2485 1209/2904/2484 3684/2910/2490 3683/2909/2489
f 1209/2904/2484 1208/2903/2483 3685/2913/2493 3684/2910/2490
f 1208/2903/2483 168/2809/2407 1180/2820/2418 3685/2913/2493
f 3685/2913/2493 1180/2820/2418 1179/2826/2424 3688/2914/2494
f 3688/2914/2494 1179/2826/2424 1178/2824/2422 3691/2917/2497
f 3691/2917/2497 1178/2824/2422 167/2825/2423 1214/2919/2499
f 3690/2915/2495 3691/2917/2497 1214/2919/2499 1215/2920/2500
f 3689/2916/2496 3690/2915/2495 1215/2920/2500 1216/2921/2501
f 1211/2922/2502 3689/2916/2496 1216/2921/2501 173/2923/2503
f 1212/2924/2504 3686/2912/2492 3689/2916/2496 1211/2922/2502
f 1213/2918/2498 3683/2909/2489 3686/2912/2492 1212/2924/2504
f 3692/2925/2505 3693/2926/2506 3696/2927/2507 3695/2928/2508
f 3693/2926/2506 3694/2929/2509 3697/2930/2510 3696/2927/2507
f 3695/2928/2508 3696/2927/2507 3699/2931/2511 3698/2932/2512
f 3696/2927/2507 3697/2930/2510 3700/2933/2513 3699/2931/2511
f 173/2923/2503 1216/2921/2501 3692/2925/2505 1219/2934/2514
f 1216/2921/2501 1215/2920/2500 3693/2926/2506 3692/2925/2505
f 1215/2920/2500 1214/2919/2499 3694/2929/2509 3693/2926/2506
f 1214/2919/2499 167/2825/2423 1186/2836/2434 3694/2929/2509
f 3694/2929/2509 1186/2836/2434 1185/2842/2440 3697/2930/2510
f 3697/2930/2510 1185/2842/2440 1184/2840/2438 3700/2933/2513
f 3700/2933/2513 1184/2840/2438 165/2841/2439 1220/2935/2515
f 3699/2931/2511 3700/2933/2513 1220/2935/2515 1221/2936/2516
f 3698/2932/2512 3699/2931/2511 1221/2936/2516 1222/2937/2517
f 1217/2938/2518 3698/2932/2512 1222/2937/2517 171/2939/2519
f 1218/2940/2520 3695/2928/2508 3698/2932/2512 1217/2938/2518
f 1219/2934/2514 3692/2925/2505 3695/2928/2508 1218/2940/2520
f 3701/2941/2521 3702/2942/2522 3705/2943/2523 3704/2944/2524
f 3702/2942/2522 3703/2945/2525 3706/2946/2526 3705/2943/2523
f 3704/2944/2524 3705/2943/2523 3708/2947/2527 3707/2948/2528
f 3705/2943/2523 3706/2946/2526 3709/2949/2529 3708/2947/2527
f 178/464/464 1226/2950/463 3701/2941/2521 1225/2951/2530
f 1226/2950/463 1227/2952/462 3702/2942/2522 3701/2941/2521
f 1227/2952/462 1228/2953/461 3703/2945/2525 3702/2942/2522
f 1228/2953/461 172/444/444 1192/2954/2450 3703/2945/2525
f 3703/2945/2525 1192/2954/2450 1191/2955/2456 3706/2946/2526
f 3706/2946/2526 1191/2955/2456 1190/2956/2454 3709/2949/2529
f 3709/2949/2529 1190/2956/2454 176/2957/2455 1229/2958/2531
f 3708/2947/2527 3709/2949/2529 1229/2958/2531 1230/2959/2532
f 3707/2948/2528 3708/2947/2527 1230/2959/2532 1231/2960/2533
f 1223/2961/2534 3707/2948/2528 1231/2960/2533 182/2962/2535
f 1224/2963/2536 3704/2944/2524 3707/2948/2528 1223/2961/2534
f 1225/2951/2530 3701/2941/2521 3704/2944/2524 1224/2963/2536
f 3710/2964/2537 3711/2965/2538 3714/2966/2539 3713/2967/2540
f 3711/2965/2538 3712/2968/2541 3715/2969/2542 3714/2966/2539
f 3713/2967/2540 3714/2966/2539 3717/2970/2543 3716/2971/2544
f 3714/2966/2539 3715/2969/2542 3718/2972/2545 3717/2970/2543
f 182/2962/2535 1231/2960/2533 3710/2964/2537 1234/2973/2546
f 1231/2960/2533 1230/2959/2532 3711/2965/2538 3710/2964/2537
f 1230/2959/2532 1229/2958/2531 3712/2968/2541 3711/2965/2538
f 1229/2958/2531 176/2957/2455 1201/2974/2466 3712/2968/2541
f 3712/2968/2541 1201/2974/2466 1200/2975/2472 3715/2969/2542
f 3715/2969/2542 1200/2975/2472 1199/2976/2470 3718/2972/2545
f 3718/2972/2545 1199/2976/2470 175/2977/2471 1235/2978/2547
f 3717/2970/2543 3718/2972/2545 1235/2978/2547 1236/2979/2548
f 3716/2971/2544 3717/2970/2543 1236/2979/2548 1237/2980/2549
f 1232/2981/2550 3716/2971/2544 1237/2980/2549 181/2982/2551
f 1233/2983/2552 3713/2967/2540 3716/2971/2544 1232/2981/2550
f 1234/2973/2546 3710/2964/2537 3713/2967/2540 1233/2983/2552
f 3719/2984/2553 3720/2985/2554 3723/2986/2555 3722/2987/2556
f 3720/2985/2554 3721/2988/2557 3724/2989/2558 3723/2986/2555
f 3722/2987/2556 3723/2986/2555 3726/2990/2559 3725/2991/2560
f 3723/2986/2555 3724/2989/2558 3727/2992/2561 3726/2990/2559
f 181/2993/2551 1237/2994/2549 3719/2984/2553 1240/2995/2562
f 1237/2994/2549 1236/2996/2548 3720/2985/2554 3719/2984/2553
f 1236/2996/2548 1235/2997/2547 3721/2988/2557 3720/2985/2554
f 1235/2997/2547 175/2998/2471 1207/2999/2482 3721/2988/2557
f 3721/2988/2557 1207/2999/2482 1206/3000/2488 3724/2989/2558
f 3724/2989/2558 1206/3000/2488 1205/3001/2486 3727/2992/2561
f 3727/2992/2561 1205/3001/2486 174/2907/2487 1241/3002/2563
f 3726/2990/2559 3727/2992/2561 1241/3002/2563 1242/3003/2564
f 3725/2991/2560 3726/2990/2559 1242/3003/2564 1243/3004/2565
f 1238/3005/2566 3725/2991/2560 1243/3004/2565 180/3006/2567
f 1239/3007/2568 3722/2987/2556 3725/2991/2560 1238/3005/2566
f 1240/2995/2562 3719/2984/2553 3722/2987/2556 1239/3007/2568
f 3728/3008/2569 3729/3009/2570 3732/3010/2571 3731/3011/2572
f 3729/3009/2570 3730/3012/2573 3733/3013/2574 3732/3010/2571
f 3731/3011/2572 3732/3010/2571 3735/3014/2575 3734/3015/2576
f 3732/3010/2571 3733/3013/2574 3736/3016/2577 3735/3014/2575
f 180/3006/2567 1243/3004/2565 3728/3008/2569 1246/3017/2578
f 1243/3004/2565 1242/3003/2564 3729/3009/2570 3728/3008/2569
f 1242/3003/2564 1241/3002/2563 3730/3012/2573 3729/3009/2570
f 1241/3002/2563 174/2907/2487 1213/2918/2498 3730/3012/2573
f 3730/3012/2573 1213/2918/2498 1212/2924/2504 3733/3013/2574
f 3733/3013/2574 1212/2924/2504 1211/2922/2502 3736/3016/2577
f 3736/3016/2577 1211/2922/2502 173/2923/2503 1247/3018/2579
f 3735/3014/2575 3736/3016/2577 1247/3018/2579 1248/3019/2580
f 3734/3015/2576 3735/3014/2575 1248/3019/2580 1249/3020/2581
f 1244/3021/2582 3734/3015/2576 1249/3020/2581 179/3022/2583
f 1245/3023/2584 3731/3011/2572 3734/3015/2576 1244/3021/2582
f 1246/3017/2578 3728/3008/2569 3731/3011/2572 1245/3023/2584
f 3737/3024/2585 3738/3025/2586 3741/3026/2587 3740/3027/2588
f 3738/3025/2586 3739/3028/2589 3742/3029/2590 3741/3026/2587
f 3740/3027/2588 3741/3026/2587 3744/3030/2591 3743/3031/2592
f 3741/3026/2587 3742/3029/2590 3745/3032/2593 3744/3030/2591
f 179/3022/2583 1249/3020/2581 3737/3024/2585 1252/3033/2594
f 1249/3020/2581 1248/3019/2580 3738/3025/2586 3737/3024/2585
f 1248/3019/2580 1247/3018/2579 3739/3028/2589 3738/3025/2586
f 1247/3018/2579 173/2923/2503 1219/2934/2514 3739/3028/2589
f 3739/3028/2589 1219/2934/2514 1218/2940/2520 3742/3029/2590
f 3742/3029/2590 1218/2940/2520 1217/2938/2518 3745/3032/2593
f 3745/3032/2593 1217/2938/2518 171/2939/2519 1253/3034/2595
f 3744/3030/2591 3745/3032/2593 1253/3034/2595 1254/3035/2596
f 3743/3031/2592 3744/3030/2591 1254/3035/2596 1255/3036/2597
f 1250/3037/2598 3743/3031/2592 1255/3036/2597 177/3038/2599
f 1251/3039/2600 3740/3027/2588 3743/3031/2592 1250/3037/2598
f 1252/3033/2594 3737/3024/2585 3740/3027/2588 1251/3039/2600
f 3746/3040/2601 3747/3041/2602 3750/3042/2603 3749/3043/2604
f 3747/3041/2602 3748/3044/2605 3751/3045/2606 3750/3042/2603
f 3749/3043/2604 3750/3042/2603 3753/3046/2607 3752/3047/2608
f 3750/3042/2603 3751/3045/2606 3754/3048/2609 3753/3046/2607
f 184/484/484 1259/3049/483 3746/3040/2601 1258/3050/2610
f 1259/3049/483 1260/482/482 3747/3041/2602 3746/3040/2601
f 1260/482/482 1261/3051/481 3748/3044/2605 3747/3041/2602
f 1261/3051/481 178/464/464 1225/3052/2530 3748/3044/2605
f 3748/3044/2605 1225/3052/2530 1224/3053/2536 3751/3045/2606
f 3751/3045/2606 1224/3053/2536 1223/3054/2534 3754/3048/2609
f 3754/3048/2609 1223/3054/2534 182/3055/2535 1262/3056/2611
f 3753/3046/2607 3754/3048/2609 1262/3056/2611 1263/3057/2612
f 3752/3047/2608 3753/3046/2607 1263/3057/2612 1264/3058/2613
f 1256/3059/2614 3752/3047/2608 1264/3058/2613 188/3060/2615
f 1257/3061/2616 3749/3043/2604 3752/3047/2608 1256/3059/2614
f 1258/3050/2610 3746/3040/2601 3749/3043/2604 1257/3061/2616
f 3755/3062/2617 3756/3063/2618 3759/3064/2619 3758/3065/2620
f 3756/3063/2618 3757/3066/2621 3760/3067/2622 3759/3064/2619
f 3758/3065/2620 3759/3064/2619 3762/3068/2623 3761/3069/2624
f 3759/3064/2619 3760/3067/2622 3763/3070/2625 3762/3068/2623
f 188/3060/2615 1264/3058/2613 3755/3062/2617 1267/3071/2626
f 1264/3058/2613 1263/3057/2612 3756/3063/2618 3755/3062/2617
f 1263/3057/2612 1262/3056/2611 3757/3066/2621 3756/3063/2618
f 1262/3056/2611 182/3055/2535 1234/3072/2546 3757/3066/2621
f 3757/3066/2621 1234/3072/2546 1233/3073/2552 3760/3067/2622
f 3760/3067/2622 1233/3073/2552 1232/3074/2550 3763/3070/2625
f 3763/3070/2625 1232/3074/2550 181/3075/2551 1268/3076/2627
f 3762/3068/2623 3763/3070/2625 1268/3076/2627 1269/3077/2628
f 3761/3069/2624 3762/3068/2623 1269/3077/2628 1270/3078/2629
f 1265/3079/2630 3761/3069/2624 1270/3078/2629 187/3080/2631
f 1266/3081/2632 3758/3065/2620 3761/3069/2624 1265/3079/2630
f 1267/3071/2626 3755/3062/2617 3758/3065/2620 1266/3081/2632
f 3764/3082/2633 3765/3083/2634 3768/3084/2635 3767/3085/2636
f 3765/3083/2634 3766/3086/2637 3769/3087/2638 3768/3084/2635
f 3767/3085/2636 3768/3084/2635 3771/3088/2639 3770/3089/2640
f 3768/3084/2635 3769/3087/2638 3772/3090/2641 3771/3088/2639
f 187/3091/2631 1270/3092/2629 3764/3082/2633 1273/3093/2642
f 1270/3092/2629 1269/3094/2628 3765/3083/2634 3764/3082/2633
f 1269/3094/2628 1268/3095/2627 3766/3086/2637 3765/3083/2634
f 1268/3095/2627 181/3096/2551 1240/3097/2562 3766/3086/2637
f 3766/3086/2637 1240/3097/2562 1239/3098/2568 3769/3087/2638
f 3769/3087/2638 1239/3098/2568 1238/3099/2566 3772/3090/2641
f 3772/3090/2641 1238/3099/2566 180/3006/2567 1274/3100/2643
f 3771/3088/2639 3772/3090/2641 1274/3100/2643 1275/3101/2644
f 3770/3089/2640 3771/3088/2639 1275/3101/2644 1276/3102/2645
f 1271/3103/2646 3770/3089/2640 1276/3102/2645 186/3104/2647
f 1272/3105/2648 3767/3085/2636 3770/3089/2640 1271/3103/2646
f 1273/3093/2642 3764/3082/2633 3767/3085/2636 1272/3105/2648
f 3773/3106/2649 3774/3107/2650 3777/3108/2651 3776/3109/2652
f 3774/3107/2650 3775/3110/2653 3778/3111/2654 3777/3108/2651
f 3776/3109/2652 3777/3108/2651 3780/3112/2655 3779/3113/2656
f 3777/3108/2651 3778/3111/2654 3781/3114/2657 3780/3112/2655
f 186/3104/2647 1276/3102/2645 3773/3106/2649 1279/3115/2658
f 1276/3102/2645 1275/3101/2644 3774/3107/2650 3773/3106/2649
f 1275/3101/2644 1274/3100/2643 3775/3110/2653 3774/3107/2650
f 1274/3100/2643 180/3006/2567 1246/3017/2578 3775/3110/2653
f 3775/3110/2653 1246/3017/2578 1245/3023/2584 3778/3111/2654
f 3778/3111/2654 1245/3023/2584 1244/3021/2582 3781/3114/2657
f 3781/3114/2657 1244/3021/2582 179/3022/2583 1280/3116/2659
f 3780/3112/2655 3781/3114/2657 1280/3116/2659 1281/3117/2660
f 3779/3113/2656 3780/3112/2655 1281/3117/2660 1282/3118/2661
f 1277/3119/2662 3779/3113/2656 1282/3118/2661 185/3120/2663
f 1278/3121/2664 3776/3109/2652 3779/3113/2656 1277/3119/2662
f 1279/3115/2658 3773/3106/2649 3776/3109/2652 1278/3121/2664
f 3782/3122/2665 3783/3123/2666 3786/3124/2667 3785/3125/2668
f 3783/3123/2666 3784/3126/2669 3787/3127/2670 3786/3124/2667
f 3785/3125/2668 3786/3124/2667 3789/3128/2671 3788/3129/2672
f 3786/3124/2667 3787/3127/2670 3790/3130/2673 3789/3128/2671
f 185/3120/2663 1282/3118/2661 3782/3122/2665 1285/3131/2674
f 1282/3118/2661 1281/3117/2660 3783/3123/2666 3782/3122/2665
f 1281/3117/2660 1280/3116/2659 3784/3126/2669 3783/3123/2666
f 1280/3116/2659 179/3022/2583 1252/3033/2594 3784/3126/2669
f 3784/3126/2669 1252/3033/2594 1251/3039/2600 3787/3127/2670
f 3787/3127/2670 1251/3039/2600 1250/3037/2598 3790/3130/2673
f 3790/3130/2673 1250/3037/2598 177/3038/2599 1286/3132/2675
f 3789/3128/2671 3790/3130/2673 1286/3132/2675 1287/3133/2676
f 3788/3129/2672 3789/3128/2671 1287/3133/2676 1288/3134/2677
f 1283/3135/2678 3788/3129/2672 1288/3134/2677 183/3136/2679
f 1284/3137/2680 3785/3125/2668 3788/3129/2672 1283/3135/2678
f 1285/3131/2674 3782/3122/2665 3785/3125/2668 1284/3137/2680
f 3791/3138/2681 3792/3139/2682 3795/3140/2683 3794/3141/2684
f 3792/3139/2682 3793/3142/2685 3796/3143/2686 3795/3140/2683
f 3794/3141/2684 3795/3140/2683 3798/3144/2687 3797/3145/2688
f 3795/3140/2683 3796/3143/2686 3799/3146/2689 3798/3144/2687
f 190/504/504 1292/3147/503 3791/3138/2681 1291/3148/2690
f 1292/3147/503 1293/502/502 3792/3139/2682 3791/3138/2681
f 1293/502/502 1294/3149/501 3793/3142/2685 3792/3139/2682
f 1294/3149/501 184/484/484 1258/3150/2610 3793/3142/2685
f 3793/3142/2685 1258/3150/2610 1257/3151/2616 3796/3143/2686
f 3796/3143/2686 1257/3151/2616 1256/3152/2614 3799/3146/2689
f 3799/3146/2689 1256/3152/2614 188/3153/2615 1295/3154/2691
f 3798/3144/2687 3799/3146/2689 1295/3154/2691 1296/3155/2692
f 3797/3145/2688 3798/3144/2687 1296/3155/2692 1297/3156/2693
f 1289/3157/2694 3797/3145/2688 1297/3156/2693 194/3158/2695
f 1290/3159/2696 3794/3141/2684 3797/3145/2688 1289/3157/2694
f 1291/3148/2690 3791/3138/2681 3794/3141/2684 1290/3159/2696
f 3800/3160/2697 3801/3161/2698 3804/3162/2699 3803/3163/2700
f 3801/3161/2698 3802/3164/2701 3805/3165/2702 3804/3162/2699
f 3803/3163/2700 3804/3162/2699 3807/3166/2703 3806/3167/2704
f 3804/3162/2699 3805/3165/2702 3808/3168/2705 3807/3166/2703
f 194/3158/2695 1297/3156/2693 3800/3160/2697 1300/3169/2706
f 1297/3156/2693 1296/3155/2692 3801/3161/2698 3800/3160/2697
f 1296/3155/2692 1295/3154/2691 3802/3164/2701 3801/3161/2698
f 1295/3154/2691 188/3153/2615 1267/3170/2626 3802/3164/2701
f 3802/3164/2701 1267/3170/2626 1266/3171/2632 3805/3165/2702
f 3805/3165/2702 1266/3171/2632 1265/3172/2630 3808/3168/2705
f 3808/3168/2705 1265/3172/2630 187/3173/2631 1301/3174/2707
f 3807/3166/2703 3808/3168/2705 1301/3174/2707 1302/3175/2708
f 3806/3167/2704 3807/3166/2703 1302/3175/2708 1303/3176/2709
f 1298/3177/2710 3806/3167/2704 1303/3176/2709 193/3178/2711
f 1299/3179/2712 3803/3163/2700 3806/3167/2704 1298/3177/2710
f 1300/3169/2706 3800/3160/2697 3803/3163/2700 1299/3179/2712
f 3809/3180/2713 3810/3181/2714 3813/3182/2715 3812/3183/2716
f 3810/3181/2714 3811/3184/2717 3814/3185/2718 3813/3182/2715
f 3812/3183/2716 3813/3182/2715 3816/3186/2719 3815/3187/2720
f 3813/3182/2715 3814/3185/2718 3817/3188/2721 3816/3186/2719
f 193/3189/2711 1303/3190/2709 3809/3180/2713 1306/3191/2722
f 1303/3190/2709 1302/3192/2708 3810/3181/2714 3809/3180/2713
f 1302/3192/2708 1301/3193/2707 3811/3184/2717 3810/3181/2714
f 1301/3193/2707 187/3194/2631 1273/3195/2642 3811/3184/2717
f 3811/3184/2717 1273/3195/2642 1272/3196/2648 3814/3185/2718
f 3814/3185/2718 1272/3196/2648 1271/3197/2646 3817/3188/2721
f 3817/3188/2721 1271/3197/2646 186/3104/2647 1307/3198/2723
f 3816/3186/2719 3817/3188/2721 1307/3198/2723 1308/3199/2724
f 3815/3187/2720 3816/3186/2719 1308/3199/2724 1309/3200/2725
f 1304/3201/2726 3815/3187/2720 1309/3200/2725 192/3202/2727
f 1305/3203/2728 3812/3183/2716 3815/3187/2720 1304/3201/2726
f 1306/3191/2722 3809/3180/2713 3812/3183/2716 1305/3203/2728
f 3818/3204/2729 3819/3205/2730 3822/3206/2731 3821/3207/2732
f 3819/3205/2730 3820/3208/2733 3823/3209/2734 3822/3206/2731
f 3821/3207/2732 3822/3206/2731 3825/3210/2735 3824/3211/2736
f 3822/3206/2731 3823/3209/2734 3826/3212/2737 3825/3210/2735
f 192/3202/2727 1309/3200/2725 3818/3204/2729 1312/3213/2738
f 1309/3200/2725 1308/3199/2724 3819/3205/2730 3818/3204/2729
f 1308/3199/2724 1307/3198/2723 3820/3208/2733 3819/3205/2730
f 1307/3198/2723 186/3104/2647 1279/3115/2658 3820/3208/2733
f 3820/3208/2733 1279/3115/2658 1278/3121/2664 3823/3209/2734
f 3823/3209/2734 1278/3121/2664 1277/3119/2662 3826/3212/2737
f 3826/3212/2737 1277/3119/2662 185/3120/2663 1313/3214/2739
f 3825/3210/2735 3826/3212/2737 1313/3214/2739 1314/3215/2740
f 3824/3211/2736 3825/3210/2735 1314/3215/2740 1315/3216/2741
f 1310/3217/2742 3824/3211/2736 1315/3216/2741 191/3218/2743
f 1311/3219/2744 3821/3207/2732 3824/3211/2736 1310/3217/2742
f 1312/3213/2738 3818/3204/2729 3821/3207/2732 1311/3219/2744
f 3827/3220/2745 3828/3221/2746 3831/3222/2747 3830/3223/2748
f 3828/3221/2746 3829/3224/2749 3832/3225/2750 3831/3222/2747
f 3830/3223/2748 3831/3222/2747 3834/3226/2751 3833/3227/2752
f 3831/3222/2747 3832/3225/2750 3835/3228/2753 3834/3226/2751
f 191/3218/2743 1315/3216/2741 3827/3220/2745 1318/3229/2754
f 1315/3216/2741 1314/3215/2740 3828/3221/2746 3827/3220/2745
f 1314/3215/2740 1313/3214/2739 3829/3224/2749 3828/3221/2746
f 1313/3214/2739 185/3120/2663 1285/3131/2674 3829/3224/2749
f 3829/3224/2749 1285/3131/2674 1284/3137/2680 3832/3225/2750
f 3832/3225/2750 1284/3137/2680 1283/3135/2678 3835/3228/2753
f 3835/3228/2753 1283/3135/2678 183/3136/2679 1319/3230/2755
f 3834/3226/2751 3835/3228/2753 1319/3230/2755 1320/3231/2756
f 3833/3227/2752 3834/3226/2751 1320/3231/2756 1321/3232/2757
f 1316/3233/2758 3833/3227/2752 1321/3232/2757 189/3234/2759
f 1317/3235/2760 3830/3223/2748 3833/3227/2752 1316/3233/2758
f 1318/3229/2754 3827/3220/2745 3830/3223/2748 1317/3235/2760
f 3836/3236/2761 3837/3237/2762 3840/3238/2763 3839/3239/2764
f 3837/3237/2762 3838/3240/2765 3841/3241/2766 3840/3238/2763
f 3839/3239/2764 3840/3238/2763 3843/3242/2767 3842/3243/2768
f 3840/3238/2763 3841/3241/2766 3844/3244/2769 3843/3242/2767
f 196/524/524 1325/3245/523 3836/3236/2761 1324/3246/2770
f 1325/3245/523 1326/3247/522 3837/3237/2762 3836/3236/2761
f 1326/3247/522 1327/3248/521 3838/3240/2765 3837/3237/2762
f 1327/3248/521 190/504/504 1291/3249/2690 3838/3240/2765
f 3838/3240/2765 1291/3249/2690 1290/3250/2696 3841/3241/2766
f 3841/3241/2766 1290/3250/2696 1289/3251/2694 3844/3244/2769
f 3844/3244/2769 1289/3251/2694 194/3252/2695 1328/3253/2771
f 3843/3242/2767 3844/3244/2769 1328/3253/2771 1329/3254/2772
f 3842/3243/2768 3843/3242/2767 1329/3254/2772 1330/3255/2773
f 1322/3256/2774 3842/3243/2768 1330/3255/2773 200/3257/2775
f 1323/3258/2776 3839/3239/2764 3842/3243/2768 1322/3256/2774
f 1324/3246/2770 3836/3236/2761 3839/3239/2764 1323/3258/2776
f 3845/3259/2777 3846/3260/2778 3849/3261/2779 3848/3262/2780
f 3846/3260/2778 3847/3263/2781 3850/3264/2782 3849/3261/2779
f 3848/3262/2780 3849/3261/2779 3852/3265/2783 3851/3266/2784
f 3849/3261/2779 3850/3264/2782 3853/3267/2785 3852/3265/2783
f 200/3257/2775 1330/3255/2773 3845/3259/2777 1333/3268/2786
f 1330/3255/2773 1329/3254/2772 3846/3260/2778 3845/3259/2777
f 1329/3254/2772 1328/3253/2771 3847/3263/2781 3846/3260/2778
f 1328/3253/2771 194/3252/2695 1300/3269/2706 3847/3263/2781
f 3847/3263/2781 1300/3269/2706 1299/3270/2712 3850/3264/2782
f 3850/3264/2782 1299/3270/2712 1298/3271/2710 3853/3267/2785
f 3853/3267/2785 1298/3271/2710 193/3272/2711 1334/3273/2787
f 3852/3265/2783 3853/3267/2785 1334/3273/2787 1335/3274/2788
f 3851/3266/2784 3852/3265/2783 1335/3274/2788 1336/3275/2789
f 1331/3276/2790 3851/3266/2784 1336/3275/2789 199/3277/2791
f 1332/3278/2792 3848/3262/2780 3851/3266/2784 1331/3276/2790
f 1333/3268/2786 3845/3259/2777 3848/3262/2780 1332/3278/2792
f 3854/3279/2793 3855/3280/2794 3858/3281/2795 3857/3282/2796
f 3855/3280/2794 3856/3283/2797 3859/3284/2798 3858/3281/2795
f 3857/3282/2796 3858/3281/2795 3861/3285/2799 3860/3286/2800
f 3858/3281/2795 3859/3284/2798 3862/3287/2801 3861/3285/2799
f 199/3288/2791 1336/3289/2789 3854/3279/2793 1339/3290/2802
f 1336/3289/2789 1335/3291/2788 3855/3280/2794 3854/3279/2793
f 1335/3291/2788 1334/3292/2787 3856/3283/2797 3855/3280/2794
f 1334/3292/2787 193/3293/2711 1306/3294/2722 3856/3283/2797
f 3856/3283/2797 1306/3294/2722 1305/3295/2728 3859/3284/2798
f 3859/3284/2798 1305/3295/2728 1304/3296/2726 3862/3287/2801
f 3862/3287/2801 1304/3296/2726 192/3202/2727 1340/3297/2803
f 3861/3285/2799 3862/3287/2801 1340/3297/2803 1341/3298/2804
f 3860/3286/2800 3861/3285/2799 1341/3298/2804 1342/3299/2805
f 1337/3300/2806 3860/3286/2800 1342/3299/2805 198/3301/2807
f 1338/3302/2808 3857/3282/2796 3860/3286/2800 1337/3300/2806
f 1339/3290/2802 3854/3279/2793 3857/3282/2796 1338/3302/2808
f 3863/3303/2809 3864/3304/2810 3867/3305/2811 3866/3306/2812
f 3864/3304/2810 3865/3307/2813 3868/3308/2814 3867/3305/2811
f 3866/3306/2812 3867/3305/2811 3870/3309/2815 3869/3310/2816
f 3867/3305/2811 3868/3308/2814 3871/3311/2817 3870/3309/2815
f 198/3301/2807 1342/3299/2805 3863/3303/2809 1345/3312/2818
f 1342/3299/2805 1341/3298/2804 3864/3304/2810 3863/3303/2809
f 1341/3298/2804 1340/3297/2803 3865/3307/2813 3864/3304/2810
f 1340/3297/2803 192/3202/2727 1312/3213/2738 3865/3307/2813
f 3865/3307/2813 1312/3213/2738 1311/3219/2744 3868/3308/2814
f 3868/3308/2814 1311/3219/2744 1310/3217/2742 3871/3311/2817
f 3871/3311/2817 1310/3217/2742 191/3218/2743 1346/3313/2819
f 3870/3309/2815 3871/3311/2817 1346/3313/2819 1347/3314/2820
f 3869/3310/2816 3870/3309/2815 1347/3314/2820 1348/3315/2821
f 1343/3316/2822 3869/3310/2816 1348/3315/2821 197/3317/2823
f 1344/3318/2824 3866/3306/2812 3869/3310/2816 1343/3316/2822
f 1345/3312/2818 3863/3303/2809 3866/3306/2812 1344/3318/2824
f 3872/3319/2825 3873/3320/2826 3876/3321/2827 3875/3322/2828
f 3873/3320/2826 3874/3323/2829 3877/3324/2830 3876/3321/2827
f 3875/3322/2828 3876/3321/2827 3879/3325/2831 3878/3326/2832
f 3876/3321/2827 3877/3324/2830 3880/3327/2833 3879/3325/2831
f 197/3317/2823 1348/3315/2821 3872/3319/2825 1351/3328/2834
f 1348/3315/2821 1347/3314/2820 3873/3320/2826 3872/3319/2825
f 1347/3314/2820 1346/3313/2819 3874/3323/2829 3873/3320/2826
f 1346/3313/2819 191/3218/2743 1318/3229/2754 3874/3323/2829
f 3874/3323/2829 1318/3229/2754 1317/3235/2760 3877/3324/2830
f 3877/3324/2830 1317/3235/2760 1316/3233/2758 3880/3327/2833
f 3880/3327/2833 1316/3233/2758 189/3234/2759 1352/3329/2835
f 3879/3325/2831 3880/3327/2833 1352/3329/2835 1353/3330/2836
f 3878/3326/2832 3879/3325/2831 1353/3330/2836 1354/3331/2837
f 1349/3332/2838 3878/3326/2832 1354/3331/2837 195/3333/2839
f 1350/3334/2840 3875/3322/2828 3878/3326/2832 1349/3332/2838
f 1351/3328/2834 3872/3319/2825 3875/3322/2828 1350/3334/2840
f 3881/3335/2841 3882/3336/2842 3885/3337/2843 3884/3338/2844
f 3882/3336/2842 3883/3339/2845 3886/3340/2846 3885/3337/2843
f 3884/3338/2844 3885/3337/2843 3888/3341/2847 3887/3342/2848
f 3885/3337/2843 3886/3340/2846 3889/3343/2849 3888/3341/2847
f 202/544/544 1358/3344/543 3881/3335/2841 1357/3345/2850
f 1358/3344/543 1359/542/542 3882/3336/2842 3881/3335/2841
f 1359/542/542 1360/3346/541 3883/3339/2845 3882/3336/2842
f 1360/3346/541 196/524/524 1324/3347/2770 3883/3339/2845
f 3883/3339/2845 1324/3347/2770 1323/3348/2776 3886/3340/2846
f 3886/3340/2846 1323/3348/2776 1322/3349/2774 3889/3343/2849
f 3889/3343/2849 1322/3349/2774 200/3350/2775 1361/3351/2851
f 3888/3341/2847 3889/3343/2849 1361/3351/2851 1362/3352/2852
f 3887/3342/2848 3888/3341/2847 1362/3352/2852 1363/3353/2853
f 1355/3354/2854 3887/3342/2848 1363/3353/2853 206/3355/2855
f 1356/3356/2856 3884/3338/2844 3887/3342/2848 1355/3354/2854
f 1357/3345/2850 3881/3335/2841 3884/3338/2844 1356/3356/2856
f 3890/3357/2857 3891/3358/2858 3894/3359/2859 3893/3360/2860
f 3891/3358/2858 3892/3361/2861 3895/3362/2862 3894/3359/2859
f 3893/3360/2860 3894/3359/2859 3897/3363/2863 3896/3364/2864
f 3894/3359/2859 3895/3362/2862 3898/3365/2865 3897/3363/2863
f 206/3355/2855 1363/3353/2853 3890/3357/2857 1366/3366/2866
f 1363/3353/2853 1362/3352/2852 3891/3358/2858 3890/3357/2857
f 1362/3352/2852 1361/3351/2851 3892/3361/2861 3891/3358/2858
f 1361/3351/2851 200/3350/2775 1333/3367/2786 3892/3361/2861
f 3892/3361/2861 1333/3367/2786 1332/3368/2792 3895/3362/2862
f 3895/3362/2862 1332/3368/2792 1331/3369/2790 3898/3365/2865
f 3898/3365/2865 1331/3369/2790 199/3370/2791 1367/3371/2867
f 3897/3363/2863 3898/3365/2865 1367/3371/2867 1368/3372/2868
f 3896/3364/2864 3897/3363/2863 1368/3372/2868 1369/3373/2869
f 1364/3374/2870 3896/3364/2864 1369/3373/2869 205/3375/2871
f 1365/3376/2872 3893/3360/2860 3896/3364/2864 1364/3374/2870
f 1366/3366/2866 3890/3357/2857 3893/3360/2860 1365/3376/2872
f 3899/3377/2873 3900/3378/2874 3903/3379/2875 3902/3380/2876
f 3900/3378/2874 3901/3381/2877 3904/3382/2878 3903/3379/2875
f 3902/3380/2876 3903/3379/2875 3906/3383/2879 3905/3384/2880
f 3903/3379/2875 3904/3382/2878 3907/3385/2881 3906/3383/2879
f 205/3386/2871 1369/3387/2869 3899/3377/2873 1372/3388/2882
f 1369/3387/2869 1368/3389/2868 3900/3378/2874 3899/3377/2873
f 1368/3389/2868 1367/3390/2867 3901/3381/2877 3900/3378/2874
f 1367/3390/2867 199/3391/2791 1339/3392/2802 3901/3381/2877
f 3901/3381/2877 1339/3392/2802 1338/3393/2808 3904/3382/2878
f 3904/3382/2878 1338/3393/2808 1337/3394/2806 3907/3385/2881
f 3907/3385/2881 1337/3394/2806 198/3301/2807 1373/3395/2883
f 3906/3383/2879 3907/3385/2881 1373/3395/2883 1374/3396/2884
f 3905/3384/2880 3906/3383/2879 1374/3396/2884 1375/3397/2885
f 1370/3398/2886 3905/3384/2880 1375/3397/2885 204/3399/2887
f 1371/3400/2888 3902/3380/2876 3905/3384/2880 1370/3398/2886
f 1372/3388/2882 3899/3377/2873 3902/3380/2876 1371/3400/2888
f 3908/3401/2889 3909/3402/2890 3912/3403/2891 3911/3404/2892
f 3909/3402/2890 3910/3405/2893 3913/3406/2894 3912/3403/2891
f 3911/3404/2892 3912/3403/2891 3915/3407/2895 3914/3408/2896
f 3912/3403/2891 3913/3406/2894 3916/3409/2897 3915/3407/2895
f 204/3399/2887 1375/3397/2885 3908/3401/2889 1378/3410/2898
f 1375/3397/2885 1374/3396/2884 3909/3402/2890 3908/3401/2889
f 1374/3396/2884 1373/3395/2883 3910/3405/2893 3909/3402/2890
f 1373/3395/2883 198/3301/2807 1345/3312/2818 3910/3405/2893
f 3910/3405/2893 1345/3312/2818 1344/3318/2824 3913/3406/2894
f 3913/3406/2894 1344/3318/2824 1343/3316/2822 3916/3409/2897
f 3916/3409/2897 1343/3316/2822 197/3317/2823 1379/3411/2899
f 3915/3407/2895 3916/3409/2897 1379/3411/2899 1380/3412/2900
f 3914/3408/2896 3915/3407/2895 1380/3412/2900 1381/3413/2901
f 1376/3414/2902 3914/3408/2896 1381/3413/2901 203/3415/2903
f 1377/3416/2904 3911/3404/2892 3914/3408/2896 1376/3414/2902
f 1378/3410/2898 3908/3401/2889 3911/3404/2892 1377/3416/2904
f 3917/3417/2905 3918/3418/2906 3921/3419/2907 3920/3420/2908
f 3918/3418/2906 3919/3421/2909 3922/3422/2910 3921/3419/2907
f 3920/3420/2908 3921/3419/2907 3924/3423/2911 3923/3424/2912
f 3921/3419/2907 3922/3422/2910 3925/3425/2913 3924/3423/2911
f 203/3415/2903 1381/3413/2901 3917/3417/2905 1384/3426/2914
f 1381/3413/2901 1380/3412/2900 3918/3418/2906 3917/3417/2905
f 1380/3412/2900 1379/3411/2899 3919/3421/2909 3918/3418/2906
f 1379/3411/2899 197/3317/2823 1351/3328/2834 3919/3421/2909
f 3919/3421/2909 1351/3328/2834 1350/3334/2840 3922/3422/2910
f 3922/3422/2910 1350/3334/2840 1349/3332/2838 3925/3425/2913
f 3925/3425/2913 1349/3332/2838 195/3333/2839 1385/3427/2915
f 3924/3423/2911 3925/3425/2913 1385/3427/2915 1386/3428/2916
f 3923/3424/2912 3924/3423/2911 1386/3428/2916 1387/3429/2917
f 1382/3430/2918 3923/3424/2912 1387/3429/2917 201/3431/2919
f 1383/3432/2920 3920/3420/2908 3923/3424/2912 1382/3430/2918
f 1384/3426/2914 3917/3417/2905 3920/3420/2908 1383/3432/2920
f 3926/3433/2921 3927/3434/2922 3930/3435/2923 3929/3436/2924
f 3927/3434/2922 3928/3437/2925 3931/3438/2926 3930/3435/2923
f 3929/3436/2924 3930/3435/2923 3933/3439/2927 3932/3440/2928
f 3930/3435/2923 3931/3438/2926 3934/3441/2929 3933/3439/2927
f 208/564/564 1391/3442/563 3926/3433/2921 1390/3443/2930
f 1391/3442/563 1392/3444/562 3927/3434/2922 3926/3433/2921
f 1392/3444/562 1393/3445/561 3928/3437/2925 3927/3434/2922
f 1393/3445/561 202/544/544 1357/3446/2850 3928/3437/2925
f 3928/3437/2925 1357/3446/2850 1356/3447/2856 3931/3438/2926
f 3931/3438/2926 1356/3447/2856 1355/3448/2854 3934/3441/2929
f 3934/3441/2929 1355/3448/2854 206/3449/2855 1394/3450/2931
f 3933/3439/2927 3934/3441/2929 1394/3450/2931 1395/3451/2932
f 3932/3440/2928 3933/3439/2927 1395/3451/2932 1396/3452/2933
f 1388/3453/2934 3932/3440/2928 1396/3452/2933 212/3454/2935
f 1389/3455/2936 3929/3436/2924 3932/3440/2928 1388/3453/2934
f 1390/3443/2930 3926/3433/2921 3929/3436/2924 1389/3455/2936
f 3935/3456/2937 3936/3457/2938 3939/3458/2939 3938/3459/2940
f 3936/3457/2938 3937/3460/2941 3940/3461/2942 3939/3458/2939
f 3938/3459/2940 3939/3458/2939 3942/3462/2943 3941/3463/2944
f 3939/3458/2939 3940/3461/2942 3943/3464/2945 3942/3462/2943
f 212/3454/2935 1396/3452/2933 3935/3456/2937 1399/3465/2946
f 1396/3452/2933 1395/3451/2932 3936/3457/2938 3935/3456/2937
f 1395/3451/2932 1394/3450/2931 3937/3460/2941 3936/3457/2938
f 1394/3450/2931 206/3449/2855 1366/3466/2866 3937/3460/2941
f 3937/3460/2941 1366/3466/2866 1365/3467/2872 3940/3461/2942
f 3940/3461/2942 1365/3467/2872 1364/3468/2870 3943/3464/2945
f 3943/3464/2945 1364/3468/2870 205/3469/2871 1400/3470/2947
f 3942/3462/2943 3943/3464/2945 1400/3470/2947 1401/3471/2948
f 3941/3463/2944 3942/3462/2943 1401/3471/2948 1402/3472/2949
f 1397/3473/2950 3941/3463/2944 1402/3472/2949 211/3474/2951
f 1398/3475/2952 3938/3459/2940 3941/3463/2944 1397/3473/2950
f 1399/3465/2946 3935/3456/2937 3938/3459/2940 1398/3475/2952
f 3944/3476/2953 3945/3477/2954 3948/3478/2955 3947/3479/2956
f 3945/3477/2954 3946/3480/2957 3949/3481/2958 3948/3478/2955
f 3947/3479/2956 3948/3478/2955 3951/3482/2959 3950/3483/2960
f 3948/3478/2955 3949/3481/2958 3952/3484/2961 3951/3482/2959
f 211/3485/2951 1402/3486/2949 3944/3476/2953 1405/3487/2962
f 1402/3486/2949 1401/3488/2948 3945/3477/2954 3944/3476/2953
f 1401/3488/2948 1400/3489/2947 3946/3480/2957 3945/3477/2954
f 1400/3489/2947 205/3490/2871 1372/3491/2882 3946/3480/2957
f 3946/3480/2957 1372/3491/2882 1371/3492/2888 3949/3481/2958
f 3949/3481/2958 1371/3492/2888 1370/3493/2886 3952/3484/2961
f 3952/3484/2961 1370/3493/2886 204/3399/2887 1406/3494/2963
f 3951/3482/2959 3952/3484/2961 1406/3494/2963 1407/3495/2964
f 3950/3483/2960 3951/3482/2959 1407/3495/2964 1408/3496/2965
f 1403/3497/2966 3950/3483/2960 1408/3496/2965 210/3498/2967
f 1404/3499/2968 3947/3479/2956 3950/3483/2960 1403/3497/2966
f 1405/3487/2962 3944/3476/2953 3947/3479/2956 1404/3499/2968
f 3953/3500/2969 3954/3501/2970 3957/3502/2971 3956/3503/2972
f 3954/3501/2970 3955/3504/2973 3958/3505/2974 3957/3502/2971
f 3956/3503/2972 3957/3502/2971 3960/3506/2975 3959/3507/2976
f 3957/3502/2971 3958/3505/2974 3961/3508/2977 3960/3506/2975
f 210/3498/2967 1408/3496/2965 3953/3500/2969 1411/3509/2978
f 1408/3496/2965 1407/3495/2964 3954/3501/2970 3953/3500/2969
f 1407/3495/2964 1406/3494/2963 3955/3504/2973 3954/3501/2970
f 1406/3494/2963 204/3399/2887 1378/3410/2898 3955/3504/2973
f 3955/3504/2973 1378/3410/2898 1377/3416/2904 3958/3505/2974
f 3958/3505/2974 1377/3416/2904 1376/3414/2902 3961/3508/2977
f 3961/3508/2977 1376/3414/2902 203/3415/2903 1412/3510/2979
f 3960/3506/2975 3961/3508/2977 1412/3510/2979 1413/3511/2980
f 3959/3507/2976 3960/3506/2975 1413/3511/2980 1414/3512/2981
f 1409/3513/2982 3959/3507/2976 1414/3512/2981 209/3514/2983
f 1410/3515/2984 3956/3503/2972 3959/3507/2976 1409/3513/2982
f 1411/3509/2978 3953/3500/2969 3956/3503/2972 1410/3515/2984
f 3962/3516/2985 3963/3517/2986 3966/3518/2987 3965/3519/2988
f 3963/3517/2986 3964/3520/2989 3967/3521/2990 3966/3518/2987
f 3965/3519/2988 3966/3518/2987 3969/3522/2991 3968/3523/2992
f 3966/3518/2987 3967/3521/2990 3970/3524/2993 3969/3522/2991
f 209/3514/2983 1414/3512/2981 3962/3516/2985 1417/3525/2994
f 1414/3512/2981 1413/3511/2980 3963/3517/2986 3962/3516/2985
f 1413/3511/2980 1412/3510/2979 3964/3520/2989 3963/3517/2986
f 1412/3510/2979 203/3415/2903 1384/3426/2914 3964/3520/2989
f 3964/3520/2989 1384/3426/2914 1383/3432/2920 3967/3521/2990
f 3967/3521/2990 1383/3432/2920 1382/3430/2918 3970/3524/2993
f 3970/3524/2993 1382/3430/2918 201/3431/2919 1418/3526/2995
f 3969/3522/2991 3970/3524/2993 1418/3526/2995 1419/3527/2996
f 3968/3523/2992 3969/3522/2991 1419/3527/2996 1420/3528/2997
f 1415/3529/2998 3968/3523/2992 1420/3528/2997 207/3530/2999
f 1416/3531/3000 3965/3519/2988 3968/3523/2992 1415/3529/2998
f 1417/3525/2994 3962/3516/2985 3965/3519/2988 1416/3531/3000
f 3971/3532/3001 3972/3533/3002 3975/3534/3003 3974/3535/3004
f 3972/3533/3002 3973/3536/3005 3976/3537/3006 3975/3534/3003
f 3974/3535/3004 3975/3534/3003 3978/3538/3007 3977/3539/3008
f 3975/3534/3003 3976/3537/3006 3979/3540/3009 3978/3538/3007
f 214/584/584 1424/3541/583 3971/3532/3001 1423/3542/3010
f 1424/3541/583 1425/582/582 3972/3533/3002 3971/3532/3001
f 1425/582/582 1426/3543/581 3973/3536/3005 3972/3533/3002
f 1426/3543/581 208/564/564 1390/3544/2930 3973/3536/3005
f 3973/3536/3005 1390/3544/2930 1389/3545/2936 3976/3537/3006
f 3976/3537/3006 1389/3545/2936 1388/3546/2934 3979/3540/3009
f 3979/3540/3009 1388/3546/2934 212/3547/2935 1427/3548/3011
f 3978/3538/3007 3979/3540/3009 1427/3548/3011 1428/3549/3012
f 3977/3539/3008 3978/3538/3007 1428/3549/3012 1429/3550/3013
f 1421/3551/3014 3977/3539/3008 1429/3550/3013 218/3552/3015
f 1422/3553/3016 3974/3535/3004 3977/3539/3008 1421/3551/3014
f 1423/3542/3010 3971/3532/3001 3974/3535/3004 1422/3553/3016
f 3980/3554/3017 3981/3555/3018 3984/3556/3019 3983/3557/3020
f 3981/3555/3018 3982/3558/3021 3985/3559/3022 3984/3556/3019
f 3983/3557/3020 3984/3556/3019 3987/3560/3023 3986/3561/3024
f 3984/3556/3019 3985/3559/3022 3988/3562/3025 3987/3560/3023
f 218/3552/3015 1429/3550/3013 3980/3554/3017 1432/3563/3026
f 1429/3550/3013 1428/3549/3012 3981/3555/3018 3980/3554/3017
f 1428/3549/3012 1427/3548/3011 3982/3558/3021 3981/3555/3018
f 1427/3548/3011 212/3547/2935 1399/3564/2946 3982/3558/3021
f 3982/3558/3021 1399/3564/2946 1398/3565/2952 3985/3559/3022
f 3985/3559/3022 1398/3565/2952 1397/3566/2950 3988/3562/3025
f 3988/3562/3025 1397/3566/2950 211/3567/2951 1433/3568/3027
f 3987/3560/3023 3988/3562/3025 1433/3568/3027 1434/3569/3028
f 3986/3561/3024 3987/3560/3023 1434/3569/3028 1435/3570/3029
f 1430/3571/3030 3986/3561/3024 1435/3570/3029 217/3572/3031
f 1431/3573/3032 3983/3557/3020 3986/3561/3024 1430/3571/3030
f 1432/3563/3026 3980/3554/3017 3983/3557/3020 1431/3573/3032
f 3989/3574/3033 3990/3575/3034 3993/3576/3035 3992/3577/3036
f 3990/3575/3034 3991/3578/3037 3994/3579/3038 3993/3576/3035
f 3992/3577/3036 3993/3576/3035 3996/3580/3039 3995/3581/3040
f 3993/3576/3035 3994/3579/3038 3997/3582/3041 3996/3580/3039
f 217/3583/3031 1435/3584/3029 3989/3574/3033 1438/3585/3042
f 1435/3584/3029 1434/3586/3028 3990/3575/3034 3989/3574/3033
f 1434/3586/3028 1433/3587/3027 3991/3578/3037 3990/3575/3034
f 1433/3587/3027 211/3588/2951 1405/3589/2962 3991/3578/3037
f 3991/3578/3037 1405/3589/2962 1404/3590/2968 3994/3579/3038
f 3994/3579/3038 1404/3590/2968 1403/3591/2966 3997/3582/3041
f 3997/3582/3041 1403/3591/2966 210/3498/2967 1439/3592/3043
f 3996/3580/3039 3997/3582/3041 1439/3592/3043 1440/3593/3044
f 3995/3581/3040 3996/3580/3039 1440/3593/3044 1441/3594/3045
f 1436/3595/3046 3995/3581/3040 1441/3594/3045 216/3596/3047
f 1437/3597/3048 3992/3577/3036 3995/3581/3040 1436/3595/3046
f 1438/3585/3042 3989/3574/3033 3992/3577/3036 1437/3597/3048
f 3998/3598/3049 3999/3599/3050 4002/3600/3051 4001/3601/3052
f 3999/3599/3050 4000/3602/3053 4003/3603/3054 4002/3600/3051
f 4001/3601/3052 4002/3600/3051 4005/3604/3055 4004/3605/3056
f 4002/3600/3051 4003/3603/3054 4006/3606/3057 4005/3604/3055
f 216/3596/3047 1441/3594/3045 3998/3598/3049 1444/3607/3058
f 1441/3594/3045 1440/3593/3044 3999/3599/3050 3998/3598/3049
f 1440/3593/3044 1439/3592/3043 4000/3602/3053 3999/3599/3050
f 1439/3592/3043 210/3498/2967 1411/3509/2978 4000/3602/3053
f 4000/3602/3053 1411/3509/2978 1410/3515/2984 4003/3603/3054
f 4003/3603/3054 1410/3515/2984 1409/3513/2982 4006/3606/3057
f 4006/3606/3057 1409/3513/2982 209/3514/2983 1445/3608/3059
f 4005/3604/3055 4006/3606/3057 1445/3608/3059 1446/3609/3060
f 4004/3605/3056 4005/3604/3055 1446/3609/3060 1447/3610/3061
f 1442/3611/3062 4004/3605/3056 1447/3610/3061 215/3612/3063
f 1443/3613/3064 4001/3601/3052 4004/3605/3056 1442/3611/3062
f 1444/3607/3058 3998/3598/3049 4001/3601/3052 1443/3613/3064
f 4007/3614/3065 4008/3615/3066 4011/3616/3067 4010/3617/3068
f 4008/3615/3066 4009/3618/3069 4012/3619/3070 4011/3616/3067
f 4010/3617/3068 4011/3616/3067 4014/3620/3071 4013/3621/3072
f 4011/3616/3067 4012/3619/3070 4015/3622/3073 4014/3620/3071
f 215/3612/3063 1447/3610/3061 4007/3614/3065 1450/3623/3074
f 1447/3610/3061 1446/3609/3060 4008/3615/3066 4007/3614/3065
f 1446/3609/3060 1445/3608/3059 4009/3618/3069 4008/3615/3066
f 1445/3608/3059 209/3514/2983 1417/3525/2994 4009/3618/3069
f 4009/3618/3069 1417/3525/2994 1416/3531/3000 4012/3619/3070
f 4012/3619/3070 1416/3531/3000 1415/3529/2998 4015/3622/3073
f 4015/3622/3073 1415/3529/2998 207/3530/2999 1451/3624/3075
f 4014/3620/3071 4015/3622/3073 1451/3624/3075 1452/3625/3076
f 4013/3621/3072 4014/3620/3071 1452/3625/3076 1453/3626/3077
f 1448/3627/3078 4013/3621/3072 1453/3626/3077 213/3628/3079
f 1449/3629/3080 4010/3617/3068 4013/3621/3072 1448/3627/3078
f 1450/3623/3074 4007/3614/3065 4010/3617/3068 1449/3629/3080
f 4016/3630/3081 4017/3631/3082 4020/3632/3083 4019/3633/3084
f 4017/3631/3082 4018/3634/3085 4021/3635/3086 4020/3632/3083
f 4019/3633/3084 4020/3632/3083 4023/3636/3087 4022/3637/3088
f 4020/3632/3083 4021/3635/3086 4024/3638/3089 4023/3636/3087
f 220/15/15 1457/3639/603 4016/3630/3081 1456/3640/3090
f 1457/3639/603 1458/602/602 4017/3631/3082 4016/3630/3081
f 1458/602/602 1459/3641/601 4018/3634/3085 4017/3631/3082
f 1459/3641/601 214/584/584 1423/3642/3010 4018/3634/3085
f 4018/3634/3085 1423/3642/3010 1422/3643/3016 4021/3635/3086
f 4021/3635/3086 1422/3643/3016 1421/3644/3014 4024/3638/3089
f 4024/3638/3089 1421/3644/3014 218/3645/3015 1460/3646/3091
f 4023/3636/3087 4024/3638/3089 1460/3646/3091 1461/3647/3092
f 4022/3637/3088 4023/3636/3087 1461/3647/3092 1462/3648/3093
f 1454/3649/3094 4022/3637/3088 1462/3648/3093 224/3650/3095
f 1455/3651/3096 4019/3633/3084 4022/3637/3088 1454/3649/3094
f 1456/3640/3090 4016/3630/3081 4019/3633/3084 1455/3651/3096
f 4025/3652/3097 4026/3653/3098 4029/3654/3099 4028/3655/3100
f 4026/3653/3098 4027/3656/3101 4030/3657/3102 4029/3654/3099
f 4028/3655/3100 4029/3654/3099 4032/3658/3103 4031/3659/3104
f 4029/3654/3099 4030/3657/3102 4033/3660/3105 4032/3658/3103
f 224/3650/3095 1462/3648/3093 4025/3652/3097 1465/3661/3106
f 1462/3648/3093 1461/3647/3092 4026/3653/3098 4025/3652/3097
f 1461/3647/3092 1460/3646/3091 4027/3656/3101 4026/3653/3098
f 1460/3646/3091 218/3645/3015 1432/3662/3026 4027/3656/3101
f 4027/3656/3101 1432/3662/3026 1431/3663/3032 4030/3657/3102
f 4030/3657/3102 1431/3663/3032 1430/3664/3030 4033/3660/3105
f 4033/3660/3105 1430/3664/3030 217/3665/3031 1466/3666/3107
f 4032/3658/3103 4033/3660/3105 1466/3666/3107 1467/3667/3108
f 4031/3659/3104 4032/3658/3103 1467/3667/3108 1468/3668/3109
f 1463/3669/3110 4031/3659/3104 1468/3668/3109 223/3670/3111
f 1464/3671/3112 4028/3655/3100 4031/3659/3104 1463/3669/3110
f 1465/3661/3106 4025/3652/3097 4028/3655/3100 1464/3671/3112
f 4034/3672/3113 4035/3673/3114 4038/3674/3115 4037/3675/3116
f 4035/3673/3114 4036/3676/3117 4039/3677/3118 4038/3674/3115
f 4037/3675/3116 4038/3674/3115 4041/3678/3119 4040/3679/3120
f 4038/3674/3115 4039/3677/3118 4042/3680/3121 4041/3678/3119
f 223/3681/3111 1468/3682/3109 4034/3672/3113 1471/3683/3122
f 1468/3682/3109 1467/3684/3108 4035/3673/3114 4034/3672/3113
f 1467/3684/3108 1466/3685/3107 4036/3676/3117 4035/3673/3114
f 1466/3685/3107 217/3686/3031 1438/3687/3042 4036/3676/3117
f 4036/3676/3117 1438/3687/3042 1437/3688/3048 4039/3677/3118
f 4039/3677/3118 1437/3688/3048 1436/3689/3046 4042/3680/3121
f 4042/3680/3121 1436/3689/3046 216/3596/3047 1472/3690/3123
f 4041/3678/3119 4042/3680/3121 1472/3690/3123 1473/3691/3124
f 4040/3679/3120 4041/3678/3119 1473/3691/3124 1474/3692/3125
f 1469/3693/3126 4040/3679/3120 1474/3692/3125 222/3694/3127
f 1470/3695/3128 4037/3675/3116 4040/3679/3120 1469/3693/3126
f 1471/3683/3122 4034/3672/3113 4037/3675/3116 1470/3695/3128
f 4043/3696/3129 4044/3697/3130 4047/3698/3131 4046/3699/3132
f 4044/3697/3130 4045/3700/3133 4048/3701/3134 4047/3698/3131
f 4046/3699/3132 4047/3698/3131 4050/3702/3135 4049/3703/3136
f 4047/3698/3131 4048/3701/3134 4051/3704/3137 4050/3702/3135
f 222/3694/3127 1474/3692/3125 4043/3696/3129 1477/3705/3138
f 1474/3692/3125 1473/3691/3124 4044/3697/3130 4043/3696/3129
f 1473/3691/3124 1472/3690/3123 4045/3700/3133 4044/3697/3130
f 1472/3690/3123 216/3596/3047 1444/3607/3058 4045/3700/3133
f 4045/3700/3133 1444/3607/3058 1443/3613/3064 4048/3701/3134
f 4048/3701/3134 1443/3613/3064 1442/3611/3062 4051/3704/3137
f 4051/3704/3137 1442/3611/3062 215/3612/3063 1478/3706/3139
f 4050/3702/3135 4051/3704/3137 1478/3706/3139 1479/3707/3140
f 4049/3703/3136 4050/3702/3135 1479/3707/3140 1480/3708/3141
f 1475/3709/3142 4049/3703/3136 1480/3708/3141 221/3710/3143
f 1476/3711/3144 4046/3699/3132 4049/3703/3136 1475/3709/3142
f 1477/3705/3138 4043/3696/3129 4046/3699/3132 1476/3711/3144
f 4052/3712/3145 4053/3713/3146 4056/3714/3147 4055/3715/3148
f 4053/3713/3146 4054/3716/3149 4057/3717/3150 4056/3714/3147
f 4055/3715/3148 4056/3714/3147 4059/3718/3151 4058/3719/3152
f 4056/3714/3147 4057/3717/3150 4060/3720/3153 4059/3718/3151
f 221/3710/3143 1480/3708/3141 4052/3712/3145 1483/3721/3154
f 1480/3708/3141 1479/3707/3140 4053/3713/3146 4052/3712/3145
f 1479/3707/3140 1478/3706/3139 4054/3716/3149 4053/3713/3146
f 1478/3706/3139 215/3612/3063 1450/3623/3074 4054/3716/3149
f 4054/3716/3149 1450/3623/3074 1449/3629/3080 4057/3717/3150
f 4057/3717/3150 1449/3629/3080 1448/3627/3078 4060/3720/3153
f 4060/3720/3153 1448/3627/3078 213/3628/3079 1484/3722/3155
f 4059/3718/3151 4060/3720/3153 1484/3722/3155 1485/3723/3156
f 4058/3719/3152 4059/3718/3151 1485/3723/3156 1486/3724/3157
f 1481/3725/3158 4058/3719/3152 1486/3724/3157 219/3726/3159
f 1482/3727/3160 4055/3715/3148 4058/3719/3152 1481/3725/3158
f 1483/3721/3154 4052/3712/3145 4055/3715/3148 1482/3727/3160
f 4061/3728/3161 4062/3729/3162 4065/3730/3163 4064/3731/3164
f 4062/3729/3162 4063/3732/3165 4066/3733/3166 4065/3730/3163
f 4064/3731/3164 4065/3730/3163 4068/3734/3167 4067/3735/3168
f 4065/3730/3163 4066/3733/3166 4069/3736/3169 4068/3734/3167
f 34/19/19 1487/18/18 4061/3728/3161 455/3737/671
f 1487/18/18 1488/3738/17 4062/3729/3162 4061/3728/3161
f 1488/3738/17 1489/16/16 4063/3732/3165 4062/3729/3162
f 1489/16/16 220/15/15 1456/3739/3090 4063/3732/3165
f 4063/3732/3165 1456/3739/3090 1455/3740/3096 4066/3733/3166
f 4066/3733/3166 1455/3740/3096 1454/3741/3094 4069/3736/3169
f 4069/3736/3169 1454/3741/3094 224/3742/3095 1490/3743/3170
f 4068/3734/3167 4069/3736/3169 1490/3743/3170 1491/3744/3171
f 4067/3735/3168 4068/3734/3167 1491/3744/3171 1492/3745/3172
f 457/3746/673 4067/3735/3168 1492/3745/3172 38/3747/674
f 456/3748/672 4064/3731/3164 4067/3735/3168 457/3746/673
f 455/3737/671 4061/3728/3161 4064/3731/3164 456/3748/672
f 4070/3749/3173 4071/3750/3174 4074/3751/3175 4073/3752/3176
f 4071/3750/3174 4072/3753/3177 4075/3754/3178 4074/3751/3175
f 4073/3752/3176 4074/3751/3175 4077/3755/3179 4076/3756/3180
f 4074/3751/3175 4075/3754/3178 4078/3757/3181 4077/3755/3179
f 38/3747/674 1492/3745/3172 4070/3749/3173 464/3758/691
f 1492/3745/3172 1491/3744/3171 4071/3750/3174 4070/3749/3173
f 1491/3744/3171 1490/3743/3170 4072/3753/3177 4071/3750/3174
f 1490/3743/3170 224/3742/3095 1465/3759/3106 4072/3753/3177
f 4072/3753/3177 1465/3759/3106 1464/3760/3112 4075/3754/3178
f 4075/3754/3178 1464/3760/3112 1463/3761/3110 4078/3757/3181
f 4078/3757/3181 1463/3761/3110 223/3762/3111 1493/3763/3182
f 4077/3755/3179 4078/3757/3181 1493/3763/3182 1494/3764/3183
f 4076/3756/3180 4077/3755/3179 1494/3764/3183 1495/3765/3184
f 466/3766/693 4076/3756/3180 1495/3765/3184 37/3767/694
f 465/3768/692 4073/3752/3176 4076/3756/3180 466/3766/693
f 464/3758/691 4070/3749/3173 4073/3752/3176 465/3768/692
f 4079/3769/3185 4080/3770/3186 4083/3771/3187 4082/3772/3188
f 4080/3770/3186 4081/3773/3189 4084/3774/3190 4083/3771/3187
f 4082/3772/3188 4083/3771/3187 4086/3775/3191 4085/3776/3192
f 4083/3771/3187 4084/3774/3190 4087/3777/3193 4086/3775/3191
f 37/3778/694 1495/3779/3184 4079/3769/3185 473/3780/711
f 1495/3779/3184 1494/3781/3183 4080/3770/3186 4079/3769/3185
f 1494/3781/3183 1493/3782/3182 4081/3773/3189 4080/3770/3186
f 1493/3782/3182 223/3783/3111 1471/3784/3122 4081/3773/3189
f 4081/3773/3189 1471/3784/3122 1470/3785/3128 4084/3774/3190
f 4084/3774/3190 1470/3785/3128 1469/3786/3126 4087/3777/3193
f 4087/3777/3193 1469/3786/3126 222/3694/3127 1496/3787/3194
f 4086/3775/3191 4087/3777/3193 1496/3787/3194 1497/3788/3195
f 4085/3776/3192 4086/3775/3191 1497/3788/3195 1498/3789/3196
f 475/3790/713 4085/3776/3192 1498/3789/3196 36/729/714
f 474/3791/712 4082/3772/3188 4085/3776/3192 475/3790/713
f 473/3780/711 4079/3769/3185 4082/3772/3188 474/3791/712
f 4088/3792/3197 4089/3793/3198 4092/3794/3199 4091/3795/3200
f 4089/3793/3198 4090/3796/3201 4093/3797/3202 4092/3794/3199
f 4091/3795/3200 4092/3794/3199 4095/3798/3203 4094/3799/3204
f 4092/3794/3199 4093/3797/3202 4096/3800/3205 4095/3798/3203
f 36/729/714 1498/3789/3196 4088/3792/3197 482/746/731
f 1498/3789/3196 1497/3788/3195 4089/3793/3198 4088/3792/3197
f 1497/3788/3195 1496/3787/3194 4090/3796/3201 4089/3793/3198
f 1496/3787/3194 222/3694/3127 1477/3705/3138 4090/3796/3201
f 4090/3796/3201 1477/3705/3138 1476/3711/3144 4093/3797/3202
f 4093/3797/3202 1476/3711/3144 1475/3709/3142 4096/3800/3205
f 4096/3800/3205 1475/3709/3142 221/3710/3143 1499/3801/3206
f 4095/3798/3203 4096/3800/3205 1499/3801/3206 1500/3802/3207
f 4094/3799/3204 4095/3798/3203 1500/3802/3207 1501/3803/3208
f 484/748/733 4094/3799/3204 1501/3803/3208 35/749/734
f 483/747/732 4091/3795/3200 4094/3799/3204 484/748/733
f 482/746/731 4088/3792/3197 4091/3795/3200 483/747/732
f 4097/3804/3209 4098/3805/3210 4101/3806/3211 4100/3807/3212
f 4098/3805/3210 4099/3808/3213 4102/3809/3214 4101/3806/3211
f 4100/3807/3212 4101/3806/3211 4104/3810/3215 4103/3811/3216
f 4101/3806/3211 4102/3809/3214 4105/3812/3217 4104/3810/3215
f 35/749/734 1501/3803/3208 4097/3804/3209 491/766/751
f 1501/3803/3208 1500/3802/3207 4098/3805/3210 4097/3804/3209
f 1500/3802/3207 1499/3801/3206 4099/3808/3213 4098/3805/3210
f 1499/3801/3206 221/3710/3143 1483/3721/3154 4099/3808/3213
f 4099/3808/3213 1483/3721/3154 1482/3727/3160 4102/3809/3214
f 4102/3809/3214 1482/3727/3160 1481/3725/3158 4105/3812/3217
f 4105/3812/3217 1481/3725/3158 219/3726/3159 1502/3813/3218
f 4104/3810/3215 4105/3812/3217 1502/3813/3218 1503/3814/3219
f 4103/3811/3216 4104/3810/3215 1503/3814/3219 1504/3815/3220
f 493/768/753 4103/3811/3216 1504/3815/3220 33/769/754
f 492/767/752 4100/3807/3212 4103/3811/3216 493/768/753
f 491/766/751 4097/3804/3209 4100/3807/3212 492/767/752
f 4107/3816/3221 4108/3817/3222 4106/3818/3223 4170/3819/3224
f 4109/3820/3225 4110/3821/3226 4106/3818/3223 4108/3817/3222
f 4111/3822/3227 4112/3823/3228 4106/3818/3223 4110/3824/3226
f 4113/3825/3229 4114/3826/3230 4106/3818/3223 4112/3827/3228
f 4115/3828/3231 4116/3829/3232 4106/3818/3223 4114/3830/3230
f 4117/3831/3233 4118/3832/3234 4106/3818/3223 4116/3829/3232
f 4119/3833/3235 4120/3834/3236 4106/3818/3223 4118/3835/3234
f 4121/3836/3237 4122/3837/3238 4106/3818/3223 4120/3838/3236
f 4123/3839/3239 4124/3840/3240 4106/3818/3223 4122/3841/3238
f 4125/3842/3241 4126/3843/3242 4106/3818/3223 4124/3844/3240
f 4127/3845/3243 4128/3846/3244 4106/3818/3223 4126/3843/3242
f 4129/3847/3245 4130/3848/3246 4106/3818/3223 4128/3849/3244
f 4131/3850/3247 4132/3851/3248 4106/3818/3223 4130/3852/3246
f 4133/3853/3249 4134/3854/3250 4106/3818/3223 4132/3851/3248
f 4135/3855/3251 4136/3856/3252 4106/3818/3223 4134/3857/3250
f 4137/3858/3253 4138/3859/3254 4106/3818/3223 4136/3860/3252
f 4139/3861/3255 4140/3862/3256 4106/3818/3223 4138/3863/3254
f 4141/3864/3257 4142/3865/3258 4106/3818/3223 4140/3866/3256
f 4143/3867/3259 4144/3868/3260 4106/3818/3223 4142/3865/3258
f 4145/3869/3261 4146/3870/3262 4106/3818/3223 4144/3871/3260
f 4147/3872/3263 4148/3873/3264 4106/3818/3223 4146/3870/3262
f 4149/3874/3265 4150/3875/3266 4106/3818/3223 4148/3876/3264
f 4151/3877/3267 4152/3878/3268 4106/3818/3223 4150/3879/3266
f 4153/3880/3269 4154/3881/3270 4106/3818/3223 4152/3878/3268
f 4155/3882/3271 4156/3883/3272 4106/3818/3223 4154/3884/3270
f 4157/3885/3273 4158/3886/3274 4106/3818/3223 4156/3883/3272
f 4159/3887/3275 4160/3888/3276 4106/3818/3223 4158/3889/3274
f 4161/3890/3277 4162/3891/3278 4106/3818/3223 4160/3892/3276
f 4163/3893/3279 4164/3894/3280 4106/3818/3223 4162/3895/3278
f 4165/3896/3281 4166/3897/3282 4106/3818/3223 4164/3898/3280
f 4167/3899/3283 4168/3900/3284 4106/3818/3223 4166/3901/3282
f 4169/3902/3285 4170/3903/3224 4106/3818/3223 4168/3904/3284
f 39/774/759 496/772/757 4107/3816/3221 527/3905/835
f 496/772/757 495/771/756 4108/3817/3222 4107/3816/3221
f 527/3905/835 4107/3816/3221 4170/3819/3224 528/870/836
f 33/769/754 1504/3815/3220 4109/3820/3225 494/3906/755
f 1504/3815/3220 1503/3814/3219 4110/3821/3226 4109/3820/3225
f 494/3906/755 4109/3820/3225 4108/3817/3222 495/771/756
f 219/3726/3159 1486/3724/3157 4111/3822/3227 1502/3907/3218
f 1486/3724/3157 1485/3723/3156 4112/3823/3228 4111/3822/3227
f 1502/3907/3218 4111/3822/3227 4110/3824/3226 1503/3814/3219
f 213/3628/3079 1453/3626/3077 4113/3825/3229 1484/3908/3155
f 1453/3626/3077 1452/3625/3076 4114/3826/3230 4113/3825/3229
f 1484/3908/3155 4113/3825/3229 4112/3827/3228 1485/3723/3156
f 207/3530/2999 1420/3528/2997 4115/3828/3231 1451/3624/3075
f 1420/3528/2997 1419/3527/2996 4116/3829/3232 4115/3828/3231
f 1451/3624/3075 4115/3828/3231 4114/3830/3230 1452/3909/3076
f 201/3431/2919 1387/3429/2917 4117/3831/3233 1418/3910/2995
f 1387/3429/2917 1386/3428/2916 4118/3832/3234 4117/3831/3233
f 1418/3910/2995 4117/3831/3233 4116/3829/3232 1419/3911/2996
f 195/3333/2839 1354/3331/2837 4119/3833/3235 1385/3912/2915
f 1354/3331/2837 1353/3330/2836 4120/3834/3236 4119/3833/3235
f 1385/3912/2915 4119/3833/3235 4118/3835/3234 1386/3913/2916
f 189/3234/2759 1321/3232/2757 4121/3836/3237 1352/3914/2835
f 1321/3232/2757 1320/3231/2756 4122/3837/3238 4121/3836/3237
f 1352/3914/2835 4121/3836/3237 4120/3838/3236 1353/3915/2836
f 183/3136/2679 1288/3134/2677 4123/3839/3239 1319/3916/2755
f 1288/3134/2677 1287/3133/2676 4124/3840/3240 4123/3839/3239
f 1319/3916/2755 4123/3839/3239 4122/3841/3238 1320/3917/2756
f 177/3038/2599 1255/3036/2597 4125/3842/3241 1286/3918/2675
f 1255/3036/2597 1254/3035/2596 4126/3843/3242 4125/3842/3241
f 1286/3918/2675 4125/3842/3241 4124/3844/3240 1287/3919/2676
f 171/2939/2519 1222/2937/2517 4127/3845/3243 1253/3920/2595
f 1222/2937/2517 1221/2936/2516 4128/3846/3244 4127/3845/3243
f 1253/3920/2595 4127/3845/3243 4126/3843/3242 1254/3921/2596
f 165/2841/2439 1189/2839/2437 4129/3847/3245 1220/3922/2515
f 1189/2839/2437 1188/2838/2436 4130/3848/3246 4129/3847/3245
f 1220/3922/2515 4129/3847/3245 4128/3849/3244 1221/3923/2516
f 159/2742/2359 1156/2740/2357 4131/3850/3247 1187/3924/2435
f 1156/2740/2357 1155/2739/2356 4132/3851/3248 4131/3850/3247
f 1187/3924/2435 4131/3850/3247 4130/3852/3246 1188/3925/2436
f 153/2644/2279 1123/2642/2277 4133/3853/3249 1154/3926/2355
f 1123/2642/2277 1122/2641/2276 4134/3854/3250 4133/3853/3249
f 1154/3926/2355 4133/3853/3249 4132/3851/3248 1155/3927/2356
f 147/2546/2199 1090/2544/2197 4135/3855/3251 1121/3928/2275
f 1090/2544/2197 1089/2543/2196 4136/3856/3252 4135/3855/3251
f 1121/3928/2275 4135/3855/3251 4134/3857/3250 1122/3929/2276
f 141/2448/2119 1057/2446/2117 4137/3858/3253 1088/2542/2195
f 1057/2446/2117 1056/2445/2116 4138/3859/3254 4137/3858/3253
f 1088/2542/2195 4137/3858/3253 4136/3860/3252 1089/2543/2196
f 135/2350/2039 1024/2348/2037 4139/3861/3255 1055/3930/2115
f 1024/2348/2037 1023/2347/2036 4140/3862/3256 4139/3861/3255
f 1055/3930/2115 4139/3861/3255 4138/3863/3254 1056/3931/2116
f 129/2252/1959 991/2250/1957 4141/3864/3257 1022/3932/2035
f 991/2250/1957 990/2249/1956 4142/3865/3258 4141/3864/3257
f 1022/3932/2035 4141/3864/3257 4140/3866/3256 1023/2347/2036
f 123/2154/1879 958/2152/1877 4143/3867/3259 989/3933/1955
f 958/2152/1877 957/2151/1876 4144/3868/3260 4143/3867/3259
f 989/3933/1955 4143/3867/3259 4142/3865/3258 990/3934/1956
f 117/2055/1799 925/2053/1797 4145/3869/3261 956/3935/1875
f 925/2053/1797 924/2052/1796 4146/3870/3262 4145/3869/3261
f 956/3935/1875 4145/3869/3261 4144/3871/3260 957/3936/1876
f 111/1957/1719 892/1955/1717 4147/3872/3263 923/3937/1795
f 892/1955/1717 891/1954/1716 4148/3873/3264 4147/3872/3263
f 923/3937/1795 4147/3872/3263 4146/3870/3262 924/3938/1796
f 105/1858/1639 859/1856/1637 4149/3874/3265 890/3939/1715
f 859/1856/1637 858/1855/1636 4150/3875/3266 4149/3874/3265
f 890/3939/1715 4149/3874/3265 4148/3876/3264 891/3940/1716
f 99/1760/1559 826/1758/1557 4151/3877/3267 857/3941/1635
f 826/1758/1557 825/1757/1556 4152/3878/3268 4151/3877/3267
f 857/3941/1635 4151/3877/3267 4150/3879/3266 858/3942/1636
f 93/1661/1479 793/1659/1477 4153/3880/3269 824/3943/1555
f 793/1659/1477 792/1658/1476 4154/3881/3270 4153/3880/3269
f 824/3943/1555 4153/3880/3269 4152/3878/3268 825/3944/1556
f 87/1563/1399 760/1561/1397 4155/3882/3271 791/1657/1475
f 760/1561/1397 759/1560/1396 4156/3883/3272 4155/3882/3271
f 791/1657/1475 4155/3882/3271 4154/3884/3270 792/3945/1476
f 81/1465/1319 727/1463/1317 4157/3885/3273 758/3946/1395
f 727/1463/1317 726/1462/1316 4158/3886/3274 4157/3885/3273
f 758/3946/1395 4157/3885/3273 4156/3883/3272 759/3947/1396
f 75/1366/1239 694/1364/1237 4159/3887/3275 725/3948/1315
f 694/1364/1237 693/1363/1236 4160/3888/3276 4159/3887/3275
f 725/3948/1315 4159/3887/3275 4158/3889/3274 726/1462/1316
f 69/1267/1159 661/1265/1157 4161/3890/3277 692/3949/1235
f 661/1265/1157 660/1264/1156 4162/3891/3278 4161/3890/3277
f 692/3949/1235 4161/3890/3277 4160/3892/3276 693/3950/1236
f 63/1169/1079 628/1167/1077 4163/3893/3279 659/3951/1155
f 628/1167/1077 627/1166/1076 4164/3894/3280 4163/3893/3279
f 659/3951/1155 4163/3893/3279 4162/3895/3278 660/3952/1156
f 57/1070/999 595/1068/997 4165/3896/3281 626/3953/1075
f 595/1068/997 594/1067/996 4166/3897/3282 4165/3896/3281
f 626/3953/1075 4165/3896/3281 4164/3898/3280 627/1166/1076
f 51/971/919 562/969/917 4167/3899/3283 593/3954/995
f 562/969/917 561/968/916 4168/3900/3284 4167/3899/3283
f 593/3954/995 4167/3899/3283 4166/3901/3282 594/3955/996
f 45/873/839 529/871/837 4169/3902/3285 560/3956/915
f 529/871/837 528/870/836 4170/3903/3224 4169/3902/3285
f 560/3956/915 4169/3902/3285 4168/3904/3284 561/968/916
f 4171/3957/3286 4172/3958/3287 4175/3959/3288 4174/3960/3289
f 4172/3958/3287 4173/3961/3290 4176/3962/3291 4175/3959/3288
f 4174/3960/3289 4175/3959/3288 4178/3963/3292 4177/3964/3293
f 4175/3959/3288 4176/3962/3291 4179/3965/3294 4178/3963/3292
f 32/10/10 446/3966/12 4171/3957/3286 2281/3967/3295
f 446/3966/12 447/3968/25 4172/3958/3287 4171/3957/3286
f 447/3968/25 448/3969/23 4173/3961/3290 4172/3958/3287
f 448/3969/23 1/24/24 2275/3970/3296 4173/3961/3290
f 4173/3961/3290 2275/3970/3296 2274/3970/3297 4176/3962/3291
f 4176/3962/3291 2274/3970/3297 2273/3970/3298 4179/3965/3294
f 4179/3965/3294 2273/3970/3298 226/24/3299 2263/3971/3300
f 4178/3963/3292 4179/3965/3294 2263/3971/3300 2262/3972/3301
f 4177/3964/3293 4178/3963/3292 2262/3972/3301 2261/3973/3302
f 2279/3974/3303 4177/3964/3293 2261/3973/3302 349/3975/3304
f 2280/3976/3305 4174/3960/3289 4177/3964/3293 2279/3974/3303
f 2281/3967/3295 4171/3957/3286 4174/3960/3289 2280/3976/3305
f 4180/3977/3306 4181/3978/3307 4184/3979/3308 4183/3980/3309
f 4181/3978/3307 4182/3981/3310 4185/3982/3311 4184/3979/3308
f 4183/3980/3309 4184/3979/3308 4187/3983/3312 4186/3984/3313
f 4184/3979/3308 4185/3982/3311 4188/3985/3314 4187/3983/3312
f 15/3986/269 395/3987/280 4180/3977/3306 2318/3988/3315
f 395/3987/280 396/290/290 4181/3978/3307 4180/3977/3306
f 396/290/290 397/3989/288 4182/3981/3310 4181/3978/3307
f 397/3989/288 16/289/289 2321/3990/3316 4182/3981/3310
f 4182/3981/3310 2321/3990/3316 2322/3991/3317 4185/3982/3311
f 4185/3982/3311 2322/3991/3317 2323/3992/3318 4188/3985/3314
f 4188/3985/3314 2323/3992/3318 285/3993/3319 1906/3994/3320
f 4187/3983/3312 4188/3985/3314 1906/3994/3320 1905/3995/3321
f 4186/3984/3313 4187/3983/3312 1905/3995/3321 1904/3996/3322
f 2320/3997/3323 4186/3984/3313 1904/3996/3322 281/3998/3324
f 2319/3999/3325 4183/3980/3309 4186/3984/3313 2320/3997/3323
f 2318/3988/3315 4180/3977/3306 4183/3980/3309 2319/3999/3325
f 4189/4000/3326 4190/4001/3327 4193/4002/3328 4192/4003/3329
f 4190/4001/3327 4191/4004/3330 4194/4005/3331 4193/4002/3328
f 4192/4003/3329 4193/4002/3328 4196/4006/3332 4195/4007/3333
f 4193/4002/3328 4194/4005/3331 4197/4008/3334 4196/4006/3332
f 29/549/549 437/4009/560 4189/4000/3326 2360/658/651
f 437/4009/560 438/4010/570 4190/4001/3327 4189/4000/3326
f 438/4010/570 439/4011/568 4191/4004/3330 4190/4001/3327
f 439/4011/568 30/569/569 2363/4012/3335 4191/4004/3330
f 4191/4004/3330 2363/4012/3335 2364/4013/3336 4194/4005/3331
f 4194/4005/3331 2364/4013/3336 2365/4014/3337 4197/4008/3334
f 4197/4008/3334 2365/4014/3337 341/4015/3338 2200/4016/3339
f 4196/4006/3332 4197/4008/3334 2200/4016/3339 2199/4017/3340
f 4195/4007/3333 4196/4006/3332 2199/4017/3340 2198/4018/3341
f 2362/660/653 4195/4007/3333 2198/4018/3341 337/661/654
f 2361/659/652 4192/4003/3329 4195/4007/3333 2362/660/653
f 2360/658/651 4189/4000/3326 4192/4003/3329 2361/659/652
f 4198/4019/3342 4199/4020/3343 4202/4021/3344 4201/4022/3345
f 4199/4020/3343 4200/4023/3346 4203/4024/3347 4202/4021/3344
f 4201/4022/3345 4202/4021/3344 4205/4025/3348 4204/4026/3349
f 4202/4021/3344 4203/4024/3347 4206/4027/3350 4205/4025/3348
f 16/289/289 398/4028/300 4198/4019/3342 2321/3990/3316
f 398/4028/300 399/310/310 4199/4020/3343 4198/4019/3342
f 399/310/310 400/4029/308 4200/4023/3346 4199/4020/3343
f 400/4029/308 17/4030/309 2324/4031/3351 4200/4023/3346
f 4200/4023/3346 2324/4031/3351 2325/4032/3352 4203/4024/3347
f 4203/4024/3347 2325/4032/3352 2326/4033/3353 4206/4027/3350
f 4206/4027/3350 2326/4033/3353 289/4034/3354 1927/4035/3355
f 4205/4025/3348 4206/4027/3350 1927/4035/3355 1926/4036/3356
f 4204/4026/3349 4205/4025/3348 1926/4036/3356 1925/4037/3357
f 2323/3992/3318 4204/4026/3349 1925/4037/3357 285/3993/3319
f 2322/3991/3317 4201/4022/3345 4204/4026/3349 2323/3992/3318
f 2321/3990/3316 4198/4019/3342 4201/4022/3345 2322/3991/3317
f 4207/4038/3358 4208/4039/3359 4211/4040/3360 4210/4041/3361
f 4208/4039/3359 4209/4042/3362 4212/4043/3363 4211/4040/3360
f 4210/4041/3361 4211/4040/3360 4214/4044/3364 4213/4045/3365
f 4211/4040/3360 4212/4043/3363 4215/4046/3366 4214/4044/3364
f 3/35/35 359/4047/37 4207/4038/3358 2282/4048/3367
f 359/4047/37 360/50/50 4208/4039/3359 4207/4038/3358
f 360/50/50 361/4049/48 4209/4042/3362 4208/4039/3359
f 361/4049/48 4/49/49 2285/4050/3368 4209/4042/3362
f 4209/4042/3362 2285/4050/3368 2286/4051/3369 4212/4043/3363
f 4212/4043/3363 2286/4051/3369 2287/4052/3370 4215/4046/3366
f 4215/4046/3366 2287/4052/3370 237/4053/3371 1654/4054/3372
f 4214/4044/3364 4215/4046/3366 1654/4054/3372 1653/4055/3373
f 4213/4045/3365 4214/4044/3364 1653/4055/3373 1652/4056/3374
f 2284/4057/3375 4213/4045/3365 1652/4056/3374 233/4058/3376
f 2283/4059/3377 4210/4041/3361 4213/4045/3365 2284/4057/3375
f 2282/4048/3367 4207/4038/3358 4210/4041/3361 2283/4059/3377
f 4216/4060/3378 4217/4061/3379 4220/4062/3380 4219/4063/3381
f 4217/4061/3379 4218/4064/3382 4221/4065/3383 4220/4062/3380
f 4219/4063/3381 4220/4062/3380 4223/4066/3384 4222/4067/3385
f 4220/4062/3380 4221/4065/3383 4224/4068/3386 4223/4066/3384
f 30/569/569 440/4069/580 4216/4060/3378 2363/4012/3335
f 440/4069/580 441/4070/590 4217/4061/3379 4216/4060/3378
f 441/4070/590 442/4071/588 4218/4064/3382 4217/4061/3379
f 442/4071/588 31/4072/589 2366/4073/3387 4218/4064/3382
f 4218/4064/3382 2366/4073/3387 2367/4074/3388 4221/4065/3383
f 4221/4065/3383 2367/4074/3388 2368/4075/3389 4224/4068/3386
f 4224/4068/3386 2368/4075/3389 345/4076/3390 2221/4077/3391
f 4223/4066/3384 4224/4068/3386 2221/4077/3391 2220/4078/3392
f 4222/4067/3385 4223/4066/3384 2220/4078/3392 2219/4079/3393
f 2365/4014/3337 4222/4067/3385 2219/4079/3393 341/4015/3338
f 2364/4013/3336 4219/4063/3381 4222/4067/3385 2365/4014/3337
f 2363/4012/3335 4216/4060/3378 4219/4063/3381 2364/4013/3336
f 4225/4080/3394 4226/4081/3395 4229/4082/3396 4228/4083/3397
f 4226/4081/3395 4227/4084/3398 4230/4085/3399 4229/4082/3396
f 4228/4083/3397 4229/4082/3396 4232/4086/3400 4231/4087/3401
f 4229/4082/3396 4230/4085/3399 4233/4088/3402 4232/4086/3400
f 17/4030/309 401/4089/320 4225/4080/3394 2324/4031/3351
f 401/4089/320 402/330/330 4226/4081/3395 4225/4080/3394
f 402/330/330 403/4090/328 4227/4084/3398 4226/4081/3395
f 403/4090/328 18/329/329 2327/4091/3403 4227/4084/3398
f 4227/4084/3398 2327/4091/3403 2328/4092/3404 4230/4085/3399
f 4230/4085/3399 2328/4092/3404 2329/4093/3405 4233/4088/3402
f 4233/4088/3402 2329/4093/3405 293/4094/3406 1948/4095/3407
f 4232/4086/3400 4233/4088/3402 1948/4095/3407 1947/4096/3408
f 4231/4087/3401 4232/4086/3400 1947/4096/3408 1946/4097/3409
f 2326/4033/3353 4231/4087/3401 1946/4097/3409 289/4034/3354
f 2325/4032/3352 4228/4083/3397 4231/4087/3401 2326/4033/3353
f 2324/4031/3351 4225/4080/3394 4228/4083/3397 2325/4032/3352
f 4234/4098/3410 4235/4099/3411 4238/4100/3412 4237/4101/3413
f 4235/4099/3411 4236/4102/3414 4239/4103/3415 4238/4100/3412
f 4237/4101/3413 4238/4100/3412 4241/4104/3416 4240/4105/3417
f 4238/4100/3412 4239/4103/3415 4242/4106/3418 4241/4104/3416
f 4/49/49 362/4107/60 4234/4098/3410 2285/4050/3368
f 362/4107/60 363/70/70 4235/4099/3411 4234/4098/3410
f 363/70/70 364/4108/68 4236/4102/3414 4235/4099/3411
f 364/4108/68 5/4109/69 2288/4110/3419 4236/4102/3414
f 4236/4102/3414 2288/4110/3419 2289/4111/3420 4239/4103/3415
f 4239/4103/3415 2289/4111/3420 2290/4112/3421 4242/4106/3418
f 4242/4106/3418 2290/4112/3421 241/4113/3422 1675/4114/3423
f 4241/4104/3416 4242/4106/3418 1675/4114/3423 1674/4115/3424
f 4240/4105/3417 4241/4104/3416 1674/4115/3424 1673/4116/3425
f 2287/4052/3370 4240/4105/3417 1673/4116/3425 237/4053/3371
f 2286/4051/3369 4237/4101/3413 4240/4105/3417 2287/4052/3370
f 2285/4050/3368 4234/4098/3410 4237/4101/3413 2286/4051/3369
f 4243/4117/3426 4244/4118/3427 4247/4119/3428 4246/4120/3429
f 4244/4118/3427 4245/4121/3430 4248/4122/3431 4247/4119/3428
f 4246/4120/3429 4247/4119/3428 4250/4123/3432 4249/4124/3433
f 4247/4119/3428 4248/4122/3431 4251/4125/3434 4250/4123/3432
f 31/4072/589 443/4126/600 4243/4117/3426 2366/4073/3387
f 443/4126/600 444/4127/605 4244/4118/3427 4243/4117/3426
f 444/4127/605 445/4128/604 4245/4121/3430 4244/4118/3427
f 445/4128/604 32/10/10 2281/3967/3295 4245/4121/3430
f 4245/4121/3430 2281/3967/3295 2280/3976/3305 4248/4122/3431
f 4248/4122/3431 2280/3976/3305 2279/3974/3303 4251/4125/3434
f 4251/4125/3434 2279/3974/3303 349/3975/3304 2242/4129/3435
f 4250/4123/3432 4251/4125/3434 2242/4129/3435 2241/4130/3436
f 4249/4124/3433 4250/4123/3432 2241/4130/3436 2240/4131/3437
f 2368/4075/3389 4249/4124/3433 2240/4131/3437 345/4076/3390
f 2367/4074/3388 4246/4120/3429 4249/4124/3433 2368/4075/3389
f 2366/4073/3387 4243/4117/3426 4246/4120/3429 2367/4074/3388
f 4252/4132/3438 4253/4133/3439 4256/4134/3440 4255/4135/3441
f 4253/4133/3439 4254/4136/3442 4257/4137/3443 4256/4134/3440
f 4255/4135/3441 4256/4134/3440 4259/4138/3444 4258/4139/3445
f 4256/4134/3440 4257/4137/3443 4260/4140/3446 4259/4138/3444
f 18/329/329 404/4141/340 4252/4132/3438 2327/4091/3403
f 404/4141/340 405/4142/350 4253/4133/3439 4252/4132/3438
f 405/4142/350 406/4143/348 4254/4136/3442 4253/4133/3439
f 406/4143/348 19/349/349 2330/4144/3447 4254/4136/3442
f 4254/4136/3442 2330/4144/3447 2331/4145/3448 4257/4137/3443
f 4257/4137/3443 2331/4145/3448 2332/4146/3449 4260/4140/3446
f 4260/4140/3446 2332/4146/3449 297/4147/3450 1969/4148/3451
f 4259/4138/3444 4260/4140/3446 1969/4148/3451 1968/4149/3452
f 4258/4139/3445 4259/4138/3444 1968/4149/3452 1967/4150/3453
f 2329/4093/3405 4258/4139/3445 1967/4150/3453 293/4094/3406
f 2328/4092/3404 4255/4135/3441 4258/4139/3445 2329/4093/3405
f 2327/4091/3403 4252/4132/3438 4255/4135/3441 2328/4092/3404
f 4261/4151/3454 4262/4152/3455 4265/4153/3456 4264/4154/3457
f 4262/4152/3455 4263/4155/3458 4266/4156/3459 4265/4153/3456
f 4264/4154/3457 4265/4153/3456 4268/4157/3460 4267/4158/3461
f 4265/4153/3456 4266/4156/3459 4269/4159/3462 4268/4157/3460
f 5/4109/69 365/4160/80 4261/4151/3454 2288/4110/3419
f 365/4160/80 366/90/90 4262/4152/3455 4261/4151/3454
f 366/90/90 367/4161/88 4263/4155/3458 4262/4152/3455
f 367/4161/88 6/89/89 2291/4162/3463 4263/4155/3458
f 4263/4155/3458 2291/4162/3463 2292/4163/3464 4266/4156/3459
f 4266/4156/3459 2292/4163/3464 2293/4164/3465 4269/4159/3462
f 4269/4159/3462 2293/4164/3465 245/4165/3466 1696/4166/3467
f 4268/4157/3460 4269/4159/3462 1696/4166/3467 1695/4167/3468
f 4267/4158/3461 4268/4157/3460 1695/4167/3468 1694/4168/3469
f 2290/4112/3421 4267/4158/3461 1694/4168/3469 241/4113/3422
f 2289/4111/3420 4264/4154/3457 4267/4158/3461 2290/4112/3421
f 2288/4110/3419 4261/4151/3454 4264/4154/3457 2289/4111/3420
f 4270/4169/3470 4271/4170/3471 4274/4171/3472 4273/4172/3473
f 4271/4170/3471 4272/4173/3474 4275/4174/3475 4274/4171/3472
f 4273/4172/3473 4274/4171/3472 4277/4175/3476 4276/4176/3477
f 4274/4171/3472 4275/4174/3475 4278/4177/3478 4277/4175/3476
f 19/349/349 407/4178/360 4270/4169/3470 2330/4144/3447
f 407/4178/360 408/4179/370 4271/4170/3471 4270/4169/3470
f 408/4179/370 409/4180/368 4272/4173/3474 4271/4170/3471
f 409/4180/368 20/4181/369 2333/4182/3479 4272/4173/3474
f 4272/4173/3474 2333/4182/3479 2334/4183/3480 4275/4174/3475
f 4275/4174/3475 2334/4183/3480 2335/4184/3481 4278/4177/3478
f 4278/4177/3478 2335/4184/3481 301/4185/3482 1990/4186/3483
f 4277/4175/3476 4278/4177/3478 1990/4186/3483 1989/4187/3484
f 4276/4176/3477 4277/4175/3476 1989/4187/3484 1988/4188/3485
f 2332/4146/3449 4276/4176/3477 1988/4188/3485 297/4147/3450
f 2331/4145/3448 4273/4172/3473 4276/4176/3477 2332/4146/3449
f 2330/4144/3447 4270/4169/3470 4273/4172/3473 2331/4145/3448
f 4279/4189/3486 4280/4190/3487 4283/4191/3488 4282/4192/3489
f 4280/4190/3487 4281/4193/3490 4284/4194/3491 4283/4191/3488
f 4282/4192/3489 4283/4191/3488 4286/4195/3492 4285/4196/3493
f 4283/4191/3488 4284/4194/3491 4287/4197/3494 4286/4195/3492
f 6/89/89 368/4198/100 4279/4189/3486 2291/4162/3463
f 368/4198/100 369/4199/110 4280/4190/3487 4279/4189/3486
f 369/4199/110 370/4200/108 4281/4193/3490 4280/4190/3487
f 370/4200/108 7/4201/109 2294/4202/3495 4281/4193/3490
f 4281/4193/3490 2294/4202/3495 2295/4203/3496 4284/4194/3491
f 4284/4194/3491 2295/4203/3496 2296/4204/3497 4287/4197/3494
f 4287/4197/3494 2296/4204/3497 249/4205/3498 1717/4206/3499
f 4286/4195/3492 4287/4197/3494 1717/4206/3499 1716/4207/3500
f 4285/4196/3493 4286/4195/3492 1716/4207/3500 1715/4208/3501
f 2293/4164/3465 4285/4196/3493 1715/4208/3501 245/4165/3466
f 2292/4163/3464 4282/4192/3489 4285/4196/3493 2293/4164/3465
f 2291/4162/3463 4279/4189/3486 4282/4192/3489 2292/4163/3464
f 4288/4209/3502 4289/4210/3503 4292/4211/3504 4291/4212/3505
f 4289/4210/3503 4290/4213/3506 4293/4214/3507 4292/4211/3504
f 4291/4212/3505 4292/4211/3504 4295/4215/3508 4294/4216/3509
f 4292/4211/3504 4293/4214/3507 4296/4217/3510 4295/4215/3508
f 2/4218/624 356/4219/635 4288/4209/3502 2276/4220/3511
f 356/4219/635 357/645/640 4289/4210/3503 4288/4209/3502
f 357/645/640 358/4221/639 4290/4213/3506 4289/4210/3503
f 358/4221/639 3/35/35 2282/4048/3367 4290/4213/3506
f 4290/4213/3506 2282/4048/3367 2283/4059/3377 4293/4214/3507
f 4293/4214/3507 2283/4059/3377 2284/4057/3375 4296/4217/3510
f 4296/4217/3510 2284/4057/3375 233/4058/3376 1633/4222/3512
f 4295/4215/3508 4296/4217/3510 1633/4222/3512 1632/4223/3513
f 4294/4216/3509 4295/4215/3508 1632/4223/3513 1631/4224/3514
f 2278/4225/3515 4294/4216/3509 1631/4224/3514 229/4226/3516
f 2277/4227/3517 4291/4212/3505 4294/4216/3509 2278/4225/3515
f 2276/4220/3511 4288/4209/3502 4291/4212/3505 2277/4227/3517
f 4297/4228/3518 4298/4229/3519 4301/4230/3520 4300/4231/3521
f 4298/4229/3519 4299/4232/3522 4302/4233/3523 4301/4230/3520
f 4300/4231/3521 4301/4230/3520 4304/4234/3524 4303/4235/3525
f 4301/4230/3520 4302/4233/3523 4305/4236/3526 4304/4234/3524
f 20/4181/369 410/4237/380 4297/4228/3518 2333/4182/3479
f 410/4237/380 411/390/390 4298/4229/3519 4297/4228/3518
f 411/390/390 412/4238/388 4299/4232/3522 4298/4229/3519
f 412/4238/388 21/4239/389 2336/4240/3527 4299/4232/3522
f 4299/4232/3522 2336/4240/3527 2337/4241/3528 4302/4233/3523
f 4302/4233/3523 2337/4241/3528 2338/4242/3529 4305/4236/3526
f 4305/4236/3526 2338/4242/3529 305/4243/3530 2011/4244/3531
f 4304/4234/3524 4305/4236/3526 2011/4244/3531 2010/4245/3532
f 4303/4235/3525 4304/4234/3524 2010/4245/3532 2009/4246/3533
f 2335/4184/3481 4303/4235/3525 2009/4246/3533 301/4185/3482
f 2334/4183/3480 4300/4231/3521 4303/4235/3525 2335/4184/3481
f 2333/4182/3479 4297/4228/3518 4300/4231/3521 2334/4183/3480
f 4306/4247/3534 4307/4248/3535 4310/4249/3536 4309/4250/3537
f 4307/4248/3535 4308/4251/3538 4311/4252/3539 4310/4249/3536
f 4309/4250/3537 4310/4249/3536 4313/4253/3540 4312/4254/3541
f 4310/4249/3536 4311/4252/3539 4314/4255/3542 4313/4253/3540
f 7/4201/109 371/4256/120 4306/4247/3534 2294/4202/3495
f 371/4256/120 372/130/130 4307/4248/3535 4306/4247/3534
f 372/130/130 373/4257/128 4308/4251/3538 4307/4248/3535
f 373/4257/128 8/4258/129 2297/4259/3543 4308/4251/3538
f 4308/4251/3538 2297/4259/3543 2298/4260/3544 4311/4252/3539
f 4311/4252/3539 2298/4260/3544 2299/4261/3545 4314/4255/3542
f 4314/4255/3542 2299/4261/3545 253/4262/3546 1738/4263/3547
f 4313/4253/3540 4314/4255/3542 1738/4263/3547 1737/4264/3548
f 4312/4254/3541 4313/4253/3540 1737/4264/3548 1736/4265/3549
f 2296/4204/3497 4312/4254/3541 1736/4265/3549 249/4205/3498
f 2295/4203/3496 4309/4250/3537 4312/4254/3541 2296/4204/3497
f 2294/4202/3495 4306/4247/3534 4309/4250/3537 2295/4203/3496
f 4315/4266/3550 4316/4267/3551 4319/4268/3552 4318/4269/3553
f 4316/4267/3551 4317/4270/3554 4320/4271/3555 4319/4268/3552
f 4318/4269/3553 4319/4268/3552 4322/4272/3556 4321/4273/3557
f 4319/4268/3552 4320/4271/3555 4323/4274/3558 4322/4272/3556
f 21/4239/389 413/4275/400 4315/4266/3550 2336/4240/3527
f 413/4275/400 414/4276/410 4316/4267/3551 4315/4266/3550
f 414/4276/410 415/4277/408 4317/4270/3554 4316/4267/3551
f 415/4277/408 22/409/409 2339/4278/3559 4317/4270/3554
f 4317/4270/3554 2339/4278/3559 2340/4279/3560 4320/4271/3555
f 4320/4271/3555 2340/4279/3560 2341/4280/3561 4323/4274/3558
f 4323/4274/3558 2341/4280/3561 309/4281/3562 2032/4282/3563
f 4322/4272/3556 4323/4274/3558 2032/4282/3563 2031/4283/3564
f 4321/4273/3557 4322/4272/3556 2031/4283/3564 2030/4284/3565
f 2338/4242/3529 4321/4273/3557 2030/4284/3565 305/4243/3530
f 2337/4241/3528 4318/4269/3553 4321/4273/3557 2338/4242/3529
f 2336/4240/3527 4315/4266/3550 4318/4269/3553 2337/4241/3528
f 4324/4285/3566 4325/4286/3567 4328/4287/3568 4327/4288/3569
f 4325/4286/3567 4326/4289/3570 4329/4290/3571 4328/4287/3568
f 4327/4288/3569 4328/4287/3568 4331/4291/3572 4330/4292/3573
f 4328/4287/3568 4329/4290/3571 4332/4293/3574 4331/4291/3572
f 8/4258/129 374/4294/140 4324/4285/3566 2297/4259/3543
f 374/4294/140 375/4295/150 4325/4286/3567 4324/4285/3566
f 375/4295/150 376/4296/148 4326/4289/3570 4325/4286/3567
f 376/4296/148 9/149/149 2300/4297/3575 4326/4289/3570
f 4326/4289/3570 2300/4297/3575 2301/4298/3576 4329/4290/3571
f 4329/4290/3571 2301/4298/3576 2302/4299/3577 4332/4293/3574
f 4332/4293/3574 2302/4299/3577 257/4300/3578 1759/4301/3579
f 4331/4291/3572 4332/4293/3574 1759/4301/3579 1758/4302/3580
f 4330/4292/3573 4331/4291/3572 1758/4302/3580 1757/4303/3581
f 2299/4261/3545 4330/4292/3573 1757/4303/3581 253/4262/3546
f 2298/4260/3544 4327/4288/3569 4330/4292/3573 2299/4261/3545
f 2297/4259/3543 4324/4285/3566 4327/4288/3569 2298/4260/3544
f 4333/4304/3582 4334/4305/3583 4337/4306/3584 4336/4307/3585
f 4334/4305/3583 4335/4308/3586 4338/4309/3587 4337/4306/3584
f 4336/4307/3585 4337/4306/3584 4340/4310/3588 4339/4311/3589
f 4337/4306/3584 4338/4309/3587 4341/4312/3590 4340/4310/3588
f 22/409/409 416/4313/420 4333/4304/3582 2339/4278/3559
f 416/4313/420 417/4314/430 4334/4305/3583 4333/4304/3582
f 417/4314/430 418/4315/428 4335/4308/3586 4334/4305/3583
f 418/4315/428 23/429/429 2342/4316/3591 4335/4308/3586
f 4335/4308/3586 2342/4316/3591 2343/4317/3592 4338/4309/3587
f 4338/4309/3587 2343/4317/3592 2344/4318/3593 4341/4312/3590
f 4341/4312/3590 2344/4318/3593 313/4319/3594 2053/4320/3595
f 4340/4310/3588 4341/4312/3590 2053/4320/3595 2052/4321/3596
f 4339/4311/3589 4340/4310/3588 2052/4321/3596 2051/4322/3597
f 2341/4280/3561 4339/4311/3589 2051/4322/3597 309/4281/3562
f 2340/4279/3560 4336/4307/3585 4339/4311/3589 2341/4280/3561
f 2339/4278/3559 4333/4304/3582 4336/4307/3585 2340/4279/3560
f 4342/4323/3598 4343/4324/3599 4346/4325/3600 4345/4326/3601
f 4343/4324/3599 4344/4327/3602 4347/4328/3603 4346/4325/3600
f 4345/4326/3601 4346/4325/3600 4349/4329/3604 4348/4330/3605
f 4346/4325/3600 4347/4328/3603 4350/4331/3606 4349/4329/3604
f 9/149/149 377/4332/160 4342/4323/3598 2300/4297/3575
f 377/4332/160 378/4333/170 4343/4324/3599 4342/4323/3598
f 378/4333/170 379/4334/168 4344/4327/3602 4343/4324/3599
f 379/4334/168 10/169/169 2303/4335/3607 4344/4327/3602
f 4344/4327/3602 2303/4335/3607 2304/4336/3608 4347/4328/3603
f 4347/4328/3603 2304/4336/3608 2305/4337/3609 4350/4331/3606
f 4350/4331/3606 2305/4337/3609 261/4338/3610 1780/4339/3611
f 4349/4329/3604 4350/4331/3606 1780/4339/3611 1779/4340/3612
f 4348/4330/3605 4349/4329/3604 1779/4340/3612 1778/4341/3613
f 2302/4299/3577 4348/4330/3605 1778/4341/3613 257/4300/3578
f 2301/4298/3576 4345/4326/3601 4348/4330/3605 2302/4299/3577
f 2300/4297/3575 4342/4323/3598 4345/4326/3601 2301/4298/3576
f 4351/4342/3614 4352/4343/3615 4355/4344/3616 4354/4345/3617
f 4352/4343/3615 4353/4346/3618 4356/4347/3619 4355/4344/3616
f 4354/4345/3617 4355/4344/3616 4358/4348/3620 4357/4349/3621
f 4355/4344/3616 4356/4347/3619 4359/4350/3622 4358/4348/3620
f 23/429/429 419/4351/440 4351/4342/3614 2342/4316/3591
f 419/4351/440 420/450/450 4352/4343/3615 4351/4342/3614
f 420/450/450 421/4352/448 4353/4346/3618 4352/4343/3615
f 421/4352/448 24/4353/449 2345/4354/3623 4353/4346/3618
f 4353/4346/3618 2345/4354/3623 2346/4355/3624 4356/4347/3619
f 4356/4347/3619 2346/4355/3624 2347/4356/3625 4359/4350/3622
f 4359/4350/3622 2347/4356/3625 317/4357/3626 2074/4358/3627
f 4358/4348/3620 4359/4350/3622 2074/4358/3627 2073/4359/3628
f 4357/4349/3621 4358/4348/3620 2073/4359/3628 2072/4360/3629
f 2344/4318/3593 4357/4349/3621 2072/4360/3629 313/4319/3594
f 2343/4317/3592 4354/4345/3617 4357/4349/3621 2344/4318/3593
f 2342/4316/3591 4351/4342/3614 4354/4345/3617 2343/4317/3592
f 4360/4361/3630 4361/4362/3631 4364/4363/3632 4363/4364/3633
f 4361/4362/3631 4362/4365/3634 4365/4366/3635 4364/4363/3632
f 4363/4364/3633 4364/4363/3632 4367/4367/3636 4366/4368/3637
f 4364/4363/3632 4365/4366/3635 4368/4369/3638 4367/4367/3636
f 10/169/169 380/4370/180 4360/4361/3630 2303/4335/3607
f 380/4370/180 381/190/190 4361/4362/3631 4360/4361/3630
f 381/190/190 382/4371/188 4362/4365/3634 4361/4362/3631
f 382/4371/188 11/189/189 2306/4372/3639 4362/4365/3634
f 4362/4365/3634 2306/4372/3639 2307/4373/3640 4365/4366/3635
f 4365/4366/3635 2307/4373/3640 2308/4374/3641 4368/4369/3638
f 4368/4369/3638 2308/4374/3641 265/4375/3642 1801/4376/3643
f 4367/4367/3636 4368/4369/3638 1801/4376/3643 1800/4377/3644
f 4366/4368/3637 4367/4367/3636 1800/4377/3644 1799/4378/3645
f 2305/4337/3609 4366/4368/3637 1799/4378/3645 261/4338/3610
f 2304/4336/3608 4363/4364/3633 4366/4368/3637 2305/4337/3609
f 2303/4335/3607 4360/4361/3630 4363/4364/3633 2304/4336/3608
f 4369/4379/3646 4370/4380/3647 4373/4381/3648 4372/4382/3649
f 4370/4380/3647 4371/4383/3650 4374/4384/3651 4373/4381/3648
f 4372/4382/3649 4373/4381/3648 4376/4385/3652 4375/4386/3653
f 4373/4381/3648 4374/4384/3651 4377/4387/3654 4376/4385/3652
f 24/4353/449 422/4388/460 4369/4379/3646 2345/4354/3623
f 422/4388/460 423/470/470 4370/4380/3647 4369/4379/3646
f 423/470/470 424/4389/468 4371/4383/3650 4370/4380/3647
f 424/4389/468 25/469/469 2348/4390/3655 4371/4383/3650
f 4371/4383/3650 2348/4390/3655 2349/4391/3656 4374/4384/3651
f 4374/4384/3651 2349/4391/3656 2350/4392/3657 4377/4387/3654
f 4377/4387/3654 2350/4392/3657 321/4393/3658 2095/4394/3659
f 4376/4385/3652 4377/4387/3654 2095/4394/3659 2094/4395/3660
f 4375/4386/3653 4376/4385/3652 2094/4395/3660 2093/4396/3661
f 2347/4356/3625 4375/4386/3653 2093/4396/3661 317/4357/3626
f 2346/4355/3624 4372/4382/3649 4375/4386/3653 2347/4356/3625
f 2345/4354/3623 4369/4379/3646 4372/4382/3649 2346/4355/3624
f 4378/4397/3662 4379/4398/3663 4382/4399/3664 4381/4400/3665
f 4379/4398/3663 4380/4401/3666 4383/4402/3667 4382/4399/3664
f 4381/4400/3665 4382/4399/3664 4385/4403/3668 4384/4404/3669
f 4382/4399/3664 4383/4402/3667 4386/4405/3670 4385/4403/3668
f 11/189/189 383/4406/200 4378/4397/3662 2306/4372/3639
f 383/4406/200 384/4407/210 4379/4398/3663 4378/4397/3662
f 384/4407/210 385/4408/208 4380/4401/3666 4379/4398/3663
f 385/4408/208 12/209/209 2309/4409/3671 4380/4401/3666
f 4380/4401/3666 2309/4409/3671 2310/4410/3672 4383/4402/3667
f 4383/4402/3667 2310/4410/3672 2311/4411/3673 4386/4405/3670
f 4386/4405/3670 2311/4411/3673 269/4412/3674 1822/4413/3675
f 4385/4403/3668 4386/4405/3670 1822/4413/3675 1821/4414/3676
f 4384/4404/3669 4385/4403/3668 1821/4414/3676 1820/4415/3677
f 2308/4374/3641 4384/4404/3669 1820/4415/3677 265/4375/3642
f 2307/4373/3640 4381/4400/3665 4384/4404/3669 2308/4374/3641
f 2306/4372/3639 4378/4397/3662 4381/4400/3665 2307/4373/3640
f 4387/4416/3678 4388/4417/3679 4391/4418/3680 4390/4419/3681
f 4388/4417/3679 4389/4420/3682 4392/4421/3683 4391/4418/3680
f 4390/4419/3681 4391/4418/3680 4394/4422/3684 4393/4423/3685
f 4391/4418/3680 4392/4421/3683 4395/4424/3686 4394/4422/3684
f 25/469/469 425/4425/480 4387/4416/3678 2348/4390/3655
f 425/4425/480 426/490/490 4388/4417/3679 4387/4416/3678
f 426/490/490 427/4426/488 4389/4420/3682 4388/4417/3679
f 427/4426/488 26/4427/489 2351/4428/3687 4389/4420/3682
f 4389/4420/3682 2351/4428/3687 2352/4429/3688 4392/4421/3683
f 4392/4421/3683 2352/4429/3688 2353/4430/3689 4395/4424/3686
f 4395/4424/3686 2353/4430/3689 325/4431/3690 2116/4432/3691
f 4394/4422/3684 4395/4424/3686 2116/4432/3691 2115/4433/3692
f 4393/4423/3685 4394/4422/3684 2115/4433/3692 2114/4434/3693
f 2350/4392/3657 4393/4423/3685 2114/4434/3693 321/4393/3658
f 2349/4391/3656 4390/4419/3681 4393/4423/3685 2350/4392/3657
f 2348/4390/3655 4387/4416/3678 4390/4419/3681 2349/4391/3656
f 4396/4435/3694 4397/4436/3695 4400/4437/3696 4399/4438/3697
f 4397/4436/3695 4398/4439/3698 4401/4440/3699 4400/4437/3696
f 4399/4438/3697 4400/4437/3696 4403/4441/3700 4402/4442/3701
f 4400/4437/3696 4401/4440/3699 4404/4443/3702 4403/4441/3700
f 12/209/209 386/4444/220 4396/4435/3694 2309/4409/3671
f 386/4444/220 387/230/230 4397/4436/3695 4396/4435/3694
f 387/230/230 388/4445/228 4398/4439/3698 4397/4436/3695
f 388/4445/228 13/4446/229 2312/4447/3703 4398/4439/3698
f 4398/4439/3698 2312/4447/3703 2313/4448/3704 4401/4440/3699
f 4401/4440/3699 2313/4448/3704 2314/4449/3705 4404/4443/3702
f 4404/4443/3702 2314/4449/3705 273/4450/3706 1843/4451/3707
f 4403/4441/3700 4404/4443/3702 1843/4451/3707 1842/4452/3708
f 4402/4442/3701 4403/4441/3700 1842/4452/3708 1841/4453/3709
f 2311/4411/3673 4402/4442/3701 1841/4453/3709 269/4412/3674
f 2310/4410/3672 4399/4438/3697 4402/4442/3701 2311/4411/3673
f 2309/4409/3671 4396/4435/3694 4399/4438/3697 2310/4410/3672
f 4405/4454/3710 4406/4455/3711 4409/4456/3712 4408/4457/3713
f 4406/4455/3711 4407/4458/3714 4410/4459/3715 4409/4456/3712
f 4408/4457/3713 4409/4456/3712 4412/4460/3716 4411/4461/3717
f 4409/4456/3712 4410/4459/3715 4413/4462/3718 4412/4460/3716
f 26/4427/489 428/4463/500 4405/4454/3710 2351/4428/3687
f 428/4463/500 429/510/510 4406/4455/3711 4405/4454/3710
f 429/510/510 430/4464/508 4407/4458/3714 4406/4455/3711
f 430/4464/508 27/4465/509 2354/4466/3719 4407/4458/3714
f 4407/4458/3714 2354/4466/3719 2355/4467/3720 4410/4459/3715
f 4410/4459/3715 2355/4467/3720 2356/4468/3721 4413/4462/3718
f 4413/4462/3718 2356/4468/3721 329/4469/3722 2137/4470/3723
f 4412/4460/3716 4413/4462/3718 2137/4470/3723 2136/4471/3724
f 4411/4461/3717 4412/4460/3716 2136/4471/3724 2135/4472/3725
f 2353/4430/3689 4411/4461/3717 2135/4472/3725 325/4431/3690
f 2352/4429/3688 4408/4457/3713 4411/4461/3717 2353/4430/3689
f 2351/4428/3687 4405/4454/3710 4408/4457/3713 2352/4429/3688
f 4414/4473/3726 4415/4474/3727 4418/4475/3728 4417/4476/3729
f 4415/4474/3727 4416/4477/3730 4419/4478/3731 4418/4475/3728
f 4417/4476/3729 4418/4475/3728 4421/4479/3732 4420/4480/3733
f 4418/4475/3728 4419/4478/3731 4422/4481/3734 4421/4479/3732
f 13/4446/229 389/4482/240 4414/4473/3726 2312/4447/3703
f 389/4482/240 390/4483/250 4415/4474/3727 4414/4473/3726
f 390/4483/250 391/4484/248 4416/4477/3730 4415/4474/3727
f 391/4484/248 14/4485/249 2315/4486/3735 4416/4477/3730
f 4416/4477/3730 2315/4486/3735 2316/4487/3736 4419/4478/3731
f 4419/4478/3731 2316/4487/3736 2317/4488/3737 4422/4481/3734
f 4422/4481/3734 2317/4488/3737 277/4489/3738 1864/4490/3739
f 4421/4479/3732 4422/4481/3734 1864/4490/3739 1863/4491/3740
f 4420/4480/3733 4421/4479/3732 1863/4491/3740 1862/4492/3741
f 2314/4449/3705 4420/4480/3733 1862/4492/3741 273/4450/3706
f 2313/4448/3704 4417/4476/3729 4420/4480/3733 2314/4449/3705
f 2312/4447/3703 4414/4473/3726 4417/4476/3729 2313/4448/3704
f 4423/4493/3742 4424/4494/3743 4427/4495/3744 4426/4496/3745
f 4424/4494/3743 4425/4497/3746 4428/4498/3747 4427/4495/3744
f 4426/4496/3745 4427/4495/3744 4430/4499/3748 4429/4500/3749
f 4427/4495/3744 4428/4498/3747 4431/4501/3750 4430/4499/3748
f 27/4465/509 431/4502/520 4423/4493/3742 2354/4466/3719
f 431/4502/520 432/530/530 4424/4494/3743 4423/4493/3742
f 432/530/530 433/4503/528 4425/4497/3746 4424/4494/3743
f 433/4503/528 28/529/529 2357/656/650 4425/4497/3746
f 4425/4497/3746 2357/656/650 2358/667/660 4428/4498/3747
f 4428/4498/3747 2358/667/660 2359/665/658 4431/4501/3750
f 4431/4501/3750 2359/665/658 333/666/659 2158/4504/3751
f 4430/4499/3748 4431/4501/3750 2158/4504/3751 2157/4505/3752
f 4429/4500/3749 4430/4499/3748 2157/4505/3752 2156/4506/3753
f 2356/4468/3721 4429/4500/3749 2156/4506/3753 329/4469/3722
f 2355/4467/3720 4426/4496/3745 4429/4500/3749 2356/4468/3721
f 2354/4466/3719 4423/4493/3742 4426/4496/3745 2355/4467/3720
f 4432/4507/3754 4433/4508/3755 4436/4509/3756 4435/4510/3757
f 4433/4508/3755 4434/4511/3758 4437/4512/3759 4436/4509/3756
f 4435/4510/3757 4436/4509/3756 4439/4513/3760 4438/4514/3761
f 4436/4509/3756 4437/4512/3759 4440/4515/3762 4439/4513/3760
f 14/4485/249 392/4516/260 4432/4507/3754 2315/4486/3735
f 392/4516/260 393/270/270 4433/4508/3755 4432/4507/3754
f 393/270/270 394/4517/268 4434/4511/3758 4433/4508/3755
f 394/4517/268 15/3986/269 2318/3988/3315 4434/4511/3758
f 4434/4511/3758 2318/3988/3315 2319/3999/3325 4437/4512/3759
f 4437/4512/3759 2319/3999/3325 2320/3997/3323 4440/4515/3762
f 4440/4515/3762 2320/3997/3323 281/3998/3324 1885/4518/3763
f 4439/4513/3760 4440/4515/3762 1885/4518/3763 1884/4519/3764
f 4438/4514/3761 4439/4513/3760 1884/4519/3764 1883/4520/3765
f 2317/4488/3737 4438/4514/3761 1883/4520/3765 277/4489/3738
f 2316/4487/3736 4435/4510/3757 4438/4514/3761 2317/4488/3737
f 2315/4486/3735 4432/4507/3754 4435/4510/3757 2316/4487/3736
f 4441/4521/3766 4442/4522/3767 4445/4523/3768 4444/4524/3769
f 4442/4522/3767 4443/4525/3770 4446/4526/3771 4445/4523/3768
f 4444/4524/3769 4445/4523/3768 4448/4527/3772 4447/4528/3773
f 4445/4523/3768 4446/4526/3771 4449/4529/3774 4448/4527/3772
f 226/615/3299 1604/4530/3775 4441/4521/3766 1603/4531/3776
f 1604/4530/3775 1605/4523/3777 4442/4522/3767 4441/4521/3766
f 1605/4523/3777 1606/4532/3778 4443/4525/3770 4442/4522/3767
f 1606/4532/3778 229/4226/3516 1607/4533/3779 4443/4525/3770
f 4443/4525/3770 1607/4533/3779 1608/4534/3780 4446/4526/3771
f 4446/4526/3771 1608/4534/3780 1609/4535/3781 4449/4529/3774
f 4449/4529/3774 1609/4535/3781 231/4536/3782 1610/4537/3783
f 4448/4527/3772 4449/4529/3774 1610/4537/3783 1611/4538/3784
f 4447/4528/3773 4448/4527/3772 1611/4538/3784 1612/4539/3785
f 1601/4540/3786 4447/4528/3773 1612/4539/3785 228/4541/3787
f 1602/4542/3788 4444/4524/3769 4447/4528/3773 1601/4540/3786
f 1603/4531/3776 4441/4521/3766 4444/4524/3769 1602/4542/3788
f 4450/4543/3789 4451/4544/3790 4454/4545/3791 4453/4546/3792
f 4451/4544/3790 4452/4547/3793 4455/4548/3794 4454/4545/3791
f 4453/4546/3792 4454/4545/3791 4457/4549/3795 4456/4550/3796
f 4454/4545/3791 4455/4548/3794 4458/4551/3797 4457/4549/3795
f 228/4552/3787 1612/4553/3785 4450/4543/3789 1615/4554/3798
f 1612/4553/3785 1611/4555/3784 4451/4544/3790 4450/4543/3789
f 1611/4555/3784 1610/4556/3783 4452/4547/3793 4451/4544/3790
f 1610/4556/3783 231/4557/3782 1616/4558/3799 4452/4547/3793
f 4452/4547/3793 1616/4558/3799 1617/4559/3800 4455/4548/3794
f 4455/4548/3794 1617/4559/3800 1618/4560/3801 4458/4551/3797
f 4458/4551/3797 1618/4560/3801 232/4561/3802 1619/4562/3803
f 4457/4549/3795 4458/4551/3797 1619/4562/3803 1620/4563/3804
f 4456/4550/3796 4457/4549/3795 1620/4563/3804 1621/4564/3805
f 1613/4565/3806 4456/4550/3796 1621/4564/3805 227/4566/3807
f 1614/4567/3808 4453/4546/3792 4456/4550/3796 1613/4565/3806
f 1615/4554/3798 4450/4543/3789 4453/4546/3792 1614/4567/3808
f 4459/4568/3809 4460/4569/3810 4463/4570/3811 4462/4571/3812
f 4460/4569/3810 4461/4572/3813 4464/4573/3814 4463/4570/3811
f 4462/4571/3812 4463/4570/3811 4466/4574/3815 4465/4575/3816
f 4463/4570/3811 4464/4573/3814 4467/4576/3817 4466/4574/3815
f 227/4566/3807 1621/4564/3805 4459/4568/3809 1624/4577/3818
f 1621/4564/3805 1620/4563/3804 4460/4569/3810 4459/4568/3809
f 1620/4563/3804 1619/4562/3803 4461/4572/3813 4460/4569/3810
f 1619/4562/3803 232/4561/3802 1625/4578/3819 4461/4572/3813
f 4461/4572/3813 1625/4578/3819 1626/4579/3820 4464/4573/3814
f 4464/4573/3814 1626/4579/3820 1627/4580/3821 4467/4576/3817
f 4467/4576/3817 1627/4580/3821 230/4581/3822 1628/4582/3823
f 4466/4574/3815 4467/4576/3817 1628/4582/3823 1629/4583/3824
f 4465/4575/3816 4466/4574/3815 1629/4583/3824 1630/4584/3825
f 1622/4585/3826 4465/4575/3816 1630/4584/3825 225/4586/3827
f 1623/4587/3828 4462/4571/3812 4465/4575/3816 1622/4585/3826
f 1624/4577/3818 4459/4568/3809 4462/4571/3812 1623/4587/3828
f 4468/4588/3829 4469/4589/3830 4472/4223/3831 4471/4590/3832
f 4469/4589/3830 4470/4591/3833 4473/4592/3834 4472/4223/3831
f 4471/4590/3832 4472/4223/3831 4475/4593/3835 4474/4594/3836
f 4472/4223/3831 4473/4592/3834 4476/4595/3837 4475/4593/3835
f 229/4226/3516 1631/4224/3514 4468/4588/3829 1607/4596/3779
f 1631/4224/3514 1632/4223/3513 4469/4589/3830 4468/4588/3829
f 1632/4223/3513 1633/4222/3512 4470/4591/3833 4469/4589/3830
f 1633/4222/3512 233/4058/3376 1634/4597/3838 4470/4591/3833
f 4470/4591/3833 1634/4597/3838 1635/4598/3839 4473/4592/3834
f 4473/4592/3834 1635/4598/3839 1636/4599/3840 4476/4595/3837
f 4476/4595/3837 1636/4599/3840 235/4600/3841 1637/4601/3842
f 4475/4593/3835 4476/4595/3837 1637/4601/3842 1638/4593/3843
f 4474/4594/3836 4475/4593/3835 1638/4593/3843 1639/4602/3844
f 1609/4603/3781 4474/4594/3836 1639/4602/3844 231/4604/3782
f 1608/4605/3780 4471/4590/3832 4474/4594/3836 1609/4603/3781
f 1607/4596/3779 4468/4588/3829 4471/4590/3832 1608/4605/3780
f 4477/4606/3845 4478/4607/3846 4481/4608/3847 4480/4609/3848
f 4478/4607/3846 4479/4610/3849 4482/4611/3850 4481/4608/3847
f 4480/4609/3848 4481/4608/3847 4484/4612/3851 4483/4613/3852
f 4481/4608/3847 4482/4611/3850 4485/4614/3853 4484/4612/3851
f 231/4615/3782 1639/4616/3844 4477/4606/3845 1616/4617/3799
f 1639/4616/3844 1638/4618/3843 4478/4607/3846 4477/4606/3845
f 1638/4618/3843 1637/4619/3842 4479/4610/3849 4478/4607/3846
f 1637/4619/3842 235/4620/3841 1640/4621/3854 4479/4610/3849
f 4479/4610/3849 1640/4621/3854 1641/4622/3855 4482/4611/3850
f 4482/4611/3850 1641/4622/3855 1642/4623/3856 4485/4614/3853
f 4485/4614/3853 1642/4623/3856 236/4624/3857 1643/4625/3858
f 4484/4612/3851 4485/4614/3853 1643/4625/3858 1644/4626/3859
f 4483/4613/3852 4484/4612/3851 1644/4626/3859 1645/4627/3860
f 1618/4628/3801 4483/4613/3852 1645/4627/3860 232/4561/3802
f 1617/4629/3800 4480/4609/3848 4483/4613/3852 1618/4628/3801
f 1616/4617/3799 4477/4606/3845 4480/4609/3848 1617/4629/3800
f 4486/4630/3861 4487/4631/3862 4490/4632/3863 4489/4633/3864
f 4487/4631/3862 4488/4634/3865 4491/4635/3866 4490/4632/3863
f 4489/4633/3864 4490/4632/3863 4493/4636/3867 4492/4637/3868
f 4490/4632/3863 4491/4635/3866 4494/4638/3869 4493/4636/3867
f 232/4561/3802 1645/4627/3860 4486/4630/3861 1625/4578/3819
f 1645/4627/3860 1644/4626/3859 4487/4631/3862 4486/4630/3861
f 1644/4626/3859 1643/4625/3858 4488/4634/3865 4487/4631/3862
f 1643/4625/3858 236/4624/3857 1646/4639/3870 4488/4634/3865
f 4488/4634/3865 1646/4639/3870 1647/4640/3871 4491/4635/3866
f 4491/4635/3866 1647/4640/3871 1648/4641/3872 4494/4638/3869
f 4494/4638/3869 1648/4641/3872 234/4642/3873 1649/4643/3874
f 4493/4636/3867 4494/4638/3869 1649/4643/3874 1650/4644/3875
f 4492/4637/3868 4493/4636/3867 1650/4644/3875 1651/4645/3876
f 1627/4580/3821 4492/4637/3868 1651/4645/3876 230/4581/3822
f 1626/4579/3820 4489/4633/3864 4492/4637/3868 1627/4580/3821
f 1625/4578/3819 4486/4630/3861 4489/4633/3864 1626/4579/3820
f 4495/4646/3877 4496/4647/3878 4499/4648/3879 4498/4649/3880
f 4496/4647/3878 4497/4650/3881 4500/4651/3882 4499/4648/3879
f 4498/4649/3880 4499/4648/3879 4502/4652/3883 4501/4653/3884
f 4499/4648/3879 4500/4651/3882 4503/4654/3885 4502/4652/3883
f 233/4058/3376 1652/4056/3374 4495/4646/3877 1634/4655/3838
f 1652/4056/3374 1653/4055/3373 4496/4647/3878 4495/4646/3877
f 1653/4055/3373 1654/4054/3372 4497/4650/3881 4496/4647/3878
f 1654/4054/3372 237/4053/3371 1655/4656/3886 4497/4650/3881
f 4497/4650/3881 1655/4656/3886 1656/4657/3887 4500/4651/3882
f 4500/4651/3882 1656/4657/3887 1657/4658/3888 4503/4654/3885
f 4503/4654/3885 1657/4658/3888 239/4659/3889 1658/4660/3890
f 4502/4652/3883 4503/4654/3885 1658/4660/3890 1659/4652/3891
f 4501/4653/3884 4502/4652/3883 1659/4652/3891 1660/4661/3892
f 1636/4662/3840 4501/4653/3884 1660/4661/3892 235/4663/3841
f 1635/4664/3839 4498/4649/3880 4501/4653/3884 1636/4662/3840
f 1634/4655/3838 4495/4646/3877 4498/4649/3880 1635/4664/3839
f 4504/4665/3893 4505/4666/3894 4508/4667/3895 4507/4668/3896
f 4505/4666/3894 4506/4669/3897 4509/4670/3898 4508/4667/3895
f 4507/4668/3896 4508/4667/3895 4511/4671/3899 4510/4672/3900
f 4508/4667/3895 4509/4670/3898 4512/4673/3901 4511/4671/3899
f 235/4674/3841 1660/4675/3892 4504/4665/3893 1640/4676/3854
f 1660/4675/3892 1659/4677/3891 4505/4666/3894 4504/4665/3893
f 1659/4677/3891 1658/4678/3890 4506/4669/3897 4505/4666/3894
f 1658/4678/3890 239/4679/3889 1661/4680/3902 4506/4669/3897
f 4506/4669/3897 1661/4680/3902 1662/4681/3903 4509/4670/3898
f 4509/4670/3898 1662/4681/3903 1663/4682/3904 4512/4673/3901
f 4512/4673/3901 1663/4682/3904 240/4683/3905 1664/4684/3906
f 4511/4671/3899 4512/4673/3901 1664/4684/3906 1665/4685/3907
f 4510/4672/3900 4511/4671/3899 1665/4685/3907 1666/4686/3908
f 1642/4687/3856 4510/4672/3900 1666/4686/3908 236/4624/3857
f 1641/4688/3855 4507/4668/3896 4510/4672/3900 1642/4687/3856
f 1640/4676/3854 4504/4665/3893 4507/4668/3896 1641/4688/3855
f 4513/4689/3909 4514/4690/3910 4517/4691/3911 4516/4692/3912
f 4514/4690/3910 4515/4693/3913 4518/4694/3914 4517/4691/3911
f 4516/4692/3912 4517/4691/3911 4520/4695/3915 4519/4696/3916
f 4517/4691/3911 4518/4694/3914 4521/4697/3917 4520/4695/3915
f 236/4624/3857 1666/4686/3908 4513/4689/3909 1646/4639/3870
f 1666/4686/3908 1665/4685/3907 4514/4690/3910 4513/4689/3909
f 1665/4685/3907 1664/4684/3906 4515/4693/3913 4514/4690/3910
f 1664/4684/3906 240/4683/3905 1667/4698/3918 4515/4693/3913
f 4515/4693/3913 1667/4698/3918 1668/4699/3919 4518/4694/3914
f 4518/4694/3914 1668/4699/3919 1669/4700/3920 4521/4697/3917
f 4521/4697/3917 1669/4700/3920 238/4701/3921 1670/4702/3922
f 4520/4695/3915 4521/4697/3917 1670/4702/3922 1671/4703/3923
f 4519/4696/3916 4520/4695/3915 1671/4703/3923 1672/4704/3924
f 1648/4641/3872 4519/4696/3916 1672/4704/3924 234/4642/3873
f 1647/4640/3871 4516/4692/3912 4519/4696/3916 1648/4641/3872
f 1646/4639/3870 4513/4689/3909 4516/4692/3912 1647/4640/3871
f 4522/4705/3925 4523/4115/3926 4526/4706/3927 4525/4707/3928
f 4523/4115/3926 4524/4708/3929 4527/4709/3930 4526/4706/3927
f 4525/4707/3928 4526/4706/3927 4529/4710/3931 4528/4711/3932
f 4526/4706/3927 4527/4709/3930 4530/4712/3933 4529/4710/3931
f 237/4053/3371 1673/4116/3425 4522/4705/3925 1655/4713/3886
f 1673/4116/3425 1674/4115/3424 4523/4115/3926 4522/4705/3925
f 1674/4115/3424 1675/4114/3423 4524/4708/3929 4523/4115/3926
f 1675/4114/3423 241/4113/3422 1676/4714/3934 4524/4708/3929
f 4524/4708/3929 1676/4714/3934 1677/4715/3935 4527/4709/3930
f 4527/4709/3930 1677/4715/3935 1678/4716/3936 4530/4712/3933
f 4530/4712/3933 1678/4716/3936 243/4717/3937 1679/4718/3938
f 4529/4710/3931 4530/4712/3933 1679/4718/3938 1680/4710/3939
f 4528/4711/3932 4529/4710/3931 1680/4710/3939 1681/4719/3940
f 1657/4720/3888 4528/4711/3932 1681/4719/3940 239/4721/3889
f 1656/4722/3887 4525/4707/3928 4528/4711/3932 1657/4720/3888
f 1655/4713/3886 4522/4705/3925 4525/4707/3928 1656/4722/3887
f 4531/4723/3941 4532/4724/3942 4535/4725/3943 4534/4726/3944
f 4532/4724/3942 4533/4727/3945 4536/4728/3946 4535/4725/3943
f 4534/4726/3944 4535/4725/3943 4538/4729/3947 4537/4730/3948
f 4535/4725/3943 4536/4728/3946 4539/4731/3949 4538/4729/3947
f 239/4732/3889 1681/4733/3940 4531/4723/3941 1661/4734/3902
f 1681/4733/3940 1680/4735/3939 4532/4724/3942 4531/4723/3941
f 1680/4735/3939 1679/4736/3938 4533/4727/3945 4532/4724/3942
f 1679/4736/3938 243/4737/3937 1682/4738/3950 4533/4727/3945
f 4533/4727/3945 1682/4738/3950 1683/4739/3951 4536/4728/3946
f 4536/4728/3946 1683/4739/3951 1684/4740/3952 4539/4731/3949
f 4539/4731/3949 1684/4740/3952 244/4741/3953 1685/4742/3954
f 4538/4729/3947 4539/4731/3949 1685/4742/3954 1686/4743/3955
f 4537/4730/3948 4538/4729/3947 1686/4743/3955 1687/4744/3956
f 1663/4745/3904 4537/4730/3948 1687/4744/3956 240/4683/3905
f 1662/4746/3903 4534/4726/3944 4537/4730/3948 1663/4745/3904
f 1661/4734/3902 4531/4723/3941 4534/4726/3944 1662/4746/3903
f 4540/4747/3957 4541/4748/3958 4544/4749/3959 4543/4750/3960
f 4541/4748/3958 4542/4751/3961 4545/4752/3962 4544/4749/3959
f 4543/4750/3960 4544/4749/3959 4547/4753/3963 4546/4754/3964
f 4544/4749/3959 4545/4752/3962 4548/4755/3965 4547/4753/3963
f 240/4683/3905 1687/4744/3956 4540/4747/3957 1667/4698/3918
f 1687/4744/3956 1686/4743/3955 4541/4748/3958 4540/4747/3957
f 1686/4743/3955 1685/4742/3954 4542/4751/3961 4541/4748/3958
f 1685/4742/3954 244/4741/3953 1688/4756/3966 4542/4751/3961
f 4542/4751/3961 1688/4756/3966 1689/4757/3967 4545/4752/3962
f 4545/4752/3962 1689/4757/3967 1690/4758/3968 4548/4755/3965
f 4548/4755/3965 1690/4758/3968 242/4759/3969 1691/4760/3970
f 4547/4753/3963 4548/4755/3965 1691/4760/3970 1692/4761/3971
f 4546/4754/3964 4547/4753/3963 1692/4761/3971 1693/4762/3972
f 1669/4700/3920 4546/4754/3964 1693/4762/3972 238/4701/3921
f 1668/4699/3919 4543/4750/3960 4546/4754/3964 1669/4700/3920
f 1667/4698/3918 4540/4747/3957 4543/4750/3960 1668/4699/3919
f 4549/4763/3973 4550/4167/3974 4553/4764/3975 4552/4765/3976
f 4550/4167/3974 4551/4766/3977 4554/4767/3978 4553/4764/3975
f 4552/4765/3976 4553/4764/3975 4556/4768/3979 4555/4769/3980
f 4553/4764/3975 4554/4767/3978 4557/4770/3981 4556/4768/3979
f 241/4113/3422 1694/4168/3469 4549/4763/3973 1676/4771/3934
f 1694/4168/3469 1695/4167/3468 4550/4167/3974 4549/4763/3973
f 1695/4167/3468 1696/4166/3467 4551/4766/3977 4550/4167/3974
f 1696/4166/3467 245/4165/3466 1697/4772/3982 4551/4766/3977
f 4551/4766/3977 1697/4772/3982 1698/4773/3983 4554/4767/3978
f 4554/4767/3978 1698/4773/3983 1699/4774/3984 4557/4770/3981
f 4557/4770/3981 1699/4774/3984 247/4775/3985 1700/4776/3986
f 4556/4768/3979 4557/4770/3981 1700/4776/3986 1701/4777/3987
f 4555/4769/3980 4556/4768/3979 1701/4777/3987 1702/4778/3988
f 1678/4779/3936 4555/4769/3980 1702/4778/3988 243/4780/3937
f 1677/4781/3935 4552/4765/3976 4555/4769/3980 1678/4779/3936
f 1676/4771/3934 4549/4763/3973 4552/4765/3976 1677/4781/3935
f 4558/4782/3989 4559/4783/3990 4562/4784/3991 4561/4785/3992
f 4559/4783/3990 4560/4786/3993 4563/4787/3994 4562/4784/3991
f 4561/4785/3992 4562/4784/3991 4565/4788/3995 4564/4789/3996
f 4562/4784/3991 4563/4787/3994 4566/4790/3997 4565/4788/3995
f 243/4791/3937 1702/4792/3988 4558/4782/3989 1682/4793/3950
f 1702/4792/3988 1701/4794/3987 4559/4783/3990 4558/4782/3989
f 1701/4794/3987 1700/4795/3986 4560/4786/3993 4559/4783/3990
f 1700/4795/3986 247/4796/3985 1703/4797/3998 4560/4786/3993
f 4560/4786/3993 1703/4797/3998 1704/4798/3999 4563/4787/3994
f 4563/4787/3994 1704/4798/3999 1705/4799/4000 4566/4790/3997
f 4566/4790/3997 1705/4799/4000 248/4800/4001 1706/4801/4002
f 4565/4788/3995 4566/4790/3997 1706/4801/4002 1707/4802/4003
f 4564/4789/3996 4565/4788/3995 1707/4802/4003 1708/4803/4004
f 1684/4804/3952 4564/4789/3996 1708/4803/4004 244/4741/3953
f 1683/4805/3951 4561/4785/3992 4564/4789/3996 1684/4804/3952
f 1682/4793/3950 4558/4782/3989 4561/4785/3992 1683/4805/3951
f 4567/4806/4005 4568/4807/4006 4571/4808/4007 4570/4809/4008
f 4568/4807/4006 4569/4810/4009 4572/4811/4010 4571/4808/4007
f 4570/4809/4008 4571/4808/4007 4574/4812/4011 4573/4813/4012
f 4571/4808/4007 4572/4811/4010 4575/4814/4013 4574/4812/4011
f 244/4741/3953 1708/4803/4004 4567/4806/4005 1688/4756/3966
f 1708/4803/4004 1707/4802/4003 4568/4807/4006 4567/4806/4005
f 1707/4802/4003 1706/4801/4002 4569/4810/4009 4568/4807/4006
f 1706/4801/4002 248/4800/4001 1709/4815/4014 4569/4810/4009
f 4569/4810/4009 1709/4815/4014 1710/4816/4015 4572/4811/4010
f 4572/4811/4010 1710/4816/4015 1711/4817/4016 4575/4814/4013
f 4575/4814/4013 1711/4817/4016 246/4818/4017 1712/4819/4018
f 4574/4812/4011 4575/4814/4013 1712/4819/4018 1713/4820/4019
f 4573/4813/4012 4574/4812/4011 1713/4820/4019 1714/4821/4020
f 1690/4758/3968 4573/4813/4012 1714/4821/4020 242/4759/3969
f 1689/4757/3967 4570/4809/4008 4573/4813/4012 1690/4758/3968
f 1688/4756/3966 4567/4806/4005 4570/4809/4008 1689/4757/3967
f 4576/4822/4021 4577/4207/4022 4580/4823/4023 4579/4824/4024
f 4577/4207/4022 4578/4825/4025 4581/4826/4026 4580/4823/4023
f 4579/4824/4024 4580/4823/4023 4583/4827/4027 4582/4828/4028
f 4580/4823/4023 4581/4826/4026 4584/4829/4029 4583/4827/4027
f 245/4165/3466 1715/4208/3501 4576/4822/4021 1697/4830/3982
f 1715/4208/3501 1716/4207/3500 4577/4207/4022 4576/4822/4021
f 1716/4207/3500 1717/4206/3499 4578/4825/4025 4577/4207/4022
f 1717/4206/3499 249/4205/3498 1718/4831/4030 4578/4825/4025
f 4578/4825/4025 1718/4831/4030 1719/4832/4031 4581/4826/4026
f 4581/4826/4026 1719/4832/4031 1720/4833/4032 4584/4829/4029
f 4584/4829/4029 1720/4833/4032 251/4834/4033 1721/4835/4034
f 4583/4827/4027 4584/4829/4029 1721/4835/4034 1722/4827/4035
f 4582/4828/4028 4583/4827/4027 1722/4827/4035 1723/4836/4036
f 1699/4837/3984 4582/4828/4028 1723/4836/4036 247/4838/3985
f 1698/4839/3983 4579/4824/4024 4582/4828/4028 1699/4837/3984
f 1697/4830/3982 4576/4822/4021 4579/4824/4024 1698/4839/3983
f 4585/4840/4037 4586/4841/4038 4589/4842/4039 4588/4843/4040
f 4586/4841/4038 4587/4844/4041 4590/4845/4042 4589/4842/4039
f 4588/4843/4040 4589/4842/4039 4592/4846/4043 4591/4847/4044
f 4589/4842/4039 4590/4845/4042 4593/4848/4045 4592/4846/4043
f 247/4849/3985 1723/4850/4036 4585/4840/4037 1703/4851/3998
f 1723/4850/4036 1722/4852/4035 4586/4841/4038 4585/4840/4037
f 1722/4852/4035 1721/4853/4034 4587/4844/4041 4586/4841/4038
f 1721/4853/4034 251/4854/4033 1724/4855/4046 4587/4844/4041
f 4587/4844/4041 1724/4855/4046 1725/4856/4047 4590/4845/4042
f 4590/4845/4042 1725/4856/4047 1726/4857/4048 4593/4848/4045
f 4593/4848/4045 1726/4857/4048 252/4858/4049 1727/4859/4050
f 4592/4846/4043 4593/4848/4045 1727/4859/4050 1728/4860/4051
f 4591/4847/4044 4592/4846/4043 1728/4860/4051 1729/4861/4052
f 1705/4862/4000 4591/4847/4044 1729/4861/4052 248/4800/4001
f 1704/4863/3999 4588/4843/4040 4591/4847/4044 1705/4862/4000
f 1703/4851/3998 4585/4840/4037 4588/4843/4040 1704/4863/3999
f 4594/4864/4053 4595/4865/4054 4598/4866/4055 4597/4867/4056
f 4595/4865/4054 4596/4868/4057 4599/4869/4058 4598/4866/4055
f 4597/4867/4056 4598/4866/4055 4601/4870/4059 4600/4871/4060
f 4598/4866/4055 4599/4869/4058 4602/4872/4061 4601/4870/4059
f 248/4800/4001 1729/4861/4052 4594/4864/4053 1709/4815/4014
f 1729/4861/4052 1728/4860/4051 4595/4865/4054 4594/4864/4053
f 1728/4860/4051 1727/4859/4050 4596/4868/4057 4595/4865/4054
f 1727/4859/4050 252/4858/4049 1730/4873/4062 4596/4868/4057
f 4596/4868/4057 1730/4873/4062 1731/4874/4063 4599/4869/4058
f 4599/4869/4058 1731/4874/4063 1732/4875/4064 4602/4872/4061
f 4602/4872/4061 1732/4875/4064 250/4876/4065 1733/4877/4066
f 4601/4870/4059 4602/4872/4061 1733/4877/4066 1734/4878/4067
f 4600/4871/4060 4601/4870/4059 1734/4878/4067 1735/4879/4068
f 1711/4817/4016 4600/4871/4060 1735/4879/4068 246/4818/4017
f 1710/4816/4015 4597/4867/4056 4600/4871/4060 1711/4817/4016
f 1709/4815/4014 4594/4864/4053 4597/4867/4056 1710/4816/4015
f 4603/4880/4069 4604/4881/4070 4607/4264/4071 4606/4882/4072
f 4604/4881/4070 4605/4883/4073 4608/4884/4074 4607/4264/4071
f 4606/4882/4072 4607/4264/4071 4610/4885/4075 4609/4886/4076
f 4607/4264/4071 4608/4884/4074 4611/4887/4077 4610/4885/4075
f 249/4205/3498 1736/4265/3549 4603/4880/4069 1718/4888/4030
f 1736/4265/3549 1737/4264/3548 4604/4881/4070 4603/4880/4069
f 1737/4264/3548 1738/4263/3547 4605/4883/4073 4604/4881/4070
f 1738/4263/3547 253/4262/3546 1739/4889/4078 4605/4883/4073
f 4605/4883/4073 1739/4889/4078 1740/4890/4079 4608/4884/4074
f 4608/4884/4074 1740/4890/4079 1741/4891/4080 4611/4887/4077
f 4611/4887/4077 1741/4891/4080 255/4892/4081 1742/4893/4082
f 4610/4885/4075 4611/4887/4077 1742/4893/4082 1743/4885/4083
f 4609/4886/4076 4610/4885/4075 1743/4885/4083 1744/4894/4084
f 1720/4895/4032 4609/4886/4076 1744/4894/4084 251/4896/4033
f 1719/4897/4031 4606/4882/4072 4609/4886/4076 1720/4895/4032
f 1718/4888/4030 4603/4880/4069 4606/4882/4072 1719/4897/4031
f 4612/4898/4085 4613/4899/4086 4616/4900/4087 4615/4901/4088
f 4613/4899/4086 4614/4902/4089 4617/4903/4090 4616/4900/4087
f 4615/4901/4088 4616/4900/4087 4619/4904/4091 4618/4905/4092
f 4616/4900/4087 4617/4903/4090 4620/4906/4093 4619/4904/4091
f 251/4907/4033 1744/4908/4084 4612/4898/4085 1724/4909/4046
f 1744/4908/4084 1743/4910/4083 4613/4899/4086 4612/4898/4085
f 1743/4910/4083 1742/4911/4082 4614/4902/4089 4613/4899/4086
f 1742/4911/4082 255/4912/4081 1745/4913/4094 4614/4902/4089
f 4614/4902/4089 1745/4913/4094 1746/4914/4095 4617/4903/4090
f 4617/4903/4090 1746/4914/4095 1747/4915/4096 4620/4906/4093
f 4620/4906/4093 1747/4915/4096 256/4916/4097 1748/4917/4098
f 4619/4904/4091 4620/4906/4093 1748/4917/4098 1749/4918/4099
f 4618/4905/4092 4619/4904/4091 1749/4918/4099 1750/4919/4100
f 1726/4920/4048 4618/4905/4092 1750/4919/4100 252/4858/4049
f 1725/4921/4047 4615/4901/4088 4618/4905/4092 1726/4920/4048
f 1724/4909/4046 4612/4898/4085 4615/4901/4088 1725/4921/4047
f 4621/4922/4101 4622/4923/4102 4625/4924/4103 4624/4925/4104
f 4622/4923/4102 4623/4926/4105 4626/4927/4106 4625/4924/4103
f 4624/4925/4104 4625/4924/4103 4628/4928/4107 4627/4929/4108
f 4625/4924/4103 4626/4927/4106 4629/4930/4109 4628/4928/4107
f 252/4858/4049 1750/4919/4100 4621/4922/4101 1730/4873/4062
f 1750/4919/4100 1749/4918/4099 4622/4923/4102 4621/4922/4101
f 1749/4918/4099 1748/4917/4098 4623/4926/4105 4622/4923/4102
f 1748/4917/4098 256/4916/4097 1751/4931/4110 4623/4926/4105
f 4623/4926/4105 1751/4931/4110 1752/4932/4111 4626/4927/4106
f 4626/4927/4106 1752/4932/4111 1753/4933/4112 4629/4930/4109
f 4629/4930/4109 1753/4933/4112 254/4934/4113 1754/4935/4114
f 4628/4928/4107 4629/4930/4109 1754/4935/4114 1755/4936/4115
f 4627/4929/4108 4628/4928/4107 1755/4936/4115 1756/4937/4116
f 1732/4875/4064 4627/4929/4108 1756/4937/4116 250/4876/4065
f 1731/4874/4063 4624/4925/4104 4627/4929/4108 1732/4875/4064
f 1730/4873/4062 4621/4922/4101 4624/4925/4104 1731/4874/4063
f 4630/4938/4117 4631/4939/4118 4634/4939/4119 4633/4940/4120
f 4631/4939/4118 4632/4941/4121 4635/4942/4122 4634/4939/4119
f 4633/4940/4120 4634/4939/4119 4637/4943/4123 4636/4944/4124
f 4634/4939/4119 4635/4942/4122 4638/4945/4125 4637/4943/4123
f 253/4262/3546 1757/4303/3581 4630/4938/4117 1739/4946/4078
f 1757/4303/3581 1758/4302/3580 4631/4939/4118 4630/4938/4117
f 1758/4302/3580 1759/4301/3579 4632/4941/4121 4631/4939/4118
f 1759/4301/3579 257/4300/3578 1760/4947/4126 4632/4941/4121
f 4632/4941/4121 1760/4947/4126 1761/4948/4127 4635/4942/4122
f 4635/4942/4122 1761/4948/4127 1762/4949/4128 4638/4945/4125
f 4638/4945/4125 1762/4949/4128 259/4950/4129 1763/4951/4130
f 4637/4943/4123 4638/4945/4125 1763/4951/4130 1764/4943/4131
f 4636/4944/4124 4637/4943/4123 1764/4943/4131 1765/4952/4132
f 1741/4953/4080 4636/4944/4124 1765/4952/4132 255/4954/4081
f 1740/4955/4079 4633/4940/4120 4636/4944/4124 1741/4953/4080
f 1739/4946/4078 4630/4938/4117 4633/4940/4120 1740/4955/4079
f 4639/4956/4133 4640/4957/4134 4643/4958/4135 4642/4959/4136
f 4640/4957/4134 4641/4960/4137 4644/4961/4138 4643/4958/4135
f 4642/4959/4136 4643/4958/4135 4646/4962/4139 4645/4963/4140
f 4643/4958/4135 4644/4961/4138 4647/4964/4141 4646/4962/4139
f 255/4965/4081 1765/4966/4132 4639/4956/4133 1745/4967/4094
f 1765/4966/4132 1764/4968/4131 4640/4957/4134 4639/4956/4133
f 1764/4968/4131 1763/4969/4130 4641/4960/4137 4640/4957/4134
f 1763/4969/4130 259/4970/4129 1766/4971/4142 4641/4960/4137
f 4641/4960/4137 1766/4971/4142 1767/4972/4143 4644/4961/4138
f 4644/4961/4138 1767/4972/4143 1768/4973/4144 4647/4964/4141
f 4647/4964/4141 1768/4973/4144 260/4974/4145 1769/4975/4146
f 4646/4962/4139 4647/4964/4141 1769/4975/4146 1770/4976/4147
f 4645/4963/4140 4646/4962/4139 1770/4976/4147 1771/4977/4148
f 1747/4978/4096 4645/4963/4140 1771/4977/4148 256/4916/4097
f 1746/4979/4095 4642/4959/4136 4645/4963/4140 1747/4978/4096
f 1745/4967/4094 4639/4956/4133 4642/4959/4136 1746/4979/4095
f 4648/4980/4149 4649/4981/4150 4652/4982/4151 4651/4983/4152
f 4649/4981/4150 4650/4984/4153 4653/4985/4154 4652/4982/4151
f 4651/4983/4152 4652/4982/4151 4655/4986/4155 4654/4987/4156
f 4652/4982/4151 4653/4985/4154 4656/4988/4157 4655/4986/4155
f 256/4916/4097 1771/4977/4148 4648/4980/4149 1751/4931/4110
f 1771/4977/4148 1770/4976/4147 4649/4981/4150 4648/4980/4149
f 1770/4976/4147 1769/4975/4146 4650/4984/4153 4649/4981/4150
f 1769/4975/4146 260/4974/4145 1772/4989/4158 4650/4984/4153
f 4650/4984/4153 1772/4989/4158 1773/4990/4159 4653/4985/4154
f 4653/4985/4154 1773/4990/4159 1774/4991/4160 4656/4988/4157
f 4656/4988/4157 1774/4991/4160 258/4992/4161 1775/4993/4162
f 4655/4986/4155 4656/4988/4157 1775/4993/4162 1776/4994/4163
f 4654/4987/4156 4655/4986/4155 1776/4994/4163 1777/4995/4164
f 1753/4933/4112 4654/4987/4156 1777/4995/4164 254/4934/4113
f 1752/4932/4111 4651/4983/4152 4654/4987/4156 1753/4933/4112
f 1751/4931/4110 4648/4980/4149 4651/4983/4152 1752/4932/4111
f 4657/4996/4165 4658/4997/4166 4661/4997/4167 4660/4998/4168
f 4658/4997/4166 4659/4999/4169 4662/5000/4170 4661/4997/4167
f 4660/4998/4168 4661/4997/4167 4664/5001/4171 4663/5002/4172
f 4661/4997/4167 4662/5000/4170 4665/5003/4173 4664/5001/4171
f 257/4300/3578 1778/4341/3613 4657/4996/4165 1760/5004/4126
f 1778/4341/3613 1779/4340/3612 4658/4997/4166 4657/4996/4165
f 1779/4340/3612 1780/4339/3611 4659/4999/4169 4658/4997/4166
f 1780/4339/3611 261/4338/3610 1781/5005/4174 4659/4999/4169
f 4659/4999/4169 1781/5005/4174 1782/5006/4175 4662/5000/4170
f 4662/5000/4170 1782/5006/4175 1783/5007/4176 4665/5003/4173
f 4665/5003/4173 1783/5007/4176 263/5008/4177 1784/5009/4178
f 4664/5001/4171 4665/5003/4173 1784/5009/4178 1785/5010/4179
f 4663/5002/4172 4664/5001/4171 1785/5010/4179 1786/5011/4180
f 1762/5012/4128 4663/5002/4172 1786/5011/4180 259/5013/4129
f 1761/5014/4127 4660/4998/4168 4663/5002/4172 1762/5012/4128
f 1760/5004/4126 4657/4996/4165 4660/4998/4168 1761/5014/4127
f 4666/5015/4181 4667/5016/4182 4670/5017/4183 4669/5018/4184
f 4667/5016/4182 4668/5019/4185 4671/5020/4186 4670/5017/4183
f 4669/5018/4184 4670/5017/4183 4673/5021/4187 4672/5022/4188
f 4670/5017/4183 4671/5020/4186 4674/5023/4189 4673/5021/4187
f 259/5024/4129 1786/5025/4180 4666/5015/4181 1766/5026/4142
f 1786/5025/4180 1785/5027/4179 4667/5016/4182 4666/5015/4181
f 1785/5027/4179 1784/5028/4178 4668/5019/4185 4667/5016/4182
f 1784/5028/4178 263/5029/4177 1787/5030/4190 4668/5019/4185
f 4668/5019/4185 1787/5030/4190 1788/5031/4191 4671/5020/4186
f 4671/5020/4186 1788/5031/4191 1789/5032/4192 4674/5023/4189
f 4674/5023/4189 1789/5032/4192 264/5033/4193 1790/5034/4194
f 4673/5021/4187 4674/5023/4189 1790/5034/4194 1791/5035/4195
f 4672/5022/4188 4673/5021/4187 1791/5035/4195 1792/5036/4196
f 1768/5037/4144 4672/5022/4188 1792/5036/4196 260/4974/4145
f 1767/5038/4143 4669/5018/4184 4672/5022/4188 1768/5037/4144
f 1766/5026/4142 4666/5015/4181 4669/5018/4184 1767/5038/4143
f 4675/5039/4197 4676/5040/4198 4679/5041/4199 4678/5042/4200
f 4676/5040/4198 4677/5043/4201 4680/5044/4202 4679/5041/4199
f 4678/5042/4200 4679/5041/4199 4682/5045/4203 4681/5046/4204
f 4679/5041/4199 4680/5044/4202 4683/5047/4205 4682/5045/4203
f 260/4974/4145 1792/5036/4196 4675/5039/4197 1772/4989/4158
f 1792/5036/4196 1791/5035/4195 4676/5040/4198 4675/5039/4197
f 1791/5035/4195 1790/5034/4194 4677/5043/4201 4676/5040/4198
f 1790/5034/4194 264/5033/4193 1793/5048/4206 4677/5043/4201
f 4677/5043/4201 1793/5048/4206 1794/5049/4207 4680/5044/4202
f 4680/5044/4202 1794/5049/4207 1795/5050/4208 4683/5047/4205
f 4683/5047/4205 1795/5050/4208 262/5051/4209 1796/5052/4210
f 4682/5045/4203 4683/5047/4205 1796/5052/4210 1797/5053/4211
f 4681/5046/4204 4682/5045/4203 1797/5053/4211 1798/5054/4212
f 1774/4991/4160 4681/5046/4204 1798/5054/4212 258/4992/4161
f 1773/4990/4159 4678/5042/4200 4681/5046/4204 1774/4991/4160
f 1772/4989/4158 4675/5039/4197 4678/5042/4200 1773/4990/4159
f 4684/5055/4213 4685/5056/4214 4688/4377/4215 4687/5057/4216
f 4685/5056/4214 4686/5058/4217 4689/5059/4218 4688/4377/4215
f 4687/5057/4216 4688/4377/4215 4691/5060/4219 4690/5061/4220
f 4688/4377/4215 4689/5059/4218 4692/5062/4221 4691/5060/4219
f 261/4338/3610 1799/4378/3645 4684/5055/4213 1781/5063/4174
f 1799/4378/3645 1800/4377/3644 4685/5056/4214 4684/5055/4213
f 1800/4377/3644 1801/4376/3643 4686/5058/4217 4685/5056/4214
f 1801/4376/3643 265/4375/3642 1802/5064/4222 4686/5058/4217
f 4686/5058/4217 1802/5064/4222 1803/5065/4223 4689/5059/4218
f 4689/5059/4218 1803/5065/4223 1804/5066/4224 4692/5062/4221
f 4692/5062/4221 1804/5066/4224 267/5067/4225 1805/5068/4226
f 4691/5060/4219 4692/5062/4221 1805/5068/4226 1806/5060/4227
f 4690/5061/4220 4691/5060/4219 1806/5060/4227 1807/5069/4228
f 1783/5070/4176 4690/5061/4220 1807/5069/4228 263/5071/4177
f 1782/5072/4175 4687/5057/4216 4690/5061/4220 1783/5070/4176
f 1781/5063/4174 4684/5055/4213 4687/5057/4216 1782/5072/4175
f 4693/5073/4229 4694/5074/4230 4697/5075/4231 4696/5076/4232
f 4694/5074/4230 4695/5077/4233 4698/5078/4234 4697/5075/4231
f 4696/5076/4232 4697/5075/4231 4700/5079/4235 4699/5080/4236
f 4697/5075/4231 4698/5078/4234 4701/5081/4237 4700/5079/4235
f 263/5082/4177 1807/5083/4228 4693/5073/4229 1787/5084/4190
f 1807/5083/4228 1806/5085/4227 4694/5074/4230 4693/5073/4229
f 1806/5085/4227 1805/5086/4226 4695/5077/4233 4694/5074/4230
f 1805/5086/4226 267/5087/4225 1808/5088/4238 4695/5077/4233
f 4695/5077/4233 1808/5088/4238 1809/5089/4239 4698/5078/4234
f 4698/5078/4234 1809/5089/4239 1810/5090/4240 4701/5081/4237
f 4701/5081/4237 1810/5090/4240 268/5091/4241 1811/5092/4242
f 4700/5079/4235 4701/5081/4237 1811/5092/4242 1812/5093/4243
f 4699/5080/4236 4700/5079/4235 1812/5093/4243 1813/5094/4244
f 1789/5095/4192 4699/5080/4236 1813/5094/4244 264/5033/4193
f 1788/5096/4191 4696/5076/4232 4699/5080/4236 1789/5095/4192
f 1787/5084/4190 4693/5073/4229 4696/5076/4232 1788/5096/4191
f 4702/5097/4245 4703/5098/4246 4706/5099/4247 4705/5100/4248
f 4703/5098/4246 4704/5101/4249 4707/5102/4250 4706/5099/4247
f 4705/5100/4248 4706/5099/4247 4709/5103/4251 4708/5104/4252
f 4706/5099/4247 4707/5102/4250 4710/5105/4253 4709/5103/4251
f 264/5033/4193 1813/5094/4244 4702/5097/4245 1793/5048/4206
f 1813/5094/4244 1812/5093/4243 4703/5098/4246 4702/5097/4245
f 1812/5093/4243 1811/5092/4242 4704/5101/4249 4703/5098/4246
f 1811/5092/4242 268/5091/4241 1814/5106/4254 4704/5101/4249
f 4704/5101/4249 1814/5106/4254 1815/5107/4255 4707/5102/4250
f 4707/5102/4250 1815/5107/4255 1816/5108/4256 4710/5105/4253
f 4710/5105/4253 1816/5108/4256 266/5109/4257 1817/5110/4258
f 4709/5103/4251 4710/5105/4253 1817/5110/4258 1818/5111/4259
f 4708/5104/4252 4709/5103/4251 1818/5111/4259 1819/5112/4260
f 1795/5050/4208 4708/5104/4252 1819/5112/4260 262/5051/4209
f 1794/5049/4207 4705/5100/4248 4708/5104/4252 1795/5050/4208
f 1793/5048/4206 4702/5097/4245 4705/5100/4248 1794/5049/4207
f 4711/5113/4261 4712/4414/4262 4715/4414/4263 4714/5114/4264
f 4712/4414/4262 4713/5115/4265 4716/5116/4266 4715/4414/4263
f 4714/5114/4264 4715/4414/4263 4718/5117/4267 4717/5118/4268
f 4715/4414/4263 4716/5116/4266 4719/5119/4269 4718/5117/4267
f 265/4375/3642 1820/4415/3677 4711/5113/4261 1802/5120/4222
f 1820/4415/3677 1821/4414/3676 4712/4414/4262 4711/5113/4261
f 1821/4414/3676 1822/4413/3675 4713/5115/4265 4712/4414/4262
f 1822/4413/3675 269/4412/3674 1823/5121/4270 4713/5115/4265
f 4713/5115/4265 1823/5121/4270 1824/5122/4271 4716/5116/4266
f 4716/5116/4266 1824/5122/4271 1825/5123/4272 4719/5119/4269
f 4719/5119/4269 1825/5123/4272 271/5124/4273 1826/5125/4274
f 4718/5117/4267 4719/5119/4269 1826/5125/4274 1827/5126/4275
f 4717/5118/4268 4718/5117/4267 1827/5126/4275 1828/5127/4276
f 1804/5128/4224 4717/5118/4268 1828/5127/4276 267/5129/4225
f 1803/5130/4223 4714/5114/4264 4717/5118/4268 1804/5128/4224
f 1802/5120/4222 4711/5113/4261 4714/5114/4264 1803/5130/4223
f 4720/5131/4277 4721/5132/4278 4724/5133/4279 4723/5134/4280
f 4721/5132/4278 4722/5135/4281 4725/5136/4282 4724/5133/4279
f 4723/5134/4280 4724/5133/4279 4727/5137/4283 4726/5138/4284
f 4724/5133/4279 4725/5136/4282 4728/5139/4285 4727/5137/4283
f 267/5140/4225 1828/5141/4276 4720/5131/4277 1808/5142/4238
f 1828/5141/4276 1827/5143/4275 4721/5132/4278 4720/5131/4277
f 1827/5143/4275 1826/5144/4274 4722/5135/4281 4721/5132/4278
f 1826/5144/4274 271/5145/4273 1829/5146/4286 4722/5135/4281
f 4722/5135/4281 1829/5146/4286 1830/5147/4287 4725/5136/4282
f 4725/5136/4282 1830/5147/4287 1831/5148/4288 4728/5139/4285
f 4728/5139/4285 1831/5148/4288 272/5149/4289 1832/5150/4290
f 4727/5137/4283 4728/5139/4285 1832/5150/4290 1833/5151/4291
f 4726/5138/4284 4727/5137/4283 1833/5151/4291 1834/5152/4292
f 1810/5153/4240 4726/5138/4284 1834/5152/4292 268/5091/4241
f 1809/5154/4239 4723/5134/4280 4726/5138/4284 1810/5153/4240
f 1808/5142/4238 4720/5131/4277 4723/5134/4280 1809/5154/4239
f 4729/5155/4293 4730/5156/4294 4733/5157/4295 4732/5158/4296
f 4730/5156/4294 4731/5159/4297 4734/5160/4298 4733/5157/4295
f 4732/5158/4296 4733/5157/4295 4736/5161/4299 4735/5162/4300
f 4733/5157/4295 4734/5160/4298 4737/5163/4301 4736/5161/4299
f 268/5091/4241 1834/5152/4292 4729/5155/4293 1814/5106/4254
f 1834/5152/4292 1833/5151/4291 4730/5156/4294 4729/5155/4293
f 1833/5151/4291 1832/5150/4290 4731/5159/4297 4730/5156/4294
f 1832/5150/4290 272/5149/4289 1835/5164/4302 4731/5159/4297
f 4731/5159/4297 1835/5164/4302 1836/5165/4303 4734/5160/4298
f 4734/5160/4298 1836/5165/4303 1837/5166/4304 4737/5163/4301
f 4737/5163/4301 1837/5166/4304 270/5167/4305 1838/5168/4306
f 4736/5161/4299 4737/5163/4301 1838/5168/4306 1839/5169/4307
f 4735/5162/4300 4736/5161/4299 1839/5169/4307 1840/5170/4308
f 1816/5108/4256 4735/5162/4300 1840/5170/4308 266/5109/4257
f 1815/5107/4255 4732/5158/4296 4735/5162/4300 1816/5108/4256
f 1814/5106/4254 4729/5155/4293 4732/5158/4296 1815/5107/4255
f 4738/5171/4309 4739/5172/4310 4742/4452/4311 4741/5173/4312
f 4739/5172/4310 4740/5174/4313 4743/5175/4314 4742/4452/4311
f 4741/5173/4312 4742/4452/4311 4745/5176/4315 4744/5177/4316
f 4742/4452/4311 4743/5175/4314 4746/5178/4317 4745/5176/4315
f 269/4412/3674 1841/4453/3709 4738/5171/4309 1823/5179/4270
f 1841/4453/3709 1842/4452/3708 4739/5172/4310 4738/5171/4309
f 1842/4452/3708 1843/4451/3707 4740/5174/4313 4739/5172/4310
f 1843/4451/3707 273/4450/3706 1844/5180/4318 4740/5174/4313
f 4740/5174/4313 1844/5180/4318 1845/5181/4319 4743/5175/4314
f 4743/5175/4314 1845/5181/4319 1846/5182/4320 4746/5178/4317
f 4746/5178/4317 1846/5182/4320 275/5183/4321 1847/5184/4322
f 4745/5176/4315 4746/5178/4317 1847/5184/4322 1848/5176/4323
f 4744/5177/4316 4745/5176/4315 1848/5176/4323 1849/5185/4324
f 1825/5186/4272 4744/5177/4316 1849/5185/4324 271/5187/4273
f 1824/5188/4271 4741/5173/4312 4744/5177/4316 1825/5186/4272
f 1823/5179/4270 4738/5171/4309 4741/5173/4312 1824/5188/4271
f 4747/5189/4325 4748/5190/4326 4751/5191/4327 4750/5192/4328
f 4748/5190/4326 4749/5193/4329 4752/5194/4330 4751/5191/4327
f 4750/5192/4328 4751/5191/4327 4754/5195/4331 4753/5196/4332
f 4751/5191/4327 4752/5194/4330 4755/5197/4333 4754/5195/4331
f 271/5198/4273 1849/5199/4324 4747/5189/4325 1829/5200/4286
f 1849/5199/4324 1848/5201/4323 4748/5190/4326 4747/5189/4325
f 1848/5201/4323 1847/5202/4322 4749/5193/4329 4748/5190/4326
f 1847/5202/4322 275/5203/4321 1850/5204/4334 4749/5193/4329
f 4749/5193/4329 1850/5204/4334 1851/5205/4335 4752/5194/4330
f 4752/5194/4330 1851/5205/4335 1852/5206/4336 4755/5197/4333
f 4755/5197/4333 1852/5206/4336 276/5207/4337 1853/5208/4338
f 4754/5195/4331 4755/5197/4333 1853/5208/4338 1854/5209/4339
f 4753/5196/4332 4754/5195/4331 1854/5209/4339 1855/5210/4340
f 1831/5211/4288 4753/5196/4332 1855/5210/4340 272/5149/4289
f 1830/5212/4287 4750/5192/4328 4753/5196/4332 1831/5211/4288
f 1829/5200/4286 4747/5189/4325 4750/5192/4328 1830/5212/4287
f 4756/5213/4341 4757/5214/4342 4760/5215/4343 4759/5216/4344
f 4757/5214/4342 4758/5217/4345 4761/5218/4346 4760/5215/4343
f 4759/5216/4344 4760/5215/4343 4763/5219/4347 4762/5220/4348
f 4760/5215/4343 4761/5218/4346 4764/5221/4349 4763/5219/4347
f 272/5149/4289 1855/5210/4340 4756/5213/4341 1835/5164/4302
f 1855/5210/4340 1854/5209/4339 4757/5214/4342 4756/5213/4341
f 1854/5209/4339 1853/5208/4338 4758/5217/4345 4757/5214/4342
f 1853/5208/4338 276/5207/4337 1856/5222/4350 4758/5217/4345
f 4758/5217/4345 1856/5222/4350 1857/5223/4351 4761/5218/4346
f 4761/5218/4346 1857/5223/4351 1858/5224/4352 4764/5221/4349
f 4764/5221/4349 1858/5224/4352 274/5225/4353 1859/5226/4354
f 4763/5219/4347 4764/5221/4349 1859/5226/4354 1860/5227/4355
f 4762/5220/4348 4763/5219/4347 1860/5227/4355 1861/5228/4356
f 1837/5166/4304 4762/5220/4348 1861/5228/4356 270/5167/4305
f 1836/5165/4303 4759/5216/4344 4762/5220/4348 1837/5166/4304
f 1835/5164/4302 4756/5213/4341 4759/5216/4344 1836/5165/4303
f 4765/5229/4357 4766/5230/4358 4769/4491/4359 4768/5231/4360
f 4766/5230/4358 4767/5232/4361 4770/5233/4362 4769/4491/4359
f 4768/5231/4360 4769/4491/4359 4772/5234/4363 4771/5235/4364
f 4769/4491/4359 4770/5233/4362 4773/5236/4365 4772/5234/4363
f 273/4450/3706 1862/4492/3741 4765/5229/4357 1844/5237/4318
f 1862/4492/3741 1863/4491/3740 4766/5230/4358 4765/5229/4357
f 1863/4491/3740 1864/4490/3739 4767/5232/4361 4766/5230/4358
f 1864/4490/3739 277/4489/3738 1865/5238/4366 4767/5232/4361
f 4767/5232/4361 1865/5238/4366 1866/5239/4367 4770/5233/4362
f 4770/5233/4362 1866/5239/4367 1867/5240/4368 4773/5236/4365
f 4773/5236/4365 1867/5240/4368 279/5241/4369 1868/5242/4370
f 4772/5234/4363 4773/5236/4365 1868/5242/4370 1869/5234/4371
f 4771/5235/4364 4772/5234/4363 1869/5234/4371 1870/5243/4372
f 1846/5244/4320 4771/5235/4364 1870/5243/4372 275/5245/4321
f 1845/5246/4319 4768/5231/4360 4771/5235/4364 1846/5244/4320
f 1844/5237/4318 4765/5229/4357 4768/5231/4360 1845/5246/4319
f 4774/5247/4373 4775/5248/4374 4778/5249/4375 4777/5250/4376
f 4775/5248/4374 4776/5251/4377 4779/5252/4378 4778/5249/4375
f 4777/5250/4376 4778/5249/4375 4781/5253/4379 4780/5254/4380
f 4778/5249/4375 4779/5252/4378 4782/5255/4381 4781/5253/4379
f 275/5256/4321 1870/5257/4372 4774/5247/4373 1850/5258/4334
f 1870/5257/4372 1869/5259/4371 4775/5248/4374 4774/5247/4373
f 1869/5259/4371 1868/5260/4370 4776/5251/4377 4775/5248/4374
f 1868/5260/4370 279/5261/4369 1871/5262/4382 4776/5251/4377
f 4776/5251/4377 1871/5262/4382 1872/5263/4383 4779/5252/4378
f 4779/5252/4378 1872/5263/4383 1873/5264/4384 4782/5255/4381
f 4782/5255/4381 1873/5264/4384 280/5265/4385 1874/5266/4386
f 4781/5253/4379 4782/5255/4381 1874/5266/4386 1875/5267/4387
f 4780/5254/4380 4781/5253/4379 1875/5267/4387 1876/5268/4388
f 1852/5269/4336 4780/5254/4380 1876/5268/4388 276/5207/4337
f 1851/5270/4335 4777/5250/4376 4780/5254/4380 1852/5269/4336
f 1850/5258/4334 4774/5247/4373 4777/5250/4376 1851/5270/4335
f 4783/5271/4389 4784/5272/4390 4787/5273/4391 4786/5274/4392
f 4784/5272/4390 4785/5275/4393 4788/5276/4394 4787/5273/4391
f 4786/5274/4392 4787/5273/4391 4790/5277/4395 4789/5278/4396
f 4787/5273/4391 4788/5276/4394 4791/5279/4397 4790/5277/4395
f 276/5207/4337 1876/5268/4388 4783/5271/4389 1856/5222/4350
f 1876/5268/4388 1875/5267/4387 4784/5272/4390 4783/5271/4389
f 1875/5267/4387 1874/5266/4386 4785/5275/4393 4784/5272/4390
f 1874/5266/4386 280/5265/4385 1877/5280/4398 4785/5275/4393
f 4785/5275/4393 1877/5280/4398 1878/5281/4399 4788/5276/4394
f 4788/5276/4394 1878/5281/4399 1879/5282/4400 4791/5279/4397
f 4791/5279/4397 1879/5282/4400 278/5283/4401 1880/5284/4402
f 4790/5277/4395 4791/5279/4397 1880/5284/4402 1881/5285/4403
f 4789/5278/4396 4790/5277/4395 1881/5285/4403 1882/5286/4404
f 1858/5224/4352 4789/5278/4396 1882/5286/4404 274/5225/4353
f 1857/5223/4351 4786/5274/4392 4789/5278/4396 1858/5224/4352
f 1856/5222/4350 4783/5271/4389 4786/5274/4392 1857/5223/4351
f 4792/5287/4405 4793/4519/4406 4796/4519/4407 4795/5288/4408
f 4793/4519/4406 4794/5289/4409 4797/5290/4410 4796/4519/4407
f 4795/5288/4408 4796/4519/4407 4799/5291/4411 4798/5292/4412
f 4796/4519/4407 4797/5290/4410 4800/5293/4413 4799/5291/4411
f 277/4489/3738 1883/4520/3765 4792/5287/4405 1865/5294/4366
f 1883/4520/3765 1884/4519/3764 4793/4519/4406 4792/5287/4405
f 1884/4519/3764 1885/4518/3763 4794/5289/4409 4793/4519/4406
f 1885/4518/3763 281/3998/3324 1886/5295/4414 4794/5289/4409
f 4794/5289/4409 1886/5295/4414 1887/5296/4415 4797/5290/4410
f 4797/5290/4410 1887/5296/4415 1888/5297/4416 4800/5293/4413
f 4800/5293/4413 1888/5297/4416 283/5298/4417 1889/5299/4418
f 4799/5291/4411 4800/5293/4413 1889/5299/4418 1890/5300/4419
f 4798/5292/4412 4799/5291/4411 1890/5300/4419 1891/5301/4420
f 1867/5302/4368 4798/5292/4412 1891/5301/4420 279/5303/4369
f 1866/5304/4367 4795/5288/4408 4798/5292/4412 1867/5302/4368
f 1865/5294/4366 4792/5287/4405 4795/5288/4408 1866/5304/4367
f 4801/5305/4421 4802/5306/4422 4805/5307/4423 4804/5308/4424
f 4802/5306/4422 4803/5309/4425 4806/5310/4426 4805/5307/4423
f 4804/5308/4424 4805/5307/4423 4808/5311/4427 4807/5312/4428
f 4805/5307/4423 4806/5310/4426 4809/5313/4429 4808/5311/4427
f 279/5314/4369 1891/5315/4420 4801/5305/4421 1871/5316/4382
f 1891/5315/4420 1890/5317/4419 4802/5306/4422 4801/5305/4421
f 1890/5317/4419 1889/5318/4418 4803/5309/4425 4802/5306/4422
f 1889/5318/4418 283/5319/4417 1892/5320/4430 4803/5309/4425
f 4803/5309/4425 1892/5320/4430 1893/5321/4431 4806/5310/4426
f 4806/5310/4426 1893/5321/4431 1894/5322/4432 4809/5313/4429
f 4809/5313/4429 1894/5322/4432 284/5323/4433 1895/5324/4434
f 4808/5311/4427 4809/5313/4429 1895/5324/4434 1896/5325/4435
f 4807/5312/4428 4808/5311/4427 1896/5325/4435 1897/5326/4436
f 1873/5327/4384 4807/5312/4428 1897/5326/4436 280/5265/4385
f 1872/5328/4383 4804/5308/4424 4807/5312/4428 1873/5327/4384
f 1871/5316/4382 4801/5305/4421 4804/5308/4424 1872/5328/4383
f 4810/5329/4437 4811/5330/4438 4814/5331/4439 4813/5332/4440
f 4811/5330/4438 4812/5333/4441 4815/5334/4442 4814/5331/4439
f 4813/5332/4440 4814/5331/4439 4817/5335/4443 4816/5336/4444
f 4814/5331/4439 4815/5334/4442 4818/5337/4445 4817/5335/4443
f 280/5265/4385 1897/5326/4436 4810/5329/4437 1877/5280/4398
f 1897/5326/4436 1896/5325/4435 4811/5330/4438 4810/5329/4437
f 1896/5325/4435 1895/5324/4434 4812/5333/4441 4811/5330/4438
f 1895/5324/4434 284/5323/4433 1898/5338/4446 4812/5333/4441
f 4812/5333/4441 1898/5338/4446 1899/5339/4447 4815/5334/4442
f 4815/5334/4442 1899/5339/4447 1900/5340/4448 4818/5337/4445
f 4818/5337/4445 1900/5340/4448 282/5341/4449 1901/5342/4450
f 4817/5335/4443 4818/5337/4445 1901/5342/4450 1902/5343/4451
f 4816/5336/4444 4817/5335/4443 1902/5343/4451 1903/5344/4452
f 1879/5282/4400 4816/5336/4444 1903/5344/4452 278/5283/4401
f 1878/5281/4399 4813/5332/4440 4816/5336/4444 1879/5282/4400
f 1877/5280/4398 4810/5329/4437 4813/5332/4440 1878/5281/4399
f 4819/5345/4453 4820/5346/4454 4823/5346/4455 4822/5347/4456
f 4820/5346/4454 4821/5348/4457 4824/5349/4458 4823/5346/4455
f 4822/5347/4456 4823/5346/4455 4826/5350/4459 4825/5351/4460
f 4823/5346/4455 4824/5349/4458 4827/5352/4461 4826/5350/4459
f 281/3998/3324 1904/3996/3322 4819/5345/4453 1886/5353/4414
f 1904/3996/3322 1905/3995/3321 4820/5346/4454 4819/5345/4453
f 1905/3995/3321 1906/3994/3320 4821/5348/4457 4820/5346/4454
f 1906/3994/3320 285/3993/3319 1907/5354/4462 4821/5348/4457
f 4821/5348/4457 1907/5354/4462 1908/5355/4463 4824/5349/4458
f 4824/5349/4458 1908/5355/4463 1909/5356/4464 4827/5352/4461
f 4827/5352/4461 1909/5356/4464 287/5357/4465 1910/5358/4466
f 4826/5350/4459 4827/5352/4461 1910/5358/4466 1911/5350/4467
f 4825/5351/4460 4826/5350/4459 1911/5350/4467 1912/5359/4468
f 1888/5360/4416 4825/5351/4460 1912/5359/4468 283/5361/4417
f 1887/5362/4415 4822/5347/4456 4825/5351/4460 1888/5360/4416
f 1886/5353/4414 4819/5345/4453 4822/5347/4456 1887/5362/4415
f 4828/5363/4469 4829/5364/4470 4832/5365/4471 4831/5366/4472
f 4829/5364/4470 4830/5367/4473 4833/5368/4474 4832/5365/4471
f 4831/5366/4472 4832/5365/4471 4835/5369/4475 4834/5370/4476
f 4832/5365/4471 4833/5368/4474 4836/5371/4477 4835/5369/4475
f 283/5372/4417 1912/5373/4468 4828/5363/4469 1892/5374/4430
f 1912/5373/4468 1911/5375/4467 4829/5364/4470 4828/5363/4469
f 1911/5375/4467 1910/5376/4466 4830/5367/4473 4829/5364/4470
f 1910/5376/4466 287/5377/4465 1913/5378/4478 4830/5367/4473
f 4830/5367/4473 1913/5378/4478 1914/5379/4479 4833/5368/4474
f 4833/5368/4474 1914/5379/4479 1915/5380/4480 4836/5371/4477
f 4836/5371/4477 1915/5380/4480 288/5381/4481 1916/5382/4482
f 4835/5369/4475 4836/5371/4477 1916/5382/4482 1917/5383/4483
f 4834/5370/4476 4835/5369/4475 1917/5383/4483 1918/5384/4484
f 1894/5385/4432 4834/5370/4476 1918/5384/4484 284/5323/4433
f 1893/5386/4431 4831/5366/4472 4834/5370/4476 1894/5385/4432
f 1892/5374/4430 4828/5363/4469 4831/5366/4472 1893/5386/4431
f 4837/5387/4485 4838/5388/4486 4841/5389/4487 4840/5390/4488
f 4838/5388/4486 4839/5391/4489 4842/5392/4490 4841/5389/4487
f 4840/5390/4488 4841/5389/4487 4844/5393/4491 4843/5394/4492
f 4841/5389/4487 4842/5392/4490 4845/5395/4493 4844/5393/4491
f 284/5323/4433 1918/5384/4484 4837/5387/4485 1898/5338/4446
f 1918/5384/4484 1917/5383/4483 4838/5388/4486 4837/5387/4485
f 1917/5383/4483 1916/5382/4482 4839/5391/4489 4838/5388/4486
f 1916/5382/4482 288/5381/4481 1919/5396/4494 4839/5391/4489
f 4839/5391/4489 1919/5396/4494 1920/5397/4495 4842/5392/4490
f 4842/5392/4490 1920/5397/4495 1921/5398/4496 4845/5395/4493
f 4845/5395/4493 1921/5398/4496 286/5399/4497 1922/5400/4498
f 4844/5393/4491 4845/5395/4493 1922/5400/4498 1923/5401/4499
f 4843/5394/4492 4844/5393/4491 1923/5401/4499 1924/5402/4500
f 1900/5340/4448 4843/5394/4492 1924/5402/4500 282/5341/4449
f 1899/5339/4447 4840/5390/4488 4843/5394/4492 1900/5340/4448
f 1898/5338/4446 4837/5387/4485 4840/5390/4488 1899/5339/4447
f 4846/5403/4501 4847/5404/4502 4850/4036/4503 4849/5405/4504
f 4847/5404/4502 4848/5406/4505 4851/5407/4506 4850/4036/4503
f 4849/5405/4504 4850/4036/4503 4853/5408/4507 4852/5409/4508
f 4850/4036/4503 4851/5407/4506 4854/5410/4509 4853/5408/4507
f 285/3993/3319 1925/4037/3357 4846/5403/4501 1907/5411/4462
f 1925/4037/3357 1926/4036/3356 4847/5404/4502 4846/5403/4501
f 1926/4036/3356 1927/4035/3355 4848/5406/4505 4847/5404/4502
f 1927/4035/3355 289/4034/3354 1928/5412/4510 4848/5406/4505
f 4848/5406/4505 1928/5412/4510 1929/5413/4511 4851/5407/4506
f 4851/5407/4506 1929/5413/4511 1930/5414/4512 4854/5410/4509
f 4854/5410/4509 1930/5414/4512 291/5415/4513 1931/5416/4514
f 4853/5408/4507 4854/5410/4509 1931/5416/4514 1932/5408/4515
f 4852/5409/4508 4853/5408/4507 1932/5408/4515 1933/5417/4516
f 1909/5418/4464 4852/5409/4508 1933/5417/4516 287/5419/4465
f 1908/5420/4463 4849/5405/4504 4852/5409/4508 1909/5418/4464
f 1907/5411/4462 4846/5403/4501 4849/5405/4504 1908/5420/4463
f 4855/5421/4517 4856/5422/4518 4859/5423/4519 4858/5424/4520
f 4856/5422/4518 4857/5425/4521 4860/5426/4522 4859/5423/4519
f 4858/5424/4520 4859/5423/4519 4862/5427/4523 4861/5428/4524
f 4859/5423/4519 4860/5426/4522 4863/5429/4525 4862/5427/4523
f 287/5430/4465 1933/5431/4516 4855/5421/4517 1913/5432/4478
f 1933/5431/4516 1932/5433/4515 4856/5422/4518 4855/5421/4517
f 1932/5433/4515 1931/5434/4514 4857/5425/4521 4856/5422/4518
f 1931/5434/4514 291/5435/4513 1934/5436/4526 4857/5425/4521
f 4857/5425/4521 1934/5436/4526 1935/5437/4527 4860/5426/4522
f 4860/5426/4522 1935/5437/4527 1936/5438/4528 4863/5429/4525
f 4863/5429/4525 1936/5438/4528 292/5439/4529 1937/5440/4530
f 4862/5427/4523 4863/5429/4525 1937/5440/4530 1938/5441/4531
f 4861/5428/4524 4862/5427/4523 1938/5441/4531 1939/5442/4532
f 1915/5443/4480 4861/5428/4524 1939/5442/4532 288/5381/4481
f 1914/5444/4479 4858/5424/4520 4861/5428/4524 1915/5443/4480
f 1913/5432/4478 4855/5421/4517 4858/5424/4520 1914/5444/4479
f 4864/5445/4533 4865/5446/4534 4868/5447/4535 4867/5448/4536
f 4865/5446/4534 4866/5449/4537 4869/5450/4538 4868/5447/4535
f 4867/5448/4536 4868/5447/4535 4871/5451/4539 4870/5452/4540
f 4868/5447/4535 4869/5450/4538 4872/5453/4541 4871/5451/4539
f 288/5381/4481 1939/5442/4532 4864/5445/4533 1919/5396/4494
f 1939/5442/4532 1938/5441/4531 4865/5446/4534 4864/5445/4533
f 1938/5441/4531 1937/5440/4530 4866/5449/4537 4865/5446/4534
f 1937/5440/4530 292/5439/4529 1940/5454/4542 4866/5449/4537
f 4866/5449/4537 1940/5454/4542 1941/5455/4543 4869/5450/4538
f 4869/5450/4538 1941/5455/4543 1942/5456/4544 4872/5453/4541
f 4872/5453/4541 1942/5456/4544 290/5457/4545 1943/5458/4546
f 4871/5451/4539 4872/5453/4541 1943/5458/4546 1944/5459/4547
f 4870/5452/4540 4871/5451/4539 1944/5459/4547 1945/5460/4548
f 1921/5398/4496 4870/5452/4540 1945/5460/4548 286/5399/4497
f 1920/5397/4495 4867/5448/4536 4870/5452/4540 1921/5398/4496
f 1919/5396/4494 4864/5445/4533 4867/5448/4536 1920/5397/4495
f 4873/5461/4549 4874/4096/4550 4877/4096/4551 4876/5462/4552
f 4874/4096/4550 4875/5463/4553 4878/5464/4554 4877/4096/4551
f 4876/5462/4552 4877/4096/4551 4880/5465/4555 4879/5466/4556
f 4877/4096/4551 4878/5464/4554 4881/5467/4557 4880/5465/4555
f 289/4034/3354 1946/4097/3409 4873/5461/4549 1928/5468/4510
f 1946/4097/3409 1947/4096/3408 4874/4096/4550 4873/5461/4549
f 1947/4096/3408 1948/4095/3407 4875/5463/4553 4874/4096/4550
f 1948/4095/3407 293/4094/3406 1949/5469/4558 4875/5463/4553
f 4875/5463/4553 1949/5469/4558 1950/5470/4559 4878/5464/4554
f 4878/5464/4554 1950/5470/4559 1951/5471/4560 4881/5467/4557
f 4881/5467/4557 1951/5471/4560 295/5472/4561 1952/5473/4562
f 4880/5465/4555 4881/5467/4557 1952/5473/4562 1953/5474/4563
f 4879/5466/4556 4880/5465/4555 1953/5474/4563 1954/5475/4564
f 1930/5476/4512 4879/5466/4556 1954/5475/4564 291/5477/4513
f 1929/5478/4511 4876/5462/4552 4879/5466/4556 1930/5476/4512
f 1928/5468/4510 4873/5461/4549 4876/5462/4552 1929/5478/4511
f 4882/5479/4565 4883/5480/4566 4886/5481/4567 4885/5482/4568
f 4883/5480/4566 4884/5483/4569 4887/5484/4570 4886/5481/4567
f 4885/5482/4568 4886/5481/4567 4889/5485/4571 4888/5486/4572
f 4886/5481/4567 4887/5484/4570 4890/5487/4573 4889/5485/4571
f 291/5488/4513 1954/5489/4564 4882/5479/4565 1934/5490/4526
f 1954/5489/4564 1953/5491/4563 4883/5480/4566 4882/5479/4565
f 1953/5491/4563 1952/5492/4562 4884/5483/4569 4883/5480/4566
f 1952/5492/4562 295/5493/4561 1955/5494/4574 4884/5483/4569
f 4884/5483/4569 1955/5494/4574 1956/5495/4575 4887/5484/4570
f 4887/5484/4570 1956/5495/4575 1957/5496/4576 4890/5487/4573
f 4890/5487/4573 1957/5496/4576 296/5497/4577 1958/5498/4578
f 4889/5485/4571 4890/5487/4573 1958/5498/4578 1959/5499/4579
f 4888/5486/4572 4889/5485/4571 1959/5499/4579 1960/5500/4580
f 1936/5501/4528 4888/5486/4572 1960/5500/4580 292/5439/4529
f 1935/5502/4527 4885/5482/4568 4888/5486/4572 1936/5501/4528
f 1934/5490/4526 4882/5479/4565 4885/5482/4568 1935/5502/4527
f 4891/5503/4581 4892/5504/4582 4895/5505/4583 4894/5506/4584
f 4892/5504/4582 4893/5507/4585 4896/5508/4586 4895/5505/4583
f 4894/5506/4584 4895/5505/4583 4898/5509/4587 4897/5510/4588
f 4895/5505/4583 4896/5508/4586 4899/5511/4589 4898/5509/4587
f 292/5439/4529 1960/5500/4580 4891/5503/4581 1940/5454/4542
f 1960/5500/4580 1959/5499/4579 4892/5504/4582 4891/5503/4581
f 1959/5499/4579 1958/5498/4578 4893/5507/4585 4892/5504/4582
f 1958/5498/4578 296/5497/4577 1961/5512/4590 4893/5507/4585
f 4893/5507/4585 1961/5512/4590 1962/5513/4591 4896/5508/4586
f 4896/5508/4586 1962/5513/4591 1963/5514/4592 4899/5511/4589
f 4899/5511/4589 1963/5514/4592 294/5515/4593 1964/5516/4594
f 4898/5509/4587 4899/5511/4589 1964/5516/4594 1965/5517/4595
f 4897/5510/4588 4898/5509/4587 1965/5517/4595 1966/5518/4596
f 1942/5456/4544 4897/5510/4588 1966/5518/4596 290/5457/4545
f 1941/5455/4543 4894/5506/4584 4897/5510/4588 1942/5456/4544
f 1940/5454/4542 4891/5503/4581 4894/5506/4584 1941/5455/4543
f 4900/5519/4597 4901/4149/4598 4904/5520/4599 4903/5521/4600
f 4901/4149/4598 4902/5522/4601 4905/5523/4602 4904/5520/4599
f 4903/5521/4600 4904/5520/4599 4907/5524/4603 4906/5525/4604
f 4904/5520/4599 4905/5523/4602 4908/5526/4605 4907/5524/4603
f 293/4094/3406 1967/4150/3453 4900/5519/4597 1949/5527/4558
f 1967/4150/3453 1968/4149/3452 4901/4149/4598 4900/5519/4597
f 1968/4149/3452 1969/4148/3451 4902/5522/4601 4901/4149/4598
f 1969/4148/3451 297/4147/3450 1970/5528/4606 4902/5522/4601
f 4902/5522/4601 1970/5528/4606 1971/5529/4607 4905/5523/4602
f 4905/5523/4602 1971/5529/4607 1972/5530/4608 4908/5526/4605
f 4908/5526/4605 1972/5530/4608 299/5531/4609 1973/5532/4610
f 4907/5524/4603 4908/5526/4605 1973/5532/4610 1974/5533/4611
f 4906/5525/4604 4907/5524/4603 1974/5533/4611 1975/5534/4612
f 1951/5535/4560 4906/5525/4604 1975/5534/4612 295/5536/4561
f 1950/5537/4559 4903/5521/4600 4906/5525/4604 1951/5535/4560
f 1949/5527/4558 4900/5519/4597 4903/5521/4600 1950/5537/4559
f 4909/5538/4613 4910/5539/4614 4913/5540/4615 4912/5541/4616
f 4910/5539/4614 4911/5542/4617 4914/5543/4618 4913/5540/4615
f 4912/5541/4616 4913/5540/4615 4916/5544/4619 4915/5545/4620
f 4913/5540/4615 4914/5543/4618 4917/5546/4621 4916/5544/4619
f 295/5547/4561 1975/5548/4612 4909/5538/4613 1955/5549/4574
f 1975/5548/4612 1974/5550/4611 4910/5539/4614 4909/5538/4613
f 1974/5550/4611 1973/5551/4610 4911/5542/4617 4910/5539/4614
f 1973/5551/4610 299/5552/4609 1976/5553/4622 4911/5542/4617
f 4911/5542/4617 1976/5553/4622 1977/5554/4623 4914/5543/4618
f 4914/5543/4618 1977/5554/4623 1978/5555/4624 4917/5546/4621
f 4917/5546/4621 1978/5555/4624 300/5556/4625 1979/5557/4626
f 4916/5544/4619 4917/5546/4621 1979/5557/4626 1980/5558/4627
f 4915/5545/4620 4916/5544/4619 1980/5558/4627 1981/5559/4628
f 1957/5560/4576 4915/5545/4620 1981/5559/4628 296/5497/4577
f 1956/5561/4575 4912/5541/4616 4915/5545/4620 1957/5560/4576
f 1955/5549/4574 4909/5538/4613 4912/5541/4616 1956/5561/4575
f 4918/5562/4629 4919/5563/4630 4922/5564/4631 4921/5565/4632
f 4919/5563/4630 4920/5566/4633 4923/5567/4634 4922/5564/4631
f 4921/5565/4632 4922/5564/4631 4925/5568/4635 4924/5569/4636
f 4922/5564/4631 4923/5567/4634 4926/5570/4637 4925/5568/4635
f 296/5497/4577 1981/5559/4628 4918/5562/4629 1961/5512/4590
f 1981/5559/4628 1980/5558/4627 4919/5563/4630 4918/5562/4629
f 1980/5558/4627 1979/5557/4626 4920/5566/4633 4919/5563/4630
f 1979/5557/4626 300/5556/4625 1982/5571/4638 4920/5566/4633
f 4920/5566/4633 1982/5571/4638 1983/5572/4639 4923/5567/4634
f 4923/5567/4634 1983/5572/4639 1984/5573/4640 4926/5570/4637
f 4926/5570/4637 1984/5573/4640 298/5574/4641 1985/5575/4642
f 4925/5568/4635 4926/5570/4637 1985/5575/4642 1986/5576/4643
f 4924/5569/4636 4925/5568/4635 1986/5576/4643 1987/5577/4644
f 1963/5514/4592 4924/5569/4636 1987/5577/4644 294/5515/4593
f 1962/5513/4591 4921/5565/4632 4924/5569/4636 1963/5514/4592
f 1961/5512/4590 4918/5562/4629 4921/5565/4632 1962/5513/4591
f 4927/5578/4645 4928/5579/4646 4931/5580/4647 4930/5581/4648
f 4928/5579/4646 4929/5582/4649 4932/5583/4650 4931/5580/4647
f 4930/5581/4648 4931/5580/4647 4934/5584/4651 4933/5585/4652
f 4931/5580/4647 4932/5583/4650 4935/5586/4653 4934/5584/4651
f 297/4147/3450 1988/4188/3485 4927/5578/4645 1970/5587/4606
f 1988/4188/3485 1989/4187/3484 4928/5579/4646 4927/5578/4645
f 1989/4187/3484 1990/4186/3483 4929/5582/4649 4928/5579/4646
f 1990/4186/3483 301/4185/3482 1991/5588/4654 4929/5582/4649
f 4929/5582/4649 1991/5588/4654 1992/5589/4655 4932/5583/4650
f 4932/5583/4650 1992/5589/4655 1993/5590/4656 4935/5586/4653
f 4935/5586/4653 1993/5590/4656 303/5591/4657 1994/5592/4658
f 4934/5584/4651 4935/5586/4653 1994/5592/4658 1995/5593/4659
f 4933/5585/4652 4934/5584/4651 1995/5593/4659 1996/5594/4660
f 1972/5595/4608 4933/5585/4652 1996/5594/4660 299/5596/4609
f 1971/5597/4607 4930/5581/4648 4933/5585/4652 1972/5595/4608
f 1970/5587/4606 4927/5578/4645 4930/5581/4648 1971/5597/4607
f 4936/5598/4661 4937/5599/4662 4940/5600/4663 4939/5601/4664
f 4937/5599/4662 4938/5602/4665 4941/5603/4666 4940/5600/4663
f 4939/5601/4664 4940/5600/4663 4943/5604/4667 4942/5605/4668
f 4940/5600/4663 4941/5603/4666 4944/5606/4669 4943/5604/4667
f 299/5607/4609 1996/5608/4660 4936/5598/4661 1976/5609/4622
f 1996/5608/4660 1995/5610/4659 4937/5599/4662 4936/5598/4661
f 1995/5610/4659 1994/5611/4658 4938/5602/4665 4937/5599/4662
f 1994/5611/4658 303/5612/4657 1997/5613/4670 4938/5602/4665
f 4938/5602/4665 1997/5613/4670 1998/5614/4671 4941/5603/4666
f 4941/5603/4666 1998/5614/4671 1999/5615/4672 4944/5606/4669
f 4944/5606/4669 1999/5615/4672 304/5616/4673 2000/5617/4674
f 4943/5604/4667 4944/5606/4669 2000/5617/4674 2001/5618/4675
f 4942/5605/4668 4943/5604/4667 2001/5618/4675 2002/5619/4676
f 1978/5620/4624 4942/5605/4668 2002/5619/4676 300/5556/4625
f 1977/5621/4623 4939/5601/4664 4942/5605/4668 1978/5620/4624
f 1976/5609/4622 4936/5598/4661 4939/5601/4664 1977/5621/4623
f 4945/5622/4677 4946/5623/4678 4949/5624/4679 4948/5625/4680
f 4946/5623/4678 4947/5626/4681 4950/5627/4682 4949/5624/4679
f 4948/5625/4680 4949/5624/4679 4952/5628/4683 4951/5629/4684
f 4949/5624/4679 4950/5627/4682 4953/5630/4685 4952/5628/4683
f 300/5556/4625 2002/5619/4676 4945/5622/4677 1982/5571/4638
f 2002/5619/4676 2001/5618/4675 4946/5623/4678 4945/5622/4677
f 2001/5618/4675 2000/5617/4674 4947/5626/4681 4946/5623/4678
f 2000/5617/4674 304/5616/4673 2003/5631/4686 4947/5626/4681
f 4947/5626/4681 2003/5631/4686 2004/5632/4687 4950/5627/4682
f 4950/5627/4682 2004/5632/4687 2005/5633/4688 4953/5630/4685
f 4953/5630/4685 2005/5633/4688 302/5634/4689 2006/5635/4690
f 4952/5628/4683 4953/5630/4685 2006/5635/4690 2007/5636/4691
f 4951/5629/4684 4952/5628/4683 2007/5636/4691 2008/5637/4692
f 1984/5573/4640 4951/5629/4684 2008/5637/4692 298/5574/4641
f 1983/5572/4639 4948/5625/4680 4951/5629/4684 1984/5573/4640
f 1982/5571/4638 4945/5622/4677 4948/5625/4680 1983/5572/4639
f 4954/5638/4693 4955/4245/4694 4958/4245/4695 4957/5639/4696
f 4955/4245/4694 4956/5640/4697 4959/5641/4698 4958/4245/4695
f 4957/5639/4696 4958/4245/4695 4961/5642/4699 4960/5643/4700
f 4958/4245/4695 4959/5641/4698 4962/5644/4701 4961/5642/4699
f 301/4185/3482 2009/4246/3533 4954/5638/4693 1991/5645/4654
f 2009/4246/3533 2010/4245/3532 4955/4245/4694 4954/5638/4693
f 2010/4245/3532 2011/4244/3531 4956/5640/4697 4955/4245/4694
f 2011/4244/3531 305/4243/3530 2012/5646/4702 4956/5640/4697
f 4956/5640/4697 2012/5646/4702 2013/5647/4703 4959/5641/4698
f 4959/5641/4698 2013/5647/4703 2014/5648/4704 4962/5644/4701
f 4962/5644/4701 2014/5648/4704 307/5649/4705 2015/5650/4706
f 4961/5642/4699 4962/5644/4701 2015/5650/4706 2016/5651/4707
f 4960/5643/4700 4961/5642/4699 2016/5651/4707 2017/5652/4708
f 1993/5653/4656 4960/5643/4700 2017/5652/4708 303/5654/4657
f 1992/5655/4655 4957/5639/4696 4960/5643/4700 1993/5653/4656
f 1991/5645/4654 4954/5638/4693 4957/5639/4696 1992/5655/4655
f 4963/5656/4709 4964/5657/4710 4967/5658/4711 4966/5659/4712
f 4964/5657/4710 4965/5660/4713 4968/5661/4714 4967/5658/4711
f 4966/5659/4712 4967/5658/4711 4970/5662/4715 4969/5663/4716
f 4967/5658/4711 4968/5661/4714 4971/5664/4717 4970/5662/4715
f 303/5665/4657 2017/5666/4708 4963/5656/4709 1997/5667/4670
f 2017/5666/4708 2016/5668/4707 4964/5657/4710 4963/5656/4709
f 2016/5668/4707 2015/5669/4706 4965/5660/4713 4964/5657/4710
f 2015/5669/4706 307/5670/4705 2018/5671/4718 4965/5660/4713
f 4965/5660/4713 2018/5671/4718 2019/5672/4719 4968/5661/4714
f 4968/5661/4714 2019/5672/4719 2020/5673/4720 4971/5664/4717
f 4971/5664/4717 2020/5673/4720 308/5674/4721 2021/5675/4722
f 4970/5662/4715 4971/5664/4717 2021/5675/4722 2022/5676/4723
f 4969/5663/4716 4970/5662/4715 2022/5676/4723 2023/5677/4724
f 1999/5678/4672 4969/5663/4716 2023/5677/4724 304/5616/4673
f 1998/5679/4671 4966/5659/4712 4969/5663/4716 1999/5678/4672
f 1997/5667/4670 4963/5656/4709 4966/5659/4712 1998/5679/4671
f 4972/5680/4725 4973/5681/4726 4976/5682/4727 4975/5683/4728
f 4973/5681/4726 4974/5684/4729 4977/5685/4730 4976/5682/4727
f 4975/5683/4728 4976/5682/4727 4979/5686/4731 4978/5687/4732
f 4976/5682/4727 4977/5685/4730 4980/5688/4733 4979/5686/4731
f 304/5616/4673 2023/5677/4724 4972/5680/4725 2003/5631/4686
f 2023/5677/4724 2022/5676/4723 4973/5681/4726 4972/5680/4725
f 2022/5676/4723 2021/5675/4722 4974/5684/4729 4973/5681/4726
f 2021/5675/4722 308/5674/4721 2024/5689/4734 4974/5684/4729
f 4974/5684/4729 2024/5689/4734 2025/5690/4735 4977/5685/4730
f 4977/5685/4730 2025/5690/4735 2026/5691/4736 4980/5688/4733
f 4980/5688/4733 2026/5691/4736 306/5692/4737 2027/5693/4738
f 4979/5686/4731 4980/5688/4733 2027/5693/4738 2028/5694/4739
f 4978/5687/4732 4979/5686/4731 2028/5694/4739 2029/5695/4740
f 2005/5633/4688 4978/5687/4732 2029/5695/4740 302/5634/4689
f 2004/5632/4687 4975/5683/4728 4978/5687/4732 2005/5633/4688
f 2003/5631/4686 4972/5680/4725 4975/5683/4728 2004/5632/4687
f 4981/5696/4741 4982/5697/4742 4985/4283/4743 4984/5698/4744
f 4982/5697/4742 4983/5699/4745 4986/5700/4746 4985/4283/4743
f 4984/5698/4744 4985/4283/4743 4988/5701/4747 4987/5702/4748
f 4985/4283/4743 4986/5700/4746 4989/5703/4749 4988/5701/4747
f 305/4243/3530 2030/4284/3565 4981/5696/4741 2012/5704/4702
f 2030/4284/3565 2031/4283/3564 4982/5697/4742 4981/5696/4741
f 2031/4283/3564 2032/4282/3563 4983/5699/4745 4982/5697/4742
f 2032/4282/3563 309/4281/3562 2033/5705/4750 4983/5699/4745
f 4983/5699/4745 2033/5705/4750 2034/5706/4751 4986/5700/4746
f 4986/5700/4746 2034/5706/4751 2035/5707/4752 4989/5703/4749
f 4989/5703/4749 2035/5707/4752 311/5708/4753 2036/5709/4754
f 4988/5701/4747 4989/5703/4749 2036/5709/4754 2037/5701/4755
f 4987/5702/4748 4988/5701/4747 2037/5701/4755 2038/5710/4756
f 2014/5711/4704 4987/5702/4748 2038/5710/4756 307/5712/4705
f 2013/5713/4703 4984/5698/4744 4987/5702/4748 2014/5711/4704
f 2012/5704/4702 4981/5696/4741 4984/5698/4744 2013/5713/4703
f 4990/5714/4757 4991/5715/4758 4994/5716/4759 4993/5717/4760
f 4991/5715/4758 4992/5718/4761 4995/5719/4762 4994/5716/4759
f 4993/5717/4760 4994/5716/4759 4997/5720/4763 4996/5721/4764
f 4994/5716/4759 4995/5719/4762 4998/5722/4765 4997/5720/4763
f 307/5723/4705 2038/5724/4756 4990/5714/4757 2018/5725/4718
f 2038/5724/4756 2037/5726/4755 4991/5715/4758 4990/5714/4757
f 2037/5726/4755 2036/5727/4754 4992/5718/4761 4991/5715/4758
f 2036/5727/4754 311/5728/4753 2039/5729/4766 4992/5718/4761
f 4992/5718/4761 2039/5729/4766 2040/5730/4767 4995/5719/4762
f 4995/5719/4762 2040/5730/4767 2041/5731/4768 4998/5722/4765
f 4998/5722/4765 2041/5731/4768 312/5732/4769 2042/5733/4770
f 4997/5720/4763 4998/5722/4765 2042/5733/4770 2043/5734/4771
f 4996/5721/4764 4997/5720/4763 2043/5734/4771 2044/5735/4772
f 2020/5736/4720 4996/5721/4764 2044/5735/4772 308/5674/4721
f 2019/5737/4719 4993/5717/4760 4996/5721/4764 2020/5736/4720
f 2018/5725/4718 4990/5714/4757 4993/5717/4760 2019/5737/4719
f 4999/5738/4773 5000/5739/4774 5003/5740/4775 5002/5741/4776
f 5000/5739/4774 5001/5742/4777 5004/5743/4778 5003/5740/4775
f 5002/5741/4776 5003/5740/4775 5006/5744/4779 5005/5745/4780
f 5003/5740/4775 5004/5743/4778 5007/5746/4781 5006/5744/4779
f 308/5674/4721 2044/5735/4772 4999/5738/4773 2024/5689/4734
f 2044/5735/4772 2043/5734/4771 5000/5739/4774 4999/5738/4773
f 2043/5734/4771 2042/5733/4770 5001/5742/4777 5000/5739/4774
f 2042/5733/4770 312/5732/4769 2045/5747/4782 5001/5742/4777
f 5001/5742/4777 2045/5747/4782 2046/5748/4783 5004/5743/4778
f 5004/5743/4778 2046/5748/4783 2047/5749/4784 5007/5746/4781
f 5007/5746/4781 2047/5749/4784 310/5750/4785 2048/5751/4786
f 5006/5744/4779 5007/5746/4781 2048/5751/4786 2049/5752/4787
f 5005/5745/4780 5006/5744/4779 2049/5752/4787 2050/5753/4788
f 2026/5691/4736 5005/5745/4780 2050/5753/4788 306/5692/4737
f 2025/5690/4735 5002/5741/4776 5005/5745/4780 2026/5691/4736
f 2024/5689/4734 4999/5738/4773 5002/5741/4776 2025/5690/4735
f 5008/5754/4789 5009/5755/4790 5012/4321/4791 5011/5756/4792
f 5009/5755/4790 5010/5757/4793 5013/5758/4794 5012/4321/4791
f 5011/5756/4792 5012/4321/4791 5015/5759/4795 5014/5760/4796
f 5012/4321/4791 5013/5758/4794 5016/5761/4797 5015/5759/4795
f 309/4281/3562 2051/4322/3597 5008/5754/4789 2033/5762/4750
f 2051/4322/3597 2052/4321/3596 5009/5755/4790 5008/5754/4789
f 2052/4321/3596 2053/4320/3595 5010/5757/4793 5009/5755/4790
f 2053/4320/3595 313/4319/3594 2054/5763/4798 5010/5757/4793
f 5010/5757/4793 2054/5763/4798 2055/5764/4799 5013/5758/4794
f 5013/5758/4794 2055/5764/4799 2056/5765/4800 5016/5761/4797
f 5016/5761/4797 2056/5765/4800 315/5766/4801 2057/5767/4802
f 5015/5759/4795 5016/5761/4797 2057/5767/4802 2058/5768/4803
f 5014/5760/4796 5015/5759/4795 2058/5768/4803 2059/5769/4804
f 2035/5770/4752 5014/5760/4796 2059/5769/4804 311/5771/4753
f 2034/5772/4751 5011/5756/4792 5014/5760/4796 2035/5770/4752
f 2033/5762/4750 5008/5754/4789 5011/5756/4792 2034/5772/4751
f 5017/5773/4805 5018/5774/4806 5021/5775/4807 5020/5776/4808
f 5018/5774/4806 5019/5777/4809 5022/5778/4810 5021/5775/4807
f 5020/5776/4808 5021/5775/4807 5024/5779/4811 5023/5780/4812
f 5021/5775/4807 5022/5778/4810 5025/5781/4813 5024/5779/4811
f 311/5782/4753 2059/5783/4804 5017/5773/4805 2039/5784/4766
f 2059/5783/4804 2058/5785/4803 5018/5774/4806 5017/5773/4805
f 2058/5785/4803 2057/5786/4802 5019/5777/4809 5018/5774/4806
f 2057/5786/4802 315/5787/4801 2060/5788/4814 5019/5777/4809
f 5019/5777/4809 2060/5788/4814 2061/5789/4815 5022/5778/4810
f 5022/5778/4810 2061/5789/4815 2062/5790/4816 5025/5781/4813
f 5025/5781/4813 2062/5790/4816 316/5791/4817 2063/5792/4818
f 5024/5779/4811 5025/5781/4813 2063/5792/4818 2064/5793/4819
f 5023/5780/4812 5024/5779/4811 2064/5793/4819 2065/5794/4820
f 2041/5795/4768 5023/5780/4812 2065/5794/4820 312/5732/4769
f 2040/5796/4767 5020/5776/4808 5023/5780/4812 2041/5795/4768
f 2039/5784/4766 5017/5773/4805 5020/5776/4808 2040/5796/4767
f 5026/5797/4821 5027/5798/4822 5030/5799/4823 5029/5800/4824
f 5027/5798/4822 5028/5801/4825 5031/5802/4826 5030/5799/4823
f 5029/5800/4824 5030/5799/4823 5033/5803/4827 5032/5804/4828
f 5030/5799/4823 5031/5802/4826 5034/5805/4829 5033/5803/4827
f 312/5732/4769 2065/5794/4820 5026/5797/4821 2045/5747/4782
f 2065/5794/4820 2064/5793/4819 5027/5798/4822 5026/5797/4821
f 2064/5793/4819 2063/5792/4818 5028/5801/4825 5027/5798/4822
f 2063/5792/4818 316/5791/4817 2066/5806/4830 5028/5801/4825
f 5028/5801/4825 2066/5806/4830 2067/5807/4831 5031/5802/4826
f 5031/5802/4826 2067/5807/4831 2068/5808/4832 5034/5805/4829
f 5034/5805/4829 2068/5808/4832 314/5809/4833 2069/5810/4834
f 5033/5803/4827 5034/5805/4829 2069/5810/4834 2070/5811/4835
f 5032/5804/4828 5033/5803/4827 2070/5811/4835 2071/5812/4836
f 2047/5749/4784 5032/5804/4828 2071/5812/4836 310/5750/4785
f 2046/5748/4783 5029/5800/4824 5032/5804/4828 2047/5749/4784
f 2045/5747/4782 5026/5797/4821 5029/5800/4824 2046/5748/4783
f 5035/5813/4837 5036/5814/4838 5039/4359/4839 5038/5815/4840
f 5036/5814/4838 5037/5816/4841 5040/5817/4842 5039/4359/4839
f 5038/5815/4840 5039/4359/4839 5042/5818/4843 5041/5819/4844
f 5039/4359/4839 5040/5817/4842 5043/5820/4845 5042/5818/4843
f 313/4319/3594 2072/4360/3629 5035/5813/4837 2054/5821/4798
f 2072/4360/3629 2073/4359/3628 5036/5814/4838 5035/5813/4837
f 2073/4359/3628 2074/4358/3627 5037/5816/4841 5036/5814/4838
f 2074/4358/3627 317/4357/3626 2075/5822/4846 5037/5816/4841
f 5037/5816/4841 2075/5822/4846 2076/5823/4847 5040/5817/4842
f 5040/5817/4842 2076/5823/4847 2077/5824/4848 5043/5820/4845
f 5043/5820/4845 2077/5824/4848 319/5825/4849 2078/5826/4850
f 5042/5818/4843 5043/5820/4845 2078/5826/4850 2079/5827/4851
f 5041/5819/4844 5042/5818/4843 2079/5827/4851 2080/5828/4852
f 2056/5829/4800 5041/5819/4844 2080/5828/4852 315/5830/4801
f 2055/5831/4799 5038/5815/4840 5041/5819/4844 2056/5829/4800
f 2054/5821/4798 5035/5813/4837 5038/5815/4840 2055/5831/4799
f 5044/5832/4853 5045/5833/4854 5048/5834/4855 5047/5835/4856
f 5045/5833/4854 5046/5836/4857 5049/5837/4858 5048/5834/4855
f 5047/5835/4856 5048/5834/4855 5051/5838/4859 5050/5839/4860
f 5048/5834/4855 5049/5837/4858 5052/5840/4861 5051/5838/4859
f 315/5841/4801 2080/5842/4852 5044/5832/4853 2060/5843/4814
f 2080/5842/4852 2079/5844/4851 5045/5833/4854 5044/5832/4853
f 2079/5844/4851 2078/5845/4850 5046/5836/4857 5045/5833/4854
f 2078/5845/4850 319/5846/4849 2081/5847/4862 5046/5836/4857
f 5046/5836/4857 2081/5847/4862 2082/5848/4863 5049/5837/4858
f 5049/5837/4858 2082/5848/4863 2083/5849/4864 5052/5840/4861
f 5052/5840/4861 2083/5849/4864 320/5850/4865 2084/5851/4866
f 5051/5838/4859 5052/5840/4861 2084/5851/4866 2085/5852/4867
f 5050/5839/4860 5051/5838/4859 2085/5852/4867 2086/5853/4868
f 2062/5854/4816 5050/5839/4860 2086/5853/4868 316/5791/4817
f 2061/5855/4815 5047/5835/4856 5050/5839/4860 2062/5854/4816
f 2060/5843/4814 5044/5832/4853 5047/5835/4856 2061/5855/4815
f 5053/5856/4869 5054/5857/4870 5057/5858/4871 5056/5859/4872
f 5054/5857/4870 5055/5860/4873 5058/5861/4874 5057/5858/4871
f 5056/5859/4872 5057/5858/4871 5060/5862/4875 5059/5863/4876
f 5057/5858/4871 5058/5861/4874 5061/5864/4877 5060/5862/4875
f 316/5791/4817 2086/5853/4868 5053/5856/4869 2066/5806/4830
f 2086/5853/4868 2085/5852/4867 5054/5857/4870 5053/5856/4869
f 2085/5852/4867 2084/5851/4866 5055/5860/4873 5054/5857/4870
f 2084/5851/4866 320/5850/4865 2087/5865/4878 5055/5860/4873
f 5055/5860/4873 2087/5865/4878 2088/5866/4879 5058/5861/4874
f 5058/5861/4874 2088/5866/4879 2089/5867/4880 5061/5864/4877
f 5061/5864/4877 2089/5867/4880 318/5868/4881 2090/5869/4882
f 5060/5862/4875 5061/5864/4877 2090/5869/4882 2091/5870/4883
f 5059/5863/4876 5060/5862/4875 2091/5870/4883 2092/5871/4884
f 2068/5808/4832 5059/5863/4876 2092/5871/4884 314/5809/4833
f 2067/5807/4831 5056/5859/4872 5059/5863/4876 2068/5808/4832
f 2066/5806/4830 5053/5856/4869 5056/5859/4872 2067/5807/4831
f 5062/5872/4885 5063/4395/4886 5066/4395/4887 5065/5873/4888
f 5063/4395/4886 5064/5874/4889 5067/5875/4890 5066/4395/4887
f 5065/5873/4888 5066/4395/4887 5069/5876/4891 5068/5877/4892
f 5066/4395/4887 5067/5875/4890 5070/5878/4893 5069/5876/4891
f 317/4357/3626 2093/4396/3661 5062/5872/4885 2075/5879/4846
f 2093/4396/3661 2094/4395/3660 5063/4395/4886 5062/5872/4885
f 2094/4395/3660 2095/4394/3659 5064/5874/4889 5063/4395/4886
f 2095/4394/3659 321/4393/3658 2096/5880/4894 5064/5874/4889
f 5064/5874/4889 2096/5880/4894 2097/5881/4895 5067/5875/4890
f 5067/5875/4890 2097/5881/4895 2098/5882/4896 5070/5878/4893
f 5070/5878/4893 2098/5882/4896 323/5883/4897 2099/5884/4898
f 5069/5876/4891 5070/5878/4893 2099/5884/4898 2100/5876/4899
f 5068/5877/4892 5069/5876/4891 2100/5876/4899 2101/5885/4900
f 2077/5886/4848 5068/5877/4892 2101/5885/4900 319/5887/4849
f 2076/5888/4847 5065/5873/4888 5068/5877/4892 2077/5886/4848
f 2075/5879/4846 5062/5872/4885 5065/5873/4888 2076/5888/4847
f 5071/5889/4901 5072/5890/4902 5075/5891/4903 5074/5892/4904
f 5072/5890/4902 5073/5893/4905 5076/5894/4906 5075/5891/4903
f 5074/5892/4904 5075/5891/4903 5078/5895/4907 5077/5896/4908
f 5075/5891/4903 5076/5894/4906 5079/5897/4909 5078/5895/4907
f 319/5898/4849 2101/5899/4900 5071/5889/4901 2081/5900/4862
f 2101/5899/4900 2100/5901/4899 5072/5890/4902 5071/5889/4901
f 2100/5901/4899 2099/5902/4898 5073/5893/4905 5072/5890/4902
f 2099/5902/4898 323/5903/4897 2102/5904/4910 5073/5893/4905
f 5073/5893/4905 2102/5904/4910 2103/5905/4911 5076/5894/4906
f 5076/5894/4906 2103/5905/4911 2104/5906/4912 5079/5897/4909
f 5079/5897/4909 2104/5906/4912 324/5907/4913 2105/5908/4914
f 5078/5895/4907 5079/5897/4909 2105/5908/4914 2106/5909/4915
f 5077/5896/4908 5078/5895/4907 2106/5909/4915 2107/5910/4916
f 2083/5911/4864 5077/5896/4908 2107/5910/4916 320/5850/4865
f 2082/5912/4863 5074/5892/4904 5077/5896/4908 2083/5911/4864
f 2081/5900/4862 5071/5889/4901 5074/5892/4904 2082/5912/4863
f 5080/5913/4917 5081/5914/4918 5084/5915/4919 5083/5916/4920
f 5081/5914/4918 5082/5917/4921 5085/5918/4922 5084/5915/4919
f 5083/5916/4920 5084/5915/4919 5087/5919/4923 5086/5920/4924
f 5084/5915/4919 5085/5918/4922 5088/5921/4925 5087/5919/4923
f 320/5850/4865 2107/5910/4916 5080/5913/4917 2087/5865/4878
f 2107/5910/4916 2106/5909/4915 5081/5914/4918 5080/5913/4917
f 2106/5909/4915 2105/5908/4914 5082/5917/4921 5081/5914/4918
f 2105/5908/4914 324/5907/4913 2108/5922/4926 5082/5917/4921
f 5082/5917/4921 2108/5922/4926 2109/5923/4927 5085/5918/4922
f 5085/5918/4922 2109/5923/4927 2110/5924/4928 5088/5921/4925
f 5088/5921/4925 2110/5924/4928 322/5925/4929 2111/5926/4930
f 5087/5919/4923 5088/5921/4925 2111/5926/4930 2112/5927/4931
f 5086/5920/4924 5087/5919/4923 2112/5927/4931 2113/5928/4932
f 2089/5867/4880 5086/5920/4924 2113/5928/4932 318/5868/4881
f 2088/5866/4879 5083/5916/4920 5086/5920/4924 2089/5867/4880
f 2087/5865/4878 5080/5913/4917 5083/5916/4920 2088/5866/4879
f 5089/5929/4933 5090/5930/4934 5093/5930/4935 5092/5931/4936
f 5090/5930/4934 5091/5932/4937 5094/5933/4938 5093/5930/4935
f 5092/5931/4936 5093/5930/4935 5096/5934/4939 5095/5935/4940
f 5093/5930/4935 5094/5933/4938 5097/5936/4941 5096/5934/4939
f 321/4393/3658 2114/4434/3693 5089/5929/4933 2096/5937/4894
f 2114/4434/3693 2115/4433/3692 5090/5930/4934 5089/5929/4933
f 2115/4433/3692 2116/4432/3691 5091/5932/4937 5090/5930/4934
f 2116/4432/3691 325/4431/3690 2117/5938/4942 5091/5932/4937
f 5091/5932/4937 2117/5938/4942 2118/5939/4943 5094/5933/4938
f 5094/5933/4938 2118/5939/4943 2119/5940/4944 5097/5936/4941
f 5097/5936/4941 2119/5940/4944 327/5941/4945 2120/5942/4946
f 5096/5934/4939 5097/5936/4941 2120/5942/4946 2121/5943/4947
f 5095/5935/4940 5096/5934/4939 2121/5943/4947 2122/5944/4948
f 2098/5945/4896 5095/5935/4940 2122/5944/4948 323/5946/4897
f 2097/5947/4895 5092/5931/4936 5095/5935/4940 2098/5945/4896
f 2096/5937/4894 5089/5929/4933 5092/5931/4936 2097/5947/4895
f 5098/5948/4949 5099/5949/4950 5102/5950/4951 5101/5951/4952
f 5099/5949/4950 5100/5952/4953 5103/5953/4954 5102/5950/4951
f 5101/5951/4952 5102/5950/4951 5105/5954/4955 5104/5955/4956
f 5102/5950/4951 5103/5953/4954 5106/5956/4957 5105/5954/4955
f 323/5957/4897 2122/5958/4948 5098/5948/4949 2102/5959/4910
f 2122/5958/4948 2121/5960/4947 5099/5949/4950 5098/5948/4949
f 2121/5960/4947 2120/5961/4946 5100/5952/4953 5099/5949/4950
f 2120/5961/4946 327/5962/4945 2123/5963/4958 5100/5952/4953
f 5100/5952/4953 2123/5963/4958 2124/5964/4959 5103/5953/4954
f 5103/5953/4954 2124/5964/4959 2125/5965/4960 5106/5956/4957
f 5106/5956/4957 2125/5965/4960 328/5966/4961 2126/5967/4962
f 5105/5954/4955 5106/5956/4957 2126/5967/4962 2127/5968/4963
f 5104/5955/4956 5105/5954/4955 2127/5968/4963 2128/5969/4964
f 2104/5970/4912 5104/5955/4956 2128/5969/4964 324/5907/4913
f 2103/5971/4911 5101/5951/4952 5104/5955/4956 2104/5970/4912
f 2102/5959/4910 5098/5948/4949 5101/5951/4952 2103/5971/4911
f 5107/5972/4965 5108/5973/4966 5111/5974/4967 5110/5975/4968
f 5108/5973/4966 5109/5976/4969 5112/5977/4970 5111/5974/4967
f 5110/5975/4968 5111/5974/4967 5114/5978/4971 5113/5979/4972
f 5111/5974/4967 5112/5977/4970 5115/5980/4973 5114/5978/4971
f 324/5907/4913 2128/5969/4964 5107/5972/4965 2108/5922/4926
f 2128/5969/4964 2127/5968/4963 5108/5973/4966 5107/5972/4965
f 2127/5968/4963 2126/5967/4962 5109/5976/4969 5108/5973/4966
f 2126/5967/4962 328/5966/4961 2129/5981/4974 5109/5976/4969
f 5109/5976/4969 2129/5981/4974 2130/5982/4975 5112/5977/4970
f 5112/5977/4970 2130/5982/4975 2131/5983/4976 5115/5980/4973
f 5115/5980/4973 2131/5983/4976 326/5984/4977 2132/5985/4978
f 5114/5978/4971 5115/5980/4973 2132/5985/4978 2133/5986/4979
f 5113/5979/4972 5114/5978/4971 2133/5986/4979 2134/5987/4980
f 2110/5924/4928 5113/5979/4972 2134/5987/4980 322/5925/4929
f 2109/5923/4927 5110/5975/4968 5113/5979/4972 2110/5924/4928
f 2108/5922/4926 5107/5972/4965 5110/5975/4968 2109/5923/4927
f 5116/5988/4981 5117/4471/4982 5120/4471/4983 5119/5989/4984
f 5117/4471/4982 5118/5990/4985 5121/5991/4986 5120/4471/4983
f 5119/5989/4984 5120/4471/4983 5123/5992/4987 5122/5993/4988
f 5120/4471/4983 5121/5991/4986 5124/5994/4989 5123/5992/4987
f 325/4431/3690 2135/4472/3725 5116/5988/4981 2117/5995/4942
f 2135/4472/3725 2136/4471/3724 5117/4471/4982 5116/5988/4981
f 2136/4471/3724 2137/4470/3723 5118/5990/4985 5117/4471/4982
f 2137/4470/3723 329/4469/3722 2138/5996/4990 5118/5990/4985
f 5118/5990/4985 2138/5996/4990 2139/5997/4991 5121/5991/4986
f 5121/5991/4986 2139/5997/4991 2140/5998/4992 5124/5994/4989
f 5124/5994/4989 2140/5998/4992 331/5999/4993 2141/6000/4994
f 5123/5992/4987 5124/5994/4989 2141/6000/4994 2142/5992/4995
f 5122/5993/4988 5123/5992/4987 2142/5992/4995 2143/6001/4996
f 2119/6002/4944 5122/5993/4988 2143/6001/4996 327/6003/4945
f 2118/6004/4943 5119/5989/4984 5122/5993/4988 2119/6002/4944
f 2117/5995/4942 5116/5988/4981 5119/5989/4984 2118/6004/4943
f 5125/6005/4997 5126/6006/4998 5129/6007/4999 5128/6008/5000
f 5126/6006/4998 5127/6009/5001 5130/6010/5002 5129/6007/4999
f 5128/6008/5000 5129/6007/4999 5132/6011/5003 5131/6012/5004
f 5129/6007/4999 5130/6010/5002 5133/6013/5005 5132/6011/5003
f 327/6014/4945 2143/6015/4996 5125/6005/4997 2123/6016/4958
f 2143/6015/4996 2142/6017/4995 5126/6006/4998 5125/6005/4997
f 2142/6017/4995 2141/6018/4994 5127/6009/5001 5126/6006/4998
f 2141/6018/4994 331/6019/4993 2144/6020/5006 5127/6009/5001
f 5127/6009/5001 2144/6020/5006 2145/6021/5007 5130/6010/5002
f 5130/6010/5002 2145/6021/5007 2146/6022/5008 5133/6013/5005
f 5133/6013/5005 2146/6022/5008 332/6023/5009 2147/6024/5010
f 5132/6011/5003 5133/6013/5005 2147/6024/5010 2148/6025/5011
f 5131/6012/5004 5132/6011/5003 2148/6025/5011 2149/6026/5012
f 2125/6027/4960 5131/6012/5004 2149/6026/5012 328/5966/4961
f 2124/6028/4959 5128/6008/5000 5131/6012/5004 2125/6027/4960
f 2123/6016/4958 5125/6005/4997 5128/6008/5000 2124/6028/4959
f 5134/6029/5013 5135/6030/5014 5138/6031/5015 5137/6032/5016
f 5135/6030/5014 5136/6033/5017 5139/6034/5018 5138/6031/5015
f 5137/6032/5016 5138/6031/5015 5141/6035/5019 5140/6036/5020
f 5138/6031/5015 5139/6034/5018 5142/6037/5021 5141/6035/5019
f 328/5966/4961 2149/6026/5012 5134/6029/5013 2129/5981/4974
f 2149/6026/5012 2148/6025/5011 5135/6030/5014 5134/6029/5013
f 2148/6025/5011 2147/6024/5010 5136/6033/5017 5135/6030/5014
f 2147/6024/5010 332/6023/5009 2150/6038/5022 5136/6033/5017
f 5136/6033/5017 2150/6038/5022 2151/6039/5023 5139/6034/5018
f 5139/6034/5018 2151/6039/5023 2152/6040/5024 5142/6037/5021
f 5142/6037/5021 2152/6040/5024 330/6041/5025 2153/6042/5026
f 5141/6035/5019 5142/6037/5021 2153/6042/5026 2154/6043/5027
f 5140/6036/5020 5141/6035/5019 2154/6043/5027 2155/6044/5028
f 2131/5983/4976 5140/6036/5020 2155/6044/5028 326/5984/4977
f 2130/5982/4975 5137/6032/5016 5140/6036/5020 2131/5983/4976
f 2129/5981/4974 5134/6029/5013 5137/6032/5016 2130/5982/4975
f 5143/6045/5029 5144/6046/5030 5147/6046/5031 5146/6047/5032
f 5144/6046/5030 5145/6048/5033 5148/6049/5034 5147/6046/5031
f 5146/6047/5032 5147/6046/5031 5150/6050/5035 5149/6051/5036
f 5147/6046/5031 5148/6049/5034 5151/6052/5037 5150/6050/5035
f 329/4469/3722 2156/4506/3753 5143/6045/5029 2138/6053/4990
f 2156/4506/3753 2157/4505/3752 5144/6046/5030 5143/6045/5029
f 2157/4505/3752 2158/4504/3751 5145/6048/5033 5144/6046/5030
f 2158/4504/3751 333/666/659 2159/6054/5038 5145/6048/5033
f 5145/6048/5033 2159/6054/5038 2160/6055/5039 5148/6049/5034
f 5148/6049/5034 2160/6055/5039 2161/6056/5040 5151/6052/5037
f 5151/6052/5037 2161/6056/5040 335/6057/5041 2162/6058/5042
f 5150/6050/5035 5151/6052/5037 2162/6058/5042 2163/6050/5043
f 5149/6051/5036 5150/6050/5035 2163/6050/5043 2164/6059/5044
f 2140/6060/4992 5149/6051/5036 2164/6059/5044 331/6061/4993
f 2139/6062/4991 5146/6047/5032 5149/6051/5036 2140/6060/4992
f 2138/6053/4990 5143/6045/5029 5146/6047/5032 2139/6062/4991
f 5152/6063/5045 5153/6064/5046 5156/6065/5047 5155/6066/5048
f 5153/6064/5046 5154/6067/5049 5157/6068/5050 5156/6065/5047
f 5155/6066/5048 5156/6065/5047 5159/6069/5051 5158/6070/5052
f 5156/6065/5047 5157/6068/5050 5160/6071/5053 5159/6069/5051
f 331/6072/4993 2164/6073/5044 5152/6063/5045 2144/6074/5006
f 2164/6073/5044 2163/6075/5043 5153/6064/5046 5152/6063/5045
f 2163/6075/5043 2162/6076/5042 5154/6067/5049 5153/6064/5046
f 2162/6076/5042 335/6077/5041 2165/6078/5054 5154/6067/5049
f 5154/6067/5049 2165/6078/5054 2166/6079/5055 5157/6068/5050
f 5157/6068/5050 2166/6079/5055 2167/6080/5056 5160/6071/5053
f 5160/6071/5053 2167/6080/5056 336/6081/5057 2168/6082/5058
f 5159/6069/5051 5160/6071/5053 2168/6082/5058 2169/6083/5059
f 5158/6070/5052 5159/6069/5051 2169/6083/5059 2170/6084/5060
f 2146/6085/5008 5158/6070/5052 2170/6084/5060 332/6023/5009
f 2145/6086/5007 5155/6066/5048 5158/6070/5052 2146/6085/5008
f 2144/6074/5006 5152/6063/5045 5155/6066/5048 2145/6086/5007
f 5161/6087/5061 5162/6088/5062 5165/6089/5063 5164/6090/5064
f 5162/6088/5062 5163/6091/5065 5166/6092/5066 5165/6089/5063
f 5164/6090/5064 5165/6089/5063 5168/6093/5067 5167/6094/5068
f 5165/6089/5063 5166/6092/5066 5169/6095/5069 5168/6093/5067
f 332/6023/5009 2170/6084/5060 5161/6087/5061 2150/6038/5022
f 2170/6084/5060 2169/6083/5059 5162/6088/5062 5161/6087/5061
f 2169/6083/5059 2168/6082/5058 5163/6091/5065 5162/6088/5062
f 2168/6082/5058 336/6081/5057 2171/6096/5070 5163/6091/5065
f 5163/6091/5065 2171/6096/5070 2172/6097/5071 5166/6092/5066
f 5166/6092/5066 2172/6097/5071 2173/6098/5072 5169/6095/5069
f 5169/6095/5069 2173/6098/5072 334/6099/5073 2174/6100/5074
f 5168/6093/5067 5169/6095/5069 2174/6100/5074 2175/6101/5075
f 5167/6094/5068 5168/6093/5067 2175/6101/5075 2176/6102/5076
f 2152/6040/5024 5167/6094/5068 2176/6102/5076 330/6041/5025
f 2151/6039/5023 5164/6090/5064 5167/6094/5068 2152/6040/5024
f 2150/6038/5022 5161/6087/5061 5164/6090/5064 2151/6039/5023
f 5170/6103/5077 5171/663/5078 5174/663/5079 5173/6104/5080
f 5171/663/5078 5172/6105/5081 5175/6106/5082 5174/663/5079
f 5173/6104/5080 5174/663/5079 5177/6107/5083 5176/6108/5084
f 5174/663/5079 5175/6106/5082 5178/6109/5085 5177/6107/5083
f 333/666/659 2177/664/657 5170/6103/5077 2159/6110/5038
f 2177/664/657 2178/663/656 5171/663/5078 5170/6103/5077
f 2178/663/656 2179/662/655 5172/6105/5081 5171/663/5078
f 2179/662/655 337/661/654 2180/6111/5086 5172/6105/5081
f 5172/6105/5081 2180/6111/5086 2181/6112/5087 5175/6106/5082
f 5175/6106/5082 2181/6112/5087 2182/6113/5088 5178/6109/5085
f 5178/6109/5085 2182/6113/5088 339/6114/5089 2183/6115/5090
f 5177/6107/5083 5178/6109/5085 2183/6115/5090 2184/6107/5091
f 5176/6108/5084 5177/6107/5083 2184/6107/5091 2185/6116/5092
f 2161/6117/5040 5176/6108/5084 2185/6116/5092 335/6118/5041
f 2160/6119/5039 5173/6104/5080 5176/6108/5084 2161/6117/5040
f 2159/6110/5038 5170/6103/5077 5173/6104/5080 2160/6119/5039
f 5179/6120/5093 5180/6121/5094 5183/6122/5095 5182/6123/5096
f 5180/6121/5094 5181/6124/5097 5184/6125/5098 5183/6122/5095
f 5182/6123/5096 5183/6122/5095 5186/6126/5099 5185/6127/5100
f 5183/6122/5095 5184/6125/5098 5187/6128/5101 5186/6126/5099
f 335/6129/5041 2185/6130/5092 5179/6120/5093 2165/6131/5054
f 2185/6130/5092 2184/6132/5091 5180/6121/5094 5179/6120/5093
f 2184/6132/5091 2183/6133/5090 5181/6124/5097 5180/6121/5094
f 2183/6133/5090 339/6134/5089 2186/6135/5102 5181/6124/5097
f 5181/6124/5097 2186/6135/5102 2187/6136/5103 5184/6125/5098
f 5184/6125/5098 2187/6136/5103 2188/6137/5104 5187/6128/5101
f 5187/6128/5101 2188/6137/5104 340/6138/5105 2189/6139/5106
f 5186/6126/5099 5187/6128/5101 2189/6139/5106 2190/6140/5107
f 5185/6127/5100 5186/6126/5099 2190/6140/5107 2191/6141/5108
f 2167/6142/5056 5185/6127/5100 2191/6141/5108 336/6081/5057
f 2166/6143/5055 5182/6123/5096 5185/6127/5100 2167/6142/5056
f 2165/6131/5054 5179/6120/5093 5182/6123/5096 2166/6143/5055
f 5188/6144/5109 5189/6145/5110 5192/6146/5111 5191/6147/5112
f 5189/6145/5110 5190/6148/5113 5193/6149/5114 5192/6146/5111
f 5191/6147/5112 5192/6146/5111 5195/6150/5115 5194/6151/5116
f 5192/6146/5111 5193/6149/5114 5196/6152/5117 5195/6150/5115
f 336/6081/5057 2191/6141/5108 5188/6144/5109 2171/6096/5070
f 2191/6141/5108 2190/6140/5107 5189/6145/5110 5188/6144/5109
f 2190/6140/5107 2189/6139/5106 5190/6148/5113 5189/6145/5110
f 2189/6139/5106 340/6138/5105 2192/6153/5118 5190/6148/5113
f 5190/6148/5113 2192/6153/5118 2193/6154/5119 5193/6149/5114
f 5193/6149/5114 2193/6154/5119 2194/6155/5120 5196/6152/5117
f 5196/6152/5117 2194/6155/5120 338/6156/5121 2195/6157/5122
f 5195/6150/5115 5196/6152/5117 2195/6157/5122 2196/6158/5123
f 5194/6151/5116 5195/6150/5115 2196/6158/5123 2197/6159/5124
f 2173/6098/5072 5194/6151/5116 2197/6159/5124 334/6099/5073
f 2172/6097/5071 5191/6147/5112 5194/6151/5116 2173/6098/5072
f 2171/6096/5070 5188/6144/5109 5191/6147/5112 2172/6097/5071
f 5197/6160/5125 5198/6161/5126 5201/4017/5127 5200/6162/5128
f 5198/6161/5126 5199/6163/5129 5202/6164/5130 5201/4017/5127
f 5200/6162/5128 5201/4017/5127 5204/6165/5131 5203/6166/5132
f 5201/4017/5127 5202/6164/5130 5205/6167/5133 5204/6165/5131
f 337/661/654 2198/4018/3341 5197/6160/5125 2180/6168/5086
f 2198/4018/3341 2199/4017/3340 5198/6161/5126 5197/6160/5125
f 2199/4017/3340 2200/4016/3339 5199/6163/5129 5198/6161/5126
f 2200/4016/3339 341/4015/3338 2201/6169/5134 5199/6163/5129
f 5199/6163/5129 2201/6169/5134 2202/6170/5135 5202/6164/5130
f 5202/6164/5130 2202/6170/5135 2203/6171/5136 5205/6167/5133
f 5205/6167/5133 2203/6171/5136 343/6172/5137 2204/6173/5138
f 5204/6165/5131 5205/6167/5133 2204/6173/5138 2205/6174/5139
f 5203/6166/5132 5204/6165/5131 2205/6174/5139 2206/6175/5140
f 2182/6176/5088 5203/6166/5132 2206/6175/5140 339/6177/5089
f 2181/6178/5087 5200/6162/5128 5203/6166/5132 2182/6176/5088
f 2180/6168/5086 5197/6160/5125 5200/6162/5128 2181/6178/5087
f 5206/6179/5141 5207/6180/5142 5210/6181/5143 5209/6182/5144
f 5207/6180/5142 5208/6183/5145 5211/6184/5146 5210/6181/5143
f 5209/6182/5144 5210/6181/5143 5213/6185/5147 5212/6186/5148
f 5210/6181/5143 5211/6184/5146 5214/6187/5149 5213/6185/5147
f 339/6188/5089 2206/6189/5140 5206/6179/5141 2186/6190/5102
f 2206/6189/5140 2205/6191/5139 5207/6180/5142 5206/6179/5141
f 2205/6191/5139 2204/6192/5138 5208/6183/5145 5207/6180/5142
f 2204/6192/5138 343/6193/5137 2207/6194/5150 5208/6183/5145
f 5208/6183/5145 2207/6194/5150 2208/6195/5151 5211/6184/5146
f 5211/6184/5146 2208/6195/5151 2209/6196/5152 5214/6187/5149
f 5214/6187/5149 2209/6196/5152 344/6197/5153 2210/6198/5154
f 5213/6185/5147 5214/6187/5149 2210/6198/5154 2211/6199/5155
f 5212/6186/5148 5213/6185/5147 2211/6199/5155 2212/6200/5156
f 2188/6201/5104 5212/6186/5148 2212/6200/5156 340/6138/5105
f 2187/6202/5103 5209/6182/5144 5212/6186/5148 2188/6201/5104
f 2186/6190/5102 5206/6179/5141 5209/6182/5144 2187/6202/5103
f 5215/6203/5157 5216/6204/5158 5219/6205/5159 5218/6206/5160
f 5216/6204/5158 5217/6207/5161 5220/6208/5162 5219/6205/5159
f 5218/6206/5160 5219/6205/5159 5222/6209/5163 5221/6210/5164
f 5219/6205/5159 5220/6208/5162 5223/6211/5165 5222/6209/5163
f 340/6138/5105 2212/6200/5156 5215/6203/5157 2192/6153/5118
f 2212/6200/5156 2211/6199/5155 5216/6204/5158 5215/6203/5157
f 2211/6199/5155 2210/6198/5154 5217/6207/5161 5216/6204/5158
f 2210/6198/5154 344/6197/5153 2213/6212/5166 5217/6207/5161
f 5217/6207/5161 2213/6212/5166 2214/6213/5167 5220/6208/5162
f 5220/6208/5162 2214/6213/5167 2215/6214/5168 5223/6211/5165
f 5223/6211/5165 2215/6214/5168 342/6215/5169 2216/6216/5170
f 5222/6209/5163 5223/6211/5165 2216/6216/5170 2217/6217/5171
f 5221/6210/5164 5222/6209/5163 2217/6217/5171 2218/6218/5172
f 2194/6155/5120 5221/6210/5164 2218/6218/5172 338/6156/5121
f 2193/6154/5119 5218/6206/5160 5221/6210/5164 2194/6155/5120
f 2192/6153/5118 5215/6203/5157 5218/6206/5160 2193/6154/5119
f 5224/6219/5173 5225/6220/5174 5228/6220/5175 5227/6221/5176
f 5225/6220/5174 5226/6222/5177 5229/6223/5178 5228/6220/5175
f 5227/6221/5176 5228/6220/5175 5231/6224/5179 5230/6225/5180
f 5228/6220/5175 5229/6223/5178 5232/6226/5181 5231/6224/5179
f 341/4015/3338 2219/4079/3393 5224/6219/5173 2201/6227/5134
f 2219/4079/3393 2220/4078/3392 5225/6220/5174 5224/6219/5173
f 2220/4078/3392 2221/4077/3391 5226/6222/5177 5225/6220/5174
f 2221/4077/3391 345/4076/3390 2222/6228/5182 5226/6222/5177
f 5226/6222/5177 2222/6228/5182 2223/6229/5183 5229/6223/5178
f 5229/6223/5178 2223/6229/5183 2224/6230/5184 5232/6226/5181
f 5232/6226/5181 2224/6230/5184 347/6231/5185 2225/6232/5186
f 5231/6224/5179 5232/6226/5181 2225/6232/5186 2226/6233/5187
f 5230/6225/5180 5231/6224/5179 2226/6233/5187 2227/6234/5188
f 2203/6235/5136 5230/6225/5180 2227/6234/5188 343/6236/5137
f 2202/6237/5135 5227/6221/5176 5230/6225/5180 2203/6235/5136
f 2201/6227/5134 5224/6219/5173 5227/6221/5176 2202/6237/5135
f 5233/6238/5189 5234/6239/5190 5237/6240/5191 5236/6241/5192
f 5234/6239/5190 5235/6242/5193 5238/6243/5194 5237/6240/5191
f 5236/6241/5192 5237/6240/5191 5240/6244/5195 5239/6245/5196
f 5237/6240/5191 5238/6243/5194 5241/6246/5197 5240/6244/5195
f 343/6247/5137 2227/6248/5188 5233/6238/5189 2207/6249/5150
f 2227/6248/5188 2226/6250/5187 5234/6239/5190 5233/6238/5189
f 2226/6250/5187 2225/6251/5186 5235/6242/5193 5234/6239/5190
f 2225/6251/5186 347/6252/5185 2228/6253/5198 5235/6242/5193
f 5235/6242/5193 2228/6253/5198 2229/6254/5199 5238/6243/5194
f 5238/6243/5194 2229/6254/5199 2230/6255/5200 5241/6246/5197
f 5241/6246/5197 2230/6255/5200 348/6256/5201 2231/6257/5202
f 5240/6244/5195 5241/6246/5197 2231/6257/5202 2232/6258/5203
f 5239/6245/5196 5240/6244/5195 2232/6258/5203 2233/6259/5204
f 2209/6260/5152 5239/6245/5196 2233/6259/5204 344/6197/5153
f 2208/6261/5151 5236/6241/5192 5239/6245/5196 2209/6260/5152
f 2207/6249/5150 5233/6238/5189 5236/6241/5192 2208/6261/5151
f 5242/6262/5205 5243/6263/5206 5246/6264/5207 5245/6265/5208
f 5243/6263/5206 5244/6266/5209 5247/6267/5210 5246/6264/5207
f 5245/6265/5208 5246/6264/5207 5249/6268/5211 5248/6269/5212
f 5246/6264/5207 5247/6267/5210 5250/6270/5213 5249/6268/5211
f 344/6197/5153 2233/6259/5204 5242/6262/5205 2213/6212/5166
f 2233/6259/5204 2232/6258/5203 5243/6263/5206 5242/6262/5205
f 2232/6258/5203 2231/6257/5202 5244/6266/5209 5243/6263/5206
f 2231/6257/5202 348/6256/5201 2234/6271/5214 5244/6266/5209
f 5244/6266/5209 2234/6271/5214 2235/6272/5215 5247/6267/5210
f 5247/6267/5210 2235/6272/5215 2236/6273/5216 5250/6270/5213
f 5250/6270/5213 2236/6273/5216 346/6274/5217 2237/6275/5218
f 5249/6268/5211 5250/6270/5213 2237/6275/5218 2238/6276/5219
f 5248/6269/5212 5249/6268/5211 2238/6276/5219 2239/6277/5220
f 2215/6214/5168 5248/6269/5212 2239/6277/5220 342/6215/5169
f 2214/6213/5167 5245/6265/5208 5248/6269/5212 2215/6214/5168
f 2213/6212/5166 5242/6262/5205 5245/6265/5208 2214/6213/5167
f 5251/6278/5221 5252/6279/5222 5255/4130/5223 5254/6280/5224
f 5252/6279/5222 5253/6281/5225 5256/6282/5226 5255/4130/5223
f 5254/6280/5224 5255/4130/5223 5258/6283/5227 5257/6284/5228
f 5255/4130/5223 5256/6282/5226 5259/6285/5229 5258/6283/5227
f 345/4076/3390 2240/4131/3437 5251/6278/5221 2222/6286/5182
f 2240/4131/3437 2241/4130/3436 5252/6279/5222 5251/6278/5221
f 2241/4130/3436 2242/4129/3435 5253/6281/5225 5252/6279/5222
f 2242/4129/3435 349/3975/3304 2243/6287/5230 5253/6281/5225
f 5253/6281/5225 2243/6287/5230 2244/6288/5231 5256/6282/5226
f 5256/6282/5226 2244/6288/5231 2245/6289/5232 5259/6285/5229
f 5259/6285/5229 2245/6289/5232 351/6290/5233 2246/6291/5234
f 5258/6283/5227 5259/6285/5229 2246/6291/5234 2247/6292/5235
f 5257/6284/5228 5258/6283/5227 2247/6292/5235 2248/6293/5236
f 2224/6294/5184 5257/6284/5228 2248/6293/5236 347/6295/5185
f 2223/6296/5183 5254/6280/5224 5257/6284/5228 2224/6294/5184
f 2222/6286/5182 5251/6278/5221 5254/6280/5224 2223/6296/5183
f 5260/6297/5237 5261/6298/5238 5264/6299/5239 5263/6300/5240
f 5261/6298/5238 5262/6301/5241 5265/6302/5242 5264/6299/5239
f 5263/6300/5240 5264/6299/5239 5267/6303/5243 5266/6304/5244
f 5264/6299/5239 5265/6302/5242 5268/6305/5245 5267/6303/5243
f 347/6306/5185 2248/6307/5236 5260/6297/5237 2228/6308/5198
f 2248/6307/5236 2247/6309/5235 5261/6298/5238 5260/6297/5237
f 2247/6309/5235 2246/6310/5234 5262/6301/5241 5261/6298/5238
f 2246/6310/5234 351/6311/5233 2249/6312/5246 5262/6301/5241
f 5262/6301/5241 2249/6312/5246 2250/6313/5247 5265/6302/5242
f 5265/6302/5242 2250/6313/5247 2251/6314/5248 5268/6305/5245
f 5268/6305/5245 2251/6314/5248 352/6315/5249 2252/6316/5250
f 5267/6303/5243 5268/6305/5245 2252/6316/5250 2253/6317/5251
f 5266/6304/5244 5267/6303/5243 2253/6317/5251 2254/6318/5252
f 2230/6319/5200 5266/6304/5244 2254/6318/5252 348/6256/5201
f 2229/6320/5199 5263/6300/5240 5266/6304/5244 2230/6319/5200
f 2228/6308/5198 5260/6297/5237 5263/6300/5240 2229/6320/5199
f 5269/6321/5253 5270/6322/5254 5273/6323/5255 5272/6324/5256
f 5270/6322/5254 5271/6325/5257 5274/6326/5258 5273/6323/5255
f 5272/6324/5256 5273/6323/5255 5276/6327/5259 5275/6328/5260
f 5273/6323/5255 5274/6326/5258 5277/6329/5261 5276/6327/5259
f 348/6256/5201 2254/6318/5252 5269/6321/5253 2234/6271/5214
f 2254/6318/5252 2253/6317/5251 5270/6322/5254 5269/6321/5253
f 2253/6317/5251 2252/6316/5250 5271/6325/5257 5270/6322/5254
f 2252/6316/5250 352/6315/5249 2255/6330/5262 5271/6325/5257
f 5271/6325/5257 2255/6330/5262 2256/6331/5263 5274/6326/5258
f 5274/6326/5258 2256/6331/5263 2257/6332/5264 5277/6329/5261
f 5277/6329/5261 2257/6332/5264 350/6333/5265 2258/6334/5266
f 5276/6327/5259 5277/6329/5261 2258/6334/5266 2259/6335/5267
f 5275/6328/5260 5276/6327/5259 2259/6335/5267 2260/6336/5268
f 2236/6273/5216 5275/6328/5260 2260/6336/5268 346/6274/5217
f 2235/6272/5215 5272/6324/5256 5275/6328/5260 2236/6273/5216
f 2234/6271/5214 5269/6321/5253 5272/6324/5256 2235/6272/5215
f 5278/6337/5269 5279/3972/5270 5282/6338/5271 5281/6339/5272
f 5279/3972/5270 5280/6340/5273 5283/6341/5274 5282/6338/5271
f 5281/6339/5272 5282/6338/5271 5285/6342/5275 5284/6343/5276
f 5282/6338/5271 5283/6341/5274 5286/6344/5277 5285/6342/5275
f 349/3975/3304 2261/3973/3302 5278/6337/5269 2243/6345/5230
f 2261/3973/3302 2262/3972/3301 5279/3972/5270 5278/6337/5269
f 2262/3972/3301 2263/3971/3300 5280/6340/5273 5279/3972/5270
f 2263/3971/3300 226/24/3299 1603/6346/3776 5280/6340/5273
f 5280/6340/5273 1603/6346/3776 1602/6347/3788 5283/6341/5274
f 5283/6341/5274 1602/6347/3788 1601/6348/3786 5286/6344/5277
f 5286/6344/5277 1601/6348/3786 228/6349/3787 2264/6350/5278
f 5285/6342/5275 5286/6344/5277 2264/6350/5278 2265/6351/5279
f 5284/6343/5276 5285/6342/5275 2265/6351/5279 2266/6352/5280
f 2245/6353/5232 5284/6343/5276 2266/6352/5280 351/6354/5233
f 2244/6355/5231 5281/6339/5272 5284/6343/5276 2245/6353/5232
f 2243/6345/5230 5278/6337/5269 5281/6339/5272 2244/6355/5231
f 5287/6356/5281 5288/6357/5282 5291/6358/5283 5290/6359/5284
f 5288/6357/5282 5289/6360/5285 5292/6361/5286 5291/6358/5283
f 5290/6359/5284 5291/6358/5283 5294/6362/5287 5293/6363/5288
f 5291/6358/5283 5292/6361/5286 5295/6364/5289 5294/6362/5287
f 351/6365/5233 2266/6366/5280 5287/6356/5281 2249/6367/5246
f 2266/6366/5280 2265/6368/5279 5288/6357/5282 5287/6356/5281
f 2265/6368/5279 2264/6369/5278 5289/6360/5285 5288/6357/5282
f 2264/6369/5278 228/6370/3787 1615/6371/3798 5289/6360/5285
f 5289/6360/5285 1615/6371/3798 1614/6372/3808 5292/6361/5286
f 5292/6361/5286 1614/6372/3808 1613/6373/3806 5295/6364/5289
f 5295/6364/5289 1613/6373/3806 227/4566/3807 2267/6374/5290
f 5294/6362/5287 5295/6364/5289 2267/6374/5290 2268/6375/5291
f 5293/6363/5288 5294/6362/5287 2268/6375/5291 2269/6376/5292
f 2251/6377/5248 5293/6363/5288 2269/6376/5292 352/6315/5249
f 2250/6378/5247 5290/6359/5284 5293/6363/5288 2251/6377/5248
f 2249/6367/5246 5287/6356/5281 5290/6359/5284 2250/6378/5247
f 5296/6379/5293 5297/6380/5294 5300/6381/5295 5299/6382/5296
f 5297/6380/5294 5298/6383/5297 5301/6384/5298 5300/6381/5295
f 5299/6382/5296 5300/6381/5295 5303/6385/5299 5302/6386/5300
f 5300/6381/5295 5301/6384/5298 5304/6387/5301 5303/6385/5299
f 352/6315/5249 2269/6376/5292 5296/6379/5293 2255/6330/5262
f 2269/6376/5292 2268/6375/5291 5297/6380/5294 5296/6379/5293
f 2268/6375/5291 2267/6374/5290 5298/6383/5297 5297/6380/5294
f 2267/6374/5290 227/4566/3807 1624/4577/3818 5298/6383/5297
f 5298/6383/5297 1624/4577/3818 1623/4587/3828 5301/6384/5298
f 5301/6384/5298 1623/4587/3828 1622/4585/3826 5304/6387/5301
f 5304/6387/5301 1622/4585/3826 225/4586/3827 2270/6388/5302
f 5303/6385/5299 5304/6387/5301 2270/6388/5302 2271/6389/5303
f 5302/6386/5300 5303/6385/5299 2271/6389/5303 2272/6390/5304
f 2257/6332/5264 5302/6386/5300 2272/6390/5304 350/6333/5265
f 2256/6331/5263 5299/6382/5296 5302/6386/5300 2257/6332/5264
f 2255/6330/5262 5296/6379/5293 5299/6382/5296 2256/6331/5263
f 5305/6391/5305 5306/6392/5306 5309/6393/5307 5308/6394/5308
f 5306/6392/5306 5307/6395/5309 5310/6396/5310 5309/6393/5307
f 5308/6394/5308 5309/6393/5307 5312/6397/5311 5311/6398/5312
f 5309/6393/5307 5310/6396/5310 5313/6399/5313 5312/6397/5311
f 1/615/24 353/6400/615 5305/6391/5305 2275/6401/3296
f 353/6400/615 354/630/625 5306/6392/5306 5305/6391/5305
f 354/630/625 355/6402/623 5307/6395/5309 5306/6392/5306
f 355/6402/623 2/4218/624 2276/4220/3511 5307/6395/5309
f 5307/6395/5309 2276/4220/3511 2277/4227/3517 5310/6396/5310
f 5310/6396/5310 2277/4227/3517 2278/4225/3515 5313/6399/5313
f 5313/6399/5313 2278/4225/3515 229/4226/3516 1606/4532/3778
f 5312/6397/5311 5313/6399/5313 1606/4532/3778 1605/4523/3777
f 5311/6398/5312 5312/6397/5311 1605/4523/3777 1604/4530/3775
f 2273/6401/3298 5311/6398/5312 1604/4530/3775 226/615/3299
f 2274/6401/3297 5308/6394/5308 5311/6398/5312 2273/6401/3298
f 2275/6401/3296 5305/6391/5305 5308/6394/5308 2274/6401/3297
o Plane.021
v 0.032188 -0.019618 0.590647
v 0.233325 -0.019618 0.571214
v 0.032188 0.182456 0.590647
v 0.233325 0.182456 0.571214
v 0.226110 0.172179 0.571911
v 0.331050 0.172179 0.561772
v 0.226110 0.277607 0.571911
v 0.331050 0.277607 0.561772
v 0.026725 -0.019618 0.534109
v 0.227863 -0.019618 0.514676
v 0.026725 0.182456 0.534109
v 0.227863 0.182456 0.514676
v 0.220648 0.172179 0.515373
v 0.325587 0.172179 0.505235
v 0.220648 0.277607 0.515373
v 0.325587 0.277607 0.505235
v -0.219709 -0.019618 0.508511
v -0.370731 -0.019618 0.374249
v -0.219709 0.182456 0.508511
v -0.370731 0.182456 0.374249
v -0.365314 0.172179 0.379065
v -0.444106 0.172179 0.309016
v -0.365314 0.277607 0.379065
v -0.444106 0.277607 0.309016
v -0.181969 -0.019618 0.466060
v -0.332991 -0.019618 0.331798
v -0.181969 0.182456 0.466060
v -0.332991 0.182456 0.331798
v -0.327574 0.172179 0.336614
v -0.406367 0.172179 0.266565
v -0.327574 0.277607 0.336614
v -0.406367 0.277607 0.266565
vn 0.0962 -0.0000 0.9954
vn -0.0962 -0.0000 -0.9954
vn -0.9954 -0.0000 0.0962
vn -0.0000 1.0000 -0.0000
vn -0.0000 -1.0000 -0.0000
vn 0.9954 -0.0000 -0.0962
vn -0.6644 -0.0000 0.7474
vn 0.6644 -0.0000 -0.7474
vn 0.7474 -0.0000 0.6644
vn -0.7474 -0.0000 -0.6644
vt 0.000000 0.000000
vt 1.000000 0.000000
vt 1.000000 1.000000
vt 0.000000 1.000000
s 0
usemtl BLUE
f 5314/6403/5314 5315/6404/5314 5317/6405/5314 5316/6406/5314
f 5318/6403/5314 5319/6404/5314 5321/6405/5314 5320/6406/5314
f 5322/6403/5315 5324/6406/5315 5325/6405/5315 5323/6404/5315
f 5326/6403/5315 5328/6406/5315 5329/6405/5315 5327/6404/5315
f 5316/6406/5316 5324/6406/5316 5322/6403/5316 5314/6403/5316
f 5321/6405/5317 5329/6405/5317 5328/6406/5317 5320/6406/5317
f 5318/6403/5318 5326/6403/5318 5327/6404/5318 5319/6404/5318
f 5317/6405/5317 5325/6405/5317 5324/6406/5317 5316/6406/5317
f 5314/6403/5318 5322/6403/5318 5323/6404/5318 5315/6404/5318
f 5319/6404/5319 5327/6404/5319 5329/6405/5319 5321/6405/5319
f 5320/6406/5316 5328/6406/5316 5326/6403/5316 5318/6403/5316
f 5315/6404/5319 5323/6404/5319 5325/6405/5319 5317/6405/5319
f 5330/6403/5320 5332/6406/5320 5333/6405/5320 5331/6404/5320
f 5334/6403/5320 5336/6406/5320 5337/6405/5320 5335/6404/5320
f 5338/6403/5321 5339/6404/5321 5341/6405/5321 5340/6406/5321
f 5342/6403/5321 5343/6404/5321 5345/6405/5321 5344/6406/5321
f 5332/6406/5322 5330/6403/5322 5338/6403/5322 5340/6406/5322
f 5337/6405/5317 5336/6406/5317 5344/6406/5317 5345/6405/5317
f 5334/6403/5318 5335/6404/5318 5343/6404/5318 5342/6403/5318
f 5333/6405/5317 5332/6406/5317 5340/6406/5317 5341/6405/5317
f 5330/6403/5318 5331/6404/5318 5339/6404/5318 5338/6403/5318
f 5335/6404/5323 5337/6405/5323 5345/6405/5323 5343/6404/5323
f 5336/6406/5322 5334/6403/5322 5342/6403/5322 5344/6406/5322
f 5331/6404/5323 5333/6405/5323 5341/6405/5323 5339/6404/5323
o STARS.023
v 0.854217 0.229256 0.083184
v 0.854217 0.356599 0.083184
v 0.981560 0.229256 0.083184
v 0.981560 0.356599 0.083184
v 0.732743 0.265175 0.055828
v 0.732743 0.320680 0.055828
v 1.103035 0.320680 0.055828
v 1.103035 0.265175 0.055828
v 0.945642 0.107781 0.055828
v 0.890136 0.107781 0.055828
v 0.890136 0.478073 0.055828
v 0.945642 0.478073 0.055828
v 0.854217 0.229256 -0.015229
v 0.854217 0.356599 -0.015229
v 0.981560 0.229256 -0.015229
v 0.981560 0.356599 -0.015229
v 0.732743 0.265175 0.012127
v 0.732743 0.320680 0.012127
v 1.103035 0.320680 0.012127
v 1.103035 0.265175 0.012127
v 0.945642 0.107781 0.012127
v 0.890136 0.107781 0.012127
v 0.890136 0.478073 0.012127
v 0.945642 0.478073 0.012127
vn 0.0690 -0.0690 0.9952
vn 0.0690 0.0690 0.9952
vn -0.0690 0.0690 0.9952
vn -0.0690 -0.0690 0.9952
vn -0.2197 -0.0000 0.9756
vn 0.2197 -0.0000 0.9756
vn -0.0000 -0.2197 0.9756
vn -0.0000 0.2197 0.9756
vn 0.0690 -0.0690 -0.9952
vn -0.0690 -0.0690 -0.9952
vn -0.0690 0.0690 -0.9952
vn 0.0690 0.0690 -0.9952
vn -0.2197 -0.0000 -0.9756
vn 0.2197 -0.0000 -0.9756
vn -0.0000 -0.2197 -0.9756
vn -0.0000 0.2197 -0.9756
vn 0.9590 0.2836 -0.0000
vn -0.2836 0.9590 -0.0000
vn -0.9590 -0.2836 -0.0000
vn 0.2836 -0.9590 -0.0000
vn -0.2836 -0.9590 -0.0000
vn -0.0000 1.0000 -0.0000
vn -0.0000 -1.0000 -0.0000
vn 1.0000 -0.0000 -0.0000
vn -0.9590 0.2836 -0.0000
vn -1.0000 -0.0000 -0.0000
vn 0.9590 -0.2836 -0.0000
vn 0.2836 0.9590 -0.0000
vt 0.375000 0.750000
vt 0.625000 0.750000
vt 0.625000 1.000000
vt 0.375000 1.000000
vt 0.625000 0.000000
vt 0.375000 0.000000
vt 0.125000 0.750000
vt 0.875000 0.750000
s 1
usemtl BLUE
f 5348/6407/5324 5349/6408/5325 5347/6409/5326 5346/6410/5327
f 5347/6411/5326 5351/6411/5328 5350/6412/5328 5346/6412/5327
f 5348/6407/5324 5353/6407/5329 5352/6408/5329 5349/6408/5325
f 5346/6413/5327 5355/6413/5330 5354/6407/5330 5348/6407/5324
f 5349/6408/5325 5357/6408/5331 5356/6414/5331 5347/6414/5326
f 5360/6407/5332 5358/6410/5333 5359/6409/5334 5361/6408/5335
f 5359/6411/5334 5358/6412/5333 5362/6412/5336 5363/6411/5336
f 5360/6407/5332 5361/6408/5335 5364/6408/5337 5365/6407/5337
f 5358/6413/5333 5360/6407/5332 5366/6407/5338 5367/6413/5338
f 5361/6408/5335 5359/6414/5334 5368/6414/5339 5369/6408/5339
f 5349/6408/5340 5361/6408/5340 5369/6408/5340 5357/6408/5340
f 5347/6411/5341 5359/6411/5341 5363/6411/5341 5351/6411/5341
f 5346/6413/5342 5358/6413/5342 5367/6413/5342 5355/6413/5342
f 5348/6407/5343 5360/6407/5343 5365/6407/5343 5353/6407/5343
f 5350/6412/5344 5362/6412/5344 5358/6412/5344 5346/6412/5344
f 5357/6408/5345 5369/6408/5345 5368/6414/5345 5356/6414/5345
f 5355/6413/5346 5367/6413/5346 5366/6407/5346 5354/6407/5346
f 5353/6407/5347 5365/6407/5347 5364/6408/5347 5352/6408/5347
f 5356/6414/5348 5368/6414/5348 5359/6414/5348 5347/6414/5348
f 5351/6411/5349 5363/6411/5349 5362/6412/5349 5350/6412/5349
f 5354/6407/5350 5366/6407/5350 5360/6407/5350 5348/6407/5350
f 5352/6408/5351 5364/6408/5351 5361/6408/5351 5349/6408/5351
o STARS.024
v -0.351607 -0.936559 0.069076
v -0.351607 -0.830813 0.069076
v -0.245861 -0.936559 0.069076
v -0.245861 -0.830813 0.069076
v -0.452479 -0.906732 0.046359
v -0.452479 -0.860640 0.046359
v -0.144989 -0.860640 0.046359
v -0.144989 -0.906732 0.046359
v -0.275688 -1.037431 0.046359
v -0.321780 -1.037431 0.046359
v -0.321780 -0.729941 0.046359
v -0.275688 -0.729941 0.046359
v -0.351607 -0.936559 -0.012646
v -0.351607 -0.830813 -0.012646
v -0.245861 -0.936559 -0.012646
v -0.245861 -0.830813 -0.012646
v -0.452479 -0.906732 0.010071
v -0.452479 -0.860640 0.010071
v -0.144989 -0.860640 0.010071
v -0.144989 -0.906732 0.010071
v -0.275688 -1.037431 0.010071
v -0.321780 -1.037431 0.010071
v -0.321780 -0.729941 0.010071
v -0.275688 -0.729941 0.010071
vn 0.0690 -0.0690 0.9952
vn 0.0690 0.0690 0.9952
vn -0.0690 0.0690 0.9952
vn -0.0690 -0.0690 0.9952
vn -0.2197 -0.0000 0.9756
vn 0.2197 -0.0000 0.9756
vn -0.0000 -0.2197 0.9756
vn -0.0000 0.2197 0.9756
vn 0.0690 -0.0690 -0.9952
vn -0.0690 -0.0690 -0.9952
vn -0.0690 0.0690 -0.9952
vn 0.0690 0.0690 -0.9952
vn -0.2197 -0.0000 -0.9756
vn 0.2197 -0.0000 -0.9756
vn -0.0000 -0.2197 -0.9756
vn -0.0000 0.2197 -0.9756
vn 0.9590 0.2836 -0.0000
vn -0.2836 0.9590 -0.0000
vn -0.9590 -0.2836 -0.0000
vn 0.2836 -0.9590 -0.0000
vn -0.2836 -0.9590 -0.0000
vn -0.0000 1.0000 -0.0000
vn -0.0000 -1.0000 -0.0000
vn 1.0000 -0.0000 -0.0000
vn -0.9590 0.2836 -0.0000
vn -1.0000 -0.0000 -0.0000
vn 0.9590 -0.2836 -0.0000
vn 0.2836 0.9590 -0.0000
vt 0.375000 0.750000
vt 0.625000 0.750000
vt 0.625000 1.000000
vt 0.375000 1.000000
vt 0.625000 0.000000
vt 0.375000 0.000000
vt 0.125000 0.750000
vt 0.875000 0.750000
s 1
usemtl ORANGE
f 5372/6415/5352 5373/6416/5353 5371/6417/5354 5370/6418/5355
f 5371/6419/5354 5375/6419/5356 5374/6420/5356 5370/6420/5355
f 5372/6415/5352 5377/6415/5357 5376/6416/5357 5373/6416/5353
f 5370/6421/5355 5379/6421/5358 5378/6415/5358 5372/6415/5352
f 5373/6416/5353 5381/6416/5359 5380/6422/5359 5371/6422/5354
f 5384/6415/5360 5382/6418/5361 5383/6417/5362 5385/6416/5363
f 5383/6419/5362 5382/6420/5361 5386/6420/5364 5387/6419/5364
f 5384/6415/5360 5385/6416/5363 5388/6416/5365 5389/6415/5365
f 5382/6421/5361 5384/6415/5360 5390/6415/5366 5391/6421/5366
f 5385/6416/5363 5383/6422/5362 5392/6422/5367 5393/6416/5367
f 5373/6416/5368 5385/6416/5368 5393/6416/5368 5381/6416/5368
f 5371/6419/5369 5383/6419/5369 5387/6419/5369 5375/6419/5369
f 5370/6421/5370 5382/6421/5370 5391/6421/5370 5379/6421/5370
f 5372/6415/5371 5384/6415/5371 5389/6415/5371 5377/6415/5371
f 5374/6420/5372 5386/6420/5372 5382/6420/5372 5370/6420/5372
f 5381/6416/5373 5393/6416/5373 5392/6422/5373 5380/6422/5373
f 5379/6421/5374 5391/6421/5374 5390/6415/5374 5378/6415/5374
f 5377/6415/5375 5389/6415/5375 5388/6416/5375 5376/6416/5375
f 5380/6422/5376 5392/6422/5376 5383/6422/5376 5371/6422/5376
f 5375/6419/5377 5387/6419/5377 5386/6420/5377 5374/6420/5377
f 5378/6415/5378 5390/6415/5378 5384/6415/5378 5372/6415/5378
f 5376/6416/5379 5388/6416/5379 5385/6416/5379 5373/6416/5379
o Sphere.022
v -0.680777 0.057644 -0.053541
v -0.680777 0.031056 -0.080130
v -0.680777 -0.003684 -0.094519
v -0.680777 -0.022485 -0.096371
v -0.680777 -0.041286 -0.094519
v -0.680777 -0.076026 -0.080130
v -0.677109 0.072034 -0.018440
v -0.673582 0.066550 -0.036171
v -0.670331 0.057644 -0.052512
v -0.667482 0.045659 -0.066835
v -0.665144 0.031056 -0.078590
v -0.663407 0.014394 -0.087324
v -0.662337 -0.003684 -0.092703
v -0.661976 -0.022485 -0.094519
v -0.662337 -0.041286 -0.092703
v -0.663407 -0.059365 -0.087324
v -0.665144 -0.076026 -0.078590
v -0.667482 -0.090630 -0.066835
v -0.670331 -0.102615 -0.052512
v -0.673582 -0.111520 -0.036171
v -0.677109 -0.117004 -0.018440
v -0.673582 0.072034 -0.017370
v -0.666664 0.066550 -0.034072
v -0.660287 0.057644 -0.049465
v -0.654699 0.045659 -0.062957
v -0.650112 0.031056 -0.074030
v -0.646704 0.014394 -0.082258
v -0.644606 -0.003684 -0.087324
v -0.643897 -0.022485 -0.089035
v -0.644606 -0.041286 -0.087324
v -0.646704 -0.059365 -0.082258
v -0.650112 -0.076026 -0.074030
v -0.654699 -0.090630 -0.062957
v -0.660287 -0.102615 -0.049465
v -0.666664 -0.111520 -0.034072
v -0.673582 -0.117004 -0.017370
v -0.670331 0.072034 -0.015633
v -0.660287 0.066550 -0.030664
v -0.651031 0.057644 -0.044518
v -0.642918 0.045659 -0.056660
v -0.636259 0.031056 -0.066625
v -0.631311 0.014394 -0.074030
v -0.628265 -0.003684 -0.078590
v -0.627236 -0.022485 -0.080130
v -0.628265 -0.041286 -0.078590
v -0.631311 -0.059365 -0.074030
v -0.636259 -0.076026 -0.066625
v -0.642918 -0.090630 -0.056660
v -0.651031 -0.102615 -0.044518
v -0.660287 -0.111520 -0.030664
v -0.670331 -0.117004 -0.015633
v -0.667482 0.072034 -0.013294
v -0.654699 0.066550 -0.026078
v -0.642918 0.057644 -0.037859
v -0.632591 0.045659 -0.048185
v -0.624117 0.031056 -0.056660
v -0.617819 0.014394 -0.062957
v -0.613942 -0.003684 -0.066835
v -0.612632 -0.022485 -0.068145
v -0.613942 -0.041286 -0.066835
v -0.617819 -0.059365 -0.062957
v -0.624117 -0.076026 -0.056660
v -0.632591 -0.090630 -0.048185
v -0.642918 -0.102615 -0.037859
v -0.654699 -0.111520 -0.026078
v -0.667482 -0.117004 -0.013294
v -0.665144 0.072034 -0.010445
v -0.650112 0.066550 -0.020489
v -0.636259 0.057644 -0.029746
v -0.624117 0.045659 -0.037859
v -0.614151 0.031056 -0.044518
v -0.606747 0.014394 -0.049465
v -0.602187 -0.003684 -0.052512
v -0.600647 -0.022485 -0.053541
v -0.602187 -0.041286 -0.052512
v -0.606747 -0.059365 -0.049465
v -0.614151 -0.076026 -0.044518
v -0.624117 -0.090630 -0.037859
v -0.636259 -0.102615 -0.029746
v -0.650112 -0.111520 -0.020489
v -0.665144 -0.117004 -0.010445
v -0.680777 0.073886 -0.000000
v -0.663407 0.072034 -0.007195
v -0.646704 0.066550 -0.014113
v -0.631311 0.057644 -0.020489
v -0.617819 0.045659 -0.026078
v -0.606747 0.031056 -0.030664
v -0.598519 0.014394 -0.034072
v -0.593452 -0.003684 -0.036171
v -0.591742 -0.022485 -0.036880
v -0.593452 -0.041286 -0.036171
v -0.598519 -0.059365 -0.034072
v -0.606747 -0.076026 -0.030664
v -0.617819 -0.090630 -0.026078
v -0.631311 -0.102615 -0.020489
v -0.646704 -0.111520 -0.014113
v -0.663407 -0.117004 -0.007195
v -0.662337 0.072034 -0.003668
v -0.644606 0.066550 -0.007195
v -0.628265 0.057644 -0.010445
v -0.613942 0.045659 -0.013294
v -0.602187 0.031056 -0.015632
v -0.593452 0.014394 -0.017370
v -0.588074 -0.003684 -0.018440
v -0.586258 -0.022485 -0.018801
v -0.588074 -0.041286 -0.018440
v -0.593452 -0.059365 -0.017370
v -0.602187 -0.076026 -0.015632
v -0.613942 -0.090630 -0.013294
v -0.628265 -0.102615 -0.010445
v -0.644606 -0.111520 -0.007195
v -0.662337 -0.117004 -0.003668
v -0.661976 0.072034 -0.000000
v -0.643897 0.066550 -0.000000
v -0.627236 0.057644 0.000000
v -0.612632 0.045659 -0.000000
v -0.600647 0.031056 0.000000
v -0.591742 0.014394 -0.000000
v -0.586257 -0.003684 0.000000
v -0.584406 -0.022485 0.000000
v -0.586257 -0.041286 0.000000
v -0.591742 -0.059365 -0.000000
v -0.600647 -0.076026 0.000000
v -0.612632 -0.090630 -0.000000
v -0.627236 -0.102615 0.000000
v -0.643897 -0.111520 -0.000000
v -0.661976 -0.117004 -0.000000
v -0.662337 0.072034 0.003668
v -0.644606 0.066550 0.007195
v -0.628265 0.057644 0.010445
v -0.613942 0.045659 0.013294
v -0.602187 0.031056 0.015632
v -0.593452 0.014394 0.017370
v -0.588074 -0.003684 0.018440
v -0.586258 -0.022485 0.018801
v -0.588074 -0.041286 0.018440
v -0.593452 -0.059365 0.017370
v -0.602187 -0.076026 0.015632
v -0.613942 -0.090630 0.013294
v -0.628265 -0.102615 0.010445
v -0.644606 -0.111520 0.007195
v -0.662337 -0.117004 0.003668
v -0.663407 0.072034 0.007195
v -0.646704 0.066550 0.014113
v -0.631311 0.057644 0.020489
v -0.617819 0.045659 0.026078
v -0.606747 0.031056 0.030664
v -0.598519 0.014394 0.034072
v -0.593452 -0.003684 0.036171
v -0.591742 -0.022485 0.036880
v -0.593452 -0.041286 0.036171
v -0.598519 -0.059365 0.034072
v -0.606747 -0.076026 0.030664
v -0.617819 -0.090630 0.026078
v -0.631311 -0.102615 0.020489
v -0.646704 -0.111520 0.014113
v -0.663407 -0.117004 0.007195
v -0.665144 0.072034 0.010445
v -0.650112 0.066550 0.020489
v -0.636259 0.057644 0.029746
v -0.624117 0.045659 0.037859
v -0.614151 0.031056 0.044518
v -0.606747 0.014394 0.049465
v -0.602187 -0.003684 0.052512
v -0.600647 -0.022485 0.053541
v -0.602187 -0.041286 0.052512
v -0.606747 -0.059365 0.049465
v -0.614151 -0.076026 0.044518
v -0.624117 -0.090630 0.037859
v -0.636259 -0.102615 0.029746
v -0.650112 -0.111520 0.020489
v -0.665144 -0.117004 0.010445
v -0.667482 0.072034 0.013294
v -0.654699 0.066550 0.026078
v -0.642918 0.057644 0.037859
v -0.632591 0.045659 0.048185
v -0.624117 0.031056 0.056660
v -0.617819 0.014394 0.062957
v -0.613942 -0.003684 0.066835
v -0.612632 -0.022485 0.068145
v -0.613942 -0.041286 0.066835
v -0.617819 -0.059365 0.062957
v -0.624117 -0.076026 0.056660
v -0.632591 -0.090630 0.048185
v -0.642918 -0.102615 0.037859
v -0.654699 -0.111520 0.026078
v -0.667482 -0.117004 0.013294
v -0.670331 0.072034 0.015632
v -0.660287 0.066550 0.030664
v -0.651031 0.057644 0.044518
v -0.642918 0.045659 0.056660
v -0.636259 0.031056 0.066625
v -0.631311 0.014394 0.074030
v -0.628265 -0.003684 0.078590
v -0.627236 -0.022485 0.080130
v -0.628265 -0.041286 0.078590
v -0.631311 -0.059365 0.074030
v -0.636259 -0.076026 0.066625
v -0.642918 -0.090630 0.056660
v -0.651031 -0.102615 0.044518
v -0.660287 -0.111520 0.030664
v -0.670331 -0.117004 0.015632
v -0.673582 0.072034 0.017370
v -0.666664 0.066550 0.034072
v -0.660288 0.057644 0.049465
v -0.654699 0.045659 0.062957
v -0.650113 0.031056 0.074030
v -0.646704 0.014394 0.082258
v -0.644606 -0.003684 0.087324
v -0.643897 -0.022485 0.089035
v -0.644606 -0.041286 0.087324
v -0.646704 -0.059365 0.082258
v -0.650113 -0.076026 0.074030
v -0.654699 -0.090630 0.062957
v -0.660288 -0.102615 0.049465
v -0.666664 -0.111520 0.034072
v -0.673582 -0.117004 0.017370
v -0.677109 0.072034 0.018440
v -0.673582 0.066550 0.036171
v -0.670331 0.057644 0.052512
v -0.667482 0.045659 0.066835
v -0.665144 0.031056 0.078590
v -0.663407 0.014394 0.087324
v -0.662337 -0.003684 0.092703
v -0.661976 -0.022485 0.094519
v -0.662337 -0.041286 0.092703
v -0.663407 -0.059365 0.087324
v -0.665144 -0.076026 0.078590
v -0.667482 -0.090630 0.066835
v -0.670331 -0.102615 0.052512
v -0.673582 -0.111520 0.036171
v -0.677109 -0.117004 0.018440
v -0.680777 0.072034 0.018801
v -0.680777 0.066550 0.036880
v -0.680777 0.057644 0.053541
v -0.680777 0.045659 0.068145
v -0.680777 0.031056 0.080130
v -0.680777 0.014394 0.089035
v -0.680777 -0.003684 0.094519
v -0.680777 -0.022485 0.096371
v -0.680777 -0.041286 0.094519
v -0.680777 -0.059365 0.089035
v -0.680777 -0.076026 0.080130
v -0.680777 -0.090630 0.068145
v -0.680777 -0.102615 0.053541
v -0.680777 -0.111520 0.036880
v -0.680777 -0.117004 0.018801
v -0.684445 0.072034 0.018440
v -0.687972 0.066550 0.036171
v -0.691222 0.057644 0.052512
v -0.694071 0.045659 0.066835
v -0.696409 0.031056 0.078590
v -0.698147 0.014394 0.087324
v -0.699216 -0.003684 0.092703
v -0.699578 -0.022485 0.094519
v -0.699216 -0.041286 0.092703
v -0.698147 -0.059365 0.087324
v -0.696409 -0.076026 0.078590
v -0.694071 -0.090630 0.066835
v -0.691222 -0.102615 0.052512
v -0.687972 -0.111520 0.036171
v -0.684445 -0.117004 0.018440
v -0.687972 0.072034 0.017370
v -0.694890 0.066550 0.034072
v -0.701266 0.057644 0.049465
v -0.706855 0.045659 0.062957
v -0.711441 0.031056 0.074030
v -0.714849 0.014394 0.082258
v -0.716948 -0.003684 0.087324
v -0.717656 -0.022485 0.089035
v -0.716948 -0.041286 0.087324
v -0.714849 -0.059365 0.082258
v -0.711441 -0.076026 0.074030
v -0.706855 -0.090630 0.062957
v -0.701266 -0.102615 0.049465
v -0.694890 -0.111520 0.034072
v -0.687972 -0.117004 0.017370
v -0.691222 0.072034 0.015632
v -0.701266 0.066550 0.030664
v -0.710522 0.057644 0.044518
v -0.718636 0.045659 0.056660
v -0.725294 0.031056 0.066625
v -0.730242 0.014394 0.074030
v -0.733289 -0.003684 0.078590
v -0.734318 -0.022485 0.080129
v -0.733289 -0.041286 0.078590
v -0.730242 -0.059365 0.074030
v -0.725294 -0.076026 0.066625
v -0.718636 -0.090630 0.056660
v -0.710522 -0.102615 0.044518
v -0.701266 -0.111520 0.030664
v -0.691222 -0.117004 0.015632
v -0.694071 0.072034 0.013294
v -0.706855 0.066550 0.026078
v -0.718636 0.057644 0.037859
v -0.728962 0.045659 0.048185
v -0.737437 0.031056 0.056660
v -0.743734 0.014394 0.062957
v -0.747612 -0.003684 0.066835
v -0.748921 -0.022485 0.068144
v -0.747612 -0.041286 0.066835
v -0.743734 -0.059365 0.062957
v -0.737437 -0.076026 0.056660
v -0.728962 -0.090630 0.048185
v -0.718636 -0.102615 0.037859
v -0.706855 -0.111520 0.026078
v -0.694071 -0.117004 0.013294
v -0.680777 -0.118856 -0.000000
v -0.696409 0.072034 0.010445
v -0.711441 0.066550 0.020489
v -0.725294 0.057644 0.029746
v -0.737437 0.045659 0.037859
v -0.747402 0.031056 0.044518
v -0.754807 0.014394 0.049465
v -0.759367 -0.003684 0.052512
v -0.760906 -0.022485 0.053541
v -0.759367 -0.041286 0.052512
v -0.754807 -0.059365 0.049465
v -0.747402 -0.076026 0.044518
v -0.737437 -0.090630 0.037859
v -0.725294 -0.102615 0.029746
v -0.711441 -0.111520 0.020489
v -0.696409 -0.117004 0.010445
v -0.698147 0.072034 0.007195
v -0.714849 0.066550 0.014113
v -0.730242 0.057644 0.020489
v -0.743734 0.045659 0.026078
v -0.754807 0.031056 0.030664
v -0.763034 0.014394 0.034072
v -0.768101 -0.003684 0.036171
v -0.769812 -0.022485 0.036880
v -0.768101 -0.041286 0.036171
v -0.763034 -0.059365 0.034072
v -0.754807 -0.076026 0.030664
v -0.743734 -0.090630 0.026078
v -0.730242 -0.102615 0.020489
v -0.714849 -0.111520 0.014113
v -0.698147 -0.117004 0.007195
v -0.699216 0.072034 0.003668
v -0.716948 0.066550 0.007195
v -0.733289 0.057644 0.010445
v -0.747612 0.045659 0.013294
v -0.759367 0.031056 0.015632
v -0.768101 0.014394 0.017370
v -0.773480 -0.003684 0.018440
v -0.775296 -0.022485 0.018801
v -0.773480 -0.041286 0.018440
v -0.768101 -0.059365 0.017370
v -0.759367 -0.076026 0.015632
v -0.747612 -0.090630 0.013294
v -0.733289 -0.102615 0.010445
v -0.716948 -0.111520 0.007195
v -0.699216 -0.117004 0.003668
v -0.699578 0.072034 -0.000000
v -0.717656 0.066550 -0.000000
v -0.734318 0.057644 -0.000000
v -0.748921 0.045659 -0.000000
v -0.760906 0.031056 -0.000000
v -0.769812 0.014394 -0.000000
v -0.775296 -0.003684 -0.000000
v -0.777148 -0.022485 -0.000000
v -0.775296 -0.041286 -0.000000
v -0.769812 -0.059365 -0.000000
v -0.760906 -0.076026 -0.000000
v -0.748921 -0.090630 -0.000000
v -0.734318 -0.102615 -0.000000
v -0.717656 -0.111520 -0.000000
v -0.699578 -0.117004 -0.000000
v -0.699216 0.072034 -0.003668
v -0.716948 0.066550 -0.007195
v -0.733289 0.057644 -0.010445
v -0.747612 0.045659 -0.013294
v -0.759367 0.031056 -0.015633
v -0.768101 0.014394 -0.017370
v -0.773480 -0.003684 -0.018440
v -0.775296 -0.022485 -0.018801
v -0.773480 -0.041286 -0.018440
v -0.768101 -0.059365 -0.017370
v -0.759367 -0.076026 -0.015633
v -0.747612 -0.090630 -0.013294
v -0.733289 -0.102615 -0.010445
v -0.716948 -0.111520 -0.007195
v -0.699216 -0.117004 -0.003668
v -0.698147 0.072034 -0.007195
v -0.714849 0.066550 -0.014113
v -0.730242 0.057644 -0.020489
v -0.743734 0.045659 -0.026078
v -0.754807 0.031056 -0.030664
v -0.763034 0.014394 -0.034072
v -0.768101 -0.003684 -0.036171
v -0.769812 -0.022485 -0.036880
v -0.768101 -0.041286 -0.036171
v -0.763034 -0.059365 -0.034072
v -0.754807 -0.076026 -0.030664
v -0.743734 -0.090630 -0.026078
v -0.730242 -0.102615 -0.020489
v -0.714849 -0.111520 -0.014113
v -0.698147 -0.117004 -0.007195
v -0.696409 0.072034 -0.010445
v -0.711441 0.066550 -0.020489
v -0.725294 0.057644 -0.029746
v -0.737437 0.045659 -0.037859
v -0.747402 0.031056 -0.044518
v -0.754807 0.014394 -0.049465
v -0.759367 -0.003684 -0.052512
v -0.760906 -0.022485 -0.053541
v -0.759367 -0.041286 -0.052512
v -0.754807 -0.059365 -0.049465
v -0.747402 -0.076026 -0.044518
v -0.737437 -0.090630 -0.037859
v -0.725294 -0.102615 -0.029746
v -0.711441 -0.111520 -0.020489
v -0.696409 -0.117004 -0.010445
v -0.694071 0.072034 -0.013294
v -0.706855 0.066550 -0.026078
v -0.718636 0.057644 -0.037859
v -0.728962 0.045659 -0.048185
v -0.737437 0.031056 -0.056660
v -0.743734 0.014394 -0.062957
v -0.747612 -0.003684 -0.066835
v -0.748921 -0.022485 -0.068145
v -0.747612 -0.041286 -0.066835
v -0.743734 -0.059365 -0.062957
v -0.737437 -0.076026 -0.056660
v -0.728962 -0.090630 -0.048185
v -0.718636 -0.102615 -0.037859
v -0.706855 -0.111520 -0.026078
v -0.694071 -0.117004 -0.013294
v -0.691222 0.072034 -0.015632
v -0.701266 0.066550 -0.030664
v -0.710522 0.057644 -0.044518
v -0.718636 0.045659 -0.056660
v -0.725294 0.031056 -0.066625
v -0.730242 0.014394 -0.074030
v -0.733289 -0.003684 -0.078590
v -0.734317 -0.022485 -0.080129
v -0.733289 -0.041286 -0.078590
v -0.730242 -0.059365 -0.074030
v -0.725294 -0.076026 -0.066625
v -0.718636 -0.090630 -0.056660
v -0.710522 -0.102615 -0.044518
v -0.701266 -0.111520 -0.030664
v -0.691222 -0.117004 -0.015632
v -0.687972 0.072034 -0.017370
v -0.694890 0.066550 -0.034072
v -0.701266 0.057644 -0.049465
v -0.706855 0.045659 -0.062957
v -0.711441 0.031056 -0.074030
v -0.714849 0.014394 -0.082258
v -0.716948 -0.003684 -0.087324
v -0.717656 -0.022485 -0.089035
v -0.716948 -0.041286 -0.087324
v -0.714849 -0.059365 -0.082258
v -0.711441 -0.076026 -0.074030
v -0.706855 -0.090630 -0.062957
v -0.701266 -0.102615 -0.049465
v -0.694890 -0.111520 -0.034072
v -0.687972 -0.117004 -0.017370
v -0.684445 0.072034 -0.018440
v -0.687972 0.066550 -0.036171
v -0.691222 0.057644 -0.052512
v -0.694071 0.045659 -0.066835
v -0.696409 0.031056 -0.078590
v -0.698147 0.014394 -0.087324
v -0.699216 -0.003684 -0.092703
v -0.699578 -0.022485 -0.094519
v -0.699216 -0.041286 -0.092703
v -0.698147 -0.059365 -0.087324
v -0.696409 -0.076026 -0.078590
v -0.694071 -0.090630 -0.066835
v -0.691222 -0.102615 -0.052512
v -0.687972 -0.111520 -0.036171
v -0.684445 -0.117004 -0.018440
v -0.680777 0.072034 -0.018801
v -0.680777 0.066550 -0.036880
v -0.680777 0.045659 -0.068145
v -0.680777 0.014394 -0.089035
v -0.680777 -0.059365 -0.089035
v -0.680777 -0.090630 -0.068145
v -0.680777 -0.102615 -0.053541
v -0.680777 -0.111520 -0.036880
v -0.680777 -0.117004 -0.018801
vn -0.0000 0.9796 -0.2010
vn -0.0000 1.0000 -0.0000
vn 0.0392 0.9796 -0.1971
vn -0.0000 -1.0000 -0.0000
vn -0.0000 -0.9796 -0.2010
vn 0.0392 -0.9796 -0.1971
vn -0.0000 -0.1939 -0.9810
vn -0.0000 -0.0000 -1.0000
vn 0.1951 -0.0000 -0.9808
vn 0.1914 -0.1939 -0.9622
vn -0.0000 0.9217 -0.3879
vn 0.0757 0.9217 -0.3804
vn -0.0000 -0.3805 -0.9248
vn 0.1804 -0.3805 -0.9070
vn -0.0000 0.8286 -0.5598
vn 0.1092 0.8286 -0.5490
vn -0.0000 -0.5528 -0.8333
vn 0.1626 -0.5528 -0.8173
vn -0.0000 0.7041 -0.7101
vn 0.1385 0.7041 -0.6965
vn -0.0000 -0.7041 -0.7101
vn 0.1385 -0.7041 -0.6965
vn -0.0000 0.5528 -0.8333
vn 0.1626 0.5528 -0.8173
vn -0.0000 -0.8286 -0.5598
vn 0.1092 -0.8286 -0.5490
vn -0.0000 0.3805 -0.9248
vn 0.1804 0.3805 -0.9070
vn -0.0000 -0.9217 -0.3879
vn 0.0757 -0.9217 -0.3804
vn -0.0000 0.1939 -0.9810
vn 0.1914 0.1939 -0.9622
vn 0.1484 -0.9217 -0.3584
vn 0.0769 -0.9796 -0.1857
vn 0.3754 0.1939 -0.9063
vn 0.3827 -0.0000 -0.9239
vn 0.0769 0.9796 -0.1857
vn 0.3754 -0.1939 -0.9063
vn 0.1484 0.9217 -0.3584
vn 0.3539 -0.3805 -0.8544
vn 0.2142 0.8286 -0.5172
vn 0.3189 -0.5528 -0.7699
vn 0.2718 0.7041 -0.6561
vn 0.2718 -0.7041 -0.6561
vn 0.3189 0.5528 -0.7699
vn 0.2142 -0.8286 -0.5172
vn 0.3539 0.3805 -0.8544
vn 0.3110 0.8286 -0.4654
vn 0.3945 0.7041 -0.5905
vn 0.4630 -0.5528 -0.6929
vn 0.3945 -0.7041 -0.5905
vn 0.4630 0.5528 -0.6929
vn 0.3110 -0.8286 -0.4654
vn 0.5138 0.3805 -0.7689
vn 0.2155 -0.9217 -0.3225
vn 0.5450 0.1939 -0.8157
vn 0.1117 -0.9796 -0.1671
vn 0.5556 -0.0000 -0.8315
vn 0.1117 0.9796 -0.1671
vn 0.5450 -0.1939 -0.8157
vn 0.2155 0.9217 -0.3225
vn 0.5138 -0.3805 -0.7689
vn 0.6937 0.1939 -0.6937
vn 0.7071 -0.0000 -0.7071
vn 0.1421 0.9796 -0.1421
vn 0.1421 -0.9796 -0.1421
vn 0.6937 -0.1939 -0.6937
vn 0.2743 0.9217 -0.2743
vn 0.6539 -0.3805 -0.6539
vn 0.3958 0.8286 -0.3958
vn 0.5893 -0.5528 -0.5893
vn 0.5021 0.7041 -0.5021
vn 0.5021 -0.7041 -0.5021
vn 0.5893 0.5528 -0.5893
vn 0.3958 -0.8286 -0.3958
vn 0.6539 0.3805 -0.6539
vn 0.2743 -0.9217 -0.2743
vn 0.6929 -0.5528 -0.4630
vn 0.5905 -0.7041 -0.3945
vn 0.5905 0.7041 -0.3945
vn 0.6929 0.5528 -0.4630
vn 0.4654 -0.8286 -0.3110
vn 0.7689 0.3805 -0.5138
vn 0.3225 -0.9217 -0.2155
vn 0.8157 0.1939 -0.5450
vn 0.1671 -0.9796 -0.1117
vn 0.8315 -0.0000 -0.5556
vn 0.1671 0.9796 -0.1117
vn 0.8157 -0.1939 -0.5450
vn 0.3225 0.9217 -0.2155
vn 0.7689 -0.3805 -0.5138
vn 0.4654 0.8286 -0.3110
vn 0.1857 0.9796 -0.0769
vn 0.1857 -0.9796 -0.0769
vn 0.9239 -0.0000 -0.3827
vn 0.9063 -0.1939 -0.3754
vn 0.3584 0.9217 -0.1484
vn 0.8544 -0.3805 -0.3539
vn 0.5172 0.8286 -0.2142
vn 0.7699 -0.5528 -0.3189
vn 0.6561 0.7041 -0.2718
vn 0.6561 -0.7041 -0.2718
vn 0.7699 0.5528 -0.3189
vn 0.5172 -0.8286 -0.2142
vn 0.8544 0.3805 -0.3539
vn 0.3584 -0.9217 -0.1484
vn 0.9063 0.1939 -0.3754
vn 0.6965 0.7041 -0.1385
vn 0.8173 0.5528 -0.1626
vn 0.6965 -0.7041 -0.1385
vn 0.5490 -0.8286 -0.1092
vn 0.9070 0.3805 -0.1804
vn 0.3804 -0.9217 -0.0757
vn 0.9622 0.1939 -0.1914
vn 0.1971 -0.9796 -0.0392
vn 0.9808 -0.0000 -0.1951
vn 0.1971 0.9796 -0.0392
vn 0.9622 -0.1939 -0.1914
vn 0.3804 0.9217 -0.0757
vn 0.9070 -0.3805 -0.1804
vn 0.5490 0.8286 -0.1092
vn 0.8173 -0.5528 -0.1626
vn 1.0000 -0.0000 -0.0000
vn 0.9810 -0.1939 -0.0000
vn 0.2010 0.9796 -0.0000
vn 0.3879 0.9217 -0.0000
vn 0.9248 -0.3805 -0.0000
vn 0.5598 0.8286 -0.0000
vn 0.8333 -0.5528 -0.0000
vn 0.7101 0.7041 -0.0000
vn 0.7101 -0.7041 -0.0000
vn 0.8333 0.5528 -0.0000
vn 0.5598 -0.8286 -0.0000
vn 0.9248 0.3805 -0.0000
vn 0.3879 -0.9217 -0.0000
vn 0.9810 0.1939 -0.0000
vn 0.2010 -0.9796 -0.0000
vn 0.6965 -0.7041 0.1385
vn 0.5490 -0.8286 0.1092
vn 0.8173 0.5528 0.1626
vn 0.9070 0.3805 0.1804
vn 0.3804 -0.9217 0.0757
vn 0.9622 0.1939 0.1914
vn 0.1971 -0.9796 0.0392
vn 0.9808 -0.0000 0.1951
vn 0.1971 0.9796 0.0392
vn 0.9622 -0.1939 0.1914
vn 0.3804 0.9217 0.0757
vn 0.9070 -0.3805 0.1804
vn 0.5490 0.8286 0.1092
vn 0.8173 -0.5528 0.1626
vn 0.6965 0.7041 0.1385
vn 0.9063 -0.1939 0.3754
vn 0.8544 -0.3805 0.3539
vn 0.3584 0.9217 0.1484
vn 0.5172 0.8286 0.2142
vn 0.7699 -0.5528 0.3189
vn 0.6561 0.7041 0.2718
vn 0.6561 -0.7041 0.2718
vn 0.7699 0.5528 0.3189
vn 0.5172 -0.8286 0.2142
vn 0.8544 0.3805 0.3539
vn 0.3584 -0.9217 0.1484
vn 0.9063 0.1939 0.3754
vn 0.1857 -0.9796 0.0769
vn 0.9239 -0.0000 0.3827
vn 0.1857 0.9796 0.0769
vn 0.4654 -0.8286 0.3110
vn 0.3225 -0.9217 0.2155
vn 0.7689 0.3805 0.5138
vn 0.8157 0.1939 0.5450
vn 0.1671 -0.9796 0.1117
vn 0.8315 -0.0000 0.5556
vn 0.1671 0.9796 0.1117
vn 0.8157 -0.1939 0.5450
vn 0.3225 0.9217 0.2155
vn 0.7689 -0.3805 0.5138
vn 0.4654 0.8286 0.3110
vn 0.6929 -0.5528 0.4630
vn 0.5905 0.7041 0.3945
vn 0.5905 -0.7041 0.3945
vn 0.6929 0.5528 0.4630
vn 0.2743 0.9217 0.2743
vn 0.3958 0.8286 0.3958
vn 0.6539 -0.3805 0.6539
vn 0.5893 -0.5528 0.5893
vn 0.5021 0.7041 0.5021
vn 0.5021 -0.7041 0.5021
vn 0.5893 0.5528 0.5893
vn 0.3958 -0.8286 0.3958
vn 0.6539 0.3805 0.6539
vn 0.2743 -0.9217 0.2743
vn 0.6937 0.1939 0.6937
vn 0.1421 -0.9796 0.1421
vn 0.7071 -0.0000 0.7071
vn 0.1421 0.9796 0.1421
vn 0.6937 -0.1939 0.6937
vn 0.5138 0.3805 0.7689
vn 0.5450 0.1939 0.8157
vn 0.2155 -0.9217 0.3225
vn 0.1117 -0.9796 0.1671
vn 0.5556 -0.0000 0.8315
vn 0.1117 0.9796 0.1671
vn 0.5450 -0.1939 0.8157
vn 0.2155 0.9217 0.3225
vn 0.5138 -0.3805 0.7689
vn 0.3110 0.8286 0.4654
vn 0.4630 -0.5528 0.6929
vn 0.3945 0.7041 0.5905
vn 0.3945 -0.7041 0.5905
vn 0.4630 0.5528 0.6929
vn 0.3110 -0.8286 0.4654
vn 0.3539 -0.3805 0.8544
vn 0.3189 -0.5528 0.7699
vn 0.2142 0.8286 0.5172
vn 0.2718 0.7041 0.6561
vn 0.2718 -0.7041 0.6561
vn 0.3189 0.5528 0.7699
vn 0.2142 -0.8286 0.5172
vn 0.3539 0.3805 0.8544
vn 0.1484 -0.9217 0.3584
vn 0.3754 0.1939 0.9063
vn 0.0769 -0.9796 0.1857
vn 0.3827 -0.0000 0.9239
vn 0.0769 0.9796 0.1857
vn 0.3754 -0.1939 0.9063
vn 0.1484 0.9217 0.3584
vn 0.0757 -0.9217 0.3804
vn 0.0392 -0.9796 0.1971
vn 0.1914 0.1939 0.9622
vn 0.1951 -0.0000 0.9808
vn 0.0392 0.9796 0.1971
vn 0.1914 -0.1939 0.9622
vn 0.0757 0.9217 0.3804
vn 0.1804 -0.3805 0.9070
vn 0.1092 0.8286 0.5490
vn 0.1626 -0.5528 0.8173
vn 0.1385 0.7041 0.6965
vn 0.1385 -0.7041 0.6965
vn 0.1626 0.5528 0.8173
vn 0.1092 -0.8286 0.5490
vn 0.1804 0.3805 0.9070
vn -0.0000 0.8286 0.5598
vn -0.0000 0.7041 0.7101
vn -0.0000 -0.5528 0.8333
vn -0.0000 -0.7041 0.7101
vn -0.0000 0.5528 0.8333
vn -0.0000 -0.8286 0.5598
vn -0.0000 0.3805 0.9248
vn -0.0000 -0.9217 0.3879
vn -0.0000 0.1939 0.9810
vn -0.0000 -0.9796 0.2010
vn -0.0000 -0.0000 1.0000
vn -0.0000 0.9796 0.2010
vn -0.0000 -0.1939 0.9810
vn -0.0000 0.9217 0.3879
vn -0.0000 -0.3805 0.9248
vn -0.1914 0.1939 0.9622
vn -0.1951 -0.0000 0.9808
vn -0.0392 0.9796 0.1971
vn -0.0392 -0.9796 0.1971
vn -0.1914 -0.1939 0.9622
vn -0.0757 0.9217 0.3804
vn -0.1804 -0.3805 0.9070
vn -0.1092 0.8286 0.5490
vn -0.1626 -0.5528 0.8173
vn -0.1385 0.7041 0.6965
vn -0.1385 -0.7041 0.6965
vn -0.1626 0.5528 0.8173
vn -0.1092 -0.8286 0.5490
vn -0.1804 0.3805 0.9070
vn -0.0757 -0.9217 0.3804
vn -0.3189 -0.5528 0.7699
vn -0.2718 -0.7041 0.6561
vn -0.2718 0.7041 0.6561
vn -0.3189 0.5528 0.7699
vn -0.2142 -0.8286 0.5172
vn -0.3539 0.3805 0.8544
vn -0.1484 -0.9217 0.3584
vn -0.3754 0.1939 0.9063
vn -0.0769 -0.9796 0.1857
vn -0.3827 -0.0000 0.9239
vn -0.0769 0.9796 0.1857
vn -0.3754 -0.1939 0.9063
vn -0.1484 0.9217 0.3584
vn -0.3539 -0.3805 0.8544
vn -0.2142 0.8286 0.5172
vn -0.1117 -0.9796 0.1671
vn -0.5556 -0.0000 0.8315
vn -0.5450 -0.1939 0.8157
vn -0.1117 0.9796 0.1671
vn -0.2155 0.9217 0.3225
vn -0.5138 -0.3805 0.7689
vn -0.3110 0.8286 0.4654
vn -0.4630 -0.5528 0.6929
vn -0.3945 0.7041 0.5905
vn -0.3945 -0.7041 0.5905
vn -0.4630 0.5528 0.6929
vn -0.3110 -0.8286 0.4654
vn -0.5138 0.3805 0.7689
vn -0.2155 -0.9217 0.3225
vn -0.5450 0.1939 0.8157
vn -0.5021 -0.7041 0.5021
vn -0.3958 -0.8286 0.3958
vn -0.5893 0.5528 0.5893
vn -0.6539 0.3805 0.6539
vn -0.2743 -0.9217 0.2743
vn -0.6937 0.1939 0.6937
vn -0.1421 -0.9796 0.1421
vn -0.7071 -0.0000 0.7071
vn -0.1421 0.9796 0.1421
vn -0.6937 -0.1939 0.6937
vn -0.2743 0.9217 0.2743
vn -0.6539 -0.3805 0.6539
vn -0.3958 0.8286 0.3958
vn -0.5893 -0.5528 0.5893
vn -0.5021 0.7041 0.5021
vn -0.1671 0.9796 0.1117
vn -0.3225 0.9217 0.2155
vn -0.8157 -0.1939 0.5450
vn -0.7689 -0.3805 0.5138
vn -0.4654 0.8286 0.3110
vn -0.6929 -0.5528 0.4630
vn -0.5905 0.7041 0.3945
vn -0.5905 -0.7041 0.3945
vn -0.6929 0.5528 0.4630
vn -0.4654 -0.8286 0.3110
vn -0.7689 0.3805 0.5138
vn -0.3225 -0.9217 0.2155
vn -0.8157 0.1939 0.5450
vn -0.1671 -0.9796 0.1117
vn -0.8315 -0.0000 0.5556
vn -0.7699 0.5528 0.3189
vn -0.8544 0.3805 0.3539
vn -0.5172 -0.8286 0.2142
vn -0.3584 -0.9217 0.1484
vn -0.9063 0.1939 0.3754
vn -0.1857 -0.9796 0.0769
vn -0.9239 -0.0000 0.3827
vn -0.1857 0.9796 0.0769
vn -0.9063 -0.1939 0.3754
vn -0.3584 0.9217 0.1484
vn -0.8544 -0.3805 0.3539
vn -0.5172 0.8286 0.2142
vn -0.7699 -0.5528 0.3189
vn -0.6561 0.7041 0.2718
vn -0.6561 -0.7041 0.2718
vn -0.9622 -0.1939 0.1914
vn -0.9070 -0.3805 0.1804
vn -0.3804 0.9217 0.0757
vn -0.5490 0.8286 0.1092
vn -0.8173 -0.5528 0.1626
vn -0.6965 0.7041 0.1385
vn -0.6965 -0.7041 0.1385
vn -0.8173 0.5528 0.1626
vn -0.5490 -0.8286 0.1092
vn -0.9070 0.3805 0.1804
vn -0.3804 -0.9217 0.0757
vn -0.9622 0.1939 0.1914
vn -0.1971 -0.9796 0.0392
vn -0.9808 -0.0000 0.1951
vn -0.1971 0.9796 0.0392
vn -0.5598 -0.8286 -0.0000
vn -0.3879 -0.9217 -0.0000
vn -0.9248 0.3805 -0.0000
vn -0.9810 0.1939 -0.0000
vn -0.2010 -0.9796 -0.0000
vn -1.0000 -0.0000 -0.0000
vn -0.2010 0.9796 -0.0000
vn -0.9810 -0.1939 -0.0000
vn -0.3879 0.9217 -0.0000
vn -0.9248 -0.3805 -0.0000
vn -0.5598 0.8286 -0.0000
vn -0.8333 -0.5528 -0.0000
vn -0.7101 0.7041 -0.0000
vn -0.7101 -0.7041 -0.0000
vn -0.8333 0.5528 -0.0000
vn -0.3804 0.9217 -0.0757
vn -0.5490 0.8286 -0.1092
vn -0.9070 -0.3805 -0.1804
vn -0.8173 -0.5528 -0.1626
vn -0.6965 0.7041 -0.1385
vn -0.6965 -0.7041 -0.1385
vn -0.8173 0.5528 -0.1626
vn -0.5490 -0.8286 -0.1092
vn -0.9070 0.3805 -0.1804
vn -0.3804 -0.9217 -0.0757
vn -0.9622 0.1939 -0.1914
vn -0.1971 -0.9796 -0.0392
vn -0.9808 -0.0000 -0.1951
vn -0.1971 0.9796 -0.0392
vn -0.9622 -0.1939 -0.1914
vn -0.8544 0.3805 -0.3539
vn -0.9063 0.1939 -0.3754
vn -0.3584 -0.9217 -0.1484
vn -0.1857 -0.9796 -0.0769
vn -0.9239 -0.0000 -0.3827
vn -0.1857 0.9796 -0.0769
vn -0.9063 -0.1939 -0.3754
vn -0.3584 0.9217 -0.1484
vn -0.8544 -0.3805 -0.3539
vn -0.5172 0.8286 -0.2142
vn -0.7699 -0.5528 -0.3189
vn -0.6561 0.7041 -0.2718
vn -0.6561 -0.7041 -0.2718
vn -0.7699 0.5528 -0.3189
vn -0.5172 -0.8286 -0.2142
vn -0.7689 -0.3805 -0.5138
vn -0.6929 -0.5528 -0.4630
vn -0.4654 0.8286 -0.3110
vn -0.5905 0.7041 -0.3945
vn -0.5905 -0.7041 -0.3945
vn -0.6929 0.5528 -0.4630
vn -0.4654 -0.8286 -0.3110
vn -0.7689 0.3805 -0.5138
vn -0.3225 -0.9217 -0.2155
vn -0.8157 0.1939 -0.5450
vn -0.1671 -0.9796 -0.1117
vn -0.8315 -0.0000 -0.5556
vn -0.1671 0.9796 -0.1117
vn -0.8157 -0.1939 -0.5450
vn -0.3225 0.9217 -0.2155
vn -0.2743 -0.9217 -0.2743
vn -0.1421 -0.9796 -0.1421
vn -0.6937 0.1939 -0.6937
vn -0.7071 -0.0000 -0.7071
vn -0.1421 0.9796 -0.1421
vn -0.6937 -0.1939 -0.6937
vn -0.2743 0.9217 -0.2743
vn -0.6539 -0.3805 -0.6539
vn -0.3958 0.8286 -0.3958
vn -0.5893 -0.5528 -0.5893
vn -0.5021 0.7041 -0.5021
vn -0.5021 -0.7041 -0.5021
vn -0.5893 0.5528 -0.5893
vn -0.3958 -0.8286 -0.3958
vn -0.6539 0.3805 -0.6539
vn -0.4630 -0.5528 -0.6929
vn -0.3945 -0.7041 -0.5905
vn -0.3945 0.7041 -0.5905
vn -0.4630 0.5528 -0.6929
vn -0.3110 -0.8286 -0.4654
vn -0.5138 0.3805 -0.7689
vn -0.2155 -0.9217 -0.3225
vn -0.5450 0.1939 -0.8157
vn -0.1117 -0.9796 -0.1671
vn -0.5556 -0.0000 -0.8315
vn -0.1117 0.9796 -0.1671
vn -0.5450 -0.1939 -0.8157
vn -0.2155 0.9217 -0.3225
vn -0.5138 -0.3805 -0.7689
vn -0.3110 0.8286 -0.4654
vn -0.0769 0.9796 -0.1857
vn -0.0769 -0.9796 -0.1857
vn -0.3827 -0.0000 -0.9239
vn -0.3754 -0.1939 -0.9063
vn -0.1484 0.9217 -0.3584
vn -0.3539 -0.3805 -0.8544
vn -0.2142 0.8286 -0.5172
vn -0.3189 -0.5528 -0.7699
vn -0.2718 0.7041 -0.6561
vn -0.2718 -0.7041 -0.6561
vn -0.3189 0.5528 -0.7699
vn -0.2142 -0.8286 -0.5172
vn -0.3539 0.3805 -0.8544
vn -0.1484 -0.9217 -0.3584
vn -0.3754 0.1939 -0.9063
vn -0.1385 0.7041 -0.6965
vn -0.1626 0.5528 -0.8173
vn -0.1385 -0.7041 -0.6965
vn -0.1092 -0.8286 -0.5490
vn -0.1804 0.3805 -0.9070
vn -0.0757 -0.9217 -0.3804
vn -0.1914 0.1939 -0.9622
vn -0.0392 -0.9796 -0.1971
vn -0.1951 -0.0000 -0.9808
vn -0.0392 0.9796 -0.1971
vn -0.1914 -0.1939 -0.9622
vn -0.0757 0.9217 -0.3804
vn -0.1804 -0.3805 -0.9070
vn -0.1092 0.8286 -0.5490
vn -0.1626 -0.5528 -0.8173
vt 0.750000 0.937500
vt 0.734375 1.000000
vt 0.718750 0.937500
vt 0.734375 0.000000
vt 0.750000 0.062500
vt 0.718750 0.062500
vt 0.750000 0.437500
vt 0.750000 0.500000
vt 0.718750 0.500000
vt 0.718750 0.437500
vt 0.750000 0.875000
vt 0.718750 0.875000
vt 0.750000 0.375000
vt 0.718750 0.375000
vt 0.750000 0.812500
vt 0.718750 0.812500
vt 0.750000 0.312500
vt 0.718750 0.312500
vt 0.750000 0.750000
vt 0.718750 0.750000
vt 0.750000 0.250000
vt 0.718750 0.250000
vt 0.750000 0.687500
vt 0.718750 0.687500
vt 0.750000 0.187500
vt 0.718750 0.187500
vt 0.750000 0.625000
vt 0.718750 0.625000
vt 0.750000 0.125000
vt 0.718750 0.125000
vt 0.750000 0.562500
vt 0.718750 0.562500
vt 0.687500 0.125000
vt 0.687500 0.062500
vt 0.687500 0.562500
vt 0.687500 0.500000
vt 0.703125 1.000000
vt 0.687500 0.937500
vt 0.703125 0.000000
vt 0.687500 0.437500
vt 0.687500 0.875000
vt 0.687500 0.375000
vt 0.687500 0.812500
vt 0.687500 0.312500
vt 0.687500 0.750000
vt 0.687500 0.250000
vt 0.687500 0.687500
vt 0.687500 0.187500
vt 0.687500 0.625000
vt 0.656250 0.812500
vt 0.656250 0.750000
vt 0.656250 0.312500
vt 0.656250 0.250000
vt 0.656250 0.687500
vt 0.656250 0.187500
vt 0.656250 0.625000
vt 0.656250 0.125000
vt 0.656250 0.562500
vt 0.656250 0.062500
vt 0.656250 0.500000
vt 0.671875 1.000000
vt 0.656250 0.937500
vt 0.671875 0.000000
vt 0.656250 0.437500
vt 0.656250 0.875000
vt 0.656250 0.375000
vt 0.625000 0.562500
vt 0.625000 0.500000
vt 0.640625 1.000000
vt 0.625000 0.937500
vt 0.640625 0.000000
vt 0.625000 0.062500
vt 0.625000 0.437500
vt 0.625000 0.875000
vt 0.625000 0.375000
vt 0.625000 0.812500
vt 0.625000 0.312500
vt 0.625000 0.750000
vt 0.625000 0.250000
vt 0.625000 0.687500
vt 0.625000 0.187500
vt 0.625000 0.625000
vt 0.625000 0.125000
vt 0.593750 0.312500
vt 0.593750 0.250000
vt 0.593750 0.750000
vt 0.593750 0.687500
vt 0.593750 0.187500
vt 0.593750 0.625000
vt 0.593750 0.125000
vt 0.593750 0.562500
vt 0.593750 0.062500
vt 0.593750 0.500000
vt 0.609375 1.000000
vt 0.593750 0.937500
vt 0.609375 0.000000
vt 0.593750 0.437500
vt 0.593750 0.875000
vt 0.593750 0.375000
vt 0.593750 0.812500
vt 0.578125 1.000000
vt 0.562500 0.937500
vt 0.578125 0.000000
vt 0.562500 0.062500
vt 0.562500 0.500000
vt 0.562500 0.437500
vt 0.562500 0.875000
vt 0.562500 0.375000
vt 0.562500 0.812500
vt 0.562500 0.312500
vt 0.562500 0.750000
vt 0.562500 0.250000
vt 0.562500 0.687500
vt 0.562500 0.187500
vt 0.562500 0.625000
vt 0.562500 0.125000
vt 0.562500 0.562500
vt 0.531250 0.750000
vt 0.531250 0.687500
vt 0.531250 0.250000
vt 0.531250 0.187500
vt 0.531250 0.625000
vt 0.531250 0.125000
vt 0.531250 0.562500
vt 0.531250 0.062500
vt 0.531250 0.500000
vt 0.546875 1.000000
vt 0.531250 0.937500
vt 0.546875 0.000000
vt 0.531250 0.437500
vt 0.531250 0.875000
vt 0.531250 0.375000
vt 0.531250 0.812500
vt 0.531250 0.312500
vt 0.500000 0.500000
vt 0.500000 0.437500
vt 0.500000 0.937500
vt 0.500000 0.875000
vt 0.500000 0.375000
vt 0.500000 0.812500
vt 0.500000 0.312500
vt 0.500000 0.750000
vt 0.500000 0.250000
vt 0.500000 0.687500
vt 0.500000 0.187500
vt 0.500000 0.625000
vt 0.500000 0.125000
vt 0.500000 0.562500
vt 0.500000 0.062500
vt 0.515625 1.000000
vt 0.515625 0.000000
vt 0.468750 0.250000
vt 0.468750 0.187500
vt 0.468750 0.687500
vt 0.468750 0.625000
vt 0.468750 0.125000
vt 0.468750 0.562500
vt 0.468750 0.062500
vt 0.468750 0.500000
vt 0.484375 1.000000
vt 0.468750 0.937500
vt 0.484375 0.000000
vt 0.468750 0.437500
vt 0.468750 0.875000
vt 0.468750 0.375000
vt 0.468750 0.812500
vt 0.468750 0.312500
vt 0.468750 0.750000
vt 0.437500 0.437500
vt 0.437500 0.375000
vt 0.437500 0.875000
vt 0.437500 0.812500
vt 0.437500 0.312500
vt 0.437500 0.750000
vt 0.437500 0.250000
vt 0.437500 0.687500
vt 0.437500 0.187500
vt 0.437500 0.625000
vt 0.437500 0.125000
vt 0.437500 0.562500
vt 0.437500 0.062500
vt 0.437500 0.500000
vt 0.453125 1.000000
vt 0.437500 0.937500
vt 0.453125 0.000000
vt 0.406250 0.187500
vt 0.406250 0.125000
vt 0.406250 0.625000
vt 0.406250 0.562500
vt 0.406250 0.062500
vt 0.406250 0.500000
vt 0.421875 1.000000
vt 0.406250 0.937500
vt 0.421875 0.000000
vt 0.406250 0.437500
vt 0.406250 0.875000
vt 0.406250 0.375000
vt 0.406250 0.812500
vt 0.406250 0.312500
vt 0.406250 0.750000
vt 0.406250 0.250000
vt 0.406250 0.687500
vt 0.375000 0.875000
vt 0.375000 0.812500
vt 0.375000 0.375000
vt 0.375000 0.312500
vt 0.375000 0.750000
vt 0.375000 0.250000
vt 0.375000 0.687500
vt 0.375000 0.187500
vt 0.375000 0.625000
vt 0.375000 0.125000
vt 0.375000 0.562500
vt 0.375000 0.062500
vt 0.375000 0.500000
vt 0.390625 1.000000
vt 0.375000 0.937500
vt 0.390625 0.000000
vt 0.375000 0.437500
vt 0.343750 0.625000
vt 0.343750 0.562500
vt 0.343750 0.125000
vt 0.343750 0.062500
vt 0.343750 0.500000
vt 0.359375 1.000000
vt 0.343750 0.937500
vt 0.359375 0.000000
vt 0.343750 0.437500
vt 0.343750 0.875000
vt 0.343750 0.375000
vt 0.343750 0.812500
vt 0.343750 0.312500
vt 0.343750 0.750000
vt 0.343750 0.250000
vt 0.343750 0.687500
vt 0.343750 0.187500
vt 0.312500 0.375000
vt 0.312500 0.312500
vt 0.312500 0.812500
vt 0.312500 0.750000
vt 0.312500 0.250000
vt 0.312500 0.687500
vt 0.312500 0.187500
vt 0.312500 0.625000
vt 0.312500 0.125000
vt 0.312500 0.562500
vt 0.312500 0.062500
vt 0.312500 0.500000
vt 0.328125 1.000000
vt 0.312500 0.937500
vt 0.328125 0.000000
vt 0.312500 0.437500
vt 0.312500 0.875000
vt 0.281250 0.125000
vt 0.281250 0.062500
vt 0.281250 0.562500
vt 0.281250 0.500000
vt 0.296875 1.000000
vt 0.281250 0.937500
vt 0.296875 0.000000
vt 0.281250 0.437500
vt 0.281250 0.875000
vt 0.281250 0.375000
vt 0.281250 0.812500
vt 0.281250 0.312500
vt 0.281250 0.750000
vt 0.281250 0.250000
vt 0.281250 0.687500
vt 0.281250 0.187500
vt 0.281250 0.625000
vt 0.250000 0.812500
vt 0.250000 0.750000
vt 0.250000 0.312500
vt 0.250000 0.250000
vt 0.250000 0.687500
vt 0.250000 0.187500
vt 0.250000 0.625000
vt 0.250000 0.125000
vt 0.250000 0.562500
vt 0.250000 0.062500
vt 0.250000 0.500000
vt 0.265625 1.000000
vt 0.250000 0.937500
vt 0.265625 0.000000
vt 0.250000 0.437500
vt 0.250000 0.875000
vt 0.250000 0.375000
vt 0.218750 0.562500
vt 0.218750 0.500000
vt 0.234375 1.000000
vt 0.218750 0.937500
vt 0.234375 0.000000
vt 0.218750 0.062500
vt 0.218750 0.437500
vt 0.218750 0.875000
vt 0.218750 0.375000
vt 0.218750 0.812500
vt 0.218750 0.312500
vt 0.218750 0.750000
vt 0.218750 0.250000
vt 0.218750 0.687500
vt 0.218750 0.187500
vt 0.218750 0.625000
vt 0.218750 0.125000
vt 0.187500 0.312500
vt 0.187500 0.250000
vt 0.187500 0.750000
vt 0.187500 0.687500
vt 0.187500 0.187500
vt 0.187500 0.625000
vt 0.187500 0.125000
vt 0.187500 0.562500
vt 0.187500 0.062500
vt 0.187500 0.500000
vt 0.203125 1.000000
vt 0.187500 0.937500
vt 0.203125 0.000000
vt 0.187500 0.437500
vt 0.187500 0.875000
vt 0.187500 0.375000
vt 0.187500 0.812500
vt 0.171875 0.000000
vt 0.156250 0.062500
vt 0.156250 0.500000
vt 0.156250 0.437500
vt 0.156250 0.937500
vt 0.156250 0.875000
vt 0.156250 0.375000
vt 0.156250 0.812500
vt 0.156250 0.312500
vt 0.156250 0.750000
vt 0.156250 0.250000
vt 0.156250 0.687500
vt 0.156250 0.187500
vt 0.156250 0.625000
vt 0.156250 0.125000
vt 0.156250 0.562500
vt 0.171875 1.000000
vt 0.125000 0.250000
vt 0.125000 0.187500
vt 0.125000 0.687500
vt 0.125000 0.625000
vt 0.125000 0.125000
vt 0.125000 0.562500
vt 0.125000 0.062500
vt 0.125000 0.500000
vt 0.140625 1.000000
vt 0.125000 0.937500
vt 0.140625 0.000000
vt 0.125000 0.437500
vt 0.125000 0.875000
vt 0.125000 0.375000
vt 0.125000 0.812500
vt 0.125000 0.312500
vt 0.125000 0.750000
vt 0.093750 0.937500
vt 0.093750 0.875000
vt 0.093750 0.437500
vt 0.093750 0.375000
vt 0.093750 0.812500
vt 0.093750 0.312500
vt 0.093750 0.750000
vt 0.093750 0.250000
vt 0.093750 0.687500
vt 0.093750 0.187500
vt 0.093750 0.625000
vt 0.093750 0.125000
vt 0.093750 0.562500
vt 0.093750 0.062500
vt 0.093750 0.500000
vt 0.109375 1.000000
vt 0.109375 0.000000
vt 0.062500 0.687500
vt 0.062500 0.625000
vt 0.062500 0.187500
vt 0.062500 0.125000
vt 0.062500 0.562500
vt 0.062500 0.062500
vt 0.062500 0.500000
vt 0.078125 1.000000
vt 0.062500 0.937500
vt 0.078125 0.000000
vt 0.062500 0.437500
vt 0.062500 0.875000
vt 0.062500 0.375000
vt 0.062500 0.812500
vt 0.062500 0.312500
vt 0.062500 0.750000
vt 0.062500 0.250000
vt 0.031250 0.437500
vt 0.031250 0.375000
vt 0.031250 0.875000
vt 0.031250 0.812500
vt 0.031250 0.312500
vt 0.031250 0.750000
vt 0.031250 0.250000
vt 0.031250 0.687500
vt 0.031250 0.187500
vt 0.031250 0.625000
vt 0.031250 0.125000
vt 0.031250 0.562500
vt 0.031250 0.062500
vt 0.031250 0.500000
vt 0.046875 1.000000
vt 0.031250 0.937500
vt 0.046875 0.000000
vt 0.000000 0.187500
vt 0.000000 0.125000
vt 0.000000 0.625000
vt 0.000000 0.562500
vt 0.000000 0.062500
vt 0.000000 0.500000
vt 0.015625 1.000000
vt 0.000000 0.937500
vt 0.015625 0.000000
vt 0.000000 0.437500
vt 0.000000 0.875000
vt 0.000000 0.375000
vt 0.000000 0.812500
vt 0.000000 0.312500
vt 0.000000 0.750000
vt 0.000000 0.250000
vt 0.000000 0.687500
vt 1.000000 0.812500
vt 1.000000 0.875000
vt 0.968750 0.875000
vt 0.968750 0.812500
vt 1.000000 0.312500
vt 1.000000 0.375000
vt 0.968750 0.375000
vt 0.968750 0.312500
vt 1.000000 0.750000
vt 0.968750 0.750000
vt 1.000000 0.250000
vt 0.968750 0.250000
vt 1.000000 0.687500
vt 0.968750 0.687500
vt 1.000000 0.187500
vt 0.968750 0.187500
vt 1.000000 0.625000
vt 0.968750 0.625000
vt 1.000000 0.125000
vt 0.968750 0.125000
vt 1.000000 0.562500
vt 0.968750 0.562500
vt 1.000000 0.062500
vt 0.968750 0.062500
vt 1.000000 0.500000
vt 0.968750 0.500000
vt 1.000000 0.937500
vt 0.984375 1.000000
vt 0.968750 0.937500
vt 0.984375 0.000000
vt 1.000000 0.437500
vt 0.968750 0.437500
vt 0.937500 0.625000
vt 0.937500 0.562500
vt 0.937500 0.125000
vt 0.937500 0.062500
vt 0.937500 0.500000
vt 0.953125 1.000000
vt 0.937500 0.937500
vt 0.953125 0.000000
vt 0.937500 0.437500
vt 0.937500 0.875000
vt 0.937500 0.375000
vt 0.937500 0.812500
vt 0.937500 0.312500
vt 0.937500 0.750000
vt 0.937500 0.250000
vt 0.937500 0.687500
vt 0.937500 0.187500
vt 0.906250 0.375000
vt 0.906250 0.312500
vt 0.906250 0.812500
vt 0.906250 0.750000
vt 0.906250 0.250000
vt 0.906250 0.687500
vt 0.906250 0.187500
vt 0.906250 0.625000
vt 0.906250 0.125000
vt 0.906250 0.562500
vt 0.906250 0.062500
vt 0.906250 0.500000
vt 0.921875 1.000000
vt 0.906250 0.937500
vt 0.921875 0.000000
vt 0.906250 0.437500
vt 0.906250 0.875000
vt 0.875000 0.125000
vt 0.875000 0.062500
vt 0.875000 0.562500
vt 0.875000 0.500000
vt 0.890625 1.000000
vt 0.875000 0.937500
vt 0.890625 0.000000
vt 0.875000 0.437500
vt 0.875000 0.875000
vt 0.875000 0.375000
vt 0.875000 0.812500
vt 0.875000 0.312500
vt 0.875000 0.750000
vt 0.875000 0.250000
vt 0.875000 0.687500
vt 0.875000 0.187500
vt 0.875000 0.625000
vt 0.843750 0.312500
vt 0.843750 0.250000
vt 0.843750 0.750000
vt 0.843750 0.687500
vt 0.843750 0.187500
vt 0.843750 0.625000
vt 0.843750 0.125000
vt 0.843750 0.562500
vt 0.843750 0.062500
vt 0.843750 0.500000
vt 0.859375 1.000000
vt 0.843750 0.937500
vt 0.859375 0.000000
vt 0.843750 0.437500
vt 0.843750 0.875000
vt 0.843750 0.375000
vt 0.843750 0.812500
vt 0.828125 1.000000
vt 0.812500 0.937500
vt 0.828125 0.000000
vt 0.812500 0.062500
vt 0.812500 0.500000
vt 0.812500 0.437500
vt 0.812500 0.875000
vt 0.812500 0.375000
vt 0.812500 0.812500
vt 0.812500 0.312500
vt 0.812500 0.750000
vt 0.812500 0.250000
vt 0.812500 0.687500
vt 0.812500 0.187500
vt 0.812500 0.625000
vt 0.812500 0.125000
vt 0.812500 0.562500
vt 0.781250 0.750000
vt 0.781250 0.687500
vt 0.781250 0.250000
vt 0.781250 0.187500
vt 0.781250 0.625000
vt 0.781250 0.125000
vt 0.781250 0.562500
vt 0.781250 0.062500
vt 0.781250 0.500000
vt 0.796875 1.000000
vt 0.781250 0.937500
vt 0.796875 0.000000
vt 0.781250 0.437500
vt 0.781250 0.875000
vt 0.781250 0.375000
vt 0.781250 0.812500
vt 0.781250 0.312500
vt 0.765625 1.000000
vt 0.765625 0.000000
s 1
usemtl BLUE
f 5867/6423/5380 5475/6424/5381 5400/6425/5382
f 5701/6426/5383 5875/6427/5384 5414/6428/5385
f 5398/6429/5386 5397/6430/5387 5407/6431/5388 5408/6432/5389
f 5868/6433/5390 5867/6423/5380 5400/6425/5382 5401/6434/5391
f 5871/6435/5392 5398/6429/5386 5408/6432/5389 5409/6436/5393
f 5394/6437/5394 5868/6433/5390 5401/6434/5391 5402/6438/5395
f 5399/6439/5396 5871/6435/5392 5409/6436/5393 5410/6440/5397
f 5869/6441/5398 5394/6437/5394 5402/6438/5395 5403/6442/5399
f 5872/6443/5400 5399/6439/5396 5410/6440/5397 5411/6444/5401
f 5395/6445/5402 5869/6441/5398 5403/6442/5399 5404/6446/5403
f 5873/6447/5404 5872/6443/5400 5411/6444/5401 5412/6448/5405
f 5870/6449/5406 5395/6445/5402 5404/6446/5403 5405/6450/5407
f 5874/6451/5408 5873/6447/5404 5412/6448/5405 5413/6452/5409
f 5396/6453/5410 5870/6449/5406 5405/6450/5407 5406/6454/5411
f 5875/6427/5384 5874/6451/5408 5413/6452/5409 5414/6428/5385
f 5397/6430/5387 5396/6453/5410 5406/6454/5411 5407/6431/5388
f 5414/6428/5385 5413/6452/5409 5428/6455/5412 5429/6456/5413
f 5407/6431/5388 5406/6454/5411 5421/6457/5414 5422/6458/5415
f 5400/6425/5382 5475/6459/5381 5415/6460/5416
f 5701/6461/5383 5414/6428/5385 5429/6456/5413
f 5408/6432/5389 5407/6431/5388 5422/6458/5415 5423/6462/5417
f 5401/6434/5391 5400/6425/5382 5415/6460/5416 5416/6463/5418
f 5409/6436/5393 5408/6432/5389 5423/6462/5417 5424/6464/5419
f 5402/6438/5395 5401/6434/5391 5416/6463/5418 5417/6465/5420
f 5410/6440/5397 5409/6436/5393 5424/6464/5419 5425/6466/5421
f 5403/6442/5399 5402/6438/5395 5417/6465/5420 5418/6467/5422
f 5411/6444/5401 5410/6440/5397 5425/6466/5421 5426/6468/5423
f 5404/6446/5403 5403/6442/5399 5418/6467/5422 5419/6469/5424
f 5412/6448/5405 5411/6444/5401 5426/6468/5423 5427/6470/5425
f 5405/6450/5407 5404/6446/5403 5419/6469/5424 5420/6471/5426
f 5413/6452/5409 5412/6448/5405 5427/6470/5425 5428/6455/5412
f 5406/6454/5411 5405/6450/5407 5420/6471/5426 5421/6457/5414
f 5418/6467/5422 5417/6465/5420 5432/6472/5427 5433/6473/5428
f 5426/6468/5423 5425/6466/5421 5440/6474/5429 5441/6475/5430
f 5419/6469/5424 5418/6467/5422 5433/6473/5428 5434/6476/5431
f 5427/6470/5425 5426/6468/5423 5441/6475/5430 5442/6477/5432
f 5420/6471/5426 5419/6469/5424 5434/6476/5431 5435/6478/5433
f 5428/6455/5412 5427/6470/5425 5442/6477/5432 5443/6479/5434
f 5421/6457/5414 5420/6471/5426 5435/6478/5433 5436/6480/5435
f 5429/6456/5413 5428/6455/5412 5443/6479/5434 5444/6481/5436
f 5422/6458/5415 5421/6457/5414 5436/6480/5435 5437/6482/5437
f 5415/6460/5416 5475/6483/5381 5430/6484/5438
f 5701/6485/5383 5429/6456/5413 5444/6481/5436
f 5423/6462/5417 5422/6458/5415 5437/6482/5437 5438/6486/5439
f 5416/6463/5418 5415/6460/5416 5430/6484/5438 5431/6487/5440
f 5424/6464/5419 5423/6462/5417 5438/6486/5439 5439/6488/5441
f 5417/6465/5420 5416/6463/5418 5431/6487/5440 5432/6472/5427
f 5425/6466/5421 5424/6464/5419 5439/6488/5441 5440/6474/5429
f 5437/6482/5437 5436/6480/5435 5451/6489/5442 5452/6490/5443
f 5430/6484/5438 5475/6491/5381 5445/6492/5444
f 5701/6493/5383 5444/6481/5436 5459/6494/5445
f 5438/6486/5439 5437/6482/5437 5452/6490/5443 5453/6495/5446
f 5431/6487/5440 5430/6484/5438 5445/6492/5444 5446/6496/5447
f 5439/6488/5441 5438/6486/5439 5453/6495/5446 5454/6497/5448
f 5432/6472/5427 5431/6487/5440 5446/6496/5447 5447/6498/5449
f 5440/6474/5429 5439/6488/5441 5454/6497/5448 5455/6499/5450
f 5433/6473/5428 5432/6472/5427 5447/6498/5449 5448/6500/5451
f 5441/6475/5430 5440/6474/5429 5455/6499/5450 5456/6501/5452
f 5434/6476/5431 5433/6473/5428 5448/6500/5451 5449/6502/5453
f 5442/6477/5432 5441/6475/5430 5456/6501/5452 5457/6503/5454
f 5435/6478/5433 5434/6476/5431 5449/6502/5453 5450/6504/5455
f 5443/6479/5434 5442/6477/5432 5457/6503/5454 5458/6505/5456
f 5436/6480/5435 5435/6478/5433 5450/6504/5455 5451/6489/5442
f 5444/6481/5436 5443/6479/5434 5458/6505/5456 5459/6494/5445
f 5456/6501/5452 5455/6499/5450 5470/6506/5457 5471/6507/5458
f 5449/6502/5453 5448/6500/5451 5463/6508/5459 5464/6509/5460
f 5457/6503/5454 5456/6501/5452 5471/6507/5458 5472/6510/5461
f 5450/6504/5455 5449/6502/5453 5464/6509/5460 5465/6511/5462
f 5458/6505/5456 5457/6503/5454 5472/6510/5461 5473/6512/5463
f 5451/6489/5442 5450/6504/5455 5465/6511/5462 5466/6513/5464
f 5459/6494/5445 5458/6505/5456 5473/6512/5463 5474/6514/5465
f 5452/6490/5443 5451/6489/5442 5466/6513/5464 5467/6515/5466
f 5445/6492/5444 5475/6516/5381 5460/6517/5467
f 5701/6518/5383 5459/6494/5445 5474/6514/5465
f 5453/6495/5446 5452/6490/5443 5467/6515/5466 5468/6519/5468
f 5446/6496/5447 5445/6492/5444 5460/6517/5467 5461/6520/5469
f 5454/6497/5448 5453/6495/5446 5468/6519/5468 5469/6521/5470
f 5447/6498/5449 5446/6496/5447 5461/6520/5469 5462/6522/5471
f 5455/6499/5450 5454/6497/5448 5469/6521/5470 5470/6506/5457
f 5448/6500/5451 5447/6498/5449 5462/6522/5471 5463/6508/5459
f 5460/6517/5467 5475/6523/5381 5476/6524/5472
f 5701/6525/5383 5474/6514/5465 5490/6526/5473
f 5468/6519/5468 5467/6515/5466 5483/6527/5474 5484/6528/5475
f 5461/6520/5469 5460/6517/5467 5476/6524/5472 5477/6529/5476
f 5469/6521/5470 5468/6519/5468 5484/6528/5475 5485/6530/5477
f 5462/6522/5471 5461/6520/5469 5477/6529/5476 5478/6531/5478
f 5470/6506/5457 5469/6521/5470 5485/6530/5477 5486/6532/5479
f 5463/6508/5459 5462/6522/5471 5478/6531/5478 5479/6533/5480
f 5471/6507/5458 5470/6506/5457 5486/6532/5479 5487/6534/5481
f 5464/6509/5460 5463/6508/5459 5479/6533/5480 5480/6535/5482
f 5472/6510/5461 5471/6507/5458 5487/6534/5481 5488/6536/5483
f 5465/6511/5462 5464/6509/5460 5480/6535/5482 5481/6537/5484
f 5473/6512/5463 5472/6510/5461 5488/6536/5483 5489/6538/5485
f 5466/6513/5464 5465/6511/5462 5481/6537/5484 5482/6539/5486
f 5474/6514/5465 5473/6512/5463 5489/6538/5485 5490/6526/5473
f 5467/6515/5466 5466/6513/5464 5482/6539/5486 5483/6527/5474
f 5480/6535/5482 5479/6533/5480 5494/6540/5487 5495/6541/5488
f 5488/6536/5483 5487/6534/5481 5502/6542/5489 5503/6543/5490
f 5481/6537/5484 5480/6535/5482 5495/6541/5488 5496/6544/5491
f 5489/6538/5485 5488/6536/5483 5503/6543/5490 5504/6545/5492
f 5482/6539/5486 5481/6537/5484 5496/6544/5491 5497/6546/5493
f 5490/6526/5473 5489/6538/5485 5504/6545/5492 5505/6547/5494
f 5483/6527/5474 5482/6539/5486 5497/6546/5493 5498/6548/5495
f 5476/6524/5472 5475/6549/5381 5491/6550/5496
f 5701/6551/5383 5490/6526/5473 5505/6547/5494
f 5484/6528/5475 5483/6527/5474 5498/6548/5495 5499/6552/5497
f 5477/6529/5476 5476/6524/5472 5491/6550/5496 5492/6553/5498
f 5485/6530/5477 5484/6528/5475 5499/6552/5497 5500/6554/5499
f 5478/6531/5478 5477/6529/5476 5492/6553/5498 5493/6555/5500
f 5486/6532/5479 5485/6530/5477 5500/6554/5499 5501/6556/5501
f 5479/6533/5480 5478/6531/5478 5493/6555/5500 5494/6540/5487
f 5487/6534/5481 5486/6532/5479 5501/6556/5501 5502/6542/5489
f 5499/6552/5497 5498/6548/5495 5513/6557/5502 5514/6558/5503
f 5492/6553/5498 5491/6550/5496 5506/6559/5504 5507/6560/5505
f 5500/6554/5499 5499/6552/5497 5514/6558/5503 5515/6561/5506
f 5493/6555/5500 5492/6553/5498 5507/6560/5505 5508/6562/5507
f 5501/6556/5501 5500/6554/5499 5515/6561/5506 5516/6563/5508
f 5494/6540/5487 5493/6555/5500 5508/6562/5507 5509/6564/5509
f 5502/6542/5489 5501/6556/5501 5516/6563/5508 5517/6565/5510
f 5495/6541/5488 5494/6540/5487 5509/6564/5509 5510/6566/5511
f 5503/6543/5490 5502/6542/5489 5517/6565/5510 5518/6567/5512
f 5496/6544/5491 5495/6541/5488 5510/6566/5511 5511/6568/5513
f 5504/6545/5492 5503/6543/5490 5518/6567/5512 5519/6569/5514
f 5497/6546/5493 5496/6544/5491 5511/6568/5513 5512/6570/5515
f 5505/6547/5494 5504/6545/5492 5519/6569/5514 5520/6571/5516
f 5498/6548/5495 5497/6546/5493 5512/6570/5515 5513/6557/5502
f 5491/6550/5496 5475/6572/5381 5506/6559/5504
f 5701/6573/5383 5505/6547/5494 5520/6571/5516
f 5518/6567/5512 5517/6565/5510 5532/6574/5517 5533/6575/5518
f 5511/6568/5513 5510/6566/5511 5525/6576/5519 5526/6577/5520
f 5519/6569/5514 5518/6567/5512 5533/6575/5518 5534/6578/5521
f 5512/6570/5515 5511/6568/5513 5526/6577/5520 5527/6579/5522
f 5520/6571/5516 5519/6569/5514 5534/6578/5521 5535/6580/5523
f 5513/6557/5502 5512/6570/5515 5527/6579/5522 5528/6581/5524
f 5506/6559/5504 5475/6582/5381 5521/6583/5525
f 5701/6584/5383 5520/6571/5516 5535/6580/5523
f 5514/6558/5503 5513/6557/5502 5528/6581/5524 5529/6585/5526
f 5507/6560/5505 5506/6559/5504 5521/6583/5525 5522/6586/5527
f 5515/6561/5506 5514/6558/5503 5529/6585/5526 5530/6587/5528
f 5508/6562/5507 5507/6560/5505 5522/6586/5527 5523/6588/5529
f 5516/6563/5508 5515/6561/5506 5530/6587/5528 5531/6589/5530
f 5509/6564/5509 5508/6562/5507 5523/6588/5529 5524/6590/5531
f 5517/6565/5510 5516/6563/5508 5531/6589/5530 5532/6574/5517
f 5510/6566/5511 5509/6564/5509 5524/6590/5531 5525/6576/5519
f 5530/6587/5528 5529/6585/5526 5544/6591/5532 5545/6592/5533
f 5523/6588/5529 5522/6586/5527 5537/6593/5534 5538/6594/5535
f 5531/6589/5530 5530/6587/5528 5545/6592/5533 5546/6595/5536
f 5524/6590/5531 5523/6588/5529 5538/6594/5535 5539/6596/5537
f 5532/6574/5517 5531/6589/5530 5546/6595/5536 5547/6597/5538
f 5525/6576/5519 5524/6590/5531 5539/6596/5537 5540/6598/5539
f 5533/6575/5518 5532/6574/5517 5547/6597/5538 5548/6599/5540
f 5526/6577/5520 5525/6576/5519 5540/6598/5539 5541/6600/5541
f 5534/6578/5521 5533/6575/5518 5548/6599/5540 5549/6601/5542
f 5527/6579/5522 5526/6577/5520 5541/6600/5541 5542/6602/5543
f 5535/6580/5523 5534/6578/5521 5549/6601/5542 5550/6603/5544
f 5528/6581/5524 5527/6579/5522 5542/6602/5543 5543/6604/5545
f 5521/6583/5525 5475/6605/5381 5536/6606/5546
f 5701/6607/5383 5535/6580/5523 5550/6603/5544
f 5529/6585/5526 5528/6581/5524 5543/6604/5545 5544/6591/5532
f 5522/6586/5527 5521/6583/5525 5536/6606/5546 5537/6593/5534
f 5549/6601/5542 5548/6599/5540 5563/6608/5547 5564/6609/5548
f 5542/6602/5543 5541/6600/5541 5556/6610/5549 5557/6611/5550
f 5550/6603/5544 5549/6601/5542 5564/6609/5548 5565/6612/5551
f 5543/6604/5545 5542/6602/5543 5557/6611/5550 5558/6613/5552
f 5536/6606/5546 5475/6614/5381 5551/6615/5553
f 5701/6616/5383 5550/6603/5544 5565/6612/5551
f 5544/6591/5532 5543/6604/5545 5558/6613/5552 5559/6617/5554
f 5537/6593/5534 5536/6606/5546 5551/6615/5553 5552/6618/5555
f 5545/6592/5533 5544/6591/5532 5559/6617/5554 5560/6619/5556
f 5538/6594/5535 5537/6593/5534 5552/6618/5555 5553/6620/5557
f 5546/6595/5536 5545/6592/5533 5560/6619/5556 5561/6621/5558
f 5539/6596/5537 5538/6594/5535 5553/6620/5557 5554/6622/5559
f 5547/6597/5538 5546/6595/5536 5561/6621/5558 5562/6623/5560
f 5540/6598/5539 5539/6596/5537 5554/6622/5559 5555/6624/5561
f 5548/6599/5540 5547/6597/5538 5562/6623/5560 5563/6608/5547
f 5541/6600/5541 5540/6598/5539 5555/6624/5561 5556/6610/5549
f 5553/6620/5557 5552/6618/5555 5567/6625/5562 5568/6626/5563
f 5561/6621/5558 5560/6619/5556 5575/6627/5564 5576/6628/5565
f 5554/6622/5559 5553/6620/5557 5568/6626/5563 5569/6629/5566
f 5562/6623/5560 5561/6621/5558 5576/6628/5565 5577/6630/5567
f 5555/6624/5561 5554/6622/5559 5569/6629/5566 5570/6631/5568
f 5563/6608/5547 5562/6623/5560 5577/6630/5567 5578/6632/5569
f 5556/6610/5549 5555/6624/5561 5570/6631/5568 5571/6633/5570
f 5564/6609/5548 5563/6608/5547 5578/6632/5569 5579/6634/5571
f 5557/6611/5550 5556/6610/5549 5571/6633/5570 5572/6635/5572
f 5565/6612/5551 5564/6609/5548 5579/6634/5571 5580/6636/5573
f 5558/6613/5552 5557/6611/5550 5572/6635/5572 5573/6637/5574
f 5551/6615/5553 5475/6638/5381 5566/6639/5575
f 5701/6640/5383 5565/6612/5551 5580/6636/5573
f 5559/6617/5554 5558/6613/5552 5573/6637/5574 5574/6641/5576
f 5552/6618/5555 5551/6615/5553 5566/6639/5575 5567/6625/5562
f 5560/6619/5556 5559/6617/5554 5574/6641/5576 5575/6627/5564
f 5572/6635/5572 5571/6633/5570 5586/6642/5577 5587/6643/5578
f 5580/6636/5573 5579/6634/5571 5594/6644/5579 5595/6645/5580
f 5573/6637/5574 5572/6635/5572 5587/6643/5578 5588/6646/5581
f 5566/6639/5575 5475/6647/5381 5581/6648/5582
f 5701/6649/5383 5580/6636/5573 5595/6645/5580
f 5574/6641/5576 5573/6637/5574 5588/6646/5581 5589/6650/5583
f 5567/6625/5562 5566/6639/5575 5581/6648/5582 5582/6651/5584
f 5575/6627/5564 5574/6641/5576 5589/6650/5583 5590/6652/5585
f 5568/6626/5563 5567/6625/5562 5582/6651/5584 5583/6653/5586
f 5576/6628/5565 5575/6627/5564 5590/6652/5585 5591/6654/5587
f 5569/6629/5566 5568/6626/5563 5583/6653/5586 5584/6655/5588
f 5577/6630/5567 5576/6628/5565 5591/6654/5587 5592/6656/5589
f 5570/6631/5568 5569/6629/5566 5584/6655/5588 5585/6657/5590
f 5578/6632/5569 5577/6630/5567 5592/6656/5589 5593/6658/5591
f 5571/6633/5570 5570/6631/5568 5585/6657/5590 5586/6642/5577
f 5579/6634/5571 5578/6632/5569 5593/6658/5591 5594/6644/5579
f 5591/6654/5587 5590/6652/5585 5605/6659/5592 5606/6660/5593
f 5584/6655/5588 5583/6653/5586 5598/6661/5594 5599/6662/5595
f 5592/6656/5589 5591/6654/5587 5606/6660/5593 5607/6663/5596
f 5585/6657/5590 5584/6655/5588 5599/6662/5595 5600/6664/5597
f 5593/6658/5591 5592/6656/5589 5607/6663/5596 5608/6665/5598
f 5586/6642/5577 5585/6657/5590 5600/6664/5597 5601/6666/5599
f 5594/6644/5579 5593/6658/5591 5608/6665/5598 5609/6667/5600
f 5587/6643/5578 5586/6642/5577 5601/6666/5599 5602/6668/5601
f 5595/6645/5580 5594/6644/5579 5609/6667/5600 5610/6669/5602
f 5588/6646/5581 5587/6643/5578 5602/6668/5601 5603/6670/5603
f 5581/6648/5582 5475/6671/5381 5596/6672/5604
f 5701/6673/5383 5595/6645/5580 5610/6669/5602
f 5589/6650/5583 5588/6646/5581 5603/6670/5603 5604/6674/5605
f 5582/6651/5584 5581/6648/5582 5596/6672/5604 5597/6675/5606
f 5590/6652/5585 5589/6650/5583 5604/6674/5605 5605/6659/5592
f 5583/6653/5586 5582/6651/5584 5597/6675/5606 5598/6661/5594
f 5610/6669/5602 5609/6667/5600 5624/6676/5607 5625/6677/5608
f 5603/6670/5603 5602/6668/5601 5617/6678/5609 5618/6679/5610
f 5596/6672/5604 5475/6680/5381 5611/6681/5611
f 5701/6682/5383 5610/6669/5602 5625/6677/5608
f 5604/6674/5605 5603/6670/5603 5618/6679/5610 5619/6683/5612
f 5597/6675/5606 5596/6672/5604 5611/6681/5611 5612/6684/5613
f 5605/6659/5592 5604/6674/5605 5619/6683/5612 5620/6685/5614
f 5598/6661/5594 5597/6675/5606 5612/6684/5613 5613/6686/5615
f 5606/6660/5593 5605/6659/5592 5620/6685/5614 5621/6687/5616
f 5599/6662/5595 5598/6661/5594 5613/6686/5615 5614/6688/5617
f 5607/6663/5596 5606/6660/5593 5621/6687/5616 5622/6689/5618
f 5600/6664/5597 5599/6662/5595 5614/6688/5617 5615/6690/5619
f 5608/6665/5598 5607/6663/5596 5622/6689/5618 5623/6691/5620
f 5601/6666/5599 5600/6664/5597 5615/6690/5619 5616/6692/5621
f 5609/6667/5600 5608/6665/5598 5623/6691/5620 5624/6676/5607
f 5602/6668/5601 5601/6666/5599 5616/6692/5621 5617/6678/5609
f 5614/6688/5617 5613/6686/5615 5628/6693/5622 5629/6694/5623
f 5622/6689/5618 5621/6687/5616 5636/6695/5624 5637/6696/5625
f 5615/6690/5619 5614/6688/5617 5629/6694/5623 5630/6697/5626
f 5623/6691/5620 5622/6689/5618 5637/6696/5625 5638/6698/5627
f 5616/6692/5621 5615/6690/5619 5630/6697/5626 5631/6699/5628
f 5624/6676/5607 5623/6691/5620 5638/6698/5627 5639/6700/5629
f 5617/6678/5609 5616/6692/5621 5631/6699/5628 5632/6701/5630
f 5625/6677/5608 5624/6676/5607 5639/6700/5629 5640/6702/5631
f 5618/6679/5610 5617/6678/5609 5632/6701/5630 5633/6703/5632
f 5611/6681/5611 5475/6704/5381 5626/6705/5633
f 5701/6706/5383 5625/6677/5608 5640/6702/5631
f 5619/6683/5612 5618/6679/5610 5633/6703/5632 5634/6707/5634
f 5612/6684/5613 5611/6681/5611 5626/6705/5633 5627/6708/5635
f 5620/6685/5614 5619/6683/5612 5634/6707/5634 5635/6709/5636
f 5613/6686/5615 5612/6684/5613 5627/6708/5635 5628/6693/5622
f 5621/6687/5616 5620/6685/5614 5635/6709/5636 5636/6695/5624
f 5633/6703/5632 5632/6701/5630 5647/6710/5637 5648/6711/5638
f 5626/6705/5633 5475/6712/5381 5641/6713/5639
f 5701/6714/5383 5640/6702/5631 5655/6715/5640
f 5634/6707/5634 5633/6703/5632 5648/6711/5638 5649/6716/5641
f 5627/6708/5635 5626/6705/5633 5641/6713/5639 5642/6717/5642
f 5635/6709/5636 5634/6707/5634 5649/6716/5641 5650/6718/5643
f 5628/6693/5622 5627/6708/5635 5642/6717/5642 5643/6719/5644
f 5636/6695/5624 5635/6709/5636 5650/6718/5643 5651/6720/5645
f 5629/6694/5623 5628/6693/5622 5643/6719/5644 5644/6721/5646
f 5637/6696/5625 5636/6695/5624 5651/6720/5645 5652/6722/5647
f 5630/6697/5626 5629/6694/5623 5644/6721/5646 5645/6723/5648
f 5638/6698/5627 5637/6696/5625 5652/6722/5647 5653/6724/5649
f 5631/6699/5628 5630/6697/5626 5645/6723/5648 5646/6725/5650
f 5639/6700/5629 5638/6698/5627 5653/6724/5649 5654/6726/5651
f 5632/6701/5630 5631/6699/5628 5646/6725/5650 5647/6710/5637
f 5640/6702/5631 5639/6700/5629 5654/6726/5651 5655/6715/5640
f 5652/6722/5647 5651/6720/5645 5666/6727/5652 5667/6728/5653
f 5645/6723/5648 5644/6721/5646 5659/6729/5654 5660/6730/5655
f 5653/6724/5649 5652/6722/5647 5667/6728/5653 5668/6731/5656
f 5646/6725/5650 5645/6723/5648 5660/6730/5655 5661/6732/5657
f 5654/6726/5651 5653/6724/5649 5668/6731/5656 5669/6733/5658
f 5647/6710/5637 5646/6725/5650 5661/6732/5657 5662/6734/5659
f 5655/6715/5640 5654/6726/5651 5669/6733/5658 5670/6735/5660
f 5648/6711/5638 5647/6710/5637 5662/6734/5659 5663/6736/5661
f 5641/6713/5639 5475/6737/5381 5656/6738/5662
f 5701/6739/5383 5655/6715/5640 5670/6735/5660
f 5649/6716/5641 5648/6711/5638 5663/6736/5661 5664/6740/5663
f 5642/6717/5642 5641/6713/5639 5656/6738/5662 5657/6741/5664
f 5650/6718/5643 5649/6716/5641 5664/6740/5663 5665/6742/5665
f 5643/6719/5644 5642/6717/5642 5657/6741/5664 5658/6743/5666
f 5651/6720/5645 5650/6718/5643 5665/6742/5665 5666/6727/5652
f 5644/6721/5646 5643/6719/5644 5658/6743/5666 5659/6729/5654
f 5701/6744/5383 5670/6735/5660 5685/6745/5667
f 5664/6740/5663 5663/6736/5661 5678/6746/5668 5679/6747/5669
f 5657/6741/5664 5656/6738/5662 5671/6748/5670 5672/6749/5671
f 5665/6742/5665 5664/6740/5663 5679/6747/5669 5680/6750/5672
f 5658/6743/5666 5657/6741/5664 5672/6749/5671 5673/6751/5673
f 5666/6727/5652 5665/6742/5665 5680/6750/5672 5681/6752/5674
f 5659/6729/5654 5658/6743/5666 5673/6751/5673 5674/6753/5675
f 5667/6728/5653 5666/6727/5652 5681/6752/5674 5682/6754/5676
f 5660/6730/5655 5659/6729/5654 5674/6753/5675 5675/6755/5677
f 5668/6731/5656 5667/6728/5653 5682/6754/5676 5683/6756/5678
f 5661/6732/5657 5660/6730/5655 5675/6755/5677 5676/6757/5679
f 5669/6733/5658 5668/6731/5656 5683/6756/5678 5684/6758/5680
f 5662/6734/5659 5661/6732/5657 5676/6757/5679 5677/6759/5681
f 5670/6735/5660 5669/6733/5658 5684/6758/5680 5685/6745/5667
f 5663/6736/5661 5662/6734/5659 5677/6759/5681 5678/6746/5668
f 5656/6738/5662 5475/6760/5381 5671/6748/5670
f 5683/6756/5678 5682/6754/5676 5697/6761/5682 5698/6762/5683
f 5676/6757/5679 5675/6755/5677 5690/6763/5684 5691/6764/5685
f 5684/6758/5680 5683/6756/5678 5698/6762/5683 5699/6765/5686
f 5677/6759/5681 5676/6757/5679 5691/6764/5685 5692/6766/5687
f 5685/6745/5667 5684/6758/5680 5699/6765/5686 5700/6767/5688
f 5678/6746/5668 5677/6759/5681 5692/6766/5687 5693/6768/5689
f 5671/6748/5670 5475/6769/5381 5686/6770/5690
f 5701/6771/5383 5685/6745/5667 5700/6767/5688
f 5679/6747/5669 5678/6746/5668 5693/6768/5689 5694/6772/5691
f 5672/6749/5671 5671/6748/5670 5686/6770/5690 5687/6773/5692
f 5680/6750/5672 5679/6747/5669 5694/6772/5691 5695/6774/5693
f 5673/6751/5673 5672/6749/5671 5687/6773/5692 5688/6775/5694
f 5681/6752/5674 5680/6750/5672 5695/6774/5693 5696/6776/5695
f 5674/6753/5675 5673/6751/5673 5688/6775/5694 5689/6777/5696
f 5682/6754/5676 5681/6752/5674 5696/6776/5695 5697/6761/5682
f 5675/6755/5677 5674/6753/5675 5689/6777/5696 5690/6763/5684
f 5687/6773/5692 5686/6770/5690 5702/6778/5697 5703/6779/5698
f 5695/6774/5693 5694/6772/5691 5710/6780/5699 5711/6781/5700
f 5688/6775/5694 5687/6773/5692 5703/6779/5698 5704/6782/5701
f 5696/6776/5695 5695/6774/5693 5711/6781/5700 5712/6783/5702
f 5689/6777/5696 5688/6775/5694 5704/6782/5701 5705/6784/5703
f 5697/6761/5682 5696/6776/5695 5712/6783/5702 5713/6785/5704
f 5690/6763/5684 5689/6777/5696 5705/6784/5703 5706/6786/5705
f 5698/6762/5683 5697/6761/5682 5713/6785/5704 5714/6787/5706
f 5691/6764/5685 5690/6763/5684 5706/6786/5705 5707/6788/5707
f 5699/6765/5686 5698/6762/5683 5714/6787/5706 5715/6789/5708
f 5692/6766/5687 5691/6764/5685 5707/6788/5707 5708/6790/5709
f 5700/6767/5688 5699/6765/5686 5715/6789/5708 5716/6791/5710
f 5693/6768/5689 5692/6766/5687 5708/6790/5709 5709/6792/5711
f 5686/6770/5690 5475/6793/5381 5702/6778/5697
f 5701/6794/5383 5700/6767/5688 5716/6791/5710
f 5694/6772/5691 5693/6768/5689 5709/6792/5711 5710/6780/5699
f 5707/6788/5707 5706/6786/5705 5721/6795/5712 5722/6796/5713
f 5715/6789/5708 5714/6787/5706 5729/6797/5714 5730/6798/5715
f 5708/6790/5709 5707/6788/5707 5722/6796/5713 5723/6799/5716
f 5716/6791/5710 5715/6789/5708 5730/6798/5715 5731/6800/5717
f 5709/6792/5711 5708/6790/5709 5723/6799/5716 5724/6801/5718
f 5702/6778/5697 5475/6802/5381 5717/6803/5719
f 5701/6804/5383 5716/6791/5710 5731/6800/5717
f 5710/6780/5699 5709/6792/5711 5724/6801/5718 5725/6805/5720
f 5703/6779/5698 5702/6778/5697 5717/6803/5719 5718/6806/5721
f 5711/6781/5700 5710/6780/5699 5725/6805/5720 5726/6807/5722
f 5704/6782/5701 5703/6779/5698 5718/6806/5721 5719/6808/5723
f 5712/6783/5702 5711/6781/5700 5726/6807/5722 5727/6809/5724
f 5705/6784/5703 5704/6782/5701 5719/6808/5723 5720/6810/5725
f 5713/6785/5704 5712/6783/5702 5727/6809/5724 5728/6811/5726
f 5706/6786/5705 5705/6784/5703 5720/6810/5725 5721/6795/5712
f 5714/6787/5706 5713/6785/5704 5728/6811/5726 5729/6797/5714
f 5726/6807/5722 5725/6805/5720 5740/6812/5727 5741/6813/5728
f 5719/6808/5723 5718/6806/5721 5733/6814/5729 5734/6815/5730
f 5727/6809/5724 5726/6807/5722 5741/6813/5728 5742/6816/5731
f 5720/6810/5725 5719/6808/5723 5734/6815/5730 5735/6817/5732
f 5728/6811/5726 5727/6809/5724 5742/6816/5731 5743/6818/5733
f 5721/6795/5712 5720/6810/5725 5735/6817/5732 5736/6819/5734
f 5729/6797/5714 5728/6811/5726 5743/6818/5733 5744/6820/5735
f 5722/6796/5713 5721/6795/5712 5736/6819/5734 5737/6821/5736
f 5730/6798/5715 5729/6797/5714 5744/6820/5735 5745/6822/5737
f 5723/6799/5716 5722/6796/5713 5737/6821/5736 5738/6823/5738
f 5731/6800/5717 5730/6798/5715 5745/6822/5737 5746/6824/5739
f 5724/6801/5718 5723/6799/5716 5738/6823/5738 5739/6825/5740
f 5717/6803/5719 5475/6826/5381 5732/6827/5741
f 5701/6828/5383 5731/6800/5717 5746/6824/5739
f 5725/6805/5720 5724/6801/5718 5739/6825/5740 5740/6812/5727
f 5718/6806/5721 5717/6803/5719 5732/6827/5741 5733/6814/5729
f 5745/6822/5737 5744/6820/5735 5759/6829/5742 5760/6830/5743
f 5738/6823/5738 5737/6821/5736 5752/6831/5744 5753/6832/5745
f 5746/6824/5739 5745/6822/5737 5760/6830/5743 5761/6833/5746
f 5739/6825/5740 5738/6823/5738 5753/6832/5745 5754/6834/5747
f 5732/6827/5741 5475/6835/5381 5747/6836/5748
f 5701/6837/5383 5746/6824/5739 5761/6833/5746
f 5740/6812/5727 5739/6825/5740 5754/6834/5747 5755/6838/5749
f 5733/6814/5729 5732/6827/5741 5747/6836/5748 5748/6839/5750
f 5741/6813/5728 5740/6812/5727 5755/6838/5749 5756/6840/5751
f 5734/6815/5730 5733/6814/5729 5748/6839/5750 5749/6841/5752
f 5742/6816/5731 5741/6813/5728 5756/6840/5751 5757/6842/5753
f 5735/6817/5732 5734/6815/5730 5749/6841/5752 5750/6843/5754
f 5743/6818/5733 5742/6816/5731 5757/6842/5753 5758/6844/5755
f 5736/6819/5734 5735/6817/5732 5750/6843/5754 5751/6845/5756
f 5744/6820/5735 5743/6818/5733 5758/6844/5755 5759/6829/5742
f 5737/6821/5736 5736/6819/5734 5751/6845/5756 5752/6831/5744
f 5749/6846/5752 5748/6847/5750 5763/6848/5757 5764/6849/5758
f 5757/6850/5753 5756/6851/5751 5771/6852/5759 5772/6853/5760
f 5750/6854/5754 5749/6846/5752 5764/6849/5758 5765/6855/5761
f 5758/6856/5755 5757/6850/5753 5772/6853/5760 5773/6857/5762
f 5751/6858/5756 5750/6854/5754 5765/6855/5761 5766/6859/5763
f 5759/6860/5742 5758/6856/5755 5773/6857/5762 5774/6861/5764
f 5752/6862/5744 5751/6858/5756 5766/6859/5763 5767/6863/5765
f 5760/6864/5743 5759/6860/5742 5774/6861/5764 5775/6865/5766
f 5753/6866/5745 5752/6862/5744 5767/6863/5765 5768/6867/5767
f 5761/6868/5746 5760/6864/5743 5775/6865/5766 5776/6869/5768
f 5754/6870/5747 5753/6866/5745 5768/6867/5767 5769/6871/5769
f 5747/6872/5748 5475/6873/5381 5762/6874/5770
f 5701/6875/5383 5761/6868/5746 5776/6869/5768
f 5755/6876/5749 5754/6870/5747 5769/6871/5769 5770/6877/5771
f 5748/6847/5750 5747/6872/5748 5762/6874/5770 5763/6848/5757
f 5756/6851/5751 5755/6876/5749 5770/6877/5771 5771/6852/5759
f 5768/6867/5767 5767/6863/5765 5782/6878/5772 5783/6879/5773
f 5776/6869/5768 5775/6865/5766 5790/6880/5774 5791/6881/5775
f 5769/6871/5769 5768/6867/5767 5783/6879/5773 5784/6882/5776
f 5762/6874/5770 5475/6883/5381 5777/6884/5777
f 5701/6885/5383 5776/6869/5768 5791/6881/5775
f 5770/6877/5771 5769/6871/5769 5784/6882/5776 5785/6886/5778
f 5763/6848/5757 5762/6874/5770 5777/6884/5777 5778/6887/5779
f 5771/6852/5759 5770/6877/5771 5785/6886/5778 5786/6888/5780
f 5764/6849/5758 5763/6848/5757 5778/6887/5779 5779/6889/5781
f 5772/6853/5760 5771/6852/5759 5786/6888/5780 5787/6890/5782
f 5765/6855/5761 5764/6849/5758 5779/6889/5781 5780/6891/5783
f 5773/6857/5762 5772/6853/5760 5787/6890/5782 5788/6892/5784
f 5766/6859/5763 5765/6855/5761 5780/6891/5783 5781/6893/5785
f 5774/6861/5764 5773/6857/5762 5788/6892/5784 5789/6894/5786
f 5767/6863/5765 5766/6859/5763 5781/6893/5785 5782/6878/5772
f 5775/6865/5766 5774/6861/5764 5789/6894/5786 5790/6880/5774
f 5787/6890/5782 5786/6888/5780 5801/6895/5787 5802/6896/5788
f 5780/6891/5783 5779/6889/5781 5794/6897/5789 5795/6898/5790
f 5788/6892/5784 5787/6890/5782 5802/6896/5788 5803/6899/5791
f 5781/6893/5785 5780/6891/5783 5795/6898/5790 5796/6900/5792
f 5789/6894/5786 5788/6892/5784 5803/6899/5791 5804/6901/5793
f 5782/6878/5772 5781/6893/5785 5796/6900/5792 5797/6902/5794
f 5790/6880/5774 5789/6894/5786 5804/6901/5793 5805/6903/5795
f 5783/6879/5773 5782/6878/5772 5797/6902/5794 5798/6904/5796
f 5791/6881/5775 5790/6880/5774 5805/6903/5795 5806/6905/5797
f 5784/6882/5776 5783/6879/5773 5798/6904/5796 5799/6906/5798
f 5777/6884/5777 5475/6907/5381 5792/6908/5799
f 5701/6909/5383 5791/6881/5775 5806/6905/5797
f 5785/6886/5778 5784/6882/5776 5799/6906/5798 5800/6910/5800
f 5778/6887/5779 5777/6884/5777 5792/6908/5799 5793/6911/5801
f 5786/6888/5780 5785/6886/5778 5800/6910/5800 5801/6895/5787
f 5779/6889/5781 5778/6887/5779 5793/6911/5801 5794/6897/5789
f 5806/6905/5797 5805/6903/5795 5820/6912/5802 5821/6913/5803
f 5799/6906/5798 5798/6904/5796 5813/6914/5804 5814/6915/5805
f 5792/6908/5799 5475/6916/5381 5807/6917/5806
f 5701/6918/5383 5806/6905/5797 5821/6913/5803
f 5800/6910/5800 5799/6906/5798 5814/6915/5805 5815/6919/5807
f 5793/6911/5801 5792/6908/5799 5807/6917/5806 5808/6920/5808
f 5801/6895/5787 5800/6910/5800 5815/6919/5807 5816/6921/5809
f 5794/6897/5789 5793/6911/5801 5808/6920/5808 5809/6922/5810
f 5802/6896/5788 5801/6895/5787 5816/6921/5809 5817/6923/5811
f 5795/6898/5790 5794/6897/5789 5809/6922/5810 5810/6924/5812
f 5803/6899/5791 5802/6896/5788 5817/6923/5811 5818/6925/5813
f 5796/6900/5792 5795/6898/5790 5810/6924/5812 5811/6926/5814
f 5804/6901/5793 5803/6899/5791 5818/6925/5813 5819/6927/5815
f 5797/6902/5794 5796/6900/5792 5811/6926/5814 5812/6928/5816
f 5805/6903/5795 5804/6901/5793 5819/6927/5815 5820/6912/5802
f 5798/6904/5796 5797/6902/5794 5812/6928/5816 5813/6914/5804
f 5818/6925/5813 5817/6923/5811 5832/6929/5817 5833/6930/5818
f 5811/6926/5814 5810/6924/5812 5825/6931/5819 5826/6932/5820
f 5819/6927/5815 5818/6925/5813 5833/6930/5818 5834/6933/5821
f 5812/6928/5816 5811/6926/5814 5826/6932/5820 5827/6934/5822
f 5820/6912/5802 5819/6927/5815 5834/6933/5821 5835/6935/5823
f 5813/6914/5804 5812/6928/5816 5827/6934/5822 5828/6936/5824
f 5821/6913/5803 5820/6912/5802 5835/6935/5823 5836/6937/5825
f 5814/6915/5805 5813/6914/5804 5828/6936/5824 5829/6938/5826
f 5807/6917/5806 5475/6939/5381 5822/6940/5827
f 5701/6941/5383 5821/6913/5803 5836/6937/5825
f 5815/6919/5807 5814/6915/5805 5829/6938/5826 5830/6942/5828
f 5808/6920/5808 5807/6917/5806 5822/6940/5827 5823/6943/5829
f 5816/6921/5809 5815/6919/5807 5830/6942/5828 5831/6944/5830
f 5809/6922/5810 5808/6920/5808 5823/6943/5829 5824/6945/5831
f 5817/6923/5811 5816/6921/5809 5831/6944/5830 5832/6929/5817
f 5810/6924/5812 5809/6922/5810 5824/6945/5831 5825/6931/5819
f 5822/6940/5827 5475/6946/5381 5837/6947/5832
f 5701/6948/5383 5836/6937/5825 5851/6949/5833
f 5830/6942/5828 5829/6938/5826 5844/6950/5834 5845/6951/5835
f 5823/6943/5829 5822/6940/5827 5837/6947/5832 5838/6952/5836
f 5831/6944/5830 5830/6942/5828 5845/6951/5835 5846/6953/5837
f 5824/6945/5831 5823/6943/5829 5838/6952/5836 5839/6954/5838
f 5832/6929/5817 5831/6944/5830 5846/6953/5837 5847/6955/5839
f 5825/6931/5819 5824/6945/5831 5839/6954/5838 5840/6956/5840
f 5833/6930/5818 5832/6929/5817 5847/6955/5839 5848/6957/5841
f 5826/6932/5820 5825/6931/5819 5840/6956/5840 5841/6958/5842
f 5834/6933/5821 5833/6930/5818 5848/6957/5841 5849/6959/5843
f 5827/6934/5822 5826/6932/5820 5841/6958/5842 5842/6960/5844
f 5835/6935/5823 5834/6933/5821 5849/6959/5843 5850/6961/5845
f 5828/6936/5824 5827/6934/5822 5842/6960/5844 5843/6962/5846
f 5836/6937/5825 5835/6935/5823 5850/6961/5845 5851/6949/5833
f 5829/6938/5826 5828/6936/5824 5843/6962/5846 5844/6950/5834
f 5841/6958/5842 5840/6956/5840 5855/6963/5847 5856/6964/5848
f 5849/6959/5843 5848/6957/5841 5863/6965/5849 5864/6966/5850
f 5842/6960/5844 5841/6958/5842 5856/6964/5848 5857/6967/5851
f 5850/6961/5845 5849/6959/5843 5864/6966/5850 5865/6968/5852
f 5843/6962/5846 5842/6960/5844 5857/6967/5851 5858/6969/5853
f 5851/6949/5833 5850/6961/5845 5865/6968/5852 5866/6970/5854
f 5844/6950/5834 5843/6962/5846 5858/6969/5853 5859/6971/5855
f 5837/6947/5832 5475/6972/5381 5852/6973/5856
f 5701/6974/5383 5851/6949/5833 5866/6970/5854
f 5845/6951/5835 5844/6950/5834 5859/6971/5855 5860/6975/5857
f 5838/6952/5836 5837/6947/5832 5852/6973/5856 5853/6976/5858
f 5846/6953/5837 5845/6951/5835 5860/6975/5857 5861/6977/5859
f 5839/6954/5838 5838/6952/5836 5853/6976/5858 5854/6978/5860
f 5847/6955/5839 5846/6953/5837 5861/6977/5859 5862/6979/5861
f 5840/6956/5840 5839/6954/5838 5854/6978/5860 5855/6963/5847
f 5848/6957/5841 5847/6955/5839 5862/6979/5861 5863/6965/5849
f 5860/6975/5857 5859/6971/5855 5397/6430/5387 5398/6429/5386
f 5853/6976/5858 5852/6973/5856 5867/6423/5380 5868/6433/5390
f 5861/6977/5859 5860/6975/5857 5398/6429/5386 5871/6435/5392
f 5854/6978/5860 5853/6976/5858 5868/6433/5390 5394/6437/5394
f 5862/6979/5861 5861/6977/5859 5871/6435/5392 5399/6439/5396
f 5855/6963/5847 5854/6978/5860 5394/6437/5394 5869/6441/5398
f 5863/6965/5849 5862/6979/5861 5399/6439/5396 5872/6443/5400
f 5856/6964/5848 5855/6963/5847 5869/6441/5398 5395/6445/5402
f 5864/6966/5850 5863/6965/5849 5872/6443/5400 5873/6447/5404
f 5857/6967/5851 5856/6964/5848 5395/6445/5402 5870/6449/5406
f 5865/6968/5852 5864/6966/5850 5873/6447/5404 5874/6451/5408
f 5858/6969/5853 5857/6967/5851 5870/6449/5406 5396/6453/5410
f 5866/6970/5854 5865/6968/5852 5874/6451/5408 5875/6427/5384
f 5859/6971/5855 5858/6969/5853 5396/6453/5410 5397/6430/5387
f 5852/6973/5856 5475/6980/5381 5867/6423/5380
f 5701/6981/5383 5866/6970/5854 5875/6427/5384
o Sphere.023
v 0.819792 -0.085946 -0.031506
v 0.819792 -0.101592 -0.047151
v 0.819792 -0.122034 -0.055619
v 0.819792 -0.133097 -0.056709
v 0.819792 -0.144161 -0.055619
v 0.819792 -0.164603 -0.047151
v 0.821951 -0.077478 -0.010851
v 0.824026 -0.080705 -0.021284
v 0.825939 -0.085946 -0.030900
v 0.827615 -0.092998 -0.039329
v 0.828991 -0.101592 -0.046245
v 0.830014 -0.111396 -0.051385
v 0.830643 -0.122034 -0.054550
v 0.830856 -0.133097 -0.055619
v 0.830643 -0.144161 -0.054550
v 0.830014 -0.154799 -0.051385
v 0.828991 -0.164603 -0.046245
v 0.827615 -0.173196 -0.039329
v 0.825939 -0.180249 -0.030900
v 0.824026 -0.185489 -0.021284
v 0.821951 -0.188716 -0.010851
v 0.824026 -0.077478 -0.010221
v 0.828097 -0.080705 -0.020050
v 0.831849 -0.085946 -0.029107
v 0.835138 -0.092998 -0.037047
v 0.837837 -0.101592 -0.043562
v 0.839842 -0.111396 -0.048404
v 0.841077 -0.122034 -0.051385
v 0.841494 -0.133097 -0.052392
v 0.841077 -0.144161 -0.051385
v 0.839842 -0.154799 -0.048404
v 0.837837 -0.164603 -0.043562
v 0.835138 -0.173196 -0.037047
v 0.831849 -0.180249 -0.029107
v 0.828097 -0.185489 -0.020050
v 0.824026 -0.188716 -0.010221
v 0.825939 -0.077478 -0.009199
v 0.831849 -0.080705 -0.018044
v 0.837296 -0.085946 -0.026196
v 0.842070 -0.092998 -0.033341
v 0.845988 -0.101592 -0.039205
v 0.848900 -0.111396 -0.043562
v 0.850693 -0.122034 -0.046245
v 0.851298 -0.133097 -0.047151
v 0.850693 -0.144161 -0.046245
v 0.848900 -0.154799 -0.043562
v 0.845988 -0.164603 -0.039205
v 0.842070 -0.173196 -0.033341
v 0.837296 -0.180249 -0.026196
v 0.831849 -0.185489 -0.018044
v 0.825939 -0.188716 -0.009199
v 0.827615 -0.077478 -0.007823
v 0.835138 -0.080705 -0.015345
v 0.842070 -0.085946 -0.022278
v 0.848147 -0.092998 -0.028354
v 0.853134 -0.101592 -0.033341
v 0.856839 -0.111396 -0.037047
v 0.859121 -0.122034 -0.039329
v 0.859891 -0.133097 -0.040099
v 0.859121 -0.144161 -0.039329
v 0.856839 -0.154799 -0.037047
v 0.853134 -0.164603 -0.033341
v 0.848147 -0.173196 -0.028354
v 0.842070 -0.180249 -0.022278
v 0.835138 -0.185489 -0.015345
v 0.827615 -0.188716 -0.007823
v 0.828991 -0.077478 -0.006146
v 0.837837 -0.080705 -0.012057
v 0.845988 -0.085946 -0.017504
v 0.853134 -0.092998 -0.022278
v 0.858997 -0.101592 -0.026196
v 0.863355 -0.111396 -0.029107
v 0.866038 -0.122034 -0.030900
v 0.866944 -0.133097 -0.031506
v 0.866038 -0.144161 -0.030900
v 0.863355 -0.154799 -0.029107
v 0.858997 -0.164603 -0.026196
v 0.853134 -0.173196 -0.022278
v 0.845988 -0.180249 -0.017504
v 0.837837 -0.185489 -0.012057
v 0.828991 -0.188716 -0.006146
v 0.819792 -0.076389 -0.000000
v 0.830014 -0.077478 -0.004234
v 0.839842 -0.080705 -0.008305
v 0.848900 -0.085946 -0.012057
v 0.856839 -0.092998 -0.015345
v 0.863355 -0.101592 -0.018044
v 0.868196 -0.111396 -0.020050
v 0.871178 -0.122034 -0.021284
v 0.872184 -0.133097 -0.021701
v 0.871178 -0.144161 -0.021284
v 0.868196 -0.154799 -0.020050
v 0.863355 -0.164603 -0.018044
v 0.856839 -0.173196 -0.015345
v 0.848900 -0.180249 -0.012057
v 0.839842 -0.185489 -0.008305
v 0.830014 -0.188716 -0.004234
v 0.830643 -0.077478 -0.002158
v 0.841077 -0.080705 -0.004234
v 0.850693 -0.085946 -0.006146
v 0.859121 -0.092998 -0.007823
v 0.866038 -0.101592 -0.009199
v 0.871178 -0.111396 -0.010221
v 0.874343 -0.122034 -0.010851
v 0.875411 -0.133097 -0.011063
v 0.874343 -0.144161 -0.010851
v 0.871178 -0.154799 -0.010221
v 0.866038 -0.164603 -0.009199
v 0.859121 -0.173196 -0.007823
v 0.850693 -0.180249 -0.006146
v 0.841077 -0.185489 -0.004234
v 0.830643 -0.188716 -0.002158
v 0.830856 -0.077478 -0.000000
v 0.841494 -0.080705 -0.000000
v 0.851298 -0.085946 -0.000000
v 0.859891 -0.092998 -0.000000
v 0.866944 -0.101592 -0.000000
v 0.872184 -0.111396 -0.000000
v 0.875411 -0.122034 -0.000000
v 0.876501 -0.133097 -0.000000
v 0.875411 -0.144161 -0.000000
v 0.872184 -0.154799 -0.000000
v 0.866944 -0.164603 -0.000000
v 0.859891 -0.173196 -0.000000
v 0.851298 -0.180249 -0.000000
v 0.841494 -0.185489 -0.000000
v 0.830856 -0.188716 -0.000000
v 0.830643 -0.077478 0.002158
v 0.841077 -0.080705 0.004234
v 0.850693 -0.085946 0.006146
v 0.859121 -0.092998 0.007823
v 0.866038 -0.101592 0.009199
v 0.871178 -0.111396 0.010221
v 0.874343 -0.122034 0.010851
v 0.875411 -0.133097 0.011063
v 0.874343 -0.144161 0.010851
v 0.871178 -0.154799 0.010221
v 0.866038 -0.164603 0.009199
v 0.859121 -0.173196 0.007823
v 0.850693 -0.180249 0.006146
v 0.841077 -0.185489 0.004234
v 0.830643 -0.188716 0.002158
v 0.830014 -0.077478 0.004234
v 0.839842 -0.080705 0.008305
v 0.848900 -0.085946 0.012057
v 0.856839 -0.092998 0.015345
v 0.863355 -0.101592 0.018044
v 0.868196 -0.111396 0.020049
v 0.871178 -0.122034 0.021284
v 0.872184 -0.133097 0.021701
v 0.871178 -0.144161 0.021284
v 0.868196 -0.154799 0.020049
v 0.863355 -0.164603 0.018044
v 0.856839 -0.173196 0.015345
v 0.848900 -0.180249 0.012057
v 0.839842 -0.185489 0.008305
v 0.830014 -0.188716 0.004234
v 0.828991 -0.077478 0.006146
v 0.837837 -0.080705 0.012057
v 0.845988 -0.085946 0.017504
v 0.853134 -0.092998 0.022278
v 0.858997 -0.101592 0.026196
v 0.863355 -0.111396 0.029107
v 0.866038 -0.122034 0.030900
v 0.866944 -0.133097 0.031506
v 0.866038 -0.144161 0.030900
v 0.863355 -0.154799 0.029107
v 0.858997 -0.164603 0.026196
v 0.853134 -0.173196 0.022278
v 0.845988 -0.180249 0.017504
v 0.837837 -0.185489 0.012057
v 0.828991 -0.188716 0.006146
v 0.827615 -0.077478 0.007823
v 0.835138 -0.080705 0.015345
v 0.842070 -0.085946 0.022278
v 0.848147 -0.092998 0.028354
v 0.853134 -0.101592 0.033341
v 0.856839 -0.111396 0.037047
v 0.859121 -0.122034 0.039328
v 0.859891 -0.133097 0.040099
v 0.859121 -0.144161 0.039328
v 0.856839 -0.154799 0.037047
v 0.853134 -0.164603 0.033341
v 0.848147 -0.173196 0.028354
v 0.842070 -0.180249 0.022278
v 0.835138 -0.185489 0.015345
v 0.827615 -0.188716 0.007823
v 0.825939 -0.077478 0.009199
v 0.831849 -0.080705 0.018044
v 0.837296 -0.085946 0.026196
v 0.842070 -0.092998 0.033341
v 0.845988 -0.101592 0.039205
v 0.848900 -0.111396 0.043562
v 0.850693 -0.122034 0.046245
v 0.851298 -0.133097 0.047151
v 0.850693 -0.144161 0.046245
v 0.848900 -0.154799 0.043562
v 0.845988 -0.164603 0.039205
v 0.842070 -0.173196 0.033341
v 0.837296 -0.180249 0.026196
v 0.831849 -0.185489 0.018044
v 0.825939 -0.188716 0.009199
v 0.824026 -0.077478 0.010221
v 0.828097 -0.080705 0.020049
v 0.831849 -0.085946 0.029107
v 0.835138 -0.092998 0.037047
v 0.837837 -0.101592 0.043562
v 0.839842 -0.111396 0.048404
v 0.841077 -0.122034 0.051385
v 0.841494 -0.133097 0.052392
v 0.841077 -0.144161 0.051385
v 0.839842 -0.154799 0.048404
v 0.837837 -0.164603 0.043562
v 0.835138 -0.173196 0.037047
v 0.831849 -0.180249 0.029107
v 0.828097 -0.185489 0.020049
v 0.824026 -0.188716 0.010221
v 0.821951 -0.077478 0.010851
v 0.824026 -0.080705 0.021284
v 0.825939 -0.085946 0.030900
v 0.827615 -0.092998 0.039328
v 0.828991 -0.101592 0.046245
v 0.830014 -0.111396 0.051385
v 0.830643 -0.122034 0.054550
v 0.830856 -0.133097 0.055619
v 0.830643 -0.144161 0.054550
v 0.830014 -0.154799 0.051385
v 0.828991 -0.164603 0.046245
v 0.827615 -0.173196 0.039328
v 0.825939 -0.180249 0.030900
v 0.824026 -0.185489 0.021284
v 0.821951 -0.188716 0.010851
v 0.819792 -0.077478 0.011063
v 0.819792 -0.080705 0.021701
v 0.819792 -0.085946 0.031506
v 0.819792 -0.092998 0.040099
v 0.819792 -0.101592 0.047151
v 0.819792 -0.111396 0.052392
v 0.819792 -0.122034 0.055619
v 0.819792 -0.133097 0.056709
v 0.819792 -0.144161 0.055619
v 0.819792 -0.154799 0.052392
v 0.819792 -0.164603 0.047151
v 0.819792 -0.173196 0.040099
v 0.819792 -0.180249 0.031506
v 0.819792 -0.185489 0.021701
v 0.819792 -0.188716 0.011063
v 0.817634 -0.077478 0.010851
v 0.815559 -0.080705 0.021284
v 0.813646 -0.085946 0.030900
v 0.811970 -0.092998 0.039328
v 0.810594 -0.101592 0.046245
v 0.809571 -0.111396 0.051385
v 0.808942 -0.122034 0.054550
v 0.808729 -0.133097 0.055619
v 0.808942 -0.144161 0.054550
v 0.809571 -0.154799 0.051385
v 0.810594 -0.164603 0.046245
v 0.811970 -0.173196 0.039328
v 0.813646 -0.180249 0.030900
v 0.815559 -0.185489 0.021284
v 0.817634 -0.188716 0.010851
v 0.815559 -0.077478 0.010221
v 0.811488 -0.080705 0.020049
v 0.807736 -0.085946 0.029107
v 0.804447 -0.092998 0.037047
v 0.801748 -0.101592 0.043562
v 0.799743 -0.111396 0.048404
v 0.798508 -0.122034 0.051385
v 0.798091 -0.133097 0.052392
v 0.798508 -0.144161 0.051385
v 0.799743 -0.154799 0.048404
v 0.801748 -0.164603 0.043562
v 0.804447 -0.173196 0.037047
v 0.807736 -0.180249 0.029107
v 0.811488 -0.185489 0.020049
v 0.815559 -0.188716 0.010221
v 0.813646 -0.077478 0.009199
v 0.807736 -0.080705 0.018044
v 0.802289 -0.085946 0.026196
v 0.797515 -0.092998 0.033341
v 0.793597 -0.101592 0.039205
v 0.790685 -0.111396 0.043562
v 0.788892 -0.122034 0.046245
v 0.788287 -0.133097 0.047151
v 0.788892 -0.144161 0.046245
v 0.790685 -0.154799 0.043562
v 0.793597 -0.164603 0.039205
v 0.797515 -0.173196 0.033341
v 0.802289 -0.180249 0.026196
v 0.807736 -0.185489 0.018044
v 0.813646 -0.188716 0.009199
v 0.811970 -0.077478 0.007823
v 0.804447 -0.080705 0.015345
v 0.797515 -0.085946 0.022278
v 0.791438 -0.092998 0.028354
v 0.786451 -0.101592 0.033341
v 0.782746 -0.111396 0.037047
v 0.780464 -0.122034 0.039328
v 0.779693 -0.133097 0.040099
v 0.780464 -0.144161 0.039328
v 0.782746 -0.154799 0.037047
v 0.786451 -0.164603 0.033341
v 0.791438 -0.173196 0.028354
v 0.797515 -0.180249 0.022278
v 0.804447 -0.185489 0.015345
v 0.811970 -0.188716 0.007823
v 0.819792 -0.189806 -0.000000
v 0.810594 -0.077478 0.006146
v 0.801748 -0.080705 0.012057
v 0.793597 -0.085946 0.017504
v 0.786451 -0.092998 0.022278
v 0.780587 -0.101592 0.026196
v 0.776230 -0.111396 0.029107
v 0.773547 -0.122034 0.030900
v 0.772641 -0.133097 0.031506
v 0.773547 -0.144161 0.030900
v 0.776230 -0.154799 0.029107
v 0.780587 -0.164603 0.026196
v 0.786451 -0.173196 0.022278
v 0.793597 -0.180249 0.017504
v 0.801748 -0.185489 0.012057
v 0.810594 -0.188716 0.006146
v 0.809571 -0.077478 0.004234
v 0.799743 -0.080705 0.008305
v 0.790685 -0.085946 0.012057
v 0.782746 -0.092998 0.015345
v 0.776230 -0.101592 0.018044
v 0.771389 -0.111396 0.020049
v 0.768407 -0.122034 0.021284
v 0.767401 -0.133097 0.021701
v 0.768407 -0.144161 0.021284
v 0.771389 -0.154799 0.020049
v 0.776230 -0.164603 0.018044
v 0.782746 -0.173196 0.015345
v 0.790685 -0.180249 0.012057
v 0.799743 -0.185489 0.008305
v 0.809571 -0.188716 0.004234
v 0.808942 -0.077478 0.002158
v 0.798508 -0.080705 0.004234
v 0.788892 -0.085946 0.006146
v 0.780464 -0.092998 0.007823
v 0.773547 -0.101592 0.009199
v 0.768407 -0.111396 0.010221
v 0.765242 -0.122034 0.010851
v 0.764174 -0.133097 0.011063
v 0.765242 -0.144161 0.010851
v 0.768407 -0.154799 0.010221
v 0.773547 -0.164603 0.009199
v 0.780464 -0.173196 0.007823
v 0.788892 -0.180249 0.006146
v 0.798508 -0.185489 0.004234
v 0.808942 -0.188716 0.002158
v 0.808729 -0.077478 -0.000000
v 0.798091 -0.080705 -0.000000
v 0.788287 -0.085946 -0.000000
v 0.779693 -0.092998 -0.000000
v 0.772641 -0.101592 -0.000000
v 0.767401 -0.111396 -0.000000
v 0.764174 -0.122034 -0.000000
v 0.763084 -0.133097 -0.000000
v 0.764174 -0.144161 -0.000000
v 0.767401 -0.154799 -0.000000
v 0.772641 -0.164603 -0.000000
v 0.779693 -0.173196 -0.000000
v 0.788287 -0.180249 -0.000000
v 0.798091 -0.185489 -0.000000
v 0.808729 -0.188716 -0.000000
v 0.808942 -0.077478 -0.002158
v 0.798508 -0.080705 -0.004234
v 0.788892 -0.085946 -0.006146
v 0.780464 -0.092998 -0.007823
v 0.773547 -0.101592 -0.009199
v 0.768407 -0.111396 -0.010221
v 0.765242 -0.122034 -0.010851
v 0.764174 -0.133097 -0.011063
v 0.765242 -0.144161 -0.010851
v 0.768407 -0.154799 -0.010221
v 0.773547 -0.164603 -0.009199
v 0.780464 -0.173196 -0.007823
v 0.788892 -0.180249 -0.006146
v 0.798508 -0.185489 -0.004234
v 0.808942 -0.188716 -0.002158
v 0.809571 -0.077478 -0.004234
v 0.799743 -0.080705 -0.008305
v 0.790685 -0.085946 -0.012057
v 0.782746 -0.092998 -0.015345
v 0.776230 -0.101592 -0.018044
v 0.771389 -0.111396 -0.020050
v 0.768407 -0.122034 -0.021284
v 0.767401 -0.133097 -0.021701
v 0.768407 -0.144161 -0.021284
v 0.771389 -0.154799 -0.020050
v 0.776230 -0.164603 -0.018044
v 0.782746 -0.173196 -0.015345
v 0.790685 -0.180249 -0.012057
v 0.799743 -0.185489 -0.008305
v 0.809571 -0.188716 -0.004234
v 0.810594 -0.077478 -0.006146
v 0.801748 -0.080705 -0.012057
v 0.793597 -0.085946 -0.017504
v 0.786451 -0.092998 -0.022278
v 0.780587 -0.101592 -0.026196
v 0.776230 -0.111396 -0.029107
v 0.773547 -0.122034 -0.030900
v 0.772641 -0.133097 -0.031506
v 0.773547 -0.144161 -0.030900
v 0.776230 -0.154799 -0.029107
v 0.780587 -0.164603 -0.026196
v 0.786451 -0.173196 -0.022278
v 0.793597 -0.180249 -0.017504
v 0.801748 -0.185489 -0.012057
v 0.810594 -0.188716 -0.006146
v 0.811970 -0.077478 -0.007823
v 0.804447 -0.080705 -0.015345
v 0.797515 -0.085946 -0.022278
v 0.791438 -0.092998 -0.028354
v 0.786451 -0.101592 -0.033341
v 0.782746 -0.111396 -0.037047
v 0.780464 -0.122034 -0.039329
v 0.779693 -0.133097 -0.040099
v 0.780464 -0.144161 -0.039329
v 0.782746 -0.154799 -0.037047
v 0.786451 -0.164603 -0.033341
v 0.791438 -0.173196 -0.028354
v 0.797515 -0.180249 -0.022278
v 0.804447 -0.185489 -0.015345
v 0.811970 -0.188716 -0.007823
v 0.813646 -0.077478 -0.009199
v 0.807736 -0.080705 -0.018044
v 0.802289 -0.085946 -0.026196
v 0.797515 -0.092998 -0.033341
v 0.793597 -0.101592 -0.039205
v 0.790685 -0.111396 -0.043562
v 0.788892 -0.122034 -0.046245
v 0.788287 -0.133097 -0.047151
v 0.788892 -0.144161 -0.046245
v 0.790685 -0.154799 -0.043562
v 0.793597 -0.164603 -0.039205
v 0.797515 -0.173196 -0.033341
v 0.802289 -0.180249 -0.026196
v 0.807736 -0.185489 -0.018044
v 0.813646 -0.188716 -0.009199
v 0.815559 -0.077478 -0.010221
v 0.811488 -0.080705 -0.020050
v 0.807736 -0.085946 -0.029107
v 0.804447 -0.092998 -0.037047
v 0.801748 -0.101592 -0.043562
v 0.799743 -0.111396 -0.048404
v 0.798508 -0.122034 -0.051385
v 0.798091 -0.133097 -0.052392
v 0.798508 -0.144161 -0.051385
v 0.799743 -0.154799 -0.048404
v 0.801748 -0.164603 -0.043562
v 0.804447 -0.173196 -0.037047
v 0.807736 -0.180249 -0.029107
v 0.811488 -0.185489 -0.020050
v 0.815559 -0.188716 -0.010221
v 0.817634 -0.077478 -0.010851
v 0.815559 -0.080705 -0.021284
v 0.813646 -0.085946 -0.030900
v 0.811970 -0.092998 -0.039329
v 0.810594 -0.101592 -0.046245
v 0.809571 -0.111396 -0.051385
v 0.808942 -0.122034 -0.054550
v 0.808729 -0.133097 -0.055619
v 0.808942 -0.144161 -0.054550
v 0.809571 -0.154799 -0.051385
v 0.810594 -0.164603 -0.046245
v 0.811970 -0.173196 -0.039329
v 0.813646 -0.180249 -0.030900
v 0.815559 -0.185489 -0.021284
v 0.817634 -0.188716 -0.010851
v 0.819792 -0.077478 -0.011063
v 0.819792 -0.080705 -0.021701
v 0.819792 -0.092998 -0.040099
v 0.819792 -0.111396 -0.052392
v 0.819792 -0.154799 -0.052392
v 0.819792 -0.173196 -0.040099
v 0.819792 -0.180249 -0.031506
v 0.819792 -0.185489 -0.021701
v 0.819792 -0.188716 -0.011063
vn -0.0000 0.9796 -0.2010
vn -0.0000 1.0000 -0.0000
vn 0.0392 0.9796 -0.1971
vn -0.0000 -1.0000 -0.0000
vn -0.0000 -0.9796 -0.2010
vn 0.0392 -0.9796 -0.1971
vn -0.0000 -0.1939 -0.9810
vn -0.0000 -0.0000 -1.0000
vn 0.1951 -0.0000 -0.9808
vn 0.1914 -0.1939 -0.9622
vn -0.0000 0.9217 -0.3879
vn 0.0757 0.9217 -0.3804
vn -0.0000 -0.3805 -0.9248
vn 0.1804 -0.3805 -0.9070
vn -0.0000 0.8286 -0.5598
vn 0.1092 0.8286 -0.5490
vn -0.0000 -0.5528 -0.8333
vn 0.1626 -0.5528 -0.8173
vn -0.0000 0.7041 -0.7101
vn 0.1385 0.7041 -0.6965
vn -0.0000 -0.7041 -0.7101
vn 0.1385 -0.7041 -0.6965
vn -0.0000 0.5528 -0.8333
vn 0.1626 0.5528 -0.8173
vn -0.0000 -0.8286 -0.5598
vn 0.1092 -0.8286 -0.5490
vn -0.0000 0.3805 -0.9248
vn 0.1804 0.3805 -0.9070
vn -0.0000 -0.9217 -0.3879
vn 0.0757 -0.9217 -0.3804
vn -0.0000 0.1939 -0.9810
vn 0.1914 0.1939 -0.9622
vn 0.1484 -0.9217 -0.3584
vn 0.0769 -0.9796 -0.1857
vn 0.3754 0.1939 -0.9063
vn 0.3827 -0.0000 -0.9239
vn 0.0769 0.9796 -0.1857
vn 0.3754 -0.1939 -0.9063
vn 0.1484 0.9217 -0.3584
vn 0.3539 -0.3805 -0.8544
vn 0.2142 0.8286 -0.5172
vn 0.3189 -0.5528 -0.7699
vn 0.2718 0.7041 -0.6561
vn 0.2718 -0.7041 -0.6561
vn 0.3189 0.5528 -0.7699
vn 0.2142 -0.8286 -0.5172
vn 0.3539 0.3805 -0.8544
vn 0.3110 0.8286 -0.4654
vn 0.3945 0.7041 -0.5905
vn 0.4630 -0.5528 -0.6929
vn 0.3945 -0.7041 -0.5905
vn 0.4630 0.5528 -0.6929
vn 0.3110 -0.8286 -0.4654
vn 0.5138 0.3805 -0.7689
vn 0.2155 -0.9217 -0.3225
vn 0.5450 0.1939 -0.8157
vn 0.1117 -0.9796 -0.1671
vn 0.5556 -0.0000 -0.8315
vn 0.1117 0.9796 -0.1671
vn 0.5450 -0.1939 -0.8157
vn 0.2155 0.9217 -0.3225
vn 0.5138 -0.3805 -0.7689
vn 0.6937 0.1939 -0.6937
vn 0.7071 -0.0000 -0.7071
vn 0.1421 0.9796 -0.1421
vn 0.1421 -0.9796 -0.1421
vn 0.6937 -0.1939 -0.6937
vn 0.2743 0.9217 -0.2743
vn 0.6539 -0.3805 -0.6539
vn 0.3958 0.8286 -0.3958
vn 0.5893 -0.5528 -0.5893
vn 0.5021 0.7041 -0.5021
vn 0.5021 -0.7041 -0.5021
vn 0.5893 0.5528 -0.5893
vn 0.3958 -0.8286 -0.3958
vn 0.6539 0.3805 -0.6539
vn 0.2743 -0.9217 -0.2743
vn 0.6929 -0.5528 -0.4630
vn 0.5905 -0.7041 -0.3945
vn 0.5905 0.7041 -0.3945
vn 0.6929 0.5528 -0.4630
vn 0.4654 -0.8286 -0.3110
vn 0.7689 0.3805 -0.5138
vn 0.3225 -0.9217 -0.2155
vn 0.8157 0.1939 -0.5450
vn 0.1671 -0.9796 -0.1117
vn 0.8315 -0.0000 -0.5556
vn 0.1671 0.9796 -0.1117
vn 0.8157 -0.1939 -0.5450
vn 0.3225 0.9217 -0.2155
vn 0.7689 -0.3805 -0.5138
vn 0.4654 0.8286 -0.3110
vn 0.1857 0.9796 -0.0769
vn 0.1857 -0.9796 -0.0769
vn 0.9239 -0.0000 -0.3827
vn 0.9063 -0.1939 -0.3754
vn 0.3584 0.9217 -0.1484
vn 0.8544 -0.3805 -0.3539
vn 0.5172 0.8286 -0.2142
vn 0.7699 -0.5528 -0.3189
vn 0.6561 0.7041 -0.2718
vn 0.6561 -0.7041 -0.2718
vn 0.7699 0.5528 -0.3189
vn 0.5172 -0.8286 -0.2142
vn 0.8544 0.3805 -0.3539
vn 0.3584 -0.9217 -0.1484
vn 0.9063 0.1939 -0.3754
vn 0.6965 0.7041 -0.1385
vn 0.8173 0.5528 -0.1626
vn 0.6965 -0.7041 -0.1385
vn 0.5490 -0.8286 -0.1092
vn 0.9070 0.3805 -0.1804
vn 0.3804 -0.9217 -0.0757
vn 0.9622 0.1939 -0.1914
vn 0.1971 -0.9796 -0.0392
vn 0.9808 -0.0000 -0.1951
vn 0.1971 0.9796 -0.0392
vn 0.9622 -0.1939 -0.1914
vn 0.3804 0.9217 -0.0757
vn 0.9070 -0.3805 -0.1804
vn 0.5490 0.8286 -0.1092
vn 0.8173 -0.5528 -0.1626
vn 1.0000 -0.0000 -0.0000
vn 0.9810 -0.1939 -0.0000
vn 0.2010 0.9796 -0.0000
vn 0.3879 0.9217 -0.0000
vn 0.9248 -0.3805 -0.0000
vn 0.5598 0.8286 -0.0000
vn 0.8333 -0.5528 -0.0000
vn 0.7101 0.7041 -0.0000
vn 0.7101 -0.7041 -0.0000
vn 0.8333 0.5528 -0.0000
vn 0.5598 -0.8286 -0.0000
vn 0.9248 0.3805 -0.0000
vn 0.3879 -0.9217 -0.0000
vn 0.9810 0.1939 -0.0000
vn 0.2010 -0.9796 -0.0000
vn 0.6965 -0.7041 0.1385
vn 0.5490 -0.8286 0.1092
vn 0.8173 0.5528 0.1626
vn 0.9070 0.3805 0.1804
vn 0.3804 -0.9217 0.0757
vn 0.9622 0.1939 0.1914
vn 0.1971 -0.9796 0.0392
vn 0.9808 -0.0000 0.1951
vn 0.1971 0.9796 0.0392
vn 0.9622 -0.1939 0.1914
vn 0.3804 0.9217 0.0757
vn 0.9070 -0.3805 0.1804
vn 0.5490 0.8286 0.1092
vn 0.8173 -0.5528 0.1626
vn 0.6965 0.7041 0.1385
vn 0.9063 -0.1939 0.3754
vn 0.8544 -0.3805 0.3539
vn 0.3584 0.9217 0.1484
vn 0.5172 0.8286 0.2142
vn 0.7699 -0.5528 0.3189
vn 0.6561 0.7041 0.2718
vn 0.6561 -0.7041 0.2718
vn 0.7699 0.5528 0.3189
vn 0.5172 -0.8286 0.2142
vn 0.8544 0.3805 0.3539
vn 0.3584 -0.9217 0.1484
vn 0.9063 0.1939 0.3754
vn 0.1857 -0.9796 0.0769
vn 0.9239 -0.0000 0.3827
vn 0.1857 0.9796 0.0769
vn 0.4654 -0.8286 0.3110
vn 0.3225 -0.9217 0.2155
vn 0.7689 0.3805 0.5138
vn 0.8157 0.1939 0.5450
vn 0.1671 -0.9796 0.1117
vn 0.8315 -0.0000 0.5556
vn 0.1671 0.9796 0.1117
vn 0.8157 -0.1939 0.5450
vn 0.3225 0.9217 0.2155
vn 0.7689 -0.3805 0.5138
vn 0.4654 0.8286 0.3110
vn 0.6929 -0.5528 0.4630
vn 0.5905 0.7041 0.3945
vn 0.5905 -0.7041 0.3945
vn 0.6929 0.5528 0.4630
vn 0.2743 0.9217 0.2743
vn 0.3958 0.8286 0.3958
vn 0.6539 -0.3805 0.6539
vn 0.5893 -0.5528 0.5893
vn 0.5021 0.7041 0.5021
vn 0.5021 -0.7041 0.5021
vn 0.5893 0.5528 0.5893
vn 0.3958 -0.8286 0.3958
vn 0.6539 0.3805 0.6539
vn 0.2743 -0.9217 0.2743
vn 0.6937 0.1939 0.6937
vn 0.1421 -0.9796 0.1421
vn 0.7071 -0.0000 0.7071
vn 0.1421 0.9796 0.1421
vn 0.6937 -0.1939 0.6937
vn 0.5138 0.3805 0.7689
vn 0.5450 0.1939 0.8157
vn 0.2155 -0.9217 0.3225
vn 0.1117 -0.9796 0.1671
vn 0.5556 -0.0000 0.8315
vn 0.1117 0.9796 0.1671
vn 0.5450 -0.1939 0.8157
vn 0.2155 0.9217 0.3225
vn 0.5138 -0.3805 0.7689
vn 0.3110 0.8286 0.4654
vn 0.4630 -0.5528 0.6929
vn 0.3945 0.7041 0.5905
vn 0.3945 -0.7041 0.5905
vn 0.4630 0.5528 0.6929
vn 0.3110 -0.8286 0.4654
vn 0.3539 -0.3805 0.8544
vn 0.3189 -0.5528 0.7699
vn 0.2142 0.8286 0.5172
vn 0.2718 0.7041 0.6561
vn 0.2718 -0.7041 0.6561
vn 0.3189 0.5528 0.7699
vn 0.2142 -0.8286 0.5172
vn 0.3539 0.3805 0.8544
vn 0.1484 -0.9217 0.3584
vn 0.3754 0.1939 0.9063
vn 0.0769 -0.9796 0.1857
vn 0.3827 -0.0000 0.9239
vn 0.0769 0.9796 0.1857
vn 0.3754 -0.1939 0.9063
vn 0.1484 0.9217 0.3584
vn 0.0757 -0.9217 0.3804
vn 0.0392 -0.9796 0.1971
vn 0.1914 0.1939 0.9622
vn 0.1951 -0.0000 0.9808
vn 0.0392 0.9796 0.1971
vn 0.1914 -0.1939 0.9622
vn 0.0757 0.9217 0.3804
vn 0.1804 -0.3805 0.9070
vn 0.1092 0.8286 0.5490
vn 0.1626 -0.5528 0.8173
vn 0.1385 0.7041 0.6965
vn 0.1385 -0.7041 0.6965
vn 0.1626 0.5528 0.8173
vn 0.1092 -0.8286 0.5490
vn 0.1804 0.3805 0.9070
vn -0.0000 0.8286 0.5598
vn -0.0000 0.7041 0.7101
vn -0.0000 -0.5528 0.8333
vn -0.0000 -0.7041 0.7101
vn -0.0000 0.5528 0.8333
vn -0.0000 -0.8286 0.5598
vn -0.0000 0.3805 0.9248
vn -0.0000 -0.9217 0.3879
vn -0.0000 0.1939 0.9810
vn -0.0000 -0.9796 0.2010
vn -0.0000 -0.0000 1.0000
vn -0.0000 0.9796 0.2010
vn -0.0000 -0.1939 0.9810
vn -0.0000 0.9217 0.3879
vn -0.0000 -0.3805 0.9248
vn -0.1914 0.1939 0.9622
vn -0.1951 -0.0000 0.9808
vn -0.0392 0.9796 0.1971
vn -0.0392 -0.9796 0.1971
vn -0.1914 -0.1939 0.9622
vn -0.0757 0.9217 0.3804
vn -0.1804 -0.3805 0.9070
vn -0.1092 0.8286 0.5490
vn -0.1626 -0.5528 0.8173
vn -0.1385 0.7041 0.6965
vn -0.1385 -0.7041 0.6965
vn -0.1626 0.5528 0.8173
vn -0.1092 -0.8286 0.5490
vn -0.1804 0.3805 0.9070
vn -0.0757 -0.9217 0.3804
vn -0.3189 -0.5528 0.7699
vn -0.2718 -0.7041 0.6561
vn -0.2718 0.7041 0.6561
vn -0.3189 0.5528 0.7699
vn -0.2142 -0.8286 0.5172
vn -0.3539 0.3805 0.8544
vn -0.1484 -0.9217 0.3584
vn -0.3754 0.1939 0.9063
vn -0.0769 -0.9796 0.1857
vn -0.3827 -0.0000 0.9239
vn -0.0769 0.9796 0.1857
vn -0.3754 -0.1939 0.9063
vn -0.1484 0.9217 0.3584
vn -0.3539 -0.3805 0.8544
vn -0.2142 0.8286 0.5172
vn -0.1117 -0.9796 0.1671
vn -0.5556 -0.0000 0.8315
vn -0.5450 -0.1939 0.8157
vn -0.1117 0.9796 0.1671
vn -0.2155 0.9217 0.3225
vn -0.5138 -0.3805 0.7689
vn -0.3110 0.8286 0.4654
vn -0.4630 -0.5528 0.6929
vn -0.3945 0.7041 0.5905
vn -0.3945 -0.7041 0.5905
vn -0.4630 0.5528 0.6929
vn -0.3110 -0.8286 0.4654
vn -0.5138 0.3805 0.7689
vn -0.2155 -0.9217 0.3225
vn -0.5450 0.1939 0.8157
vn -0.5021 -0.7041 0.5021
vn -0.3958 -0.8286 0.3958
vn -0.5893 0.5528 0.5893
vn -0.6539 0.3805 0.6539
vn -0.2743 -0.9217 0.2743
vn -0.6937 0.1939 0.6937
vn -0.1421 -0.9796 0.1421
vn -0.7071 -0.0000 0.7071
vn -0.1421 0.9796 0.1421
vn -0.6937 -0.1939 0.6937
vn -0.2743 0.9217 0.2743
vn -0.6539 -0.3805 0.6539
vn -0.3958 0.8286 0.3958
vn -0.5893 -0.5528 0.5893
vn -0.5021 0.7041 0.5021
vn -0.1671 0.9796 0.1117
vn -0.3225 0.9217 0.2155
vn -0.8157 -0.1939 0.5450
vn -0.7689 -0.3805 0.5138
vn -0.4654 0.8286 0.3110
vn -0.6929 -0.5528 0.4630
vn -0.5905 0.7041 0.3945
vn -0.5905 -0.7041 0.3945
vn -0.6929 0.5528 0.4630
vn -0.4654 -0.8286 0.3110
vn -0.7689 0.3805 0.5138
vn -0.3225 -0.9217 0.2155
vn -0.8157 0.1939 0.5450
vn -0.1671 -0.9796 0.1117
vn -0.8315 -0.0000 0.5556
vn -0.7699 0.5528 0.3189
vn -0.8544 0.3805 0.3539
vn -0.5172 -0.8286 0.2142
vn -0.3584 -0.9217 0.1484
vn -0.9063 0.1939 0.3754
vn -0.1857 -0.9796 0.0769
vn -0.9239 -0.0000 0.3827
vn -0.1857 0.9796 0.0769
vn -0.9063 -0.1939 0.3754
vn -0.3584 0.9217 0.1484
vn -0.8544 -0.3805 0.3539
vn -0.5172 0.8286 0.2142
vn -0.7699 -0.5528 0.3189
vn -0.6561 0.7041 0.2718
vn -0.6561 -0.7041 0.2718
vn -0.9622 -0.1939 0.1914
vn -0.9070 -0.3805 0.1804
vn -0.3804 0.9217 0.0757
vn -0.5490 0.8286 0.1092
vn -0.8173 -0.5528 0.1626
vn -0.6965 0.7041 0.1385
vn -0.6965 -0.7041 0.1385
vn -0.8173 0.5528 0.1626
vn -0.5490 -0.8286 0.1092
vn -0.9070 0.3805 0.1804
vn -0.3804 -0.9217 0.0757
vn -0.9622 0.1939 0.1914
vn -0.1971 -0.9796 0.0392
vn -0.9808 -0.0000 0.1951
vn -0.1971 0.9796 0.0392
vn -0.5598 -0.8286 -0.0000
vn -0.3879 -0.9217 -0.0000
vn -0.9248 0.3805 -0.0000
vn -0.9810 0.1939 -0.0000
vn -0.2010 -0.9796 -0.0000
vn -1.0000 -0.0000 -0.0000
vn -0.2010 0.9796 -0.0000
vn -0.9810 -0.1939 -0.0000
vn -0.3879 0.9217 -0.0000
vn -0.9248 -0.3805 -0.0000
vn -0.5598 0.8286 -0.0000
vn -0.8333 -0.5528 -0.0000
vn -0.7101 0.7041 -0.0000
vn -0.7101 -0.7041 -0.0000
vn -0.8333 0.5528 -0.0000
vn -0.3804 0.9217 -0.0757
vn -0.5490 0.8286 -0.1092
vn -0.9070 -0.3805 -0.1804
vn -0.8173 -0.5528 -0.1626
vn -0.6965 0.7041 -0.1385
vn -0.6965 -0.7041 -0.1385
vn -0.8173 0.5528 -0.1626
vn -0.5490 -0.8286 -0.1092
vn -0.9070 0.3805 -0.1804
vn -0.3804 -0.9217 -0.0757
vn -0.9622 0.1939 -0.1914
vn -0.1971 -0.9796 -0.0392
vn -0.9808 -0.0000 -0.1951
vn -0.1971 0.9796 -0.0392
vn -0.9622 -0.1939 -0.1914
vn -0.8544 0.3805 -0.3539
vn -0.9063 0.1939 -0.3754
vn -0.3584 -0.9217 -0.1484
vn -0.1857 -0.9796 -0.0769
vn -0.9239 -0.0000 -0.3827
vn -0.1857 0.9796 -0.0769
vn -0.9063 -0.1939 -0.3754
vn -0.3584 0.9217 -0.1484
vn -0.8544 -0.3805 -0.3539
vn -0.5172 0.8286 -0.2142
vn -0.7699 -0.5528 -0.3189
vn -0.6561 0.7041 -0.2718
vn -0.6561 -0.7041 -0.2718
vn -0.7699 0.5528 -0.3189
vn -0.5172 -0.8286 -0.2142
vn -0.7689 -0.3805 -0.5138
vn -0.6929 -0.5528 -0.4630
vn -0.4654 0.8286 -0.3110
vn -0.5905 0.7041 -0.3945
vn -0.5905 -0.7041 -0.3945
vn -0.6929 0.5528 -0.4630
vn -0.4654 -0.8286 -0.3110
vn -0.7689 0.3805 -0.5138
vn -0.3225 -0.9217 -0.2155
vn -0.8157 0.1939 -0.5450
vn -0.1671 -0.9796 -0.1117
vn -0.8315 -0.0000 -0.5556
vn -0.1671 0.9796 -0.1117
vn -0.8157 -0.1939 -0.5450
vn -0.3225 0.9217 -0.2155
vn -0.2743 -0.9217 -0.2743
vn -0.1421 -0.9796 -0.1421
vn -0.6937 0.1939 -0.6937
vn -0.7071 -0.0000 -0.7071
vn -0.1421 0.9796 -0.1421
vn -0.6937 -0.1939 -0.6937
vn -0.2743 0.9217 -0.2743
vn -0.6539 -0.3805 -0.6539
vn -0.3958 0.8286 -0.3958
vn -0.5893 -0.5528 -0.5893
vn -0.5021 0.7041 -0.5021
vn -0.5021 -0.7041 -0.5021
vn -0.5893 0.5528 -0.5893
vn -0.3958 -0.8286 -0.3958
vn -0.6539 0.3805 -0.6539
vn -0.4630 -0.5528 -0.6929
vn -0.3945 -0.7041 -0.5905
vn -0.3945 0.7041 -0.5905
vn -0.4630 0.5528 -0.6929
vn -0.3110 -0.8286 -0.4654
vn -0.5138 0.3805 -0.7689
vn -0.2155 -0.9217 -0.3225
vn -0.5450 0.1939 -0.8157
vn -0.1117 -0.9796 -0.1671
vn -0.5556 -0.0000 -0.8315
vn -0.1117 0.9796 -0.1671
vn -0.5450 -0.1939 -0.8157
vn -0.2155 0.9217 -0.3225
vn -0.5138 -0.3805 -0.7689
vn -0.3110 0.8286 -0.4654
vn -0.0769 0.9796 -0.1857
vn -0.0769 -0.9796 -0.1857
vn -0.3827 -0.0000 -0.9239
vn -0.3754 -0.1939 -0.9063
vn -0.1484 0.9217 -0.3584
vn -0.3539 -0.3805 -0.8544
vn -0.2142 0.8286 -0.5172
vn -0.3189 -0.5528 -0.7699
vn -0.2718 0.7041 -0.6561
vn -0.2718 -0.7041 -0.6561
vn -0.3189 0.5528 -0.7699
vn -0.2142 -0.8286 -0.5172
vn -0.3539 0.3805 -0.8544
vn -0.1484 -0.9217 -0.3584
vn -0.3754 0.1939 -0.9063
vn -0.1385 0.7041 -0.6965
vn -0.1626 0.5528 -0.8173
vn -0.1385 -0.7041 -0.6965
vn -0.1092 -0.8286 -0.5490
vn -0.1804 0.3805 -0.9070
vn -0.0757 -0.9217 -0.3804
vn -0.1914 0.1939 -0.9622
vn -0.0392 -0.9796 -0.1971
vn -0.1951 -0.0000 -0.9808
vn -0.0392 0.9796 -0.1971
vn -0.1914 -0.1939 -0.9622
vn -0.0757 0.9217 -0.3804
vn -0.1804 -0.3805 -0.9070
vn -0.1092 0.8286 -0.5490
vn -0.1626 -0.5528 -0.8173
vt 0.750000 0.937500
vt 0.734375 1.000000
vt 0.718750 0.937500
vt 0.734375 0.000000
vt 0.750000 0.062500
vt 0.718750 0.062500
vt 0.750000 0.437500
vt 0.750000 0.500000
vt 0.718750 0.500000
vt 0.718750 0.437500
vt 0.750000 0.875000
vt 0.718750 0.875000
vt 0.750000 0.375000
vt 0.718750 0.375000
vt 0.750000 0.812500
vt 0.718750 0.812500
vt 0.750000 0.312500
vt 0.718750 0.312500
vt 0.750000 0.750000
vt 0.718750 0.750000
vt 0.750000 0.250000
vt 0.718750 0.250000
vt 0.750000 0.687500
vt 0.718750 0.687500
vt 0.750000 0.187500
vt 0.718750 0.187500
vt 0.750000 0.625000
vt 0.718750 0.625000
vt 0.750000 0.125000
vt 0.718750 0.125000
vt 0.750000 0.562500
vt 0.718750 0.562500
vt 0.687500 0.125000
vt 0.687500 0.062500
vt 0.687500 0.562500
vt 0.687500 0.500000
vt 0.703125 1.000000
vt 0.687500 0.937500
vt 0.703125 0.000000
vt 0.687500 0.437500
vt 0.687500 0.875000
vt 0.687500 0.375000
vt 0.687500 0.812500
vt 0.687500 0.312500
vt 0.687500 0.750000
vt 0.687500 0.250000
vt 0.687500 0.687500
vt 0.687500 0.187500
vt 0.687500 0.625000
vt 0.656250 0.812500
vt 0.656250 0.750000
vt 0.656250 0.312500
vt 0.656250 0.250000
vt 0.656250 0.687500
vt 0.656250 0.187500
vt 0.656250 0.625000
vt 0.656250 0.125000
vt 0.656250 0.562500
vt 0.656250 0.062500
vt 0.656250 0.500000
vt 0.671875 1.000000
vt 0.656250 0.937500
vt 0.671875 0.000000
vt 0.656250 0.437500
vt 0.656250 0.875000
vt 0.656250 0.375000
vt 0.625000 0.562500
vt 0.625000 0.500000
vt 0.640625 1.000000
vt 0.625000 0.937500
vt 0.640625 0.000000
vt 0.625000 0.062500
vt 0.625000 0.437500
vt 0.625000 0.875000
vt 0.625000 0.375000
vt 0.625000 0.812500
vt 0.625000 0.312500
vt 0.625000 0.750000
vt 0.625000 0.250000
vt 0.625000 0.687500
vt 0.625000 0.187500
vt 0.625000 0.625000
vt 0.625000 0.125000
vt 0.593750 0.312500
vt 0.593750 0.250000
vt 0.593750 0.750000
vt 0.593750 0.687500
vt 0.593750 0.187500
vt 0.593750 0.625000
vt 0.593750 0.125000
vt 0.593750 0.562500
vt 0.593750 0.062500
vt 0.593750 0.500000
vt 0.609375 1.000000
vt 0.593750 0.937500
vt 0.609375 0.000000
vt 0.593750 0.437500
vt 0.593750 0.875000
vt 0.593750 0.375000
vt 0.593750 0.812500
vt 0.578125 1.000000
vt 0.562500 0.937500
vt 0.578125 0.000000
vt 0.562500 0.062500
vt 0.562500 0.500000
vt 0.562500 0.437500
vt 0.562500 0.875000
vt 0.562500 0.375000
vt 0.562500 0.812500
vt 0.562500 0.312500
vt 0.562500 0.750000
vt 0.562500 0.250000
vt 0.562500 0.687500
vt 0.562500 0.187500
vt 0.562500 0.625000
vt 0.562500 0.125000
vt 0.562500 0.562500
vt 0.531250 0.750000
vt 0.531250 0.687500
vt 0.531250 0.250000
vt 0.531250 0.187500
vt 0.531250 0.625000
vt 0.531250 0.125000
vt 0.531250 0.562500
vt 0.531250 0.062500
vt 0.531250 0.500000
vt 0.546875 1.000000
vt 0.531250 0.937500
vt 0.546875 0.000000
vt 0.531250 0.437500
vt 0.531250 0.875000
vt 0.531250 0.375000
vt 0.531250 0.812500
vt 0.531250 0.312500
vt 0.500000 0.500000
vt 0.500000 0.437500
vt 0.500000 0.937500
vt 0.500000 0.875000
vt 0.500000 0.375000
vt 0.500000 0.812500
vt 0.500000 0.312500
vt 0.500000 0.750000
vt 0.500000 0.250000
vt 0.500000 0.687500
vt 0.500000 0.187500
vt 0.500000 0.625000
vt 0.500000 0.125000
vt 0.500000 0.562500
vt 0.500000 0.062500
vt 0.515625 1.000000
vt 0.515625 0.000000
vt 0.468750 0.250000
vt 0.468750 0.187500
vt 0.468750 0.687500
vt 0.468750 0.625000
vt 0.468750 0.125000
vt 0.468750 0.562500
vt 0.468750 0.062500
vt 0.468750 0.500000
vt 0.484375 1.000000
vt 0.468750 0.937500
vt 0.484375 0.000000
vt 0.468750 0.437500
vt 0.468750 0.875000
vt 0.468750 0.375000
vt 0.468750 0.812500
vt 0.468750 0.312500
vt 0.468750 0.750000
vt 0.437500 0.437500
vt 0.437500 0.375000
vt 0.437500 0.875000
vt 0.437500 0.812500
vt 0.437500 0.312500
vt 0.437500 0.750000
vt 0.437500 0.250000
vt 0.437500 0.687500
vt 0.437500 0.187500
vt 0.437500 0.625000
vt 0.437500 0.125000
vt 0.437500 0.562500
vt 0.437500 0.062500
vt 0.437500 0.500000
vt 0.453125 1.000000
vt 0.437500 0.937500
vt 0.453125 0.000000
vt 0.406250 0.187500
vt 0.406250 0.125000
vt 0.406250 0.625000
vt 0.406250 0.562500
vt 0.406250 0.062500
vt 0.406250 0.500000
vt 0.421875 1.000000
vt 0.406250 0.937500
vt 0.421875 0.000000
vt 0.406250 0.437500
vt 0.406250 0.875000
vt 0.406250 0.375000
vt 0.406250 0.812500
vt 0.406250 0.312500
vt 0.406250 0.750000
vt 0.406250 0.250000
vt 0.406250 0.687500
vt 0.375000 0.875000
vt 0.375000 0.812500
vt 0.375000 0.375000
vt 0.375000 0.312500
vt 0.375000 0.750000
vt 0.375000 0.250000
vt 0.375000 0.687500
vt 0.375000 0.187500
vt 0.375000 0.625000
vt 0.375000 0.125000
vt 0.375000 0.562500
vt 0.375000 0.062500
vt 0.375000 0.500000
vt 0.390625 1.000000
vt 0.375000 0.937500
vt 0.390625 0.000000
vt 0.375000 0.437500
vt 0.343750 0.625000
vt 0.343750 0.562500
vt 0.343750 0.125000
vt 0.343750 0.062500
vt 0.343750 0.500000
vt 0.359375 1.000000
vt 0.343750 0.937500
vt 0.359375 0.000000
vt 0.343750 0.437500
vt 0.343750 0.875000
vt 0.343750 0.375000
vt 0.343750 0.812500
vt 0.343750 0.312500
vt 0.343750 0.750000
vt 0.343750 0.250000
vt 0.343750 0.687500
vt 0.343750 0.187500
vt 0.312500 0.375000
vt 0.312500 0.312500
vt 0.312500 0.812500
vt 0.312500 0.750000
vt 0.312500 0.250000
vt 0.312500 0.687500
vt 0.312500 0.187500
vt 0.312500 0.625000
vt 0.312500 0.125000
vt 0.312500 0.562500
vt 0.312500 0.062500
vt 0.312500 0.500000
vt 0.328125 1.000000
vt 0.312500 0.937500
vt 0.328125 0.000000
vt 0.312500 0.437500
vt 0.312500 0.875000
vt 0.281250 0.125000
vt 0.281250 0.062500
vt 0.281250 0.562500
vt 0.281250 0.500000
vt 0.296875 1.000000
vt 0.281250 0.937500
vt 0.296875 0.000000
vt 0.281250 0.437500
vt 0.281250 0.875000
vt 0.281250 0.375000
vt 0.281250 0.812500
vt 0.281250 0.312500
vt 0.281250 0.750000
vt 0.281250 0.250000
vt 0.281250 0.687500
vt 0.281250 0.187500
vt 0.281250 0.625000
vt 0.250000 0.812500
vt 0.250000 0.750000
vt 0.250000 0.312500
vt 0.250000 0.250000
vt 0.250000 0.687500
vt 0.250000 0.187500
vt 0.250000 0.625000
vt 0.250000 0.125000
vt 0.250000 0.562500
vt 0.250000 0.062500
vt 0.250000 0.500000
vt 0.265625 1.000000
vt 0.250000 0.937500
vt 0.265625 0.000000
vt 0.250000 0.437500
vt 0.250000 0.875000
vt 0.250000 0.375000
vt 0.218750 0.562500
vt 0.218750 0.500000
vt 0.234375 1.000000
vt 0.218750 0.937500
vt 0.234375 0.000000
vt 0.218750 0.062500
vt 0.218750 0.437500
vt 0.218750 0.875000
vt 0.218750 0.375000
vt 0.218750 0.812500
vt 0.218750 0.312500
vt 0.218750 0.750000
vt 0.218750 0.250000
vt 0.218750 0.687500
vt 0.218750 0.187500
vt 0.218750 0.625000
vt 0.218750 0.125000
vt 0.187500 0.312500
vt 0.187500 0.250000
vt 0.187500 0.750000
vt 0.187500 0.687500
vt 0.187500 0.187500
vt 0.187500 0.625000
vt 0.187500 0.125000
vt 0.187500 0.562500
vt 0.187500 0.062500
vt 0.187500 0.500000
vt 0.203125 1.000000
vt 0.187500 0.937500
vt 0.203125 0.000000
vt 0.187500 0.437500
vt 0.187500 0.875000
vt 0.187500 0.375000
vt 0.187500 0.812500
vt 0.171875 0.000000
vt 0.156250 0.062500
vt 0.156250 0.500000
vt 0.156250 0.437500
vt 0.156250 0.937500
vt 0.156250 0.875000
vt 0.156250 0.375000
vt 0.156250 0.812500
vt 0.156250 0.312500
vt 0.156250 0.750000
vt 0.156250 0.250000
vt 0.156250 0.687500
vt 0.156250 0.187500
vt 0.156250 0.625000
vt 0.156250 0.125000
vt 0.156250 0.562500
vt 0.171875 1.000000
vt 0.125000 0.250000
vt 0.125000 0.187500
vt 0.125000 0.687500
vt 0.125000 0.625000
vt 0.125000 0.125000
vt 0.125000 0.562500
vt 0.125000 0.062500
vt 0.125000 0.500000
vt 0.140625 1.000000
vt 0.125000 0.937500
vt 0.140625 0.000000
vt 0.125000 0.437500
vt 0.125000 0.875000
vt 0.125000 0.375000
vt 0.125000 0.812500
vt 0.125000 0.312500
vt 0.125000 0.750000
vt 0.093750 0.937500
vt 0.093750 0.875000
vt 0.093750 0.437500
vt 0.093750 0.375000
vt 0.093750 0.812500
vt 0.093750 0.312500
vt 0.093750 0.750000
vt 0.093750 0.250000
vt 0.093750 0.687500
vt 0.093750 0.187500
vt 0.093750 0.625000
vt 0.093750 0.125000
vt 0.093750 0.562500
vt 0.093750 0.062500
vt 0.093750 0.500000
vt 0.109375 1.000000
vt 0.109375 0.000000
vt 0.062500 0.687500
vt 0.062500 0.625000
vt 0.062500 0.187500
vt 0.062500 0.125000
vt 0.062500 0.562500
vt 0.062500 0.062500
vt 0.062500 0.500000
vt 0.078125 1.000000
vt 0.062500 0.937500
vt 0.078125 0.000000
vt 0.062500 0.437500
vt 0.062500 0.875000
vt 0.062500 0.375000
vt 0.062500 0.812500
vt 0.062500 0.312500
vt 0.062500 0.750000
vt 0.062500 0.250000
vt 0.031250 0.437500
vt 0.031250 0.375000
vt 0.031250 0.875000
vt 0.031250 0.812500
vt 0.031250 0.312500
vt 0.031250 0.750000
vt 0.031250 0.250000
vt 0.031250 0.687500
vt 0.031250 0.187500
vt 0.031250 0.625000
vt 0.031250 0.125000
vt 0.031250 0.562500
vt 0.031250 0.062500
vt 0.031250 0.500000
vt 0.046875 1.000000
vt 0.031250 0.937500
vt 0.046875 0.000000
vt 0.000000 0.187500
vt 0.000000 0.125000
vt 0.000000 0.625000
vt 0.000000 0.562500
vt 0.000000 0.062500
vt 0.000000 0.500000
vt 0.015625 1.000000
vt 0.000000 0.937500
vt 0.015625 0.000000
vt 0.000000 0.437500
vt 0.000000 0.875000
vt 0.000000 0.375000
vt 0.000000 0.812500
vt 0.000000 0.312500
vt 0.000000 0.750000
vt 0.000000 0.250000
vt 0.000000 0.687500
vt 1.000000 0.812500
vt 1.000000 0.875000
vt 0.968750 0.875000
vt 0.968750 0.812500
vt 1.000000 0.312500
vt 1.000000 0.375000
vt 0.968750 0.375000
vt 0.968750 0.312500
vt 1.000000 0.750000
vt 0.968750 0.750000
vt 1.000000 0.250000
vt 0.968750 0.250000
vt 1.000000 0.687500
vt 0.968750 0.687500
vt 1.000000 0.187500
vt 0.968750 0.187500
vt 1.000000 0.625000
vt 0.968750 0.625000
vt 1.000000 0.125000
vt 0.968750 0.125000
vt 1.000000 0.562500
vt 0.968750 0.562500
vt 1.000000 0.062500
vt 0.968750 0.062500
vt 1.000000 0.500000
vt 0.968750 0.500000
vt 1.000000 0.937500
vt 0.984375 1.000000
vt 0.968750 0.937500
vt 0.984375 0.000000
vt 1.000000 0.437500
vt 0.968750 0.437500
vt 0.937500 0.625000
vt 0.937500 0.562500
vt 0.937500 0.125000
vt 0.937500 0.062500
vt 0.937500 0.500000
vt 0.953125 1.000000
vt 0.937500 0.937500
vt 0.953125 0.000000
vt 0.937500 0.437500
vt 0.937500 0.875000
vt 0.937500 0.375000
vt 0.937500 0.812500
vt 0.937500 0.312500
vt 0.937500 0.750000
vt 0.937500 0.250000
vt 0.937500 0.687500
vt 0.937500 0.187500
vt 0.906250 0.375000
vt 0.906250 0.312500
vt 0.906250 0.812500
vt 0.906250 0.750000
vt 0.906250 0.250000
vt 0.906250 0.687500
vt 0.906250 0.187500
vt 0.906250 0.625000
vt 0.906250 0.125000
vt 0.906250 0.562500
vt 0.906250 0.062500
vt 0.906250 0.500000
vt 0.921875 1.000000
vt 0.906250 0.937500
vt 0.921875 0.000000
vt 0.906250 0.437500
vt 0.906250 0.875000
vt 0.875000 0.125000
vt 0.875000 0.062500
vt 0.875000 0.562500
vt 0.875000 0.500000
vt 0.890625 1.000000
vt 0.875000 0.937500
vt 0.890625 0.000000
vt 0.875000 0.437500
vt 0.875000 0.875000
vt 0.875000 0.375000
vt 0.875000 0.812500
vt 0.875000 0.312500
vt 0.875000 0.750000
vt 0.875000 0.250000
vt 0.875000 0.687500
vt 0.875000 0.187500
vt 0.875000 0.625000
vt 0.843750 0.312500
vt 0.843750 0.250000
vt 0.843750 0.750000
vt 0.843750 0.687500
vt 0.843750 0.187500
vt 0.843750 0.625000
vt 0.843750 0.125000
vt 0.843750 0.562500
vt 0.843750 0.062500
vt 0.843750 0.500000
vt 0.859375 1.000000
vt 0.843750 0.937500
vt 0.859375 0.000000
vt 0.843750 0.437500
vt 0.843750 0.875000
vt 0.843750 0.375000
vt 0.843750 0.812500
vt 0.828125 1.000000
vt 0.812500 0.937500
vt 0.828125 0.000000
vt 0.812500 0.062500
vt 0.812500 0.500000
vt 0.812500 0.437500
vt 0.812500 0.875000
vt 0.812500 0.375000
vt 0.812500 0.812500
vt 0.812500 0.312500
vt 0.812500 0.750000
vt 0.812500 0.250000
vt 0.812500 0.687500
vt 0.812500 0.187500
vt 0.812500 0.625000
vt 0.812500 0.125000
vt 0.812500 0.562500
vt 0.781250 0.750000
vt 0.781250 0.687500
vt 0.781250 0.250000
vt 0.781250 0.187500
vt 0.781250 0.625000
vt 0.781250 0.125000
vt 0.781250 0.562500
vt 0.781250 0.062500
vt 0.781250 0.500000
vt 0.796875 1.000000
vt 0.781250 0.937500
vt 0.796875 0.000000
vt 0.781250 0.437500
vt 0.781250 0.875000
vt 0.781250 0.375000
vt 0.781250 0.812500
vt 0.781250 0.312500
vt 0.765625 1.000000
vt 0.765625 0.000000
s 1
usemtl ORANGE
f 6349/6982/5862 5957/6983/5863 5882/6984/5864
f 6183/6985/5865 6357/6986/5866 5896/6987/5867
f 5880/6988/5868 5879/6989/5869 5889/6990/5870 5890/6991/5871
f 6350/6992/5872 6349/6982/5862 5882/6984/5864 5883/6993/5873
f 6353/6994/5874 5880/6988/5868 5890/6991/5871 5891/6995/5875
f 5876/6996/5876 6350/6992/5872 5883/6993/5873 5884/6997/5877
f 5881/6998/5878 6353/6994/5874 5891/6995/5875 5892/6999/5879
f 6351/7000/5880 5876/6996/5876 5884/6997/5877 5885/7001/5881
f 6354/7002/5882 5881/6998/5878 5892/6999/5879 5893/7003/5883
f 5877/7004/5884 6351/7000/5880 5885/7001/5881 5886/7005/5885
f 6355/7006/5886 6354/7002/5882 5893/7003/5883 5894/7007/5887
f 6352/7008/5888 5877/7004/5884 5886/7005/5885 5887/7009/5889
f 6356/7010/5890 6355/7006/5886 5894/7007/5887 5895/7011/5891
f 5878/7012/5892 6352/7008/5888 5887/7009/5889 5888/7013/5893
f 6357/6986/5866 6356/7010/5890 5895/7011/5891 5896/6987/5867
f 5879/6989/5869 5878/7012/5892 5888/7013/5893 5889/6990/5870
f 5896/6987/5867 5895/7011/5891 5910/7014/5894 5911/7015/5895
f 5889/6990/5870 5888/7013/5893 5903/7016/5896 5904/7017/5897
f 5882/6984/5864 5957/7018/5863 5897/7019/5898
f 6183/7020/5865 5896/6987/5867 5911/7015/5895
f 5890/6991/5871 5889/6990/5870 5904/7017/5897 5905/7021/5899
f 5883/6993/5873 5882/6984/5864 5897/7019/5898 5898/7022/5900
f 5891/6995/5875 5890/6991/5871 5905/7021/5899 5906/7023/5901
f 5884/6997/5877 5883/6993/5873 5898/7022/5900 5899/7024/5902
f 5892/6999/5879 5891/6995/5875 5906/7023/5901 5907/7025/5903
f 5885/7001/5881 5884/6997/5877 5899/7024/5902 5900/7026/5904
f 5893/7003/5883 5892/6999/5879 5907/7025/5903 5908/7027/5905
f 5886/7005/5885 5885/7001/5881 5900/7026/5904 5901/7028/5906
f 5894/7007/5887 5893/7003/5883 5908/7027/5905 5909/7029/5907
f 5887/7009/5889 5886/7005/5885 5901/7028/5906 5902/7030/5908
f 5895/7011/5891 5894/7007/5887 5909/7029/5907 5910/7014/5894
f 5888/7013/5893 5887/7009/5889 5902/7030/5908 5903/7016/5896
f 5900/7026/5904 5899/7024/5902 5914/7031/5909 5915/7032/5910
f 5908/7027/5905 5907/7025/5903 5922/7033/5911 5923/7034/5912
f 5901/7028/5906 5900/7026/5904 5915/7032/5910 5916/7035/5913
f 5909/7029/5907 5908/7027/5905 5923/7034/5912 5924/7036/5914
f 5902/7030/5908 5901/7028/5906 5916/7035/5913 5917/7037/5915
f 5910/7014/5894 5909/7029/5907 5924/7036/5914 5925/7038/5916
f 5903/7016/5896 5902/7030/5908 5917/7037/5915 5918/7039/5917
f 5911/7015/5895 5910/7014/5894 5925/7038/5916 5926/7040/5918
f 5904/7017/5897 5903/7016/5896 5918/7039/5917 5919/7041/5919
f 5897/7019/5898 5957/7042/5863 5912/7043/5920
f 6183/7044/5865 5911/7015/5895 5926/7040/5918
f 5905/7021/5899 5904/7017/5897 5919/7041/5919 5920/7045/5921
f 5898/7022/5900 5897/7019/5898 5912/7043/5920 5913/7046/5922
f 5906/7023/5901 5905/7021/5899 5920/7045/5921 5921/7047/5923
f 5899/7024/5902 5898/7022/5900 5913/7046/5922 5914/7031/5909
f 5907/7025/5903 5906/7023/5901 5921/7047/5923 5922/7033/5911
f 5919/7041/5919 5918/7039/5917 5933/7048/5924 5934/7049/5925
f 5912/7043/5920 5957/7050/5863 5927/7051/5926
f 6183/7052/5865 5926/7040/5918 5941/7053/5927
f 5920/7045/5921 5919/7041/5919 5934/7049/5925 5935/7054/5928
f 5913/7046/5922 5912/7043/5920 5927/7051/5926 5928/7055/5929
f 5921/7047/5923 5920/7045/5921 5935/7054/5928 5936/7056/5930
f 5914/7031/5909 5913/7046/5922 5928/7055/5929 5929/7057/5931
f 5922/7033/5911 5921/7047/5923 5936/7056/5930 5937/7058/5932
f 5915/7032/5910 5914/7031/5909 5929/7057/5931 5930/7059/5933
f 5923/7034/5912 5922/7033/5911 5937/7058/5932 5938/7060/5934
f 5916/7035/5913 5915/7032/5910 5930/7059/5933 5931/7061/5935
f 5924/7036/5914 5923/7034/5912 5938/7060/5934 5939/7062/5936
f 5917/7037/5915 5916/7035/5913 5931/7061/5935 5932/7063/5937
f 5925/7038/5916 5924/7036/5914 5939/7062/5936 5940/7064/5938
f 5918/7039/5917 5917/7037/5915 5932/7063/5937 5933/7048/5924
f 5926/7040/5918 5925/7038/5916 5940/7064/5938 5941/7053/5927
f 5938/7060/5934 5937/7058/5932 5952/7065/5939 5953/7066/5940
f 5931/7061/5935 5930/7059/5933 5945/7067/5941 5946/7068/5942
f 5939/7062/5936 5938/7060/5934 5953/7066/5940 5954/7069/5943
f 5932/7063/5937 5931/7061/5935 5946/7068/5942 5947/7070/5944
f 5940/7064/5938 5939/7062/5936 5954/7069/5943 5955/7071/5945
f 5933/7048/5924 5932/7063/5937 5947/7070/5944 5948/7072/5946
f 5941/7053/5927 5940/7064/5938 5955/7071/5945 5956/7073/5947
f 5934/7049/5925 5933/7048/5924 5948/7072/5946 5949/7074/5948
f 5927/7051/5926 5957/7075/5863 5942/7076/5949
f 6183/7077/5865 5941/7053/5927 5956/7073/5947
f 5935/7054/5928 5934/7049/5925 5949/7074/5948 5950/7078/5950
f 5928/7055/5929 5927/7051/5926 5942/7076/5949 5943/7079/5951
f 5936/7056/5930 5935/7054/5928 5950/7078/5950 5951/7080/5952
f 5929/7057/5931 5928/7055/5929 5943/7079/5951 5944/7081/5953
f 5937/7058/5932 5936/7056/5930 5951/7080/5952 5952/7065/5939
f 5930/7059/5933 5929/7057/5931 5944/7081/5953 5945/7067/5941
f 5942/7076/5949 5957/7082/5863 5958/7083/5954
f 6183/7084/5865 5956/7073/5947 5972/7085/5955
f 5950/7078/5950 5949/7074/5948 5965/7086/5956 5966/7087/5957
f 5943/7079/5951 5942/7076/5949 5958/7083/5954 5959/7088/5958
f 5951/7080/5952 5950/7078/5950 5966/7087/5957 5967/7089/5959
f 5944/7081/5953 5943/7079/5951 5959/7088/5958 5960/7090/5960
f 5952/7065/5939 5951/7080/5952 5967/7089/5959 5968/7091/5961
f 5945/7067/5941 5944/7081/5953 5960/7090/5960 5961/7092/5962
f 5953/7066/5940 5952/7065/5939 5968/7091/5961 5969/7093/5963
f 5946/7068/5942 5945/7067/5941 5961/7092/5962 5962/7094/5964
f 5954/7069/5943 5953/7066/5940 5969/7093/5963 5970/7095/5965
f 5947/7070/5944 5946/7068/5942 5962/7094/5964 5963/7096/5966
f 5955/7071/5945 5954/7069/5943 5970/7095/5965 5971/7097/5967
f 5948/7072/5946 5947/7070/5944 5963/7096/5966 5964/7098/5968
f 5956/7073/5947 5955/7071/5945 5971/7097/5967 5972/7085/5955
f 5949/7074/5948 5948/7072/5946 5964/7098/5968 5965/7086/5956
f 5962/7094/5964 5961/7092/5962 5976/7099/5969 5977/7100/5970
f 5970/7095/5965 5969/7093/5963 5984/7101/5971 5985/7102/5972
f 5963/7096/5966 5962/7094/5964 5977/7100/5970 5978/7103/5973
f 5971/7097/5967 5970/7095/5965 5985/7102/5972 5986/7104/5974
f 5964/7098/5968 5963/7096/5966 5978/7103/5973 5979/7105/5975
f 5972/7085/5955 5971/7097/5967 5986/7104/5974 5987/7106/5976
f 5965/7086/5956 5964/7098/5968 5979/7105/5975 5980/7107/5977
f 5958/7083/5954 5957/7108/5863 5973/7109/5978
f 6183/7110/5865 5972/7085/5955 5987/7106/5976
f 5966/7087/5957 5965/7086/5956 5980/7107/5977 5981/7111/5979
f 5959/7088/5958 5958/7083/5954 5973/7109/5978 5974/7112/5980
f 5967/7089/5959 5966/7087/5957 5981/7111/5979 5982/7113/5981
f 5960/7090/5960 5959/7088/5958 5974/7112/5980 5975/7114/5982
f 5968/7091/5961 5967/7089/5959 5982/7113/5981 5983/7115/5983
f 5961/7092/5962 5960/7090/5960 5975/7114/5982 5976/7099/5969
f 5969/7093/5963 5968/7091/5961 5983/7115/5983 5984/7101/5971
f 5981/7111/5979 5980/7107/5977 5995/7116/5984 5996/7117/5985
f 5974/7112/5980 5973/7109/5978 5988/7118/5986 5989/7119/5987
f 5982/7113/5981 5981/7111/5979 5996/7117/5985 5997/7120/5988
f 5975/7114/5982 5974/7112/5980 5989/7119/5987 5990/7121/5989
f 5983/7115/5983 5982/7113/5981 5997/7120/5988 5998/7122/5990
f 5976/7099/5969 5975/7114/5982 5990/7121/5989 5991/7123/5991
f 5984/7101/5971 5983/7115/5983 5998/7122/5990 5999/7124/5992
f 5977/7100/5970 5976/7099/5969 5991/7123/5991 5992/7125/5993
f 5985/7102/5972 5984/7101/5971 5999/7124/5992 6000/7126/5994
f 5978/7103/5973 5977/7100/5970 5992/7125/5993 5993/7127/5995
f 5986/7104/5974 5985/7102/5972 6000/7126/5994 6001/7128/5996
f 5979/7105/5975 5978/7103/5973 5993/7127/5995 5994/7129/5997
f 5987/7106/5976 5986/7104/5974 6001/7128/5996 6002/7130/5998
f 5980/7107/5977 5979/7105/5975 5994/7129/5997 5995/7116/5984
f 5973/7109/5978 5957/7131/5863 5988/7118/5986
f 6183/7132/5865 5987/7106/5976 6002/7130/5998
f 6000/7126/5994 5999/7124/5992 6014/7133/5999 6015/7134/6000
f 5993/7127/5995 5992/7125/5993 6007/7135/6001 6008/7136/6002
f 6001/7128/5996 6000/7126/5994 6015/7134/6000 6016/7137/6003
f 5994/7129/5997 5993/7127/5995 6008/7136/6002 6009/7138/6004
f 6002/7130/5998 6001/7128/5996 6016/7137/6003 6017/7139/6005
f 5995/7116/5984 5994/7129/5997 6009/7138/6004 6010/7140/6006
f 5988/7118/5986 5957/7141/5863 6003/7142/6007
f 6183/7143/5865 6002/7130/5998 6017/7139/6005
f 5996/7117/5985 5995/7116/5984 6010/7140/6006 6011/7144/6008
f 5989/7119/5987 5988/7118/5986 6003/7142/6007 6004/7145/6009
f 5997/7120/5988 5996/7117/5985 6011/7144/6008 6012/7146/6010
f 5990/7121/5989 5989/7119/5987 6004/7145/6009 6005/7147/6011
f 5998/7122/5990 5997/7120/5988 6012/7146/6010 6013/7148/6012
f 5991/7123/5991 5990/7121/5989 6005/7147/6011 6006/7149/6013
f 5999/7124/5992 5998/7122/5990 6013/7148/6012 6014/7133/5999
f 5992/7125/5993 5991/7123/5991 6006/7149/6013 6007/7135/6001
f 6012/7146/6010 6011/7144/6008 6026/7150/6014 6027/7151/6015
f 6005/7147/6011 6004/7145/6009 6019/7152/6016 6020/7153/6017
f 6013/7148/6012 6012/7146/6010 6027/7151/6015 6028/7154/6018
f 6006/7149/6013 6005/7147/6011 6020/7153/6017 6021/7155/6019
f 6014/7133/5999 6013/7148/6012 6028/7154/6018 6029/7156/6020
f 6007/7135/6001 6006/7149/6013 6021/7155/6019 6022/7157/6021
f 6015/7134/6000 6014/7133/5999 6029/7156/6020 6030/7158/6022
f 6008/7136/6002 6007/7135/6001 6022/7157/6021 6023/7159/6023
f 6016/7137/6003 6015/7134/6000 6030/7158/6022 6031/7160/6024
f 6009/7138/6004 6008/7136/6002 6023/7159/6023 6024/7161/6025
f 6017/7139/6005 6016/7137/6003 6031/7160/6024 6032/7162/6026
f 6010/7140/6006 6009/7138/6004 6024/7161/6025 6025/7163/6027
f 6003/7142/6007 5957/7164/5863 6018/7165/6028
f 6183/7166/5865 6017/7139/6005 6032/7162/6026
f 6011/7144/6008 6010/7140/6006 6025/7163/6027 6026/7150/6014
f 6004/7145/6009 6003/7142/6007 6018/7165/6028 6019/7152/6016
f 6031/7160/6024 6030/7158/6022 6045/7167/6029 6046/7168/6030
f 6024/7161/6025 6023/7159/6023 6038/7169/6031 6039/7170/6032
f 6032/7162/6026 6031/7160/6024 6046/7168/6030 6047/7171/6033
f 6025/7163/6027 6024/7161/6025 6039/7170/6032 6040/7172/6034
f 6018/7165/6028 5957/7173/5863 6033/7174/6035
f 6183/7175/5865 6032/7162/6026 6047/7171/6033
f 6026/7150/6014 6025/7163/6027 6040/7172/6034 6041/7176/6036
f 6019/7152/6016 6018/7165/6028 6033/7174/6035 6034/7177/6037
f 6027/7151/6015 6026/7150/6014 6041/7176/6036 6042/7178/6038
f 6020/7153/6017 6019/7152/6016 6034/7177/6037 6035/7179/6039
f 6028/7154/6018 6027/7151/6015 6042/7178/6038 6043/7180/6040
f 6021/7155/6019 6020/7153/6017 6035/7179/6039 6036/7181/6041
f 6029/7156/6020 6028/7154/6018 6043/7180/6040 6044/7182/6042
f 6022/7157/6021 6021/7155/6019 6036/7181/6041 6037/7183/6043
f 6030/7158/6022 6029/7156/6020 6044/7182/6042 6045/7167/6029
f 6023/7159/6023 6022/7157/6021 6037/7183/6043 6038/7169/6031
f 6035/7179/6039 6034/7177/6037 6049/7184/6044 6050/7185/6045
f 6043/7180/6040 6042/7178/6038 6057/7186/6046 6058/7187/6047
f 6036/7181/6041 6035/7179/6039 6050/7185/6045 6051/7188/6048
f 6044/7182/6042 6043/7180/6040 6058/7187/6047 6059/7189/6049
f 6037/7183/6043 6036/7181/6041 6051/7188/6048 6052/7190/6050
f 6045/7167/6029 6044/7182/6042 6059/7189/6049 6060/7191/6051
f 6038/7169/6031 6037/7183/6043 6052/7190/6050 6053/7192/6052
f 6046/7168/6030 6045/7167/6029 6060/7191/6051 6061/7193/6053
f 6039/7170/6032 6038/7169/6031 6053/7192/6052 6054/7194/6054
f 6047/7171/6033 6046/7168/6030 6061/7193/6053 6062/7195/6055
f 6040/7172/6034 6039/7170/6032 6054/7194/6054 6055/7196/6056
f 6033/7174/6035 5957/7197/5863 6048/7198/6057
f 6183/7199/5865 6047/7171/6033 6062/7195/6055
f 6041/7176/6036 6040/7172/6034 6055/7196/6056 6056/7200/6058
f 6034/7177/6037 6033/7174/6035 6048/7198/6057 6049/7184/6044
f 6042/7178/6038 6041/7176/6036 6056/7200/6058 6057/7186/6046
f 6054/7194/6054 6053/7192/6052 6068/7201/6059 6069/7202/6060
f 6062/7195/6055 6061/7193/6053 6076/7203/6061 6077/7204/6062
f 6055/7196/6056 6054/7194/6054 6069/7202/6060 6070/7205/6063
f 6048/7198/6057 5957/7206/5863 6063/7207/6064
f 6183/7208/5865 6062/7195/6055 6077/7204/6062
f 6056/7200/6058 6055/7196/6056 6070/7205/6063 6071/7209/6065
f 6049/7184/6044 6048/7198/6057 6063/7207/6064 6064/7210/6066
f 6057/7186/6046 6056/7200/6058 6071/7209/6065 6072/7211/6067
f 6050/7185/6045 6049/7184/6044 6064/7210/6066 6065/7212/6068
f 6058/7187/6047 6057/7186/6046 6072/7211/6067 6073/7213/6069
f 6051/7188/6048 6050/7185/6045 6065/7212/6068 6066/7214/6070
f 6059/7189/6049 6058/7187/6047 6073/7213/6069 6074/7215/6071
f 6052/7190/6050 6051/7188/6048 6066/7214/6070 6067/7216/6072
f 6060/7191/6051 6059/7189/6049 6074/7215/6071 6075/7217/6073
f 6053/7192/6052 6052/7190/6050 6067/7216/6072 6068/7201/6059
f 6061/7193/6053 6060/7191/6051 6075/7217/6073 6076/7203/6061
f 6073/7213/6069 6072/7211/6067 6087/7218/6074 6088/7219/6075
f 6066/7214/6070 6065/7212/6068 6080/7220/6076 6081/7221/6077
f 6074/7215/6071 6073/7213/6069 6088/7219/6075 6089/7222/6078
f 6067/7216/6072 6066/7214/6070 6081/7221/6077 6082/7223/6079
f 6075/7217/6073 6074/7215/6071 6089/7222/6078 6090/7224/6080
f 6068/7201/6059 6067/7216/6072 6082/7223/6079 6083/7225/6081
f 6076/7203/6061 6075/7217/6073 6090/7224/6080 6091/7226/6082
f 6069/7202/6060 6068/7201/6059 6083/7225/6081 6084/7227/6083
f 6077/7204/6062 6076/7203/6061 6091/7226/6082 6092/7228/6084
f 6070/7205/6063 6069/7202/6060 6084/7227/6083 6085/7229/6085
f 6063/7207/6064 5957/7230/5863 6078/7231/6086
f 6183/7232/5865 6077/7204/6062 6092/7228/6084
f 6071/7209/6065 6070/7205/6063 6085/7229/6085 6086/7233/6087
f 6064/7210/6066 6063/7207/6064 6078/7231/6086 6079/7234/6088
f 6072/7211/6067 6071/7209/6065 6086/7233/6087 6087/7218/6074
f 6065/7212/6068 6064/7210/6066 6079/7234/6088 6080/7220/6076
f 6092/7228/6084 6091/7226/6082 6106/7235/6089 6107/7236/6090
f 6085/7229/6085 6084/7227/6083 6099/7237/6091 6100/7238/6092
f 6078/7231/6086 5957/7239/5863 6093/7240/6093
f 6183/7241/5865 6092/7228/6084 6107/7236/6090
f 6086/7233/6087 6085/7229/6085 6100/7238/6092 6101/7242/6094
f 6079/7234/6088 6078/7231/6086 6093/7240/6093 6094/7243/6095
f 6087/7218/6074 6086/7233/6087 6101/7242/6094 6102/7244/6096
f 6080/7220/6076 6079/7234/6088 6094/7243/6095 6095/7245/6097
f 6088/7219/6075 6087/7218/6074 6102/7244/6096 6103/7246/6098
f 6081/7221/6077 6080/7220/6076 6095/7245/6097 6096/7247/6099
f 6089/7222/6078 6088/7219/6075 6103/7246/6098 6104/7248/6100
f 6082/7223/6079 6081/7221/6077 6096/7247/6099 6097/7249/6101
f 6090/7224/6080 6089/7222/6078 6104/7248/6100 6105/7250/6102
f 6083/7225/6081 6082/7223/6079 6097/7249/6101 6098/7251/6103
f 6091/7226/6082 6090/7224/6080 6105/7250/6102 6106/7235/6089
f 6084/7227/6083 6083/7225/6081 6098/7251/6103 6099/7237/6091
f 6096/7247/6099 6095/7245/6097 6110/7252/6104 6111/7253/6105
f 6104/7248/6100 6103/7246/6098 6118/7254/6106 6119/7255/6107
f 6097/7249/6101 6096/7247/6099 6111/7253/6105 6112/7256/6108
f 6105/7250/6102 6104/7248/6100 6119/7255/6107 6120/7257/6109
f 6098/7251/6103 6097/7249/6101 6112/7256/6108 6113/7258/6110
f 6106/7235/6089 6105/7250/6102 6120/7257/6109 6121/7259/6111
f 6099/7237/6091 6098/7251/6103 6113/7258/6110 6114/7260/6112
f 6107/7236/6090 6106/7235/6089 6121/7259/6111 6122/7261/6113
f 6100/7238/6092 6099/7237/6091 6114/7260/6112 6115/7262/6114
f 6093/7240/6093 5957/7263/5863 6108/7264/6115
f 6183/7265/5865 6107/7236/6090 6122/7261/6113
f 6101/7242/6094 6100/7238/6092 6115/7262/6114 6116/7266/6116
f 6094/7243/6095 6093/7240/6093 6108/7264/6115 6109/7267/6117
f 6102/7244/6096 6101/7242/6094 6116/7266/6116 6117/7268/6118
f 6095/7245/6097 6094/7243/6095 6109/7267/6117 6110/7252/6104
f 6103/7246/6098 6102/7244/6096 6117/7268/6118 6118/7254/6106
f 6115/7262/6114 6114/7260/6112 6129/7269/6119 6130/7270/6120
f 6108/7264/6115 5957/7271/5863 6123/7272/6121
f 6183/7273/5865 6122/7261/6113 6137/7274/6122
f 6116/7266/6116 6115/7262/6114 6130/7270/6120 6131/7275/6123
f 6109/7267/6117 6108/7264/6115 6123/7272/6121 6124/7276/6124
f 6117/7268/6118 6116/7266/6116 6131/7275/6123 6132/7277/6125
f 6110/7252/6104 6109/7267/6117 6124/7276/6124 6125/7278/6126
f 6118/7254/6106 6117/7268/6118 6132/7277/6125 6133/7279/6127
f 6111/7253/6105 6110/7252/6104 6125/7278/6126 6126/7280/6128
f 6119/7255/6107 6118/7254/6106 6133/7279/6127 6134/7281/6129
f 6112/7256/6108 6111/7253/6105 6126/7280/6128 6127/7282/6130
f 6120/7257/6109 6119/7255/6107 6134/7281/6129 6135/7283/6131
f 6113/7258/6110 6112/7256/6108 6127/7282/6130 6128/7284/6132
f 6121/7259/6111 6120/7257/6109 6135/7283/6131 6136/7285/6133
f 6114/7260/6112 6113/7258/6110 6128/7284/6132 6129/7269/6119
f 6122/7261/6113 6121/7259/6111 6136/7285/6133 6137/7274/6122
f 6134/7281/6129 6133/7279/6127 6148/7286/6134 6149/7287/6135
f 6127/7282/6130 6126/7280/6128 6141/7288/6136 6142/7289/6137
f 6135/7283/6131 6134/7281/6129 6149/7287/6135 6150/7290/6138
f 6128/7284/6132 6127/7282/6130 6142/7289/6137 6143/7291/6139
f 6136/7285/6133 6135/7283/6131 6150/7290/6138 6151/7292/6140
f 6129/7269/6119 6128/7284/6132 6143/7291/6139 6144/7293/6141
f 6137/7274/6122 6136/7285/6133 6151/7292/6140 6152/7294/6142
f 6130/7270/6120 6129/7269/6119 6144/7293/6141 6145/7295/6143
f 6123/7272/6121 5957/7296/5863 6138/7297/6144
f 6183/7298/5865 6137/7274/6122 6152/7294/6142
f 6131/7275/6123 6130/7270/6120 6145/7295/6143 6146/7299/6145
f 6124/7276/6124 6123/7272/6121 6138/7297/6144 6139/7300/6146
f 6132/7277/6125 6131/7275/6123 6146/7299/6145 6147/7301/6147
f 6125/7278/6126 6124/7276/6124 6139/7300/6146 6140/7302/6148
f 6133/7279/6127 6132/7277/6125 6147/7301/6147 6148/7286/6134
f 6126/7280/6128 6125/7278/6126 6140/7302/6148 6141/7288/6136
f 6183/7303/5865 6152/7294/6142 6167/7304/6149
f 6146/7299/6145 6145/7295/6143 6160/7305/6150 6161/7306/6151
f 6139/7300/6146 6138/7297/6144 6153/7307/6152 6154/7308/6153
f 6147/7301/6147 6146/7299/6145 6161/7306/6151 6162/7309/6154
f 6140/7302/6148 6139/7300/6146 6154/7308/6153 6155/7310/6155
f 6148/7286/6134 6147/7301/6147 6162/7309/6154 6163/7311/6156
f 6141/7288/6136 6140/7302/6148 6155/7310/6155 6156/7312/6157
f 6149/7287/6135 6148/7286/6134 6163/7311/6156 6164/7313/6158
f 6142/7289/6137 6141/7288/6136 6156/7312/6157 6157/7314/6159
f 6150/7290/6138 6149/7287/6135 6164/7313/6158 6165/7315/6160
f 6143/7291/6139 6142/7289/6137 6157/7314/6159 6158/7316/6161
f 6151/7292/6140 6150/7290/6138 6165/7315/6160 6166/7317/6162
f 6144/7293/6141 6143/7291/6139 6158/7316/6161 6159/7318/6163
f 6152/7294/6142 6151/7292/6140 6166/7317/6162 6167/7304/6149
f 6145/7295/6143 6144/7293/6141 6159/7318/6163 6160/7305/6150
f 6138/7297/6144 5957/7319/5863 6153/7307/6152
f 6165/7315/6160 6164/7313/6158 6179/7320/6164 6180/7321/6165
f 6158/7316/6161 6157/7314/6159 6172/7322/6166 6173/7323/6167
f 6166/7317/6162 6165/7315/6160 6180/7321/6165 6181/7324/6168
f 6159/7318/6163 6158/7316/6161 6173/7323/6167 6174/7325/6169
f 6167/7304/6149 6166/7317/6162 6181/7324/6168 6182/7326/6170
f 6160/7305/6150 6159/7318/6163 6174/7325/6169 6175/7327/6171
f 6153/7307/6152 5957/7328/5863 6168/7329/6172
f 6183/7330/5865 6167/7304/6149 6182/7326/6170
f 6161/7306/6151 6160/7305/6150 6175/7327/6171 6176/7331/6173
f 6154/7308/6153 6153/7307/6152 6168/7329/6172 6169/7332/6174
f 6162/7309/6154 6161/7306/6151 6176/7331/6173 6177/7333/6175
f 6155/7310/6155 6154/7308/6153 6169/7332/6174 6170/7334/6176
f 6163/7311/6156 6162/7309/6154 6177/7333/6175 6178/7335/6177
f 6156/7312/6157 6155/7310/6155 6170/7334/6176 6171/7336/6178
f 6164/7313/6158 6163/7311/6156 6178/7335/6177 6179/7320/6164
f 6157/7314/6159 6156/7312/6157 6171/7336/6178 6172/7322/6166
f 6169/7332/6174 6168/7329/6172 6184/7337/6179 6185/7338/6180
f 6177/7333/6175 6176/7331/6173 6192/7339/6181 6193/7340/6182
f 6170/7334/6176 6169/7332/6174 6185/7338/6180 6186/7341/6183
f 6178/7335/6177 6177/7333/6175 6193/7340/6182 6194/7342/6184
f 6171/7336/6178 6170/7334/6176 6186/7341/6183 6187/7343/6185
f 6179/7320/6164 6178/7335/6177 6194/7342/6184 6195/7344/6186
f 6172/7322/6166 6171/7336/6178 6187/7343/6185 6188/7345/6187
f 6180/7321/6165 6179/7320/6164 6195/7344/6186 6196/7346/6188
f 6173/7323/6167 6172/7322/6166 6188/7345/6187 6189/7347/6189
f 6181/7324/6168 6180/7321/6165 6196/7346/6188 6197/7348/6190
f 6174/7325/6169 6173/7323/6167 6189/7347/6189 6190/7349/6191
f 6182/7326/6170 6181/7324/6168 6197/7348/6190 6198/7350/6192
f 6175/7327/6171 6174/7325/6169 6190/7349/6191 6191/7351/6193
f 6168/7329/6172 5957/7352/5863 6184/7337/6179
f 6183/7353/5865 6182/7326/6170 6198/7350/6192
f 6176/7331/6173 6175/7327/6171 6191/7351/6193 6192/7339/6181
f 6189/7347/6189 6188/7345/6187 6203/7354/6194 6204/7355/6195
f 6197/7348/6190 6196/7346/6188 6211/7356/6196 6212/7357/6197
f 6190/7349/6191 6189/7347/6189 6204/7355/6195 6205/7358/6198
f 6198/7350/6192 6197/7348/6190 6212/7357/6197 6213/7359/6199
f 6191/7351/6193 6190/7349/6191 6205/7358/6198 6206/7360/6200
f 6184/7337/6179 5957/7361/5863 6199/7362/6201
f 6183/7363/5865 6198/7350/6192 6213/7359/6199
f 6192/7339/6181 6191/7351/6193 6206/7360/6200 6207/7364/6202
f 6185/7338/6180 6184/7337/6179 6199/7362/6201 6200/7365/6203
f 6193/7340/6182 6192/7339/6181 6207/7364/6202 6208/7366/6204
f 6186/7341/6183 6185/7338/6180 6200/7365/6203 6201/7367/6205
f 6194/7342/6184 6193/7340/6182 6208/7366/6204 6209/7368/6206
f 6187/7343/6185 6186/7341/6183 6201/7367/6205 6202/7369/6207
f 6195/7344/6186 6194/7342/6184 6209/7368/6206 6210/7370/6208
f 6188/7345/6187 6187/7343/6185 6202/7369/6207 6203/7354/6194
f 6196/7346/6188 6195/7344/6186 6210/7370/6208 6211/7356/6196
f 6208/7366/6204 6207/7364/6202 6222/7371/6209 6223/7372/6210
f 6201/7367/6205 6200/7365/6203 6215/7373/6211 6216/7374/6212
f 6209/7368/6206 6208/7366/6204 6223/7372/6210 6224/7375/6213
f 6202/7369/6207 6201/7367/6205 6216/7374/6212 6217/7376/6214
f 6210/7370/6208 6209/7368/6206 6224/7375/6213 6225/7377/6215
f 6203/7354/6194 6202/7369/6207 6217/7376/6214 6218/7378/6216
f 6211/7356/6196 6210/7370/6208 6225/7377/6215 6226/7379/6217
f 6204/7355/6195 6203/7354/6194 6218/7378/6216 6219/7380/6218
f 6212/7357/6197 6211/7356/6196 6226/7379/6217 6227/7381/6219
f 6205/7358/6198 6204/7355/6195 6219/7380/6218 6220/7382/6220
f 6213/7359/6199 6212/7357/6197 6227/7381/6219 6228/7383/6221
f 6206/7360/6200 6205/7358/6198 6220/7382/6220 6221/7384/6222
f 6199/7362/6201 5957/7385/5863 6214/7386/6223
f 6183/7387/5865 6213/7359/6199 6228/7383/6221
f 6207/7364/6202 6206/7360/6200 6221/7384/6222 6222/7371/6209
f 6200/7365/6203 6199/7362/6201 6214/7386/6223 6215/7373/6211
f 6227/7381/6219 6226/7379/6217 6241/7388/6224 6242/7389/6225
f 6220/7382/6220 6219/7380/6218 6234/7390/6226 6235/7391/6227
f 6228/7383/6221 6227/7381/6219 6242/7389/6225 6243/7392/6228
f 6221/7384/6222 6220/7382/6220 6235/7391/6227 6236/7393/6229
f 6214/7386/6223 5957/7394/5863 6229/7395/6230
f 6183/7396/5865 6228/7383/6221 6243/7392/6228
f 6222/7371/6209 6221/7384/6222 6236/7393/6229 6237/7397/6231
f 6215/7373/6211 6214/7386/6223 6229/7395/6230 6230/7398/6232
f 6223/7372/6210 6222/7371/6209 6237/7397/6231 6238/7399/6233
f 6216/7374/6212 6215/7373/6211 6230/7398/6232 6231/7400/6234
f 6224/7375/6213 6223/7372/6210 6238/7399/6233 6239/7401/6235
f 6217/7376/6214 6216/7374/6212 6231/7400/6234 6232/7402/6236
f 6225/7377/6215 6224/7375/6213 6239/7401/6235 6240/7403/6237
f 6218/7378/6216 6217/7376/6214 6232/7402/6236 6233/7404/6238
f 6226/7379/6217 6225/7377/6215 6240/7403/6237 6241/7388/6224
f 6219/7380/6218 6218/7378/6216 6233/7404/6238 6234/7390/6226
f 6231/7405/6234 6230/7406/6232 6245/7407/6239 6246/7408/6240
f 6239/7409/6235 6238/7410/6233 6253/7411/6241 6254/7412/6242
f 6232/7413/6236 6231/7405/6234 6246/7408/6240 6247/7414/6243
f 6240/7415/6237 6239/7409/6235 6254/7412/6242 6255/7416/6244
f 6233/7417/6238 6232/7413/6236 6247/7414/6243 6248/7418/6245
f 6241/7419/6224 6240/7415/6237 6255/7416/6244 6256/7420/6246
f 6234/7421/6226 6233/7417/6238 6248/7418/6245 6249/7422/6247
f 6242/7423/6225 6241/7419/6224 6256/7420/6246 6257/7424/6248
f 6235/7425/6227 6234/7421/6226 6249/7422/6247 6250/7426/6249
f 6243/7427/6228 6242/7423/6225 6257/7424/6248 6258/7428/6250
f 6236/7429/6229 6235/7425/6227 6250/7426/6249 6251/7430/6251
f 6229/7431/6230 5957/7432/5863 6244/7433/6252
f 6183/7434/5865 6243/7427/6228 6258/7428/6250
f 6237/7435/6231 6236/7429/6229 6251/7430/6251 6252/7436/6253
f 6230/7406/6232 6229/7431/6230 6244/7433/6252 6245/7407/6239
f 6238/7410/6233 6237/7435/6231 6252/7436/6253 6253/7411/6241
f 6250/7426/6249 6249/7422/6247 6264/7437/6254 6265/7438/6255
f 6258/7428/6250 6257/7424/6248 6272/7439/6256 6273/7440/6257
f 6251/7430/6251 6250/7426/6249 6265/7438/6255 6266/7441/6258
f 6244/7433/6252 5957/7442/5863 6259/7443/6259
f 6183/7444/5865 6258/7428/6250 6273/7440/6257
f 6252/7436/6253 6251/7430/6251 6266/7441/6258 6267/7445/6260
f 6245/7407/6239 6244/7433/6252 6259/7443/6259 6260/7446/6261
f 6253/7411/6241 6252/7436/6253 6267/7445/6260 6268/7447/6262
f 6246/7408/6240 6245/7407/6239 6260/7446/6261 6261/7448/6263
f 6254/7412/6242 6253/7411/6241 6268/7447/6262 6269/7449/6264
f 6247/7414/6243 6246/7408/6240 6261/7448/6263 6262/7450/6265
f 6255/7416/6244 6254/7412/6242 6269/7449/6264 6270/7451/6266
f 6248/7418/6245 6247/7414/6243 6262/7450/6265 6263/7452/6267
f 6256/7420/6246 6255/7416/6244 6270/7451/6266 6271/7453/6268
f 6249/7422/6247 6248/7418/6245 6263/7452/6267 6264/7437/6254
f 6257/7424/6248 6256/7420/6246 6271/7453/6268 6272/7439/6256
f 6269/7449/6264 6268/7447/6262 6283/7454/6269 6284/7455/6270
f 6262/7450/6265 6261/7448/6263 6276/7456/6271 6277/7457/6272
f 6270/7451/6266 6269/7449/6264 6284/7455/6270 6285/7458/6273
f 6263/7452/6267 6262/7450/6265 6277/7457/6272 6278/7459/6274
f 6271/7453/6268 6270/7451/6266 6285/7458/6273 6286/7460/6275
f 6264/7437/6254 6263/7452/6267 6278/7459/6274 6279/7461/6276
f 6272/7439/6256 6271/7453/6268 6286/7460/6275 6287/7462/6277
f 6265/7438/6255 6264/7437/6254 6279/7461/6276 6280/7463/6278
f 6273/7440/6257 6272/7439/6256 6287/7462/6277 6288/7464/6279
f 6266/7441/6258 6265/7438/6255 6280/7463/6278 6281/7465/6280
f 6259/7443/6259 5957/7466/5863 6274/7467/6281
f 6183/7468/5865 6273/7440/6257 6288/7464/6279
f 6267/7445/6260 6266/7441/6258 6281/7465/6280 6282/7469/6282
f 6260/7446/6261 6259/7443/6259 6274/7467/6281 6275/7470/6283
f 6268/7447/6262 6267/7445/6260 6282/7469/6282 6283/7454/6269
f 6261/7448/6263 6260/7446/6261 6275/7470/6283 6276/7456/6271
f 6288/7464/6279 6287/7462/6277 6302/7471/6284 6303/7472/6285
f 6281/7465/6280 6280/7463/6278 6295/7473/6286 6296/7474/6287
f 6274/7467/6281 5957/7475/5863 6289/7476/6288
f 6183/7477/5865 6288/7464/6279 6303/7472/6285
f 6282/7469/6282 6281/7465/6280 6296/7474/6287 6297/7478/6289
f 6275/7470/6283 6274/7467/6281 6289/7476/6288 6290/7479/6290
f 6283/7454/6269 6282/7469/6282 6297/7478/6289 6298/7480/6291
f 6276/7456/6271 6275/7470/6283 6290/7479/6290 6291/7481/6292
f 6284/7455/6270 6283/7454/6269 6298/7480/6291 6299/7482/6293
f 6277/7457/6272 6276/7456/6271 6291/7481/6292 6292/7483/6294
f 6285/7458/6273 6284/7455/6270 6299/7482/6293 6300/7484/6295
f 6278/7459/6274 6277/7457/6272 6292/7483/6294 6293/7485/6296
f 6286/7460/6275 6285/7458/6273 6300/7484/6295 6301/7486/6297
f 6279/7461/6276 6278/7459/6274 6293/7485/6296 6294/7487/6298
f 6287/7462/6277 6286/7460/6275 6301/7486/6297 6302/7471/6284
f 6280/7463/6278 6279/7461/6276 6294/7487/6298 6295/7473/6286
f 6300/7484/6295 6299/7482/6293 6314/7488/6299 6315/7489/6300
f 6293/7485/6296 6292/7483/6294 6307/7490/6301 6308/7491/6302
f 6301/7486/6297 6300/7484/6295 6315/7489/6300 6316/7492/6303
f 6294/7487/6298 6293/7485/6296 6308/7491/6302 6309/7493/6304
f 6302/7471/6284 6301/7486/6297 6316/7492/6303 6317/7494/6305
f 6295/7473/6286 6294/7487/6298 6309/7493/6304 6310/7495/6306
f 6303/7472/6285 6302/7471/6284 6317/7494/6305 6318/7496/6307
f 6296/7474/6287 6295/7473/6286 6310/7495/6306 6311/7497/6308
f 6289/7476/6288 5957/7498/5863 6304/7499/6309
f 6183/7500/5865 6303/7472/6285 6318/7496/6307
f 6297/7478/6289 6296/7474/6287 6311/7497/6308 6312/7501/6310
f 6290/7479/6290 6289/7476/6288 6304/7499/6309 6305/7502/6311
f 6298/7480/6291 6297/7478/6289 6312/7501/6310 6313/7503/6312
f 6291/7481/6292 6290/7479/6290 6305/7502/6311 6306/7504/6313
f 6299/7482/6293 6298/7480/6291 6313/7503/6312 6314/7488/6299
f 6292/7483/6294 6291/7481/6292 6306/7504/6313 6307/7490/6301
f 6304/7499/6309 5957/7505/5863 6319/7506/6314
f 6183/7507/5865 6318/7496/6307 6333/7508/6315
f 6312/7501/6310 6311/7497/6308 6326/7509/6316 6327/7510/6317
f 6305/7502/6311 6304/7499/6309 6319/7506/6314 6320/7511/6318
f 6313/7503/6312 6312/7501/6310 6327/7510/6317 6328/7512/6319
f 6306/7504/6313 6305/7502/6311 6320/7511/6318 6321/7513/6320
f 6314/7488/6299 6313/7503/6312 6328/7512/6319 6329/7514/6321
f 6307/7490/6301 6306/7504/6313 6321/7513/6320 6322/7515/6322
f 6315/7489/6300 6314/7488/6299 6329/7514/6321 6330/7516/6323
f 6308/7491/6302 6307/7490/6301 6322/7515/6322 6323/7517/6324
f 6316/7492/6303 6315/7489/6300 6330/7516/6323 6331/7518/6325
f 6309/7493/6304 6308/7491/6302 6323/7517/6324 6324/7519/6326
f 6317/7494/6305 6316/7492/6303 6331/7518/6325 6332/7520/6327
f 6310/7495/6306 6309/7493/6304 6324/7519/6326 6325/7521/6328
f 6318/7496/6307 6317/7494/6305 6332/7520/6327 6333/7508/6315
f 6311/7497/6308 6310/7495/6306 6325/7521/6328 6326/7509/6316
f 6323/7517/6324 6322/7515/6322 6337/7522/6329 6338/7523/6330
f 6331/7518/6325 6330/7516/6323 6345/7524/6331 6346/7525/6332
f 6324/7519/6326 6323/7517/6324 6338/7523/6330 6339/7526/6333
f 6332/7520/6327 6331/7518/6325 6346/7525/6332 6347/7527/6334
f 6325/7521/6328 6324/7519/6326 6339/7526/6333 6340/7528/6335
f 6333/7508/6315 6332/7520/6327 6347/7527/6334 6348/7529/6336
f 6326/7509/6316 6325/7521/6328 6340/7528/6335 6341/7530/6337
f 6319/7506/6314 5957/7531/5863 6334/7532/6338
f 6183/7533/5865 6333/7508/6315 6348/7529/6336
f 6327/7510/6317 6326/7509/6316 6341/7530/6337 6342/7534/6339
f 6320/7511/6318 6319/7506/6314 6334/7532/6338 6335/7535/6340
f 6328/7512/6319 6327/7510/6317 6342/7534/6339 6343/7536/6341
f 6321/7513/6320 6320/7511/6318 6335/7535/6340 6336/7537/6342
f 6329/7514/6321 6328/7512/6319 6343/7536/6341 6344/7538/6343
f 6322/7515/6322 6321/7513/6320 6336/7537/6342 6337/7522/6329
f 6330/7516/6323 6329/7514/6321 6344/7538/6343 6345/7524/6331
f 6342/7534/6339 6341/7530/6337 5879/6989/5869 5880/6988/5868
f 6335/7535/6340 6334/7532/6338 6349/6982/5862 6350/6992/5872
f 6343/7536/6341 6342/7534/6339 5880/6988/5868 6353/6994/5874
f 6336/7537/6342 6335/7535/6340 6350/6992/5872 5876/6996/5876
f 6344/7538/6343 6343/7536/6341 6353/6994/5874 5881/6998/5878
f 6337/7522/6329 6336/7537/6342 5876/6996/5876 6351/7000/5880
f 6345/7524/6331 6344/7538/6343 5881/6998/5878 6354/7002/5882
f 6338/7523/6330 6337/7522/6329 6351/7000/5880 5877/7004/5884
f 6346/7525/6332 6345/7524/6331 6354/7002/5882 6355/7006/5886
f 6339/7526/6333 6338/7523/6330 5877/7004/5884 6352/7008/5888
f 6347/7527/6334 6346/7525/6332 6355/7006/5886 6356/7010/5890
f 6340/7528/6335 6339/7526/6333 6352/7008/5888 5878/7012/5892
f 6348/7529/6336 6347/7527/6334 6356/7010/5890 6357/6986/5866
f 6341/7530/6337 6340/7528/6335 5878/7012/5892 5879/6989/5869
f 6334/7532/6338 5957/7539/5863 6349/6982/5862
f 6183/7540/5865 6348/7529/6336 6357/6986/5866
