# Blender 3.4.1
# www.blender.org
mtllib MACAN.mtl
o MACAN
v -0.519196 0.497838 -0.066428
v -0.519196 0.595367 -0.081098
v -0.818815 0.497838 -0.066428
v -0.818815 0.595367 -0.081098
v -0.519196 0.453272 -0.362715
v -0.519196 0.550801 -0.377385
v -0.818815 0.453272 -0.362715
v -0.818815 0.550801 -0.377385
v -0.519196 1.087460 -0.244890
v -0.519196 1.184988 -0.259560
v -0.818815 1.087460 -0.244890
v -0.818815 1.184988 -0.259560
v -0.519196 1.042893 -0.541177
v -0.519196 1.140422 -0.555847
v -0.818815 1.042893 -0.541177
v -0.818815 1.140422 -0.555847
v -0.519196 0.890075 -0.156862
v -0.519196 0.987604 -0.171532
v -0.818815 0.890075 -0.156862
v -0.818815 0.987604 -0.171532
v -0.519196 0.845509 -0.453149
v -0.519196 0.943037 -0.467819
v -0.818815 0.845509 -0.453149
v -0.818815 0.943037 -0.467819
v -0.519196 0.678140 -0.278929
v -0.519196 0.775669 -0.293599
v -0.818815 0.678140 -0.278929
v -0.818815 0.775669 -0.293599
v -0.519196 0.633574 -0.575216
v -0.519196 0.731102 -0.589885
v -0.818815 0.633574 -0.575216
v -0.818815 0.731102 -0.589885
v 0.647844 7.473083 -0.547308
v 0.751181 7.473082 -0.539315
v 0.647844 7.596439 -0.547308
v 0.751181 7.596439 -0.539315
v 0.680924 7.473083 -0.974965
v 0.784261 7.473082 -0.966971
v 0.680924 7.596439 -0.974965
v 0.784261 7.596439 -0.966971
v -0.756998 7.485057 0.120659
v -0.673723 7.485056 0.127100
v -0.756998 7.584464 0.120659
v -0.673723 7.584464 0.127100
v -0.730340 7.485057 -0.223968
v -0.647066 7.485056 -0.217527
v -0.730340 7.584464 -0.223968
v -0.647066 7.584464 -0.217527
v -0.238692 7.485057 -0.139895
v -0.155418 7.485057 -0.133453
v -0.238692 7.584464 -0.139895
v -0.155418 7.584464 -0.133453
v -0.212034 7.485057 -0.484522
v -0.128760 7.485057 -0.478080
v -0.212034 7.584464 -0.484522
v -0.128760 7.584464 -0.478080
v 0.003871 7.456121 0.367585
v 0.135624 7.456121 0.377777
v 0.003871 7.613400 0.367585
v 0.135624 7.613400 0.377777
v 0.046048 7.456121 -0.177670
v 0.177801 7.456121 -0.167478
v 0.046048 7.613400 -0.177669
v 0.177801 7.613399 -0.167478
v -0.518092 7.473082 -0.410139
v -0.414755 7.473082 -0.402146
v -0.518092 7.596439 -0.410140
v -0.414755 7.596439 -0.402146
v -0.485011 7.473082 -0.837796
v -0.381674 7.473082 -0.829802
v -0.485011 7.596439 -0.837796
v -0.381674 7.596439 -0.829802
v -0.485237 7.485057 0.386816
v -0.401963 7.485057 0.393257
v -0.485237 7.584464 0.386816
v -0.401963 7.584464 0.393257
v -0.458579 7.485056 0.042189
v -0.375305 7.485057 0.048630
v -0.458579 7.584464 0.042189
v -0.375305 7.584464 0.048630
v 0.092627 7.456121 -0.782213
v 0.224380 7.456121 -0.772021
v 0.092627 7.613400 -0.782213
v 0.224380 7.613400 -0.772021
v 0.134804 7.456122 -1.327468
v 0.266557 7.456121 -1.317276
v 0.134804 7.613400 -1.327468
v 0.266557 7.613400 -1.317276
v 0.551019 7.473082 0.138536
v 0.654356 7.473082 0.146530
v 0.551019 7.596438 0.138536
v 0.654356 7.596439 0.146530
v 0.584099 7.473082 -0.289120
v 0.687436 7.473082 -0.281127
v 0.584099 7.596439 -0.289120
v 0.687436 7.596439 -0.281127
v -0.788395 7.473082 -0.817612
v -0.685058 7.473082 -0.809618
v -0.788395 7.596439 -0.817612
v -0.685058 7.596439 -0.809618
v -0.755314 7.473082 -1.245268
v -0.651977 7.473082 -1.237275
v -0.755314 7.596439 -1.245268
v -0.651977 7.596439 -1.237275
v 0.280715 7.473083 -0.268936
v 0.384052 7.473082 -0.260943
v 0.280715 7.596439 -0.268936
v 0.384052 7.596439 -0.260943
v 0.313796 7.473082 -0.696592
v 0.417133 7.473082 -0.688599
v 0.313796 7.596439 -0.696592
v 0.417133 7.596439 -0.688599
v 0.327592 5.856617 0.998563
v 0.327592 5.947098 0.998564
v 0.327592 5.856617 0.585222
v 0.327592 5.947098 0.585222
v 0.426348 5.856617 0.998563
v 0.426348 5.947098 0.998563
v 0.426348 5.856617 0.585222
v 0.426348 5.947098 0.585222
v -0.361847 5.947079 1.111048
v -0.361847 6.359074 1.111047
v -0.361847 5.947079 0.385186
v -0.361847 6.359074 0.385187
v 0.364014 5.947079 1.111048
v 0.364014 6.359074 1.111047
v 0.364014 5.947079 0.385187
v 0.364014 6.359074 0.385187
v -1.104446 5.371909 0.685133
v -1.104446 7.582968 0.685133
v -1.104446 5.371909 -1.525926
v -1.104446 7.582968 -1.525926
v 1.106613 5.371909 0.685133
v 1.106613 7.582968 0.685133
v 1.106613 5.371909 -1.525926
v 1.106613 7.582968 -1.525926
v -0.303128 5.606333 1.000798
v -0.303128 5.765224 1.000798
v -0.303128 5.606333 0.274937
v -0.303128 5.765224 0.274937
v 0.305295 5.606333 1.000798
v 0.305295 5.765224 1.000798
v 0.305295 5.606333 0.274937
v 0.305295 5.765224 0.274937
v 0.305873 5.765669 0.927225
v 0.305873 5.856150 0.927225
v 0.305873 5.765669 0.513884
v 0.305873 5.856150 0.513884
v 0.404629 5.765669 0.927226
v 0.404629 5.856150 0.927225
v 0.404629 5.765669 0.513884
v 0.404629 5.856150 0.513884
v -0.323253 5.856617 0.585222
v -0.323253 5.947098 0.585222
v -0.323253 5.856617 0.998563
v -0.323253 5.947098 0.998563
v -0.422009 5.856617 0.585222
v -0.422009 5.947098 0.585222
v -0.422008 5.856617 0.998563
v -0.422008 5.947098 0.998563
v -0.301534 5.765669 0.513884
v -0.301534 5.856150 0.513884
v -0.301534 5.765669 0.927225
v -0.301534 5.856150 0.927225
v -0.400290 5.765669 0.513884
v -0.400290 5.856150 0.513884
v -0.400289 5.765669 0.927225
v -0.400289 5.856150 0.927225
v -0.531120 6.682868 0.728193
v -0.531120 6.944404 0.728193
v -0.531120 6.682868 0.466657
v -0.531120 6.944404 0.466657
v -0.269584 6.682868 0.728193
v -0.269584 6.944404 0.728193
v -0.269584 6.682868 0.466657
v -0.269584 6.944404 0.466657
v 0.300631 6.682868 0.728193
v 0.300631 6.944404 0.728193
v 0.300631 6.682868 0.466657
v 0.300631 6.944404 0.466657
v 0.562167 6.682868 0.728193
v 0.562167 6.944404 0.728193
v 0.562167 6.682868 0.466657
v 0.562167 6.944404 0.466657
v 0.001083 6.348927 0.981088
v 0.001083 6.348927 1.222289
v 0.105526 6.168026 0.981089
v 0.105526 6.168026 1.222289
v -0.103359 6.168026 0.981088
v -0.103359 6.168026 1.222289
v -0.168112 5.842587 0.948850
v -0.168112 5.842587 0.989987
v -0.147167 5.754036 0.948850
v -0.147167 5.754036 0.989987
v -0.189058 5.754036 0.948850
v -0.189058 5.754036 0.989987
v 0.159199 5.842587 0.948850
v 0.159199 5.842587 0.989987
v 0.180145 5.754036 0.948850
v 0.180145 5.754036 0.989987
v 0.138254 5.754036 0.948850
v 0.138254 5.754036 0.989987
v 0.139988 5.745684 0.988460
v 0.139988 5.780028 0.988460
v -0.149636 5.745684 0.988460
v -0.149636 5.780028 0.988460
v 0.139988 5.745684 0.950975
v 0.139988 5.780028 0.950975
v -0.149636 5.745684 0.950975
v -0.149636 5.780028 0.950975
v -0.202268 5.759154 1.010538
v -0.202268 5.759155 1.068382
v -0.255431 5.983907 1.010538
v -0.255431 5.983907 1.068382
v -0.149105 5.983907 1.010538
v -0.149105 5.983907 1.068382
v 0.190902 5.759154 1.010538
v 0.190902 5.759154 1.068381
v 0.137740 5.983907 1.010538
v 0.137740 5.983907 1.068382
v 0.244065 5.983907 1.010538
v 0.244065 5.983907 1.068382
v 0.146273 5.932709 1.056278
v 0.146273 5.967054 1.056278
v -0.157492 5.932709 1.056278
v -0.157492 5.967054 1.056278
v 0.146273 5.932709 1.018793
v 0.146273 5.967054 1.018793
v -0.157492 5.932709 1.018793
v -0.157492 5.967054 1.018793
v 0.363883 6.172481 0.710661
v 0.363883 6.266073 0.710661
v 0.363883 6.172481 0.629612
v 0.363883 6.266073 0.629612
v 0.767169 6.426552 0.710661
v 0.687034 6.440570 0.710661
v 0.767169 6.426552 0.629612
v 0.687034 6.440570 0.629612
v 0.564134 6.243216 0.629612
v 0.564134 6.336808 0.629612
v 0.564134 6.243216 0.710661
v 0.564134 6.336807 0.710661
v 0.785081 6.571701 0.710661
v 0.704324 6.563751 0.710661
v 0.785081 6.571701 0.629612
v 0.704324 6.563751 0.629612
v 0.765257 6.774952 0.710661
v 0.697317 6.723917 0.710661
v 0.765257 6.774951 0.629612
v 0.697317 6.723917 0.629612
v 0.691879 6.901498 0.710661
v 0.639734 6.829847 0.710661
v 0.691879 6.901498 0.629612
v 0.639734 6.829847 0.629612
v 0.363580 6.067438 0.710661
v 0.356340 6.144113 0.710661
v 0.363580 6.067438 0.629612
v 0.356340 6.144113 0.629612
v 0.809918 6.246159 0.710661
v 0.737220 6.282672 0.710661
v 0.809918 6.246159 0.629612
v 0.737220 6.282672 0.629612
v 0.562669 6.129098 0.629612
v 0.589635 6.218721 0.629612
v 0.562669 6.129098 0.710661
v 0.589635 6.218721 0.710661
v 0.868892 6.379992 0.710661
v 0.789269 6.395647 0.710661
v 0.868892 6.379992 0.629612
v 0.789269 6.395648 0.629612
v 0.908471 6.580335 0.710661
v 0.828708 6.551040 0.710661
v 0.908471 6.580335 0.629612
v 0.828708 6.551040 0.629612
v 0.874667 6.722657 0.710662
v 0.804089 6.669069 0.710661
v 0.874667 6.722657 0.629612
v 0.804089 6.669069 0.629612
v 0.356901 5.966030 0.710661
v 0.356705 6.043046 0.710661
v 0.356901 5.966030 0.629612
v 0.356705 6.043046 0.629612
v 0.817716 6.103174 0.710661
v 0.748663 6.146184 0.710661
v 0.817716 6.103174 0.629612
v 0.748663 6.146184 0.629612
v 0.560795 6.009220 0.629612
v 0.595847 6.096001 0.629612
v 0.560795 6.009220 0.710661
v 0.595847 6.096001 0.710661
v 0.895322 6.179202 0.709752
v 0.817465 6.202075 0.709752
v 0.895322 6.179202 0.628703
v 0.817465 6.202075 0.628702
v 0.965453 6.316999 0.708122
v 0.880802 6.324324 0.709072
v 0.964471 6.316155 0.627083
v 0.879820 6.323479 0.628032
v 0.995223 6.460208 0.706268
v 0.908583 6.441638 0.707512
v 0.994241 6.459363 0.625229
v 0.907601 6.440794 0.626472
v -0.347299 6.172481 0.629612
v -0.347299 6.266073 0.629612
v -0.347299 6.172481 0.710661
v -0.347299 6.266073 0.710661
v -0.750585 6.426552 0.629612
v -0.670449 6.440570 0.629612
v -0.750585 6.426552 0.710662
v -0.670449 6.440570 0.710662
v -0.547550 6.243215 0.710662
v -0.547550 6.336807 0.710661
v -0.547550 6.243216 0.629612
v -0.547550 6.336807 0.629612
v -0.768496 6.571701 0.629612
v -0.687739 6.563751 0.629612
v -0.768496 6.571701 0.710662
v -0.687739 6.563751 0.710661
v -0.748672 6.774951 0.629612
v -0.680732 6.723917 0.629612
v -0.748672 6.774952 0.710661
v -0.680732 6.723917 0.710662
v -0.675294 6.901498 0.629612
v -0.623150 6.829847 0.629612
v -0.675294 6.901498 0.710661
v -0.623150 6.829847 0.710661
v -0.346995 6.067438 0.629612
v -0.339755 6.144113 0.629612
v -0.346995 6.067438 0.710661
v -0.339755 6.144113 0.710661
v -0.793334 6.246159 0.629612
v -0.720636 6.282672 0.629612
v -0.793334 6.246159 0.710662
v -0.720636 6.282672 0.710661
v -0.546084 6.129098 0.710662
v -0.573051 6.218721 0.710661
v -0.546084 6.129098 0.629612
v -0.573051 6.218721 0.629612
v -0.852307 6.379992 0.629612
v -0.772684 6.395647 0.629612
v -0.852307 6.379992 0.710661
v -0.772684 6.395647 0.710662
v -0.891887 6.580335 0.629612
v -0.812123 6.551040 0.629612
v -0.891887 6.580335 0.710661
v -0.812123 6.551040 0.710661
v -0.858082 6.722657 0.629612
v -0.787505 6.669069 0.629612
v -0.858082 6.722657 0.710662
v -0.787504 6.669069 0.710661
v -0.340317 5.966030 0.629612
v -0.340120 6.043045 0.629612
v -0.340317 5.966029 0.710661
v -0.340120 6.043046 0.710661
v -0.801132 6.103174 0.629612
v -0.732078 6.146184 0.629612
v -0.801132 6.103174 0.710662
v -0.732078 6.146184 0.710662
v -0.544211 6.009220 0.710661
v -0.579262 6.096001 0.710661
v -0.544211 6.009220 0.629612
v -0.579262 6.096001 0.629612
v -0.878738 6.179202 0.630521
v -0.800881 6.202075 0.630521
v -0.878737 6.179202 0.711571
v -0.800881 6.202075 0.711571
v -0.948869 6.316999 0.632151
v -0.864218 6.324324 0.631202
v -0.947887 6.316154 0.713190
v -0.863236 6.323479 0.712241
v -0.978639 6.460208 0.634005
v -0.891999 6.441638 0.632761
v -0.977657 6.459363 0.715044
v -0.891017 6.440794 0.713801
v -0.032963 7.107579 0.699043
v -0.032963 7.574012 0.699043
v -0.032963 7.107579 0.608549
v -0.032963 7.574012 0.608549
v 0.026267 7.107579 0.699043
v 0.026267 7.574012 0.699043
v 0.026267 7.107579 0.608549
v 0.026267 7.574012 0.608549
v 0.019819 7.367630 0.698849
v 0.373577 7.266363 0.698849
v 0.019819 7.367630 0.627458
v 0.373577 7.266363 0.627458
v 0.005264 7.316784 0.698849
v 0.359022 7.215518 0.698849
v 0.005264 7.316785 0.627458
v 0.359022 7.215518 0.627458
v 0.205822 7.348869 0.698849
v 0.205822 7.348870 0.627458
v 0.191267 7.298024 0.627458
v 0.191267 7.298024 0.698849
v 0.015145 7.281309 0.698849
v 0.368251 7.177792 0.698849
v 0.015145 7.281309 0.627458
v 0.368251 7.177792 0.627458
v 0.000266 7.230557 0.698849
v 0.353372 7.127040 0.698849
v 0.000266 7.230557 0.627458
v 0.353372 7.127040 0.627458
v 0.201024 7.261365 0.698849
v 0.201024 7.261365 0.627458
v 0.186146 7.210613 0.627458
v 0.186146 7.210613 0.698849
v -0.029876 7.458514 0.627458
v -0.384439 7.360105 0.627458
v -0.029876 7.458514 0.698849
v -0.384439 7.360105 0.698849
v -0.015732 7.407553 0.627458
v -0.370295 7.309144 0.627458
v -0.015732 7.407553 0.698849
v -0.370295 7.309143 0.698849
v -0.216024 7.441256 0.627458
v -0.216024 7.441255 0.698849
v -0.201880 7.390294 0.698849
v -0.201880 7.390294 0.627458
v -0.024813 7.370249 0.627458
v -0.377017 7.263704 0.627458
v -0.024813 7.370250 0.698849
v -0.377017 7.263704 0.698849
v -0.009499 7.319627 0.627458
v -0.361703 7.213082 0.627458
v -0.009499 7.319627 0.698849
v -0.361703 7.213082 0.698849
v -0.210514 7.348710 0.627458
v -0.210514 7.348710 0.698849
v -0.195201 7.298088 0.698849
v -0.195201 7.298087 0.627458
v -0.018848 7.284008 0.627458
v -0.370367 7.175222 0.627458
v -0.018848 7.284008 0.698849
v -0.370367 7.175222 0.698849
v -0.003212 7.233484 0.627458
v -0.354731 7.124699 0.627458
v -0.003212 7.233484 0.698849
v -0.354731 7.124699 0.698849
v -0.204409 7.261286 0.627458
v -0.204409 7.261286 0.698849
v -0.188773 7.210763 0.698849
v -0.188773 7.210763 0.627458
v 0.023562 7.455961 0.698849
v 0.379557 7.362864 0.698849
v 0.023562 7.455961 0.627458
v 0.379557 7.362864 0.627458
v 0.010181 7.404794 0.698849
v 0.366177 7.311697 0.698849
v 0.010181 7.404794 0.627458
v 0.366177 7.311697 0.627458
v 0.209948 7.441487 0.698849
v 0.209948 7.441486 0.627459
v 0.196567 7.390320 0.627458
v 0.196567 7.390319 0.698849
v 0.346846 6.104124 1.089361
v 0.845639 6.030417 1.089361
v 0.346846 6.104124 1.074153
v 0.845639 6.030417 1.074153
v 0.326588 6.080392 1.089361
v 0.825380 6.006686 1.089361
v 0.326588 6.080392 1.074153
v 0.825380 6.006686 1.074153
v 0.608942 6.082147 1.089361
v 0.608942 6.082147 1.074153
v 0.588683 6.058415 1.074153
v 0.588683 6.058415 1.089361
v 0.342711 6.186546 1.070166
v 0.829700 6.297800 1.070166
v 0.342711 6.186546 1.085374
v 0.829700 6.297800 1.085375
v 0.319529 6.208623 1.070166
v 0.806518 6.319877 1.070166
v 0.319529 6.208623 1.085375
v 0.806518 6.319877 1.085374
v 0.600737 6.228334 1.070166
v 0.600737 6.228334 1.085375
v 0.577555 6.250411 1.085374
v 0.577555 6.250411 1.070166
v 0.333157 6.158320 1.089361
v 0.837699 6.158042 1.089361
v 0.333157 6.158320 1.074153
v 0.837699 6.158042 1.074153
v 0.317607 6.131908 1.089361
v 0.822149 6.131630 1.089361
v 0.317607 6.131908 1.074153
v 0.822149 6.131630 1.074153
v 0.595176 6.174738 1.089361
v 0.595176 6.174738 1.074153
v 0.579626 6.148326 1.074153
v 0.579626 6.148326 1.089362
v -0.355254 6.104124 1.071495
v -0.854047 6.030417 1.071495
v -0.355254 6.104124 1.086703
v -0.854047 6.030417 1.086704
v -0.334996 6.080392 1.071495
v -0.833788 6.006686 1.071495
v -0.334996 6.080392 1.086703
v -0.833788 6.006685 1.086704
v -0.617350 6.082147 1.071495
v -0.617350 6.082147 1.086703
v -0.597091 6.058415 1.086703
v -0.597091 6.058415 1.071495
v -0.351119 6.186546 1.090690
v -0.838107 6.297800 1.090690
v -0.351119 6.186546 1.075482
v -0.838107 6.297800 1.075482
v -0.327937 6.208623 1.090690
v -0.814926 6.319877 1.090690
v -0.327937 6.208623 1.075482
v -0.814926 6.319877 1.075482
v -0.609145 6.228334 1.090690
v -0.609145 6.228334 1.075482
v -0.585963 6.250411 1.075482
v -0.585963 6.250411 1.090690
v -0.341565 6.158319 1.071495
v -0.846107 6.158042 1.071495
v -0.341565 6.158320 1.086703
v -0.846107 6.158042 1.086703
v -0.326015 6.131908 1.071495
v -0.830557 6.131630 1.071495
v -0.326015 6.131907 1.086703
v -0.830557 6.131630 1.086703
v -0.603584 6.174738 1.071495
v -0.603584 6.174738 1.086703
v -0.588034 6.148326 1.086703
v -0.588034 6.148326 1.071495
v 0.757748 5.614951 0.709874
v 0.751306 5.698225 0.709875
v 0.757748 5.614951 0.610467
v 0.751306 5.698225 0.610467
v 1.102375 5.641609 0.709875
v 1.095933 5.724883 0.709875
v 1.102375 5.641609 0.610467
v 1.095933 5.724884 0.610467
v 0.412047 5.530098 0.709874
v 0.412047 5.613621 0.709875
v 0.412047 5.530098 0.610467
v 0.412047 5.613621 0.610467
v 0.673981 5.530098 0.709875
v 0.673981 5.613621 0.709875
v 0.673981 5.530098 0.610467
v 0.673981 5.613621 0.610467
v 0.344971 5.832676 0.709875
v 0.344971 5.916200 0.709875
v 0.344971 5.832676 0.610467
v 0.344971 5.916200 0.610467
v 0.690628 5.832676 0.709875
v 0.690628 5.916200 0.709875
v 0.690628 5.832676 0.610467
v 0.690628 5.916200 0.610467
v -0.166917 5.496964 0.709875
v -0.162448 5.580368 0.709875
v -0.166917 5.496964 0.610467
v -0.162448 5.580368 0.610467
v 0.178245 5.478471 0.709875
v 0.182714 5.561874 0.709875
v 0.178245 5.478471 0.610467
v 0.182714 5.561874 0.610467
v -0.754553 5.800579 0.709875
v -0.743174 5.883323 0.709874
v -0.754553 5.800578 0.610467
v -0.743174 5.883323 0.610467
v -0.412119 5.753487 0.709875
v -0.400740 5.836232 0.709875
v -0.412119 5.753487 0.610467
v -0.400740 5.836232 0.610467
v -0.891834 5.575438 0.709875
v -0.880455 5.658182 0.709875
v -0.891834 5.575438 0.610467
v -0.880455 5.658182 0.610467
v -0.549400 5.528347 0.709875
v -0.538021 5.611091 0.709875
v -0.549400 5.528347 0.610467
v -0.538021 5.611091 0.610467
v -0.915337 7.154984 0.709875
v -0.906760 7.238065 0.709875
v -0.915337 7.154984 0.610468
v -0.906760 7.238065 0.610468
v -0.571508 7.119485 0.709875
v -0.562931 7.202566 0.709875
v -0.571508 7.119485 0.610467
v -0.562931 7.202566 0.610467
v -0.762031 7.271981 0.709875
v -0.753453 7.355062 0.709875
v -0.762031 7.271981 0.610467
v -0.753453 7.355062 0.610467
v -0.418202 7.236482 0.709875
v -0.409624 7.319563 0.709875
v -0.418202 7.236482 0.610467
v -0.409624 7.319563 0.610467
v 0.497897 7.246661 0.709875
v 0.488364 7.329638 0.709875
v 0.497897 7.246661 0.610468
v 0.488364 7.329638 0.610468
v 0.841295 7.286112 0.709875
v 0.831762 7.369089 0.709875
v 0.841295 7.286112 0.610467
v 0.831762 7.369089 0.610468
v 0.651203 7.129664 0.709875
v 0.641671 7.212641 0.709875
v 0.651203 7.129664 0.610468
v 0.641671 7.212641 0.610468
v 0.994601 7.169115 0.709875
v 0.985068 7.252092 0.709875
v 0.994601 7.169115 0.610468
v 0.985068 7.252092 0.610468
v -0.144172 6.813396 0.709875
v -0.146549 6.896885 0.709875
v -0.144172 6.813396 0.610468
v -0.146549 6.896885 0.610467
v 0.201345 6.823233 0.709875
v 0.198968 6.906723 0.709875
v 0.201345 6.823233 0.610468
v 0.198968 6.906723 0.610467
v -0.141913 6.552686 0.705759
v -0.135183 6.635938 0.705845
v -0.136209 6.552328 0.606516
v -0.129479 6.635579 0.606602
v 0.202048 6.524860 0.725629
v 0.208778 6.608112 0.725715
v 0.207752 6.524502 0.626386
v 0.214482 6.607754 0.626473
v 1.119051 7.155348 -0.497114
v 1.119051 7.258685 -0.489121
v 0.995694 7.155348 -0.497114
v 0.995694 7.258685 -0.489121
v 1.119051 7.188429 -0.924771
v 1.119051 7.291766 -0.916777
v 0.995694 7.188429 -0.924771
v 0.995694 7.291766 -0.916777
v 1.107076 5.750506 0.170853
v 1.107076 5.833781 0.177295
v 1.007669 5.750506 0.170853
v 1.007669 5.833781 0.177295
v 1.107076 5.777164 -0.173774
v 1.107076 5.860439 -0.167333
v 1.007669 5.777164 -0.173774
v 1.007669 5.860439 -0.167333
v 1.107076 6.268812 -0.089701
v 1.107076 6.352087 -0.083259
v 1.007669 6.268812 -0.089701
v 1.007669 6.352087 -0.083259
v 1.107076 6.295470 -0.434328
v 1.107076 6.378745 -0.427886
v 1.007669 6.295470 -0.434328
v 1.007669 6.378745 -0.427886
v 1.136012 6.511375 0.417779
v 1.136012 6.643128 0.427971
v 0.978734 6.511375 0.417779
v 0.978734 6.643128 0.427971
v 1.136012 6.553552 -0.127475
v 1.136012 6.685305 -0.117284
v 0.978734 6.553552 -0.127475
v 0.978734 6.685305 -0.117284
v 1.119051 5.989413 -0.359945
v 1.119051 6.092750 -0.351952
v 0.995694 5.989413 -0.359945
v 0.995694 6.092750 -0.351952
v 1.119051 6.022493 -0.787602
v 1.119051 6.125830 -0.779608
v 0.995694 6.022493 -0.787602
v 0.995694 6.125830 -0.779608
v 1.107076 6.022267 0.437010
v 1.107076 6.105541 0.443451
v 1.007669 6.022267 0.437010
v 1.007669 6.105541 0.443451
v 1.107076 6.048925 0.092383
v 1.107076 6.132199 0.098824
v 1.007669 6.048925 0.092383
v 1.007669 6.132199 0.098824
v 1.136012 6.600132 -0.732019
v 1.136012 6.731884 -0.721827
v 0.978734 6.600131 -0.732019
v 0.978734 6.731884 -0.721827
v 1.136012 6.642309 -1.277274
v 1.136012 6.774062 -1.267082
v 0.978734 6.642309 -1.277274
v 0.978734 6.774062 -1.267082
v 1.119051 7.058523 0.188730
v 1.119051 7.161860 0.196724
v 0.995694 7.058523 0.188730
v 0.995694 7.161860 0.196724
v 1.119051 7.091603 -0.238926
v 1.119051 7.194941 -0.230933
v 0.995694 7.091603 -0.238926
v 0.995694 7.194941 -0.230933
v 1.119051 5.719110 -0.767418
v 1.119051 5.822446 -0.759424
v 0.995694 5.719110 -0.767417
v 0.995694 5.822446 -0.759424
v 1.119051 5.752190 -1.195074
v 1.119051 5.855527 -1.187081
v 0.995694 5.752190 -1.195074
v 0.995694 5.855527 -1.187081
v 1.119051 6.788219 -0.218742
v 1.119051 6.891557 -0.210749
v 0.995694 6.788219 -0.218742
v 0.995694 6.891557 -0.210749
v 1.119051 6.821301 -0.646398
v 1.119051 6.924637 -0.638405
v 0.995694 6.821301 -0.646398
v 0.995694 6.924637 -0.638405
v -1.013212 5.750506 0.170853
v -1.013212 5.833781 0.177295
v -1.112619 5.750506 0.170853
v -1.112619 5.833781 0.177295
v -1.013212 5.777164 -0.173774
v -1.013212 5.860439 -0.167333
v -1.112619 5.777164 -0.173774
v -1.112619 5.860439 -0.167333
v -1.013212 6.268812 -0.089701
v -1.013212 6.352087 -0.083259
v -1.112619 6.268812 -0.089701
v -1.112619 6.352086 -0.083259
v -1.013212 6.295470 -0.434328
v -1.013212 6.378745 -0.427886
v -1.112619 6.295470 -0.434328
v -1.112619 6.378745 -0.427886
v -0.984276 6.511375 0.417780
v -0.984277 6.643128 0.427971
v -1.141554 6.511375 0.417780
v -1.141554 6.643128 0.427971
v -0.984276 6.553552 -0.127475
v -0.984277 6.685305 -0.117284
v -1.141554 6.553552 -0.127475
v -1.141554 6.685305 -0.117284
v -1.001237 5.989413 -0.359945
v -1.001237 6.092750 -0.351952
v -1.124594 5.989413 -0.359945
v -1.124594 6.092750 -0.351952
v -1.001237 6.022493 -0.787602
v -1.001237 6.125830 -0.779608
v -1.124594 6.022493 -0.787602
v -1.124594 6.125830 -0.779608
v -1.013212 6.022267 0.437010
v -1.013212 6.105541 0.443452
v -1.112619 6.022267 0.437010
v -1.112619 6.105541 0.443452
v -1.013212 6.048924 0.092383
v -1.013212 6.132199 0.098824
v -1.112619 6.048924 0.092383
v -1.112619 6.132199 0.098824
v -1.001237 7.155348 -0.497114
v -1.001237 7.258685 -0.489121
v -1.124594 7.155348 -0.497114
v -1.124594 7.258685 -0.489121
v -1.001237 7.188429 -0.924771
v -1.001237 7.291766 -0.916777
v -1.124594 7.188429 -0.924770
v -1.124594 7.291766 -0.916777
v -0.984277 6.600131 -0.732019
v -0.984277 6.731884 -0.721827
v -1.141554 6.600131 -0.732019
v -1.141554 6.731884 -0.721827
v -0.984277 6.642308 -1.277274
v -0.984277 6.774062 -1.267082
v -1.141554 6.642308 -1.277274
v -1.141554 6.774062 -1.267082
v -1.001237 7.058523 0.188730
v -1.001237 7.161860 0.196724
v -1.124594 7.058523 0.188730
v -1.124594 7.161860 0.196724
v -1.001237 7.091603 -0.238926
v -1.001237 7.194941 -0.230933
v -1.124594 7.091603 -0.238926
v -1.124594 7.194941 -0.230933
v -1.001237 5.719110 -0.767418
v -1.001237 5.822446 -0.759424
v -1.124594 5.719110 -0.767418
v -1.124594 5.822446 -0.759424
v -1.001237 5.752190 -1.195074
v -1.001237 5.855527 -1.187081
v -1.124594 5.752190 -1.195074
v -1.124594 5.855527 -1.187081
v -1.001237 6.788219 -0.218742
v -1.001237 6.891557 -0.210749
v -1.124594 6.788219 -0.218742
v -1.124594 6.891557 -0.210749
v -1.001237 6.821301 -0.646398
v -1.001237 6.924637 -0.638405
v -1.124594 6.821301 -0.646398
v -1.124594 6.924637 -0.638405
v -0.037459 7.155349 -1.534579
v -0.029466 7.258685 -1.534579
v -0.037459 7.155348 -1.411222
v -0.029466 7.258685 -1.411222
v -0.465116 7.188429 -1.534579
v -0.457122 7.291765 -1.534579
v -0.465116 7.188429 -1.411222
v -0.457122 7.291766 -1.411222
v 0.630508 5.750506 -1.522604
v 0.636949 5.833781 -1.522604
v 0.630508 5.750507 -1.423197
v 0.636949 5.833781 -1.423197
v 0.285881 5.777164 -1.522604
v 0.292322 5.860439 -1.522604
v 0.285881 5.777164 -1.423197
v 0.292322 5.860438 -1.423197
v 0.369954 6.268812 -1.522604
v 0.376396 6.352087 -1.522604
v 0.369954 6.268812 -1.423197
v 0.376396 6.352087 -1.423197
v 0.025327 6.295470 -1.522604
v 0.031769 6.378744 -1.522604
v 0.025327 6.295470 -1.423197
v 0.031769 6.378744 -1.423197
v 0.877434 6.511375 -1.551540
v 0.887626 6.643128 -1.551540
v 0.877434 6.511375 -1.394262
v 0.887626 6.643128 -1.394262
v 0.332180 6.553552 -1.551540
v 0.342371 6.685305 -1.551540
v 0.332180 6.553553 -1.394262
v 0.342371 6.685306 -1.394262
v 0.099710 5.989413 -1.534579
v 0.107703 6.092750 -1.534579
v 0.099710 5.989413 -1.411222
v 0.107703 6.092750 -1.411222
v -0.327947 6.022493 -1.534579
v -0.319953 6.125831 -1.534579
v -0.327947 6.022493 -1.411222
v -0.319953 6.125830 -1.411222
v 0.896665 6.022267 -1.522605
v 0.903106 6.105541 -1.522604
v 0.896665 6.022267 -1.423197
v 0.903106 6.105541 -1.423197
v 0.552038 6.048925 -1.522604
v 0.558479 6.132199 -1.522604
v 0.552038 6.048925 -1.423197
v 0.558479 6.132199 -1.423197
v -0.272364 6.600132 -1.551540
v -0.262172 6.731884 -1.551540
v -0.272364 6.600132 -1.394262
v -0.262172 6.731885 -1.394262
v -0.817618 6.642309 -1.551539
v -0.807427 6.774062 -1.551539
v -0.817618 6.642308 -1.394261
v -0.807427 6.774062 -1.394261
v 0.648385 7.058523 -1.534579
v 0.656379 7.161860 -1.534579
v 0.648385 7.058523 -1.411222
v 0.656379 7.161860 -1.411222
v 0.220729 7.091604 -1.534579
v 0.228722 7.194941 -1.534579
v 0.220729 7.091604 -1.411222
v 0.228722 7.194941 -1.411222
v -0.307763 5.719109 -1.534579
v -0.299769 5.822446 -1.534579
v -0.307763 5.719110 -1.411222
v -0.299769 5.822446 -1.411222
v -0.735419 5.752190 -1.534579
v -0.727425 5.855527 -1.534579
v -0.735419 5.752190 -1.411222
v -0.727426 5.855527 -1.411222
v 0.240913 6.788219 -1.534579
v 0.248906 6.891557 -1.534579
v 0.240913 6.788220 -1.411222
v 0.248906 6.891557 -1.411223
v -0.186743 6.821300 -1.534579
v -0.178750 6.924637 -1.534579
v -0.186743 6.821300 -1.411222
v -0.178750 6.924637 -1.411222
v -0.173335 5.771048 0.709875
v -0.173335 5.977828 0.709875
v -0.173335 5.771048 0.610467
v -0.173335 5.977828 0.610467
v 0.172322 5.771048 0.709875
v 0.172322 5.977828 0.709875
v 0.172322 5.771048 0.610467
v 0.172322 5.977828 0.610467
v -0.336010 7.392616 0.315127
v -0.336010 7.392617 0.533009
v -0.963153 7.392617 0.315127
v -0.963153 7.392617 0.533009
v -0.759038 7.921158 0.315127
v -0.540125 7.921158 0.315127
v -0.742347 7.958610 0.315127
v -0.723767 7.989529 0.315127
v -0.703677 8.013287 0.315127
v -0.682485 8.029398 0.315127
v -0.660624 8.037538 0.315127
v -0.638538 8.037538 0.315127
v -0.616677 8.029398 0.315127
v -0.595486 8.013287 0.315127
v -0.575396 7.989529 0.315127
v -0.556816 7.958609 0.315127
v -0.540125 7.921158 0.533009
v -0.759038 7.921158 0.533009
v -0.556816 7.958609 0.533009
v -0.575396 7.989529 0.533009
v -0.595486 8.013286 0.533009
v -0.616677 8.029398 0.533009
v -0.638538 8.037538 0.533009
v -0.660624 8.037538 0.533009
v -0.682485 8.029398 0.533009
v -0.703677 8.013286 0.533009
v -0.723767 7.989529 0.533009
v -0.742347 7.958609 0.533009
v -0.443394 7.485304 0.533009
v -0.592822 7.872239 0.533009
v -0.605928 7.901645 0.533009
v -0.617993 7.921723 0.533009
v -0.629101 7.934858 0.533009
v -0.638499 7.942005 0.533009
v -0.646142 7.944850 0.533009
v -0.653021 7.944850 0.533009
v -0.660663 7.942005 0.533009
v -0.670062 7.934858 0.533009
v -0.681170 7.921723 0.533009
v -0.693235 7.901645 0.533009
v -0.706341 7.872239 0.533009
v -0.855769 7.485304 0.533009
v -0.592822 7.872238 0.457414
v -0.443394 7.485305 0.457414
v -0.855769 7.485305 0.457414
v -0.605928 7.901646 0.457413
v -0.617993 7.921722 0.457414
v -0.629101 7.934858 0.457413
v -0.638499 7.942004 0.457414
v -0.646142 7.944850 0.457414
v -0.653021 7.944850 0.457414
v -0.660663 7.942004 0.457414
v -0.670062 7.934858 0.457414
v -0.681170 7.921722 0.457414
v -0.693235 7.901646 0.457414
v -0.706341 7.872238 0.457414
v 1.024383 7.392616 0.315127
v 1.024383 7.392617 0.533009
v 0.397240 7.392617 0.315127
v 0.397240 7.392617 0.533009
v 0.601355 7.921158 0.315127
v 0.820268 7.921158 0.315127
v 0.618046 7.958610 0.315127
v 0.636626 7.989529 0.315127
v 0.656716 8.013287 0.315127
v 0.677907 8.029398 0.315127
v 0.699768 8.037538 0.315127
v 0.721854 8.037538 0.315127
v 0.743715 8.029398 0.315127
v 0.764907 8.013287 0.315127
v 0.784997 7.989529 0.315127
v 0.803577 7.958610 0.315127
v 0.820268 7.921158 0.533009
v 0.601355 7.921158 0.533009
v 0.803577 7.958610 0.533009
v 0.784997 7.989529 0.533009
v 0.764907 8.013286 0.533009
v 0.743716 8.029398 0.533009
v 0.721854 8.037538 0.533009
v 0.699769 8.037538 0.533009
v 0.677907 8.029398 0.533009
v 0.656716 8.013286 0.533009
v 0.636626 7.989529 0.533009
v 0.618046 7.958610 0.533009
v 0.916999 7.485304 0.533009
v 0.767571 7.872239 0.533009
v 0.754465 7.901645 0.533009
v 0.742400 7.921723 0.533009
v 0.731292 7.934858 0.533009
v 0.721894 7.942004 0.533009
v 0.714251 7.944850 0.533009
v 0.707372 7.944850 0.533009
v 0.699729 7.942005 0.533009
v 0.690331 7.934858 0.533009
v 0.679223 7.921723 0.533009
v 0.667158 7.901645 0.533009
v 0.654052 7.872239 0.533009
v 0.504624 7.485304 0.533009
v 0.767571 7.872238 0.457414
v 0.916999 7.485305 0.457414
v 0.504624 7.485305 0.457414
v 0.754465 7.901646 0.457414
v 0.742400 7.921722 0.457414
v 0.731292 7.934858 0.457414
v 0.721894 7.942004 0.457414
v 0.714251 7.944850 0.457414
v 0.707372 7.944850 0.457414
v 0.699729 7.942004 0.457414
v 0.690331 7.934858 0.457414
v 0.679223 7.921722 0.457414
v 0.667158 7.901646 0.457414
v 0.654052 7.872238 0.457414
v 0.108376 6.069942 1.115310
v 0.111278 6.124109 1.115310
v 0.108376 6.069942 1.050749
v 0.111278 6.124109 1.050749
v 0.332545 6.057931 1.115310
v 0.335447 6.112098 1.115310
v 0.332545 6.057931 1.050749
v 0.335447 6.112099 1.050749
v -0.094290 5.983471 1.115310
v -0.091388 6.037639 1.115310
v -0.094290 5.983471 1.050749
v -0.091388 6.037638 1.050749
v 0.129878 5.971460 1.115310
v 0.132781 6.025627 1.115310
v 0.129878 5.971460 1.050749
v 0.132781 6.025628 1.050749
v -0.306414 6.086155 1.115310
v -0.303512 6.140323 1.115310
v -0.306414 6.086155 1.050749
v -0.303512 6.140323 1.050749
v -0.082245 6.074144 1.115310
v -0.079343 6.128312 1.115310
v -0.082245 6.074144 1.050749
v -0.079343 6.128312 1.050749
v -0.221294 6.234777 1.115310
v -0.218392 6.288944 1.115310
v -0.221294 6.234777 1.050749
v -0.218392 6.288944 1.050749
v 0.002874 6.222766 1.115310
v 0.005777 6.276934 1.115310
v 0.002874 6.222766 1.050749
v 0.005777 6.276934 1.050749
v 0.082733 6.220405 1.115310
v 0.078005 6.274443 1.115310
v 0.082733 6.220405 1.050749
v 0.078005 6.274444 1.050749
v 0.306369 6.239970 1.115310
v 0.301641 6.294008 1.115310
v 0.306369 6.239970 1.050749
v 0.301641 6.294008 1.050749
v 0.082110 6.308924 1.040599
v 0.082448 6.363167 1.040599
v 0.082110 6.308924 0.976038
v 0.082448 6.363168 0.976038
v 0.306596 6.307524 1.040599
v 0.306934 6.361768 1.040599
v 0.306596 6.307524 0.976038
v 0.306934 6.361767 0.976038
v 0.017203 6.315667 0.926847
v 0.017497 6.363000 0.926865
v 0.020650 6.315668 0.870616
v 0.020944 6.363001 0.870634
v 0.212722 6.314446 0.938833
v 0.213016 6.361779 0.938851
v 0.216169 6.314446 0.882602
v 0.216463 6.361779 0.882621
v -0.235725 6.315668 1.006292
v -0.235430 6.363000 1.006310
v -0.232278 6.315668 0.950062
v -0.231983 6.363001 0.950080
v -0.040206 6.314446 1.018278
v -0.039911 6.361779 1.018296
v -0.036759 6.314446 0.962048
v -0.036464 6.361779 0.962066
v -0.231834 6.312066 0.841031
v -0.231493 6.366794 0.841045
v -0.227848 6.312066 0.795228
v -0.227507 6.366794 0.795243
v -0.005770 6.310654 0.850794
v -0.005429 6.365381 0.850809
v -0.001784 6.310654 0.804991
v -0.001443 6.365381 0.805006
v -0.811849 1.968185 0.036846
v -0.369214 5.315432 -0.178030
v -0.811849 1.968185 -0.736928
v -0.369214 5.315433 -0.522052
v 0.782092 1.968185 0.036846
v 0.339456 5.315432 -0.178030
v 0.782092 1.968185 -0.736928
v 0.339456 5.315433 -0.522052
v -0.811849 4.767078 0.036846
v -0.811849 4.767078 -0.736928
v 0.782092 4.767078 -0.736928
v 0.782092 4.767078 0.036846
v 1.289960 5.315433 -0.736928
v 1.289960 5.315432 0.036846
v 1.289960 4.767077 -0.736928
v 1.289960 4.767078 0.036846
v -1.327449 4.767078 0.036846
v -1.327449 5.315432 0.036846
v -1.327449 5.315433 -0.736928
v -1.327449 4.767077 -0.736928
v 0.826801 4.767078 0.036845
v 0.826801 4.767078 -0.736927
v 1.289768 4.767077 -0.736927
v 1.289768 4.767077 0.036845
v -0.859941 4.767077 -0.736927
v -0.859941 4.767077 0.036845
v -1.328176 4.767077 0.036845
v -1.328176 4.767077 -0.736927
v 0.826801 2.848828 -0.736927
v 0.826801 2.848829 0.036845
v 1.289769 2.848828 0.036845
v 1.289769 2.848828 -0.736927
v -0.859941 2.848828 0.036845
v -0.859941 2.848828 -0.736927
v -1.328176 2.848828 -0.736927
v -1.328176 2.848828 0.036845
v 0.250778 1.968185 -0.736928
v -0.280536 1.968185 -0.736928
v -0.280536 5.315432 -0.522052
v 0.250778 5.315433 -0.522052
v -0.280535 1.968185 0.036846
v 0.250778 1.968185 0.036846
v 0.250778 5.315432 -0.178030
v -0.280535 5.315432 -0.178030
v 0.250778 4.767078 0.036846
v -0.280535 4.767078 0.036846
v -0.280535 4.767077 -0.736928
v 0.250778 4.767078 -0.736928
v -0.811849 0.132138 -0.736928
v -0.811850 0.132138 0.036846
v -0.280535 0.132138 -0.736928
v 0.782092 0.132138 0.036846
v 0.782092 0.132138 -0.736928
v 0.250778 0.132138 0.036846
v 0.250778 0.132137 -0.736928
v -0.280535 0.132138 0.036846
v -0.811849 2.652586 -0.736928
v 0.782092 2.652586 -0.736928
v 0.782092 2.652586 0.036846
v -0.811849 2.652586 0.036846
v -0.280535 2.652586 -0.736928
v 0.250778 2.652586 -0.736928
v 0.250778 2.652586 0.036846
v -0.280535 2.652586 0.036846
v 1.289768 3.394015 0.036845
v 1.289768 3.394015 -0.736927
v 0.826801 3.394015 0.036845
v 0.826802 3.394015 -0.736927
v -0.859941 3.373823 -0.736927
v -1.328176 3.373823 -0.736927
v -1.328176 3.373823 0.036845
v -0.859941 3.373823 0.036845
v -1.069649 5.315433 -0.736928
v -1.069649 5.315432 0.036846
v -1.069649 4.767078 -0.736928
v -1.069649 4.767078 0.036846
v -1.094058 4.767077 -0.736927
v -1.094059 4.767077 0.036845
v -1.094058 2.848828 -0.736927
v -1.094058 2.848828 0.036845
v -1.094059 3.373823 0.036845
v -1.094058 3.373823 -0.736927
v 1.009069 5.315433 -0.736928
v 1.009069 4.767078 -0.736928
v 1.009069 5.315432 0.036846
v 1.009069 4.767078 0.036846
v 1.031328 4.767077 0.036845
v 1.031328 4.767077 -0.736927
v 1.031328 2.848829 0.036845
v 1.031328 2.848829 -0.736927
v 1.031328 3.394015 -0.736927
v 1.031328 3.394015 0.036845
v 1.289769 2.530888 -0.736927
v 1.289769 2.530888 0.036845
v -1.094058 2.530887 -0.736927
v -1.328176 2.530887 -0.736927
v -1.328176 2.530888 0.036845
v -1.094058 2.530887 0.036845
v 1.031328 2.530887 0.036845
v 1.031328 2.530887 -0.736927
v -0.811849 5.315432 0.036846
v -0.811849 5.315433 -0.736928
v 0.250778 5.315433 -0.736928
v 0.782092 5.315433 -0.736928
v 0.782092 5.315432 0.036846
v -0.280536 5.315432 0.036846
v -0.280536 5.315432 -0.736928
v 0.250778 5.315432 0.036846
v -0.280535 5.422928 -0.178030
v -0.280536 5.422928 -0.522052
v 0.250778 5.422928 -0.522052
v 0.250778 5.422928 -0.178030
v -0.369214 5.422928 -0.178030
v -0.369214 5.422928 -0.522052
v 0.339457 5.422928 -0.522052
v 0.339457 5.422928 -0.178030
v 0.339826 5.317342 -0.522359
v 0.828041 4.768008 0.037536
v 0.828041 4.768008 -0.737618
v -0.861714 4.768008 -0.737618
v -0.861713 4.768008 0.037536
v -0.281273 5.317341 -0.737619
v -0.816347 2.649402 0.038902
v 0.246449 2.649403 0.038902
v -0.821955 1.958343 0.041174
v -0.821955 1.958342 -0.742350
v 0.792070 1.958342 0.041174
v 0.792070 1.958342 -0.742350
v 0.237663 1.958342 -0.742350
v -0.273015 1.958342 -0.742350
v -0.273015 1.958342 0.041174
v 0.237663 1.958343 0.041174
v -0.821955 2.722206 -0.742350
v 0.792070 2.722206 -0.742350
v 0.792070 2.722206 0.041174
v -0.821955 2.722206 0.041174
v -0.273015 2.722206 -0.742350
v 0.237663 2.722206 -0.742350
v 0.237663 2.722207 0.041174
v -0.273015 2.722206 0.041174
v -0.826510 2.718983 0.043255
v 0.233280 2.718983 0.043256
v -0.821955 1.257818 0.041174
v -0.821955 1.257818 -0.742350
v -0.273015 1.257818 -0.742350
v -0.273015 1.257818 0.041174
v 0.792070 1.249947 0.041174
v 0.792070 1.249947 -0.742350
v 0.237663 1.249947 -0.742350
v 0.237663 1.249947 0.041174
v -0.821955 2.340274 -0.742350
v 0.792070 2.340274 -0.742350
v 0.792070 2.340274 0.041174
v -0.273015 2.340274 -0.742350
v 0.237663 2.340274 -0.742350
v 0.237663 2.340274 0.041174
v -0.273015 2.340274 0.041174
v -0.821955 2.340274 0.041174
v 0.792070 1.604145 -0.742350
v 0.237663 1.604145 -0.742350
v 0.237663 1.604145 0.041174
v 0.792070 1.604145 0.041174
v -0.821955 1.608080 0.041174
v -0.273015 1.608080 0.041174
v -0.273015 1.608080 -0.742350
v -0.821955 1.608080 -0.742350
v -0.113396 2.263835 0.075219
v -0.125174 2.722153 0.086998
v -0.113396 2.263835 0.053119
v -0.125174 2.722154 0.041340
v -0.091296 2.263835 0.075219
v -0.079517 2.722153 0.086998
v -0.091296 2.263835 0.053119
v -0.079517 2.722154 0.041340
v -0.125174 2.263835 0.041340
v -0.125174 2.263835 0.086998
v -0.079517 2.263835 0.041340
v -0.079517 2.263835 0.086998
v -0.113396 2.190655 0.053119
v -0.113396 2.190655 0.075219
v -0.091296 2.190655 0.053119
v -0.091296 2.190655 0.075219
v 0.057943 2.263835 0.075219
v 0.046164 2.722153 0.086998
v 0.057943 2.263835 0.053119
v 0.046164 2.722154 0.041340
v 0.080043 2.263835 0.075219
v 0.091822 2.722153 0.086998
v 0.080043 2.263835 0.053119
v 0.091822 2.722154 0.041340
v 0.046164 2.263835 0.041340
v 0.046164 2.263835 0.086998
v 0.091822 2.263835 0.041340
v 0.091822 2.263835 0.086998
v 0.057943 2.190655 0.053119
v 0.057943 2.190655 0.075219
v 0.080043 2.190655 0.053119
v 0.080043 2.190655 0.075219
v -1.029471 3.423616 -0.188305
v -1.029471 3.489658 -0.215162
v -1.339342 3.423616 -0.188305
v -1.339342 3.489658 -0.215162
v -1.029471 3.306882 -0.475348
v -1.029471 3.372924 -0.502205
v -1.339342 3.306882 -0.475348
v -1.339342 3.372924 -0.502205
v -1.029473 4.352971 -0.255553
v -1.029473 4.421165 -0.234759
v -1.339344 4.352971 -0.255553
v -1.339344 4.421165 -0.234759
v -1.029473 4.443352 -0.551951
v -1.029473 4.511546 -0.531156
v -1.339344 4.443352 -0.551951
v -1.339344 4.511546 -0.531156
v -1.029473 3.679426 -0.181745
v -1.029473 3.745467 -0.208602
v -1.339344 3.679426 -0.181745
v -1.339344 3.745467 -0.208602
v -1.029473 3.562692 -0.468787
v -1.029473 3.628734 -0.495645
v -1.339344 3.562692 -0.468787
v -1.339344 3.628734 -0.495645
v -1.029473 3.889819 -0.261851
v -1.029473 3.935648 -0.207238
v -1.339344 3.889819 -0.261851
v -1.339344 3.935648 -0.207238
v -1.029473 4.127185 -0.461043
v -1.029473 4.173015 -0.406430
v -1.339344 4.127185 -0.461043
v -1.339344 4.173015 -0.406430
v -1.029473 4.545741 -0.288088
v -1.029473 4.591570 -0.233476
v -1.339344 4.545741 -0.288088
v -1.339344 4.591570 -0.233476
v -1.029473 4.783107 -0.487280
v -1.029473 4.828937 -0.432668
v -1.339344 4.783107 -0.487280
v -1.339344 4.828937 -0.432668
v -0.705782 5.030447 -0.405905
v -0.716937 5.116376 -0.405905
v -0.705782 5.030447 -0.782518
v -0.716937 5.116376 -0.782518
v -0.332303 5.078932 -0.405905
v -0.343458 5.164861 -0.405905
v -0.332303 5.078932 -0.782518
v -0.343458 5.164861 -0.782518
v -0.701951 3.376528 -0.405905
v -0.715141 3.462168 -0.405905
v -0.701952 3.376528 -0.782518
v -0.715141 3.462168 -0.782518
v -0.329727 3.433855 -0.405905
v -0.342917 3.519495 -0.405905
v -0.329727 3.433855 -0.782518
v -0.342917 3.519495 -0.782518
v -0.719487 4.098870 -0.405905
v -0.719487 4.185519 -0.405905
v -0.719487 4.098869 -0.782518
v -0.719487 4.185520 -0.782518
v -0.342874 4.098870 -0.405905
v -0.342874 4.185519 -0.405905
v -0.342874 4.098869 -0.782518
v -0.342874 4.185520 -0.782518
v -0.555507 4.432297 -0.405905
v -0.555507 4.518946 -0.405905
v -0.555507 4.432296 -0.782518
v -0.555507 4.518946 -0.782518
v -0.178895 4.432297 -0.405905
v -0.178895 4.518946 -0.405905
v -0.178895 4.432296 -0.782518
v -0.178895 4.518947 -0.782518
v -0.393670 3.671692 -0.405905
v -0.406860 3.757332 -0.405905
v -0.393670 3.671692 -0.782518
v -0.406860 3.757332 -0.782518
v -0.021446 3.729019 -0.405905
v -0.034636 3.814659 -0.405905
v -0.021446 3.729019 -0.782518
v -0.034636 3.814659 -0.782518
v -0.122013 4.184308 -0.405905
v -0.133169 4.270237 -0.405905
v -0.122013 4.184308 -0.782518
v -0.133169 4.270237 -0.782518
v 0.251466 4.232794 -0.405905
v 0.240310 4.318723 -0.405905
v 0.251466 4.232794 -0.782518
v 0.240310 4.318722 -0.782518
v 0.277515 4.615955 -0.405905
v 0.277515 4.702604 -0.405905
v 0.277515 4.615954 -0.782518
v 0.277515 4.702605 -0.782518
v 0.654127 4.615955 -0.405905
v 0.654127 4.702604 -0.405905
v 0.654127 4.615954 -0.782518
v 0.654127 4.702605 -0.782518
v -0.023957 3.332059 -0.405905
v -0.012284 3.417919 -0.405905
v -0.023957 3.332059 -0.782518
v -0.012284 3.417919 -0.782518
v 0.349223 3.281326 -0.405905
v 0.360896 3.367186 -0.405905
v 0.349223 3.281326 -0.782518
v 0.360896 3.367186 -0.782518
v -0.498615 2.937060 -0.405905
v -0.511805 3.022700 -0.405905
v -0.498615 2.937060 -0.782518
v -0.511805 3.022700 -0.782518
v -0.126391 2.994387 -0.405905
v -0.139581 3.080027 -0.405905
v -0.126391 2.994387 -0.782518
v -0.139581 3.080027 -0.782518
v 0.100415 4.996389 -0.405905
v 0.100416 5.083039 -0.405905
v 0.100415 4.996389 -0.782518
v 0.100416 5.083039 -0.782518
v 0.477028 4.996389 -0.405905
v 0.477028 5.083039 -0.405905
v 0.477028 4.996389 -0.782518
v 0.477028 5.083039 -0.782518
v -0.378409 4.786494 -0.405905
v -0.378409 4.873144 -0.405905
v -0.378409 4.786494 -0.782518
v -0.378409 4.873144 -0.782518
v -0.001796 4.786494 -0.405905
v -0.001796 4.873144 -0.405905
v -0.001796 4.786494 -0.782518
v -0.001796 4.873144 -0.782518
v 0.744740 5.118669 -0.405905
v 0.788251 5.193602 -0.405905
v 0.744740 5.118669 -0.782518
v 0.788251 5.193602 -0.782518
v 1.070428 4.929554 -0.405905
v 1.113939 5.004487 -0.405905
v 1.070428 4.929554 -0.782518
v 1.113939 5.004487 -0.782518
v 1.305743 3.423615 -0.188305
v 1.305743 3.489657 -0.215162
v 0.941957 3.423615 -0.188305
v 0.941957 3.489657 -0.215162
v 1.305743 3.306882 -0.475348
v 1.305743 3.372924 -0.502205
v 0.941957 3.306882 -0.475348
v 0.941957 3.372923 -0.502205
v 0.865312 3.423615 0.044040
v 0.892170 3.489657 0.044041
v 0.865312 3.423615 -0.265831
v 0.892170 3.489657 -0.265831
v 1.206269 3.306882 0.044040
v 1.233127 3.372923 0.044040
v 1.206269 3.306882 -0.265831
v 1.233127 3.372924 -0.265831
v 0.277514 4.615953 0.077411
v 0.277514 4.702602 0.077411
v 0.277515 4.615953 -0.299202
v 0.277514 4.702602 -0.299202
v 0.654127 4.615953 0.077411
v 0.654127 4.702602 0.077411
v 0.654127 4.615953 -0.299202
v 0.654127 4.702603 -0.299202
v 0.100415 4.996387 0.077411
v 0.100415 5.083037 0.077411
v 0.100416 4.996388 -0.299202
v 0.100415 5.083037 -0.299202
v 0.477028 4.996387 0.077411
v 0.477028 5.083038 0.077411
v 0.477029 4.996388 -0.299202
v 0.477028 5.083037 -0.299202
v 0.744741 5.118668 0.077412
v 0.788252 5.193601 0.077411
v 0.744741 5.118668 -0.299201
v 0.788252 5.193601 -0.299201
v 1.070429 4.929552 0.077411
v 1.113940 5.004485 0.077412
v 1.070429 4.929552 -0.299201
v 1.113940 5.004486 -0.299201
v -1.233638 3.423614 0.044041
v -1.206781 3.489656 0.044040
v -1.233638 3.423614 -0.265831
v -1.206781 3.489656 -0.265831
v -0.946595 3.306881 0.044040
v -0.919738 3.372923 0.044041
v -0.946595 3.306881 -0.265831
v -0.919738 3.372923 -0.265831
v -0.719486 4.098868 0.077411
v -0.719486 4.185518 0.077411
v -0.719486 4.098868 -0.299202
v -0.719486 4.185518 -0.299202
v -0.342873 4.098868 0.077411
v -0.342873 4.185518 0.077411
v -0.342873 4.098868 -0.299202
v -0.342873 4.185518 -0.299202
v -0.555505 4.432294 0.077411
v -0.555505 4.518944 0.077411
v -0.555505 4.432294 -0.299202
v -0.555504 4.518943 -0.299202
v -0.178891 4.432294 0.077411
v -0.178892 4.518944 0.077411
v -0.178892 4.432294 -0.299202
v -0.178892 4.518944 -0.299202
v -0.122014 4.184307 0.077411
v -0.133169 4.270236 0.077411
v -0.122014 4.184307 -0.299202
v -0.133169 4.270236 -0.299202
v 0.251465 4.232792 0.077411
v 0.240310 4.318721 0.077411
v 0.251465 4.232792 -0.299202
v 0.240310 4.318721 -0.299202
v -0.393669 3.671691 0.077411
v -0.406859 3.757331 0.077411
v -0.393669 3.671691 -0.299202
v -0.406859 3.757331 -0.299202
v -0.021445 3.729018 0.077411
v -0.034635 3.814658 0.077411
v -0.021445 3.729018 -0.299202
v -0.034634 3.814658 -0.299202
v 0.242532 3.995014 0.077411
v 0.242532 4.081664 0.077411
v 0.242532 3.995014 -0.299202
v 0.242532 4.081664 -0.299202
v 0.619145 3.995014 0.077411
v 0.619145 4.081664 0.077411
v 0.619145 3.995014 -0.299202
v 0.619145 4.081664 -0.299202
v -0.701952 3.376526 0.077411
v -0.715142 3.462167 0.077411
v -0.701952 3.376526 -0.299202
v -0.715142 3.462167 -0.299202
v -0.329728 3.433853 0.077411
v -0.342918 3.519494 0.077411
v -0.329728 3.433853 -0.299202
v -0.342918 3.519493 -0.299202
v 0.277006 3.589505 0.077411
v 0.298070 3.673555 0.077411
v 0.277006 3.589505 -0.299202
v 0.298070 3.673555 -0.299202
v 0.642321 3.497952 0.077411
v 0.663385 3.582002 0.077411
v 0.642321 3.497952 -0.299202
v 0.663385 3.582002 -0.299202
v -0.023956 3.332058 0.077411
v -0.012283 3.417918 0.077411
v -0.023956 3.332058 -0.299201
v -0.012283 3.417918 -0.299202
v 0.349224 3.281325 0.077411
v 0.360897 3.367185 0.077411
v 0.349224 3.281325 -0.299202
v 0.360897 3.367185 -0.299202
v -0.498616 2.937059 0.077411
v -0.511805 3.022699 0.077411
v -0.498616 2.937059 -0.299202
v -0.511805 3.022699 -0.299202
v -0.126392 2.994386 0.077411
v -0.139581 3.080026 0.077411
v -0.126392 2.994386 -0.299201
v -0.139581 3.080026 -0.299202
v 0.228408 2.937059 0.077411
v 0.215219 3.022699 0.077411
v 0.228408 2.937059 -0.299202
v 0.215219 3.022699 -0.299202
v 0.600632 2.994386 0.077411
v 0.587443 3.080026 0.077411
v 0.600633 2.994386 -0.299201
v 0.587443 3.080026 -0.299202
v -0.378408 4.786492 0.077411
v -0.378408 4.873142 0.077411
v -0.378408 4.786492 -0.299202
v -0.378408 4.873142 -0.299202
v -0.001795 4.786492 0.077411
v -0.001795 4.873142 0.077411
v -0.001795 4.786492 -0.299202
v -0.001795 4.873142 -0.299202
v -0.705782 5.030445 0.077411
v -0.716938 5.116374 0.077411
v -0.705782 5.030445 -0.299202
v -0.716938 5.116374 -0.299202
v -0.332304 5.078930 0.077411
v -0.343459 5.164859 0.077411
v -0.332304 5.078931 -0.299202
v -0.343459 5.164859 -0.299201
v -1.143429 4.885737 0.077411
v -1.191093 4.958099 0.077411
v -1.143429 4.885737 -0.299202
v -1.191093 4.958099 -0.299201
v -0.828915 5.092904 0.077411
v -0.876579 5.165266 0.077411
v -0.828914 5.092904 -0.299201
v -0.876579 5.165266 -0.299202
v -1.166389 4.352968 0.044040
v -1.187184 4.421162 0.044041
v -1.166389 4.352968 -0.265831
v -1.187184 4.421162 -0.265831
v -0.869991 4.443348 0.044040
v -0.890786 4.511543 0.044041
v -0.869991 4.443349 -0.265831
v -0.890786 4.511543 -0.265831
v -1.240199 3.679424 0.044041
v -1.213341 3.745466 0.044041
v -1.240199 3.679424 -0.265831
v -1.213341 3.745466 -0.265831
v -0.953156 3.562691 0.044040
v -0.926298 3.628733 0.044041
v -0.953156 3.562691 -0.265831
v -0.926298 3.628733 -0.265831
v -1.160093 3.889817 0.044040
v -1.214706 3.935647 0.044040
v -1.160093 3.889817 -0.265831
v -1.214706 3.935647 -0.265831
v -0.960901 4.127183 0.044040
v -1.015514 4.173013 0.044040
v -0.960901 4.127183 -0.265831
v -1.015514 4.173013 -0.265831
v -1.133855 4.545739 0.044040
v -1.188467 4.591569 0.044040
v -1.133855 4.545739 -0.265831
v -1.188468 4.591568 -0.265831
v -0.934663 4.783105 0.044041
v -0.989276 4.828935 0.044040
v -0.934663 4.783105 -0.265831
v -0.989276 4.828935 -0.265831
v 0.932560 4.352968 0.044040
v 0.911765 4.421163 0.044040
v 0.932560 4.352968 -0.265831
v 0.911765 4.421163 -0.265831
v 1.282871 4.443349 0.044040
v 1.262077 4.511544 0.044041
v 1.282871 4.443349 -0.265831
v 1.262077 4.511543 -0.265831
v 0.858752 3.679424 0.044041
v 0.885610 3.745466 0.044041
v 0.858752 3.679424 -0.265831
v 0.885610 3.745466 -0.265831
v 1.199709 3.562690 0.044041
v 1.226567 3.628733 0.044040
v 1.199709 3.562690 -0.265831
v 1.226567 3.628733 -0.265831
v 0.938857 3.889817 0.044041
v 0.884244 3.935647 0.044040
v 0.938857 3.889817 -0.265831
v 0.884244 3.935647 -0.265831
v 1.191963 4.127184 0.044040
v 1.083436 4.173013 0.044040
v 1.191963 4.127184 -0.265831
v 1.083436 4.173013 -0.265831
v 0.965096 4.545739 0.044040
v 0.910483 4.591568 0.044040
v 0.965096 4.545738 -0.265831
v 0.910483 4.591568 -0.265831
v 1.218202 4.783105 0.044040
v 1.109675 4.828934 0.044041
v 1.218202 4.783105 -0.265831
v 1.109675 4.828934 -0.265831
v 1.305743 4.352970 -0.255553
v 1.305743 4.421164 -0.234759
v 0.941957 4.352969 -0.255553
v 0.941957 4.421164 -0.234759
v 1.305743 4.443350 -0.551951
v 1.305743 4.511545 -0.531156
v 0.941957 4.443350 -0.551951
v 0.941957 4.511545 -0.531156
v 1.305743 3.679425 -0.181745
v 1.305743 3.745466 -0.208602
v 0.941958 3.679424 -0.181745
v 0.941957 3.745466 -0.208602
v 1.305743 3.562691 -0.468787
v 1.305743 3.628733 -0.495645
v 0.941958 3.562691 -0.468787
v 0.941958 3.628733 -0.495645
v 1.305743 3.889818 -0.261850
v 1.305743 3.935647 -0.207238
v 0.941958 3.889818 -0.261850
v 0.941958 3.935647 -0.207238
v 1.305743 4.127184 -0.461042
v 1.305743 4.173014 -0.406430
v 0.941957 4.127184 -0.461043
v 0.941957 4.173014 -0.406430
v 1.305743 4.545740 -0.288088
v 1.305743 4.591569 -0.233476
v 0.941958 4.545740 -0.288088
v 0.941957 4.591569 -0.233476
v 1.305743 4.783106 -0.487280
v 1.305743 4.828936 -0.432668
v 0.941957 4.783106 -0.487280
v 0.941957 4.828935 -0.432668
v 0.242533 3.995015 -0.405905
v 0.242533 4.081665 -0.405905
v 0.242533 3.995015 -0.782518
v 0.242533 4.081664 -0.782518
v 0.619146 3.995015 -0.405905
v 0.619146 4.081665 -0.405905
v 0.619146 3.995015 -0.782518
v 0.619146 4.081664 -0.782518
v 0.277004 3.589505 -0.405905
v 0.298068 3.673556 -0.405905
v 0.277004 3.589506 -0.782518
v 0.298068 3.673556 -0.782518
v 0.642320 3.497952 -0.405905
v 0.663384 3.582003 -0.405905
v 0.642320 3.497952 -0.782518
v 0.663383 3.582003 -0.782518
v 0.932560 4.352969 -0.439276
v 0.911766 4.421163 -0.439276
v 0.932560 4.352969 -0.749147
v 0.911766 4.421163 -0.749147
v 1.282872 4.443349 -0.439276
v 1.262077 4.511544 -0.439276
v 1.282872 4.443350 -0.749147
v 1.262077 4.511544 -0.749147
v 0.858751 3.679426 -0.439276
v 0.885609 3.745467 -0.439276
v 0.858751 3.679425 -0.749147
v 0.885609 3.745467 -0.749147
v 1.199708 3.562692 -0.439276
v 1.226566 3.628734 -0.439276
v 1.199708 3.562692 -0.749147
v 1.226566 3.628734 -0.749147
v 0.938858 3.889818 -0.439276
v 0.884245 3.935647 -0.439276
v 0.938858 3.889818 -0.749147
v 0.884245 3.935647 -0.749147
v 1.191964 4.127184 -0.439276
v 1.083437 4.173014 -0.439276
v 1.191964 4.127184 -0.749147
v 1.083437 4.173014 -0.749147
v 0.965095 4.545740 -0.439276
v 0.910483 4.591570 -0.439276
v 0.965095 4.545740 -0.749147
v 0.910482 4.591569 -0.749147
v 1.218201 4.783107 -0.439276
v 1.109675 4.828936 -0.439276
v 1.218201 4.783107 -0.749147
v 1.109675 4.828936 -0.749147
v 0.865312 3.423615 -0.439276
v 0.892170 3.489656 -0.439276
v 0.865312 3.423614 -0.749147
v 0.892169 3.489656 -0.749147
v 1.206269 3.306881 -0.439276
v 1.233127 3.372923 -0.439276
v 1.206269 3.306881 -0.749147
v 1.233127 3.372923 -0.749147
v -1.143426 4.885738 -0.405905
v -1.191090 4.958100 -0.405905
v -1.143426 4.885738 -0.782518
v -1.191090 4.958100 -0.782518
v -0.828912 5.092905 -0.405905
v -0.876576 5.165267 -0.405905
v -0.828912 5.092905 -0.782518
v -0.876576 5.165267 -0.782518
v -1.166388 4.352970 -0.439276
v -1.187183 4.421165 -0.439276
v -1.166388 4.352970 -0.749147
v -1.187183 4.421165 -0.749147
v -0.869990 4.443352 -0.439276
v -0.890785 4.511545 -0.439276
v -0.869991 4.443351 -0.749147
v -0.890785 4.511545 -0.749147
v -1.133854 4.545741 -0.439276
v -1.188466 4.591570 -0.439276
v -1.133854 4.545740 -0.749147
v -1.188466 4.591570 -0.749147
v -0.934662 4.783107 -0.439276
v -0.989274 4.828937 -0.439276
v -0.934662 4.783107 -0.749147
v -0.989274 4.828937 -0.749147
v 0.431270 5.756355 -1.105417
v 0.469546 5.850473 -1.105417
v 0.431270 5.756355 -1.547024
v 0.469546 5.850473 -1.547025
v 0.840344 5.589994 -1.105417
v 0.878620 5.684113 -1.105417
v 0.840344 5.589994 -1.547025
v 0.878620 5.684113 -1.547024
v -1.240198 3.679425 -0.439276
v -1.213341 3.745467 -0.439276
v -1.240198 3.679425 -0.749147
v -1.213341 3.745467 -0.749147
v -0.953155 3.562692 -0.439276
v -0.926298 3.628734 -0.439276
v -0.953155 3.562692 -0.749147
v -0.926298 3.628734 -0.749147
v -1.160092 3.889819 -0.439276
v -1.214704 3.935648 -0.439276
v -1.160092 3.889819 -0.749147
v -1.214704 3.935648 -0.749147
v -0.960900 4.127185 -0.439276
v -1.015512 4.173015 -0.439276
v -0.960900 4.127185 -0.749147
v -1.015512 4.173014 -0.749147
v -1.233638 3.423616 -0.439276
v -1.206780 3.489658 -0.439276
v -1.233638 3.423616 -0.749147
v -1.206780 3.489658 -0.749147
v -0.946595 3.306883 -0.439276
v -0.919737 3.372924 -0.439276
v -0.946595 3.306883 -0.749147
v -0.919737 3.372925 -0.749147
v -0.723348 1.082905 0.063038
v -0.708678 1.180434 0.063038
v -0.723348 1.082905 -0.236582
v -0.708678 1.180434 -0.236582
v -0.427062 1.038339 0.063038
v -0.412392 1.135868 0.063038
v -0.427062 1.038339 -0.236582
v -0.412392 1.135868 -0.236582
v -0.720134 0.812685 0.063037
v -0.724091 0.911231 0.063037
v -0.720134 0.812685 -0.236582
v -0.724091 0.911231 -0.236582
v -0.420756 0.824708 0.063037
v -0.424713 0.923254 0.063037
v -0.420756 0.824708 -0.236583
v -0.424713 0.923254 -0.236583
v -0.647190 0.575229 0.063037
v -0.670419 0.671081 0.063037
v -0.647190 0.575229 -0.236582
v -0.670419 0.671081 -0.236583
v -0.355999 0.645796 0.063037
v -0.379228 0.741648 0.063037
v -0.355999 0.645796 -0.236582
v -0.379228 0.741648 -0.236582
v -0.765443 0.384439 0.063037
v -0.746065 0.481143 0.063037
v -0.765443 0.384439 -0.236582
v -0.746065 0.481143 -0.236582
v -0.471663 0.325572 0.063037
v -0.452286 0.422276 0.063037
v -0.471663 0.325572 -0.236582
v -0.452286 0.422275 -0.236582
v 0.369858 1.082905 0.063037
v 0.384528 1.180433 0.063037
v 0.369858 1.082905 -0.236582
v 0.384528 1.180433 -0.236582
v 0.666145 1.038338 0.063037
v 0.680815 1.135867 0.063037
v 0.666145 1.038338 -0.236582
v 0.680815 1.135867 -0.236582
v 0.373071 0.812685 0.063037
v 0.369113 0.911231 0.063037
v 0.373071 0.812685 -0.236582
v 0.369113 0.911231 -0.236582
v 0.672449 0.824708 0.063037
v 0.668491 0.923254 0.063037
v 0.672449 0.824708 -0.236582
v 0.668491 0.923254 -0.236582
v 0.446014 0.575229 0.063037
v 0.422786 0.671081 0.063037
v 0.446014 0.575229 -0.236582
v 0.422786 0.671081 -0.236582
v 0.737205 0.645796 0.063037
v 0.713976 0.741648 0.063037
v 0.737205 0.645796 -0.236582
v 0.713976 0.741648 -0.236582
v 0.327762 0.384439 0.063037
v 0.347139 0.481143 0.063037
v 0.327762 0.384439 -0.236582
v 0.347139 0.481143 -0.236582
v 0.621542 0.325572 0.063037
v 0.640919 0.422276 0.063037
v 0.621541 0.325572 -0.236582
v 0.640919 0.422276 -0.236582
v -0.723348 1.082905 -0.452355
v -0.708678 1.180434 -0.452355
v -0.723348 1.082905 -0.751975
v -0.708678 1.180434 -0.751975
v -0.427062 1.038339 -0.452355
v -0.412392 1.135868 -0.452355
v -0.427062 1.038339 -0.751975
v -0.412392 1.135868 -0.751975
v -0.720134 0.812685 -0.452356
v -0.724091 0.911231 -0.452356
v -0.720134 0.812685 -0.751975
v -0.724091 0.911232 -0.751975
v -0.420756 0.824708 -0.452356
v -0.424713 0.923254 -0.452356
v -0.420756 0.824708 -0.751975
v -0.424713 0.923254 -0.751975
v -0.647190 0.575229 -0.452356
v -0.670419 0.671081 -0.452356
v -0.647190 0.575230 -0.751975
v -0.670419 0.671081 -0.751975
v -0.355999 0.645796 -0.452356
v -0.379228 0.741648 -0.452356
v -0.355999 0.645796 -0.751975
v -0.379228 0.741648 -0.751975
v -0.765443 0.384439 -0.452356
v -0.746065 0.481143 -0.452356
v -0.765443 0.384439 -0.751975
v -0.746065 0.481143 -0.751975
v -0.471663 0.325572 -0.452356
v -0.452286 0.422276 -0.452356
v -0.471663 0.325572 -0.751975
v -0.452286 0.422276 -0.751975
v 0.369858 1.082905 -0.452356
v 0.384528 1.180433 -0.452356
v 0.369858 1.082905 -0.751975
v 0.384528 1.180433 -0.751975
v 0.666145 1.038338 -0.452355
v 0.680815 1.135867 -0.452356
v 0.666145 1.038338 -0.751975
v 0.680815 1.135867 -0.751975
v 0.373071 0.812685 -0.452356
v 0.369113 0.911231 -0.452356
v 0.373071 0.812685 -0.751975
v 0.369113 0.911232 -0.751975
v 0.672449 0.824708 -0.452356
v 0.668491 0.923254 -0.452356
v 0.672449 0.824708 -0.751975
v 0.668491 0.923254 -0.751975
v 0.446014 0.575229 -0.452355
v 0.422786 0.671081 -0.452355
v 0.446014 0.575230 -0.751975
v 0.422786 0.671081 -0.751975
v 0.737205 0.645796 -0.452356
v 0.713976 0.741648 -0.452356
v 0.737205 0.645796 -0.751975
v 0.713976 0.741648 -0.751975
v 0.327762 0.384439 -0.452356
v 0.347139 0.481143 -0.452355
v 0.327762 0.384439 -0.751975
v 0.347139 0.481143 -0.751975
v 0.621541 0.325572 -0.452356
v 0.640919 0.422276 -0.452355
v 0.621541 0.325572 -0.751975
v 0.640919 0.422276 -0.751975
v 0.787911 0.497838 -0.066428
v 0.787911 0.595367 -0.081098
v 0.488291 0.497838 -0.066428
v 0.488291 0.595367 -0.081098
v 0.787911 0.453272 -0.362715
v 0.787911 0.550801 -0.377385
v 0.488291 0.453272 -0.362715
v 0.488291 0.550801 -0.377385
v 0.787911 1.087459 -0.244890
v 0.787911 1.184988 -0.259560
v 0.488291 1.087459 -0.244890
v 0.488291 1.184988 -0.259560
v 0.787911 1.042893 -0.541176
v 0.787911 1.140421 -0.555846
v 0.488291 1.042893 -0.541176
v 0.488291 1.140421 -0.555846
v 0.787911 0.890075 -0.156862
v 0.787911 0.987604 -0.171532
v 0.488291 0.890075 -0.156862
v 0.488291 0.987604 -0.171532
v 0.787911 0.845509 -0.453149
v 0.787911 0.943037 -0.467819
v 0.488291 0.845509 -0.453149
v 0.488291 0.943037 -0.467819
v 0.787911 0.678140 -0.278929
v 0.787911 0.775669 -0.293599
v 0.488291 0.678140 -0.278929
v 0.488291 0.775669 -0.293599
v 0.787911 0.633574 -0.575216
v 0.787911 0.731102 -0.589885
v 0.488291 0.633574 -0.575216
v 0.488291 0.731102 -0.589885
vn -0.0000 0.1487 0.9889
vn -1.0000 -0.0000 -0.0000
vn -0.0000 -0.1487 -0.9889
vn 1.0000 -0.0000 -0.0000
vn -0.0000 -0.9889 0.1487
vn -0.0000 0.9889 -0.1487
vn -0.0771 -0.0000 0.9970
vn -0.0000 1.0000 -0.0000
vn 0.0771 -0.0000 -0.9970
vn -0.0000 -1.0000 -0.0000
vn -0.9970 -0.0000 -0.0771
vn 0.9970 -0.0000 0.0771
vn -0.0000 -0.0000 -1.0000
vn -0.0000 -0.0000 1.0000
vn 0.8660 0.5000 -0.0000
vn -0.8660 0.5000 -0.0000
vn 0.9731 0.2302 -0.0000
vn -0.9731 0.2302 -0.0000
vn -0.9731 -0.2302 -0.0000
vn 0.9731 -0.2302 -0.0000
vn 0.6702 -0.7422 -0.0000
vn -0.3331 0.9429 -0.0000
vn -0.6451 0.7641 -0.0000
vn 0.3331 -0.9429 -0.0000
vn -0.9990 -0.0437 -0.0000
vn 0.9925 -0.1225 -0.0000
vn -0.9903 0.1390 -0.0000
vn 0.9953 0.0971 -0.0000
vn -0.8085 0.5884 -0.0000
vn 0.8651 0.5016 -0.0000
vn -0.8786 -0.4776 -0.0000
vn -0.9956 -0.0940 -0.0000
vn 0.4279 -0.9038 -0.0000
vn -0.3046 0.9525 -0.0000
vn -0.3976 0.9176 -0.0000
vn 0.2958 -0.9552 -0.0000
vn -0.9693 0.2460 -0.0000
vn 0.9151 -0.4032 -0.0000
vn -0.9082 0.4184 -0.0000
vn 0.9810 -0.1938 -0.0000
vn -0.6047 0.7964 -0.0000
vn 0.9729 0.2311 -0.0000
vn -0.9789 -0.2042 -0.0000
vn -1.0000 -0.0026 -0.0000
vn 0.0041 0.0092 0.9999
vn 0.3434 -0.9392 -0.0000
vn -0.2162 0.9763 -0.0000
vn -0.3120 0.9501 -0.0000
vn 0.2072 -0.9783 -0.0000
vn -0.8887 0.4585 0.0030
vn 0.6998 -0.7143 -0.0000
vn -0.6305 0.7762 -0.0000
vn -0.0041 -0.0092 -0.9999
vn 0.0121 0.0104 0.9999
vn -0.0068 -0.0054 -1.0000
vn 0.0068 0.0054 1.0000
vn 0.8919 -0.4522 -0.0030
vn -0.2097 0.9777 -0.0077
vn 0.9790 -0.2036 -0.0097
vn -0.9730 0.2305 0.0094
vn -0.0121 -0.0104 -0.9999
vn -0.6702 -0.7422 -0.0000
vn 0.3331 0.9429 -0.0000
vn 0.6451 0.7641 -0.0000
vn -0.3331 -0.9429 -0.0000
vn 0.9990 -0.0437 -0.0000
vn -0.9925 -0.1225 -0.0000
vn 0.9903 0.1390 -0.0000
vn -0.9953 0.0971 -0.0000
vn 0.8085 0.5884 -0.0000
vn -0.8651 0.5016 -0.0000
vn 0.8786 -0.4776 -0.0000
vn 0.9956 -0.0940 -0.0000
vn -0.4279 -0.9038 -0.0000
vn 0.3046 0.9525 -0.0000
vn 0.3976 0.9176 -0.0000
vn -0.2958 -0.9552 -0.0000
vn 0.9693 0.2460 -0.0000
vn -0.9151 -0.4032 -0.0000
vn 0.9082 0.4184 -0.0000
vn -0.9810 -0.1938 -0.0000
vn 0.6047 0.7964 -0.0000
vn -0.9729 0.2311 -0.0000
vn 0.9789 -0.2042 -0.0000
vn 1.0000 -0.0026 -0.0000
vn -0.0041 0.0092 -0.9999
vn -0.3434 -0.9392 -0.0000
vn 0.2162 0.9763 -0.0000
vn 0.3120 0.9501 -0.0000
vn -0.2072 -0.9783 -0.0000
vn 0.8887 0.4585 -0.0030
vn -0.6998 -0.7143 -0.0000
vn 0.6305 0.7762 -0.0000
vn 0.0041 -0.0092 0.9999
vn -0.0121 0.0104 -0.9999
vn 0.0068 -0.0054 1.0000
vn -0.0068 0.0054 -1.0000
vn -0.8919 -0.4522 0.0030
vn 0.2097 0.9777 0.0077
vn -0.9790 -0.2036 0.0097
vn 0.9730 0.2305 -0.0094
vn 0.0121 -0.0104 0.9999
vn 0.4413 0.8973 -0.0000
vn -0.4413 -0.8973 -0.0000
vn -0.9614 0.2752 -0.0000
vn 0.9614 -0.2752 -0.0000
vn -0.1004 -0.9950 -0.0000
vn 0.1004 0.9950 -0.0000
vn 0.4470 0.8945 -0.0000
vn -0.4470 -0.8945 -0.0000
vn -0.9596 0.2813 -0.0000
vn 0.9596 -0.2813 -0.0000
vn -0.1067 -0.9943 -0.0000
vn 0.1067 0.9943 -0.0000
vn -0.4341 0.9009 -0.0000
vn 0.4341 -0.9009 -0.0000
vn 0.9636 0.2674 -0.0000
vn -0.9636 -0.2674 -0.0000
vn 0.0923 -0.9957 -0.0000
vn -0.0923 0.9957 -0.0000
vn -0.4547 0.8906 -0.0000
vn 0.4547 -0.8906 -0.0000
vn 0.9572 0.2896 -0.0000
vn -0.9572 -0.2896 -0.0000
vn 0.1152 -0.9933 -0.0000
vn -0.1152 0.9933 -0.0000
vn -0.4604 0.8877 -0.0000
vn 0.4604 -0.8877 -0.0000
vn 0.9553 0.2956 -0.0000
vn -0.9553 -0.2956 -0.0000
vn 0.1215 -0.9926 -0.0000
vn -0.1215 0.9926 -0.0000
vn 0.4206 0.9073 -0.0000
vn -0.4206 -0.9073 -0.0000
vn -0.9675 0.2530 -0.0000
vn 0.9675 -0.2530 -0.0000
vn -0.0774 -0.9970 -0.0000
vn 0.0774 0.9970 -0.0000
vn 0.2135 0.9769 -0.0000
vn -0.2135 -0.9769 -0.0000
vn -0.7606 0.6493 -0.0000
vn 0.7606 -0.6492 -0.0000
vn -0.0836 -0.9965 -0.0000
vn 0.0836 0.9965 -0.0000
vn 0.2903 -0.9569 -0.0000
vn -0.2903 0.9569 -0.0000
vn -0.6896 -0.7242 -0.0000
vn 0.6896 0.7241 -0.0000
vn -0.1599 0.9871 -0.0000
vn 0.1599 -0.9871 -0.0000
vn 0.0687 0.9976 -0.0000
vn -0.0687 -0.9976 -0.0000
vn -0.8617 0.5073 -0.0000
vn 0.8617 -0.5074 -0.0000
vn 0.0625 -0.9980 -0.0000
vn -0.0625 0.9980 -0.0000
vn -0.2135 0.9769 -0.0000
vn 0.2135 -0.9769 -0.0000
vn 0.7606 0.6493 -0.0000
vn -0.7606 -0.6493 -0.0000
vn 0.0836 -0.9965 -0.0000
vn -0.0836 0.9965 -0.0000
vn -0.2903 -0.9569 -0.0000
vn 0.2903 0.9569 -0.0000
vn 0.6896 -0.7242 -0.0000
vn -0.6896 0.7242 -0.0000
vn 0.1599 0.9871 -0.0000
vn -0.1599 -0.9871 -0.0000
vn -0.0687 0.9976 -0.0000
vn 0.0687 -0.9976 -0.0000
vn 0.8617 0.5074 -0.0000
vn -0.8617 -0.5074 -0.0000
vn -0.0625 -0.9980 -0.0000
vn 0.0625 0.9980 -0.0000
vn -0.9970 -0.0771 -0.0000
vn 0.9970 0.0771 -0.0000
vn 0.0771 -0.9970 -0.0000
vn -0.0771 0.9970 -0.0000
vn -0.9986 0.0535 -0.0000
vn 0.9986 -0.0535 -0.0000
vn -0.0535 -0.9986 -0.0000
vn 0.0535 0.9986 -0.0000
vn -0.9907 0.1362 -0.0000
vn 0.9907 -0.1362 -0.0000
vn -0.1362 -0.9907 -0.0000
vn 0.1362 0.9907 -0.0000
vn -0.9947 0.1027 -0.0000
vn 0.9947 -0.1027 -0.0000
vn -0.1027 -0.9947 -0.0000
vn 0.1027 0.9947 -0.0000
vn -0.9935 -0.1141 -0.0000
vn 0.9935 0.1141 -0.0000
vn 0.1141 -0.9935 -0.0000
vn -0.1141 0.9935 -0.0000
vn -0.9996 -0.0285 -0.0000
vn 0.9996 0.0285 -0.0000
vn 0.0285 -0.9996 -0.0000
vn -0.0285 0.9996 -0.0000
vn -0.9951 0.0805 -0.0575
vn 0.0574 -0.0036 -0.9983
vn 0.9951 -0.0805 0.0575
vn -0.0574 0.0036 0.9983
vn -0.0806 -0.9967 -0.0010
vn 0.0806 0.9967 0.0010
vn -0.0000 -0.0771 0.9970
vn -0.0000 0.0771 -0.9970
vn -0.0000 -0.9970 -0.0771
vn -0.0000 0.9970 0.0771
vn 0.9970 -0.0771 -0.0000
vn -0.9970 0.0771 -0.0000
vn -0.0771 -0.9970 -0.0000
vn 0.0771 0.9970 -0.0000
vn -0.9329 0.3603 -0.0000
vn -0.8571 -0.5151 -0.0000
vn 0.9329 0.3603 -0.0000
vn -0.9134 0.4071 -0.0000
vn -0.8571 0.5151 -0.0000
vn -0.7636 0.6457 -0.0000
vn -0.6052 0.7960 -0.0000
vn -0.3489 0.9372 -0.0000
vn 0.3489 0.9372 -0.0000
vn 0.6052 0.7960 -0.0000
vn 0.7636 0.6457 -0.0000
vn 0.8571 0.5151 -0.0000
vn 0.9134 0.4071 -0.0000
vn 0.8571 -0.5151 -0.0000
vn -0.7636 -0.6457 -0.0000
vn 0.9134 -0.4071 -0.0000
vn -0.6053 -0.7960 -0.0000
vn 0.9329 -0.3603 -0.0000
vn -0.3489 -0.9372 -0.0000
vn -0.9329 -0.3603 -0.0000
vn 0.3489 -0.9372 -0.0000
vn 0.6053 -0.7960 -0.0000
vn -0.9134 -0.4071 -0.0000
vn 0.7636 -0.6457 -0.0000
vn -0.6052 -0.7960 -0.0000
vn -0.3489 -0.9371 -0.0000
vn -0.9962 -0.0872 -0.0000
vn 0.9962 0.0872 -0.0000
vn 0.0872 -0.9962 -0.0000
vn -0.0872 0.9962 -0.0000
vn -1.0000 0.0062 -0.0000
vn 1.0000 -0.0062 -0.0000
vn -0.0062 -1.0000 -0.0000
vn 0.0062 1.0000 -0.0000
vn -0.9981 0.0062 -0.0612
vn 0.0612 -0.0000 -0.9981
vn 0.9981 -0.0062 0.0612
vn -0.0612 -0.0000 0.9981
vn -0.0062 -1.0000 -0.0004
vn 0.0062 1.0000 0.0004
vn -0.9962 0.0062 -0.0867
vn 0.0431 -0.0000 -0.9991
vn 0.9962 -0.0062 0.0867
vn -0.0431 -0.0000 0.9991
vn -0.0062 -1.0000 -0.0005
vn 0.0062 1.0000 0.0005
vn -0.0000 -1.0000 0.0039
vn -0.0000 -0.9995 -0.0308
vn -0.0000 -0.9870 -0.1608
vn -0.0000 -1.0000 0.0091
vn -0.0000 -0.9852 0.1713
vn -0.0000 -0.9997 0.0230
vn -0.0000 0.3767 0.9263
vn -0.0000 -0.3767 -0.9263
vn -0.0000 -0.9263 0.3767
vn -0.0000 0.9263 -0.3767
vn -0.0000 -0.2917 0.9565
vn -0.0000 0.2917 -0.9565
vn -0.0000 -0.9565 -0.2917
vn -0.0000 0.9565 0.2917
vn -0.0000 -0.7660 0.6428
vn -0.0000 0.7660 -0.6428
vn -0.0000 -0.6428 -0.7660
vn -0.0000 0.6428 0.7660
vn -0.9917 -0.1287 -0.0000
vn 0.9917 0.1287 -0.0000
vn 0.1287 -0.9917 -0.0000
vn -0.1287 0.9917 -0.0000
vn -0.9883 -0.1522 -0.0000
vn 0.9883 0.1522 -0.0000
vn 0.1522 -0.9883 -0.0000
vn -0.1522 0.9883 -0.0000
vn -0.9909 0.1347 -0.0000
vn 0.9909 -0.1347 -0.0000
vn -0.1347 -0.9909 -0.0000
vn 0.1347 0.9909 -0.0000
vn -0.8648 0.5021 -0.0000
vn 0.8648 -0.5022 -0.0000
vn -0.5021 -0.8648 -0.0000
vn 0.5021 0.8648 -0.0000
vn -0.9263 0.3767 -0.0000
vn 0.9263 -0.3767 -0.0000
vn -0.3239 -0.9461 -0.0000
vn 0.3239 0.9461 -0.0000
vn 0.8648 -0.5021 -0.0000
vn -0.3767 -0.9263 -0.0000
vn 0.3767 0.9263 -0.0000
vn -0.9700 0.2431 -0.0000
vn 0.9700 -0.2431 -0.0000
vn -0.2431 -0.9700 -0.0000
vn 0.2431 0.9700 -0.0000
vn -0.8351 -0.5501 -0.0000
vn 0.8351 0.5501 -0.0000
vn 0.5501 -0.8351 -0.0000
vn -0.5501 0.8351 -0.0000
vn -0.9565 -0.2917 -0.0000
vn 0.9565 0.2917 -0.0000
vn 0.2917 -0.9565 -0.0000
vn -0.2917 0.9565 -0.0000
vn -0.6428 -0.7660 -0.0000
vn 0.6428 0.7660 -0.0000
vn 0.7660 -0.6428 -0.0000
vn -0.7660 0.6428 -0.0000
vn 0.2498 -0.9683 -0.0000
vn -0.2498 0.9683 -0.0000
vn 0.3890 0.9212 -0.0000
vn 0.6841 -0.7294 -0.0000
vn -0.9889 0.1487 -0.0000
vn 0.9889 -0.1487 -0.0000
vn -0.1487 -0.9889 -0.0000
vn 0.1487 0.9889 -0.0000
vn -0.9992 -0.0401 -0.0000
vn 0.9992 0.0401 -0.0000
vn 0.0401 -0.9992 -0.0000
vn -0.0401 0.9992 -0.0000
vn -0.9719 -0.2355 -0.0000
vn 0.9719 0.2355 -0.0000
vn 0.2355 -0.9719 -0.0000
vn -0.2355 0.9719 -0.0000
vn -0.9805 0.1965 -0.0000
vn 0.9805 -0.1965 -0.0000
vn -0.1965 -0.9805 -0.0000
vn 0.1965 0.9805 -0.0000
vt 0.375000 0.000000
vt 0.375000 1.000000
vt 0.125000 0.750000
vt 0.625000 0.000000
vt 0.625000 1.000000
vt 0.875000 0.750000
vt 0.375000 0.250000
vt 0.125000 0.500000
vt 0.625000 0.250000
vt 0.875000 0.500000
vt 0.375000 0.750000
vt 0.625000 0.750000
vt 0.375000 0.500000
vt 0.625000 0.500000
vt 0.375000 0.000000
vt 0.375000 1.000000
vt 0.125000 0.750000
vt 0.625000 0.000000
vt 0.625000 1.000000
vt 0.875000 0.750000
vt 0.375000 0.250000
vt 0.125000 0.500000
vt 0.625000 0.250000
vt 0.875000 0.500000
vt 0.375000 0.750000
vt 0.625000 0.750000
vt 0.375000 0.500000
vt 0.625000 0.500000
vt 0.375000 0.000000
vt 0.375000 1.000000
vt 0.125000 0.750000
vt 0.625000 0.000000
vt 0.625000 1.000000
vt 0.875000 0.750000
vt 0.375000 0.250000
vt 0.125000 0.500000
vt 0.625000 0.250000
vt 0.875000 0.500000
vt 0.375000 0.750000
vt 0.625000 0.750000
vt 0.375000 0.500000
vt 0.625000 0.500000
vt 0.375000 0.000000
vt 0.375000 1.000000
vt 0.125000 0.750000
vt 0.625000 0.000000
vt 0.625000 1.000000
vt 0.875000 0.750000
vt 0.375000 0.250000
vt 0.125000 0.500000
vt 0.625000 0.250000
vt 0.875000 0.500000
vt 0.375000 0.750000
vt 0.625000 0.750000
vt 0.375000 0.500000
vt 0.625000 0.500000
vt 0.375000 0.000000
vt 0.375000 1.000000
vt 0.125000 0.750000
vt 0.625000 0.000000
vt 0.625000 1.000000
vt 0.875000 0.750000
vt 0.375000 0.250000
vt 0.125000 0.500000
vt 0.625000 0.250000
vt 0.875000 0.500000
vt 0.375000 0.750000
vt 0.625000 0.750000
vt 0.375000 0.500000
vt 0.625000 0.500000
vt 0.375000 0.000000
vt 0.375000 1.000000
vt 0.125000 0.750000
vt 0.625000 0.000000
vt 0.625000 1.000000
vt 0.875000 0.750000
vt 0.375000 0.250000
vt 0.125000 0.500000
vt 0.625000 0.250000
vt 0.875000 0.500000
vt 0.375000 0.750000
vt 0.625000 0.750000
vt 0.375000 0.500000
vt 0.625000 0.500000
vt 0.375000 0.000000
vt 0.375000 1.000000
vt 0.125000 0.750000
vt 0.625000 0.000000
vt 0.625000 1.000000
vt 0.875000 0.750000
vt 0.375000 0.250000
vt 0.125000 0.500000
vt 0.625000 0.250000
vt 0.875000 0.500000
vt 0.375000 0.750000
vt 0.625000 0.750000
vt 0.375000 0.500000
vt 0.625000 0.500000
vt 0.375000 0.000000
vt 0.375000 1.000000
vt 0.125000 0.750000
vt 0.625000 0.000000
vt 0.625000 1.000000
vt 0.875000 0.750000
vt 0.375000 0.250000
vt 0.125000 0.500000
vt 0.625000 0.250000
vt 0.875000 0.500000
vt 0.375000 0.750000
vt 0.625000 0.750000
vt 0.375000 0.500000
vt 0.625000 0.500000
vt 0.375000 0.000000
vt 0.375000 1.000000
vt 0.125000 0.750000
vt 0.625000 0.000000
vt 0.625000 1.000000
vt 0.875000 0.750000
vt 0.375000 0.250000
vt 0.125000 0.500000
vt 0.625000 0.250000
vt 0.875000 0.500000
vt 0.375000 0.750000
vt 0.625000 0.750000
vt 0.375000 0.500000
vt 0.625000 0.500000
vt 0.375000 0.000000
vt 0.375000 1.000000
vt 0.125000 0.750000
vt 0.625000 0.000000
vt 0.625000 1.000000
vt 0.875000 0.750000
vt 0.375000 0.250000
vt 0.125000 0.500000
vt 0.625000 0.250000
vt 0.875000 0.500000
vt 0.375000 0.750000
vt 0.625000 0.750000
vt 0.375000 0.500000
vt 0.625000 0.500000
vt 0.375000 0.000000
vt 0.375000 1.000000
vt 0.125000 0.750000
vt 0.625000 0.000000
vt 0.625000 1.000000
vt 0.875000 0.750000
vt 0.375000 0.250000
vt 0.125000 0.500000
vt 0.625000 0.250000
vt 0.875000 0.500000
vt 0.375000 0.750000
vt 0.625000 0.750000
vt 0.375000 0.500000
vt 0.625000 0.500000
vt 0.375000 0.000000
vt 0.375000 1.000000
vt 0.125000 0.750000
vt 0.625000 0.000000
vt 0.625000 1.000000
vt 0.875000 0.750000
vt 0.375000 0.250000
vt 0.125000 0.500000
vt 0.625000 0.250000
vt 0.875000 0.500000
vt 0.375000 0.750000
vt 0.625000 0.750000
vt 0.375000 0.500000
vt 0.625000 0.500000
vt 0.375000 0.000000
vt 0.375000 1.000000
vt 0.125000 0.750000
vt 0.625000 0.000000
vt 0.625000 1.000000
vt 0.875000 0.750000
vt 0.375000 0.250000
vt 0.125000 0.500000
vt 0.625000 0.250000
vt 0.875000 0.500000
vt 0.375000 0.750000
vt 0.625000 0.750000
vt 0.375000 0.500000
vt 0.625000 0.500000
vt 0.375000 0.000000
vt 0.375000 1.000000
vt 0.125000 0.750000
vt 0.625000 0.000000
vt 0.625000 1.000000
vt 0.875000 0.750000
vt 0.375000 0.250000
vt 0.125000 0.500000
vt 0.625000 0.250000
vt 0.875000 0.500000
vt 0.375000 0.750000
vt 0.625000 0.750000
vt 0.375000 0.500000
vt 0.625000 0.500000
vt 0.375000 0.000000
vt 0.375000 1.000000
vt 0.125000 0.750000
vt 0.625000 0.000000
vt 0.625000 1.000000
vt 0.875000 0.750000
vt 0.375000 0.250000
vt 0.125000 0.500000
vt 0.625000 0.250000
vt 0.875000 0.500000
vt 0.375000 0.750000
vt 0.625000 0.750000
vt 0.375000 0.500000
vt 0.625000 0.500000
vt 0.375000 0.000000
vt 0.375000 1.000000
vt 0.125000 0.750000
vt 0.625000 0.000000
vt 0.625000 1.000000
vt 0.875000 0.750000
vt 0.375000 0.250000
vt 0.125000 0.500000
vt 0.625000 0.250000
vt 0.875000 0.500000
vt 0.375000 0.750000
vt 0.625000 0.750000
vt 0.375000 0.500000
vt 0.625000 0.500000
vt 0.375000 0.000000
vt 0.375000 1.000000
vt 0.125000 0.750000
vt 0.625000 0.000000
vt 0.625000 1.000000
vt 0.875000 0.750000
vt 0.375000 0.250000
vt 0.125000 0.500000
vt 0.625000 0.250000
vt 0.875000 0.500000
vt 0.375000 0.750000
vt 0.625000 0.750000
vt 0.375000 0.500000
vt 0.625000 0.500000
vt 0.375000 0.000000
vt 0.375000 1.000000
vt 0.125000 0.750000
vt 0.625000 0.000000
vt 0.625000 1.000000
vt 0.875000 0.750000
vt 0.375000 0.250000
vt 0.125000 0.500000
vt 0.625000 0.250000
vt 0.875000 0.500000
vt 0.375000 0.750000
vt 0.625000 0.750000
vt 0.375000 0.500000
vt 0.625000 0.500000
vt 0.375000 0.000000
vt 0.375000 1.000000
vt 0.125000 0.750000
vt 0.625000 0.000000
vt 0.625000 1.000000
vt 0.875000 0.750000
vt 0.375000 0.250000
vt 0.125000 0.500000
vt 0.625000 0.250000
vt 0.875000 0.500000
vt 0.375000 0.750000
vt 0.625000 0.750000
vt 0.375000 0.500000
vt 0.625000 0.500000
vt 0.375000 0.000000
vt 0.375000 1.000000
vt 0.125000 0.750000
vt 0.625000 0.000000
vt 0.625000 1.000000
vt 0.875000 0.750000
vt 0.375000 0.250000
vt 0.125000 0.500000
vt 0.625000 0.250000
vt 0.875000 0.500000
vt 0.375000 0.750000
vt 0.625000 0.750000
vt 0.375000 0.500000
vt 0.625000 0.500000
vt 0.375000 0.000000
vt 0.375000 1.000000
vt 0.125000 0.750000
vt 0.625000 0.000000
vt 0.625000 1.000000
vt 0.875000 0.750000
vt 0.375000 0.250000
vt 0.125000 0.500000
vt 0.625000 0.250000
vt 0.875000 0.500000
vt 0.375000 0.750000
vt 0.625000 0.750000
vt 0.375000 0.500000
vt 0.625000 0.500000
vt 0.375000 0.000000
vt 0.375000 1.000000
vt 0.125000 0.750000
vt 0.625000 0.000000
vt 0.625000 1.000000
vt 0.875000 0.750000
vt 0.375000 0.250000
vt 0.125000 0.500000
vt 0.625000 0.250000
vt 0.875000 0.500000
vt 0.375000 0.750000
vt 0.625000 0.750000
vt 0.375000 0.500000
vt 0.625000 0.500000
vt 0.375000 0.000000
vt 0.375000 1.000000
vt 0.125000 0.750000
vt 0.625000 0.000000
vt 0.625000 1.000000
vt 0.875000 0.750000
vt 0.375000 0.250000
vt 0.125000 0.500000
vt 0.625000 0.250000
vt 0.875000 0.500000
vt 0.375000 0.750000
vt 0.625000 0.750000
vt 0.375000 0.500000
vt 0.625000 0.500000
vt 1.000000 0.500000
vt -0.000000 0.500000
vt 0.750000 0.490000
vt 1.000000 1.000000
vt 0.250000 0.490000
vt -0.000000 1.000000
vt 0.666667 0.500000
vt 0.957846 0.130000
vt 0.666667 1.000000
vt 0.457846 0.130000
vt 0.333333 0.500000
vt 0.542154 0.130000
vt 0.042154 0.130000
vt 0.333333 1.000000
vt 1.000000 0.500000
vt -0.000000 0.500000
vt 0.750000 0.490000
vt 1.000000 1.000000
vt 0.250000 0.490000
vt -0.000000 1.000000
vt 0.666667 0.500000
vt 0.957846 0.130000
vt 0.666667 1.000000
vt 0.457846 0.130000
vt 0.333333 0.500000
vt 0.542154 0.130000
vt 0.042154 0.130000
vt 0.333333 1.000000
vt 1.000000 0.500000
vt -0.000000 0.500000
vt 0.750000 0.490000
vt 1.000000 1.000000
vt 0.250000 0.490000
vt -0.000000 1.000000
vt 0.666667 0.500000
vt 0.957846 0.130000
vt 0.666667 1.000000
vt 0.457846 0.130000
vt 0.333333 0.500000
vt 0.542154 0.130000
vt 0.042154 0.130000
vt 0.333333 1.000000
vt 0.375000 0.000000
vt 0.375000 1.000000
vt 0.125000 0.750000
vt 0.625000 0.000000
vt 0.625000 1.000000
vt 0.875000 0.750000
vt 0.375000 0.250000
vt 0.125000 0.500000
vt 0.625000 0.250000
vt 0.875000 0.500000
vt 0.375000 0.750000
vt 0.625000 0.750000
vt 0.375000 0.500000
vt 0.625000 0.500000
vt 1.000000 0.500000
vt -0.000000 0.500000
vt 0.750000 0.490000
vt 1.000000 1.000000
vt 0.250000 0.490000
vt -0.000000 1.000000
vt 0.666667 0.500000
vt 0.957846 0.130000
vt 0.666667 1.000000
vt 0.457846 0.130000
vt 0.333333 0.500000
vt 0.542154 0.130000
vt 0.042154 0.130000
vt 0.333333 1.000000
vt 1.000000 0.500000
vt -0.000000 0.500000
vt 0.750000 0.490000
vt 1.000000 1.000000
vt 0.250000 0.490000
vt -0.000000 1.000000
vt 0.666667 0.500000
vt 0.957846 0.130000
vt 0.666667 1.000000
vt 0.457846 0.130000
vt 0.333333 0.500000
vt 0.542154 0.130000
vt 0.042154 0.130000
vt 0.333333 1.000000
vt 0.375000 0.000000
vt 0.375000 1.000000
vt 0.125000 0.750000
vt 0.625000 0.000000
vt 0.625000 1.000000
vt 0.875000 0.750000
vt 0.375000 0.250000
vt 0.125000 0.500000
vt 0.625000 0.250000
vt 0.875000 0.500000
vt 0.375000 0.750000
vt 0.625000 0.750000
vt 0.375000 0.500000
vt 0.625000 0.500000
vt 0.375000 0.000000
vt 0.375000 1.000000
vt 0.125000 0.750000
vt 0.625000 0.000000
vt 0.625000 1.000000
vt 0.875000 0.750000
vt 0.125000 0.500000
vt 0.375000 0.250000
vt 0.875000 0.500000
vt 0.625000 0.250000
vt 0.375000 0.750000
vt 0.625000 0.750000
vt 0.375000 0.500000
vt 0.625000 0.500000
vt 0.186942 0.500000
vt 0.375000 0.311942
vt 0.813058 0.500000
vt 0.625000 0.311942
vt 0.186942 0.750000
vt 0.375000 0.938058
vt 0.813058 0.750000
vt 0.625000 0.938058
vt 0.375000 0.750000
vt 0.625000 0.750000
vt 0.375000 0.500000
vt 0.625000 0.500000
vt 0.375000 0.750000
vt 0.625000 0.750000
vt 0.375000 0.500000
vt 0.625000 0.500000
vt 0.375000 0.750000
vt 0.625000 0.750000
vt 0.375000 0.500000
vt 0.625000 0.500000
vt 0.375000 0.000000
vt 0.375000 1.000000
vt 0.125000 0.750000
vt 0.625000 0.000000
vt 0.625000 1.000000
vt 0.875000 0.750000
vt 0.125000 0.500000
vt 0.375000 0.250000
vt 0.875000 0.500000
vt 0.625000 0.250000
vt 0.375000 0.750000
vt 0.625000 0.750000
vt 0.375000 0.500000
vt 0.625000 0.500000
vt 0.186942 0.500000
vt 0.375000 0.311942
vt 0.813058 0.500000
vt 0.625000 0.311942
vt 0.186942 0.750000
vt 0.375000 0.938058
vt 0.813058 0.750000
vt 0.625000 0.938058
vt 0.375000 0.750000
vt 0.625000 0.750000
vt 0.375000 0.500000
vt 0.625000 0.500000
vt 0.375000 0.750000
vt 0.625000 0.750000
vt 0.375000 0.500000
vt 0.625000 0.500000
vt 0.375000 0.750000
vt 0.625000 0.750000
vt 0.375000 0.500000
vt 0.625000 0.500000
vt 0.375000 0.000000
vt 0.375000 1.000000
vt 0.125000 0.750000
vt 0.625000 0.000000
vt 0.625000 1.000000
vt 0.875000 0.750000
vt 0.125000 0.500000
vt 0.375000 0.250000
vt 0.875000 0.500000
vt 0.625000 0.250000
vt 0.375000 0.750000
vt 0.625000 0.750000
vt 0.375000 0.500000
vt 0.625000 0.500000
vt 0.186942 0.500000
vt 0.375000 0.311942
vt 0.813058 0.500000
vt 0.625000 0.311942
vt 0.186942 0.750000
vt 0.375000 0.938058
vt 0.813058 0.750000
vt 0.625000 0.938058
vt 0.375000 0.750000
vt 0.625000 0.750000
vt 0.375000 0.500000
vt 0.625000 0.500000
vt 0.375000 0.750000
vt 0.625000 0.750000
vt 0.375000 0.500000
vt 0.625000 0.500000
vt 0.375000 0.750000
vt 0.625000 0.750000
vt 0.375000 0.500000
vt 0.625000 0.500000
vt 0.375000 0.000000
vt 0.375000 1.000000
vt 0.125000 0.750000
vt 0.625000 0.000000
vt 0.625000 1.000000
vt 0.875000 0.750000
vt 0.125000 0.500000
vt 0.375000 0.250000
vt 0.875000 0.500000
vt 0.625000 0.250000
vt 0.375000 0.750000
vt 0.625000 0.750000
vt 0.375000 0.500000
vt 0.625000 0.500000
vt 0.186942 0.500000
vt 0.375000 0.311942
vt 0.813058 0.500000
vt 0.625000 0.311942
vt 0.186942 0.750000
vt 0.375000 0.938058
vt 0.813058 0.750000
vt 0.625000 0.938058
vt 0.375000 0.750000
vt 0.625000 0.750000
vt 0.375000 0.500000
vt 0.625000 0.500000
vt 0.375000 0.750000
vt 0.625000 0.750000
vt 0.375000 0.500000
vt 0.625000 0.500000
vt 0.375000 0.750000
vt 0.625000 0.750000
vt 0.375000 0.500000
vt 0.625000 0.500000
vt 0.375000 0.000000
vt 0.375000 1.000000
vt 0.125000 0.750000
vt 0.625000 0.000000
vt 0.625000 1.000000
vt 0.875000 0.750000
vt 0.125000 0.500000
vt 0.375000 0.250000
vt 0.875000 0.500000
vt 0.625000 0.250000
vt 0.375000 0.750000
vt 0.625000 0.750000
vt 0.375000 0.500000
vt 0.625000 0.500000
vt 0.186942 0.500000
vt 0.375000 0.311942
vt 0.813058 0.500000
vt 0.625000 0.311942
vt 0.186942 0.750000
vt 0.375000 0.938058
vt 0.813058 0.750000
vt 0.625000 0.938058
vt 0.375000 0.750000
vt 0.625000 0.750000
vt 0.375000 0.500000
vt 0.625000 0.500000
vt 0.375000 0.750000
vt 0.625000 0.750000
vt 0.375000 0.500000
vt 0.625000 0.500000
vt 0.375000 0.750000
vt 0.625000 0.750000
vt 0.375000 0.500000
vt 0.625000 0.500000
vt 0.375000 0.000000
vt 0.375000 1.000000
vt 0.125000 0.750000
vt 0.625000 0.000000
vt 0.625000 1.000000
vt 0.875000 0.750000
vt 0.125000 0.500000
vt 0.375000 0.250000
vt 0.875000 0.500000
vt 0.625000 0.250000
vt 0.375000 0.750000
vt 0.625000 0.750000
vt 0.375000 0.500000
vt 0.625000 0.500000
vt 0.186942 0.500000
vt 0.375000 0.311942
vt 0.813058 0.500000
vt 0.625000 0.311942
vt 0.186942 0.750000
vt 0.375000 0.938058
vt 0.813058 0.750000
vt 0.625000 0.938058
vt 0.375000 0.750000
vt 0.625000 0.750000
vt 0.375000 0.500000
vt 0.625000 0.500000
vt 0.375000 0.750000
vt 0.625000 0.750000
vt 0.375000 0.500000
vt 0.625000 0.500000
vt 0.375000 0.750000
vt 0.625000 0.750000
vt 0.375000 0.500000
vt 0.625000 0.500000
vt 0.375000 0.000000
vt 0.375000 1.000000
vt 0.125000 0.750000
vt 0.625000 0.000000
vt 0.625000 1.000000
vt 0.875000 0.750000
vt 0.375000 0.250000
vt 0.125000 0.500000
vt 0.625000 0.250000
vt 0.875000 0.500000
vt 0.375000 0.750000
vt 0.625000 0.750000
vt 0.375000 0.500000
vt 0.625000 0.500000
vt 0.125000 0.750000
vt 0.375000 1.000000
vt 0.375000 0.000000
vt 0.625000 0.000000
vt 0.625000 1.000000
vt 0.875000 0.750000
vt 0.125000 0.500000
vt 0.375000 0.250000
vt 0.625000 0.250000
vt 0.875000 0.500000
vt 0.375000 0.750000
vt 0.625000 0.750000
vt 0.375000 0.500000
vt 0.625000 0.500000
vt 0.500000 1.000000
vt 0.500000 0.000000
vt 0.500000 0.250000
vt 0.500000 0.500000
vt 0.500000 0.750000
vt 0.125000 0.750000
vt 0.375000 1.000000
vt 0.375000 0.000000
vt 0.625000 0.000000
vt 0.625000 1.000000
vt 0.875000 0.750000
vt 0.125000 0.500000
vt 0.375000 0.250000
vt 0.625000 0.250000
vt 0.875000 0.500000
vt 0.375000 0.750000
vt 0.625000 0.750000
vt 0.375000 0.500000
vt 0.625000 0.500000
vt 0.500000 1.000000
vt 0.500000 0.000000
vt 0.500000 0.250000
vt 0.500000 0.500000
vt 0.500000 0.750000
vt 0.125000 0.750000
vt 0.375000 1.000000
vt 0.375000 0.000000
vt 0.625000 0.000000
vt 0.625000 1.000000
vt 0.875000 0.750000
vt 0.125000 0.500000
vt 0.375000 0.250000
vt 0.625000 0.250000
vt 0.875000 0.500000
vt 0.375000 0.750000
vt 0.625000 0.750000
vt 0.375000 0.500000
vt 0.625000 0.500000
vt 0.500000 1.000000
vt 0.500000 0.000000
vt 0.500000 0.250000
vt 0.500000 0.500000
vt 0.500000 0.750000
vt 0.125000 0.750000
vt 0.375000 1.000000
vt 0.375000 0.000000
vt 0.625000 0.000000
vt 0.625000 1.000000
vt 0.875000 0.750000
vt 0.125000 0.500000
vt 0.375000 0.250000
vt 0.625000 0.250000
vt 0.875000 0.500000
vt 0.375000 0.750000
vt 0.625000 0.750000
vt 0.375000 0.500000
vt 0.625000 0.500000
vt 0.500000 1.000000
vt 0.500000 0.000000
vt 0.500000 0.250000
vt 0.500000 0.500000
vt 0.500000 0.750000
vt 0.125000 0.750000
vt 0.375000 1.000000
vt 0.375000 0.000000
vt 0.625000 0.000000
vt 0.625000 1.000000
vt 0.875000 0.750000
vt 0.125000 0.500000
vt 0.375000 0.250000
vt 0.625000 0.250000
vt 0.875000 0.500000
vt 0.375000 0.750000
vt 0.625000 0.750000
vt 0.375000 0.500000
vt 0.625000 0.500000
vt 0.500000 1.000000
vt 0.500000 0.000000
vt 0.500000 0.250000
vt 0.500000 0.500000
vt 0.500000 0.750000
vt 0.125000 0.750000
vt 0.375000 1.000000
vt 0.375000 0.000000
vt 0.625000 0.000000
vt 0.625000 1.000000
vt 0.875000 0.750000
vt 0.125000 0.500000
vt 0.375000 0.250000
vt 0.625000 0.250000
vt 0.875000 0.500000
vt 0.375000 0.750000
vt 0.625000 0.750000
vt 0.375000 0.500000
vt 0.625000 0.500000
vt 0.500000 1.000000
vt 0.500000 0.000000
vt 0.500000 0.250000
vt 0.500000 0.500000
vt 0.500000 0.750000
vt 0.125000 0.750000
vt 0.375000 1.000000
vt 0.375000 0.000000
vt 0.625000 0.000000
vt 0.625000 1.000000
vt 0.875000 0.750000
vt 0.125000 0.500000
vt 0.375000 0.250000
vt 0.625000 0.250000
vt 0.875000 0.500000
vt 0.375000 0.750000
vt 0.625000 0.750000
vt 0.375000 0.500000
vt 0.625000 0.500000
vt 0.500000 1.000000
vt 0.500000 0.000000
vt 0.500000 0.250000
vt 0.500000 0.500000
vt 0.500000 0.750000
vt 0.125000 0.750000
vt 0.375000 1.000000
vt 0.375000 0.000000
vt 0.625000 0.000000
vt 0.625000 1.000000
vt 0.875000 0.750000
vt 0.125000 0.500000
vt 0.375000 0.250000
vt 0.625000 0.250000
vt 0.875000 0.500000
vt 0.375000 0.750000
vt 0.625000 0.750000
vt 0.375000 0.500000
vt 0.625000 0.500000
vt 0.500000 1.000000
vt 0.500000 0.000000
vt 0.500000 0.250000
vt 0.500000 0.500000
vt 0.500000 0.750000
vt 0.125000 0.750000
vt 0.375000 1.000000
vt 0.375000 0.000000
vt 0.625000 0.000000
vt 0.625000 1.000000
vt 0.875000 0.750000
vt 0.125000 0.500000
vt 0.375000 0.250000
vt 0.625000 0.250000
vt 0.875000 0.500000
vt 0.375000 0.750000
vt 0.625000 0.750000
vt 0.375000 0.500000
vt 0.625000 0.500000
vt 0.500000 1.000000
vt 0.500000 0.000000
vt 0.500000 0.250000
vt 0.500000 0.500000
vt 0.500000 0.750000
vt 0.125000 0.750000
vt 0.375000 1.000000
vt 0.375000 0.000000
vt 0.625000 0.000000
vt 0.625000 1.000000
vt 0.875000 0.750000
vt 0.125000 0.500000
vt 0.375000 0.250000
vt 0.625000 0.250000
vt 0.875000 0.500000
vt 0.375000 0.750000
vt 0.625000 0.750000
vt 0.375000 0.500000
vt 0.625000 0.500000
vt 0.500000 1.000000
vt 0.500000 0.000000
vt 0.500000 0.250000
vt 0.500000 0.500000
vt 0.500000 0.750000
vt 0.125000 0.750000
vt 0.375000 1.000000
vt 0.375000 0.000000
vt 0.625000 0.000000
vt 0.625000 1.000000
vt 0.875000 0.750000
vt 0.125000 0.500000
vt 0.375000 0.250000
vt 0.625000 0.250000
vt 0.875000 0.500000
vt 0.375000 0.750000
vt 0.625000 0.750000
vt 0.375000 0.500000
vt 0.625000 0.500000
vt 0.500000 1.000000
vt 0.500000 0.000000
vt 0.500000 0.250000
vt 0.500000 0.500000
vt 0.500000 0.750000
vt 0.125000 0.750000
vt 0.375000 1.000000
vt 0.375000 0.000000
vt 0.625000 0.000000
vt 0.625000 1.000000
vt 0.875000 0.750000
vt 0.125000 0.500000
vt 0.375000 0.250000
vt 0.625000 0.250000
vt 0.875000 0.500000
vt 0.375000 0.750000
vt 0.625000 0.750000
vt 0.375000 0.500000
vt 0.625000 0.500000
vt 0.500000 1.000000
vt 0.500000 0.000000
vt 0.500000 0.250000
vt 0.500000 0.500000
vt 0.500000 0.750000
vt 0.375000 0.000000
vt 0.375000 1.000000
vt 0.125000 0.750000
vt 0.625000 0.000000
vt 0.625000 1.000000
vt 0.875000 0.750000
vt 0.375000 0.250000
vt 0.125000 0.500000
vt 0.625000 0.250000
vt 0.875000 0.500000
vt 0.375000 0.750000
vt 0.625000 0.750000
vt 0.375000 0.500000
vt 0.625000 0.500000
vt 0.375000 0.000000
vt 0.375000 1.000000
vt 0.125000 0.750000
vt 0.625000 0.000000
vt 0.625000 1.000000
vt 0.875000 0.750000
vt 0.375000 0.250000
vt 0.125000 0.500000
vt 0.625000 0.250000
vt 0.875000 0.500000
vt 0.375000 0.750000
vt 0.625000 0.750000
vt 0.375000 0.500000
vt 0.625000 0.500000
vt 0.375000 0.000000
vt 0.375000 1.000000
vt 0.125000 0.750000
vt 0.625000 0.000000
vt 0.625000 1.000000
vt 0.875000 0.750000
vt 0.375000 0.250000
vt 0.125000 0.500000
vt 0.625000 0.250000
vt 0.875000 0.500000
vt 0.375000 0.750000
vt 0.625000 0.750000
vt 0.375000 0.500000
vt 0.625000 0.500000
vt 0.375000 0.000000
vt 0.375000 1.000000
vt 0.125000 0.750000
vt 0.625000 0.000000
vt 0.625000 1.000000
vt 0.875000 0.750000
vt 0.375000 0.250000
vt 0.125000 0.500000
vt 0.625000 0.250000
vt 0.875000 0.500000
vt 0.375000 0.750000
vt 0.625000 0.750000
vt 0.375000 0.500000
vt 0.625000 0.500000
vt 0.375000 0.000000
vt 0.375000 1.000000
vt 0.125000 0.750000
vt 0.625000 0.000000
vt 0.625000 1.000000
vt 0.875000 0.750000
vt 0.375000 0.250000
vt 0.125000 0.500000
vt 0.625000 0.250000
vt 0.875000 0.500000
vt 0.375000 0.750000
vt 0.625000 0.750000
vt 0.375000 0.500000
vt 0.625000 0.500000
vt 0.375000 0.000000
vt 0.375000 1.000000
vt 0.125000 0.750000
vt 0.625000 0.000000
vt 0.625000 1.000000
vt 0.875000 0.750000
vt 0.375000 0.250000
vt 0.125000 0.500000
vt 0.625000 0.250000
vt 0.875000 0.500000
vt 0.375000 0.750000
vt 0.625000 0.750000
vt 0.375000 0.500000
vt 0.625000 0.500000
vt 0.375000 0.000000
vt 0.375000 1.000000
vt 0.125000 0.750000
vt 0.625000 0.000000
vt 0.625000 1.000000
vt 0.875000 0.750000
vt 0.375000 0.250000
vt 0.125000 0.500000
vt 0.625000 0.250000
vt 0.875000 0.500000
vt 0.375000 0.750000
vt 0.625000 0.750000
vt 0.375000 0.500000
vt 0.625000 0.500000
vt 0.375000 0.000000
vt 0.375000 1.000000
vt 0.125000 0.750000
vt 0.625000 0.000000
vt 0.625000 1.000000
vt 0.875000 0.750000
vt 0.375000 0.250000
vt 0.125000 0.500000
vt 0.625000 0.250000
vt 0.875000 0.500000
vt 0.375000 0.750000
vt 0.625000 0.750000
vt 0.375000 0.500000
vt 0.625000 0.500000
vt 0.375000 0.000000
vt 0.375000 1.000000
vt 0.125000 0.750000
vt 0.625000 0.000000
vt 0.625000 1.000000
vt 0.875000 0.750000
vt 0.375000 0.250000
vt 0.125000 0.500000
vt 0.625000 0.250000
vt 0.875000 0.500000
vt 0.375000 0.750000
vt 0.625000 0.750000
vt 0.375000 0.500000
vt 0.625000 0.500000
vt 0.375000 0.000000
vt 0.375000 1.000000
vt 0.125000 0.750000
vt 0.625000 0.000000
vt 0.625000 1.000000
vt 0.875000 0.750000
vt 0.375000 0.250000
vt 0.125000 0.500000
vt 0.625000 0.250000
vt 0.875000 0.500000
vt 0.375000 0.750000
vt 0.625000 0.750000
vt 0.375000 0.500000
vt 0.625000 0.500000
vt 0.375000 0.000000
vt 0.375000 1.000000
vt 0.125000 0.750000
vt 0.625000 0.000000
vt 0.625000 1.000000
vt 0.875000 0.750000
vt 0.375000 0.250000
vt 0.125000 0.500000
vt 0.625000 0.250000
vt 0.875000 0.500000
vt 0.375000 0.750000
vt 0.625000 0.750000
vt 0.375000 0.500000
vt 0.625000 0.500000
vt 0.375000 0.000000
vt 0.375000 1.000000
vt 0.125000 0.750000
vt 0.625000 0.000000
vt 0.625000 1.000000
vt 0.875000 0.750000
vt 0.375000 0.250000
vt 0.125000 0.500000
vt 0.625000 0.250000
vt 0.875000 0.500000
vt 0.375000 0.750000
vt 0.625000 0.750000
vt 0.375000 0.500000
vt 0.625000 0.500000
vt 0.375000 0.000000
vt 0.375000 1.000000
vt 0.125000 0.750000
vt 0.625000 0.000000
vt 0.625000 1.000000
vt 0.875000 0.750000
vt 0.375000 0.250000
vt 0.125000 0.500000
vt 0.625000 0.250000
vt 0.875000 0.500000
vt 0.375000 0.750000
vt 0.625000 0.750000
vt 0.375000 0.500000
vt 0.625000 0.500000
vt 0.375000 0.000000
vt 0.375000 1.000000
vt 0.125000 0.750000
vt 0.625000 0.000000
vt 0.625000 1.000000
vt 0.875000 0.750000
vt 0.375000 0.250000
vt 0.125000 0.500000
vt 0.625000 0.250000
vt 0.875000 0.500000
vt 0.375000 0.750000
vt 0.625000 0.750000
vt 0.375000 0.500000
vt 0.625000 0.500000
vt 0.375000 0.000000
vt 0.375000 1.000000
vt 0.125000 0.750000
vt 0.625000 0.000000
vt 0.625000 1.000000
vt 0.875000 0.750000
vt 0.375000 0.250000
vt 0.125000 0.500000
vt 0.625000 0.250000
vt 0.875000 0.500000
vt 0.375000 0.750000
vt 0.625000 0.750000
vt 0.375000 0.500000
vt 0.625000 0.500000
vt 0.375000 0.000000
vt 0.375000 1.000000
vt 0.125000 0.750000
vt 0.625000 0.000000
vt 0.625000 1.000000
vt 0.875000 0.750000
vt 0.375000 0.250000
vt 0.125000 0.500000
vt 0.625000 0.250000
vt 0.875000 0.500000
vt 0.375000 0.750000
vt 0.625000 0.750000
vt 0.375000 0.500000
vt 0.625000 0.500000
vt 0.375000 0.000000
vt 0.375000 1.000000
vt 0.125000 0.750000
vt 0.625000 0.000000
vt 0.625000 1.000000
vt 0.875000 0.750000
vt 0.375000 0.250000
vt 0.125000 0.500000
vt 0.625000 0.250000
vt 0.875000 0.500000
vt 0.375000 0.750000
vt 0.625000 0.750000
vt 0.375000 0.500000
vt 0.625000 0.500000
vt 0.375000 0.000000
vt 0.375000 1.000000
vt 0.125000 0.750000
vt 0.625000 0.000000
vt 0.625000 1.000000
vt 0.875000 0.750000
vt 0.375000 0.250000
vt 0.125000 0.500000
vt 0.625000 0.250000
vt 0.875000 0.500000
vt 0.375000 0.750000
vt 0.625000 0.750000
vt 0.375000 0.500000
vt 0.625000 0.500000
vt 0.375000 0.000000
vt 0.375000 1.000000
vt 0.125000 0.750000
vt 0.625000 0.000000
vt 0.625000 1.000000
vt 0.875000 0.750000
vt 0.375000 0.250000
vt 0.125000 0.500000
vt 0.625000 0.250000
vt 0.875000 0.500000
vt 0.375000 0.750000
vt 0.625000 0.750000
vt 0.375000 0.500000
vt 0.625000 0.500000
vt 0.375000 0.000000
vt 0.375000 1.000000
vt 0.125000 0.750000
vt 0.625000 0.000000
vt 0.625000 1.000000
vt 0.875000 0.750000
vt 0.375000 0.250000
vt 0.125000 0.500000
vt 0.625000 0.250000
vt 0.875000 0.500000
vt 0.375000 0.750000
vt 0.625000 0.750000
vt 0.375000 0.500000
vt 0.625000 0.500000
vt 0.375000 0.000000
vt 0.375000 1.000000
vt 0.125000 0.750000
vt 0.625000 0.000000
vt 0.625000 1.000000
vt 0.875000 0.750000
vt 0.375000 0.250000
vt 0.125000 0.500000
vt 0.625000 0.250000
vt 0.875000 0.500000
vt 0.375000 0.750000
vt 0.625000 0.750000
vt 0.375000 0.500000
vt 0.625000 0.500000
vt 0.375000 0.000000
vt 0.375000 1.000000
vt 0.125000 0.750000
vt 0.625000 0.000000
vt 0.625000 1.000000
vt 0.875000 0.750000
vt 0.375000 0.250000
vt 0.125000 0.500000
vt 0.625000 0.250000
vt 0.875000 0.500000
vt 0.375000 0.750000
vt 0.625000 0.750000
vt 0.375000 0.500000
vt 0.625000 0.500000
vt 0.375000 0.000000
vt 0.375000 1.000000
vt 0.125000 0.750000
vt 0.625000 0.000000
vt 0.625000 1.000000
vt 0.875000 0.750000
vt 0.375000 0.250000
vt 0.125000 0.500000
vt 0.625000 0.250000
vt 0.875000 0.500000
vt 0.375000 0.750000
vt 0.625000 0.750000
vt 0.375000 0.500000
vt 0.625000 0.500000
vt 0.375000 0.000000
vt 0.375000 1.000000
vt 0.125000 0.750000
vt 0.625000 0.000000
vt 0.625000 1.000000
vt 0.875000 0.750000
vt 0.375000 0.250000
vt 0.125000 0.500000
vt 0.625000 0.250000
vt 0.875000 0.500000
vt 0.375000 0.750000
vt 0.625000 0.750000
vt 0.375000 0.500000
vt 0.625000 0.500000
vt 0.375000 0.000000
vt 0.375000 1.000000
vt 0.125000 0.750000
vt 0.625000 0.000000
vt 0.625000 1.000000
vt 0.875000 0.750000
vt 0.375000 0.250000
vt 0.125000 0.500000
vt 0.625000 0.250000
vt 0.875000 0.500000
vt 0.375000 0.750000
vt 0.625000 0.750000
vt 0.375000 0.500000
vt 0.625000 0.500000
vt 0.375000 0.000000
vt 0.375000 1.000000
vt 0.125000 0.750000
vt 0.625000 0.000000
vt 0.625000 1.000000
vt 0.875000 0.750000
vt 0.375000 0.250000
vt 0.125000 0.500000
vt 0.625000 0.250000
vt 0.875000 0.500000
vt 0.375000 0.750000
vt 0.625000 0.750000
vt 0.375000 0.500000
vt 0.625000 0.500000
vt 0.375000 0.000000
vt 0.375000 1.000000
vt 0.125000 0.750000
vt 0.625000 0.000000
vt 0.625000 1.000000
vt 0.875000 0.750000
vt 0.375000 0.250000
vt 0.125000 0.500000
vt 0.625000 0.250000
vt 0.875000 0.500000
vt 0.375000 0.750000
vt 0.625000 0.750000
vt 0.375000 0.500000
vt 0.625000 0.500000
vt 0.375000 0.000000
vt 0.375000 1.000000
vt 0.125000 0.750000
vt 0.625000 0.000000
vt 0.625000 1.000000
vt 0.875000 0.750000
vt 0.375000 0.250000
vt 0.125000 0.500000
vt 0.625000 0.250000
vt 0.875000 0.500000
vt 0.375000 0.750000
vt 0.625000 0.750000
vt 0.375000 0.500000
vt 0.625000 0.500000
vt 0.375000 0.000000
vt 0.375000 1.000000
vt 0.125000 0.750000
vt 0.625000 0.000000
vt 0.625000 1.000000
vt 0.875000 0.750000
vt 0.375000 0.250000
vt 0.125000 0.500000
vt 0.625000 0.250000
vt 0.875000 0.500000
vt 0.375000 0.750000
vt 0.625000 0.750000
vt 0.375000 0.500000
vt 0.625000 0.500000
vt 0.375000 0.000000
vt 0.375000 1.000000
vt 0.125000 0.750000
vt 0.625000 0.000000
vt 0.625000 1.000000
vt 0.875000 0.750000
vt 0.375000 0.250000
vt 0.125000 0.500000
vt 0.625000 0.250000
vt 0.875000 0.500000
vt 0.375000 0.750000
vt 0.625000 0.750000
vt 0.375000 0.500000
vt 0.625000 0.500000
vt 0.375000 0.000000
vt 0.375000 1.000000
vt 0.125000 0.750000
vt 0.625000 0.000000
vt 0.625000 1.000000
vt 0.875000 0.750000
vt 0.375000 0.250000
vt 0.125000 0.500000
vt 0.625000 0.250000
vt 0.875000 0.500000
vt 0.375000 0.750000
vt 0.625000 0.750000
vt 0.375000 0.500000
vt 0.625000 0.500000
vt 0.375000 0.000000
vt 0.375000 1.000000
vt 0.125000 0.750000
vt 0.625000 0.000000
vt 0.625000 1.000000
vt 0.875000 0.750000
vt 0.375000 0.250000
vt 0.125000 0.500000
vt 0.625000 0.250000
vt 0.875000 0.500000
vt 0.375000 0.750000
vt 0.625000 0.750000
vt 0.375000 0.500000
vt 0.625000 0.500000
vt 0.375000 0.000000
vt 0.375000 1.000000
vt 0.125000 0.750000
vt 0.625000 0.000000
vt 0.625000 1.000000
vt 0.875000 0.750000
vt 0.375000 0.250000
vt 0.125000 0.500000
vt 0.625000 0.250000
vt 0.875000 0.500000
vt 0.375000 0.750000
vt 0.625000 0.750000
vt 0.375000 0.500000
vt 0.625000 0.500000
vt 0.375000 0.000000
vt 0.375000 1.000000
vt 0.125000 0.750000
vt 0.625000 0.000000
vt 0.625000 1.000000
vt 0.875000 0.750000
vt 0.375000 0.250000
vt 0.125000 0.500000
vt 0.625000 0.250000
vt 0.875000 0.500000
vt 0.375000 0.750000
vt 0.625000 0.750000
vt 0.375000 0.500000
vt 0.625000 0.500000
vt 0.375000 0.000000
vt 0.375000 1.000000
vt 0.125000 0.750000
vt 0.625000 0.000000
vt 0.625000 1.000000
vt 0.875000 0.750000
vt 0.375000 0.250000
vt 0.125000 0.500000
vt 0.625000 0.250000
vt 0.875000 0.500000
vt 0.375000 0.750000
vt 0.625000 0.750000
vt 0.375000 0.500000
vt 0.625000 0.500000
vt 0.375000 0.000000
vt 0.375000 1.000000
vt 0.125000 0.750000
vt 0.625000 0.000000
vt 0.625000 1.000000
vt 0.875000 0.750000
vt 0.375000 0.250000
vt 0.125000 0.500000
vt 0.625000 0.250000
vt 0.875000 0.500000
vt 0.375000 0.750000
vt 0.625000 0.750000
vt 0.375000 0.500000
vt 0.625000 0.500000
vt 0.375000 0.000000
vt 0.375000 1.000000
vt 0.125000 0.750000
vt 0.625000 0.000000
vt 0.625000 1.000000
vt 0.875000 0.750000
vt 0.375000 0.250000
vt 0.125000 0.500000
vt 0.625000 0.250000
vt 0.875000 0.500000
vt 0.375000 0.750000
vt 0.625000 0.750000
vt 0.375000 0.500000
vt 0.625000 0.500000
vt 0.375000 0.000000
vt 0.375000 1.000000
vt 0.125000 0.750000
vt 0.625000 0.000000
vt 0.625000 1.000000
vt 0.875000 0.750000
vt 0.375000 0.250000
vt 0.125000 0.500000
vt 0.625000 0.250000
vt 0.875000 0.500000
vt 0.375000 0.750000
vt 0.625000 0.750000
vt 0.375000 0.500000
vt 0.625000 0.500000
vt 0.375000 0.000000
vt 0.375000 1.000000
vt 0.125000 0.750000
vt 0.625000 0.000000
vt 0.625000 1.000000
vt 0.875000 0.750000
vt 0.375000 0.250000
vt 0.125000 0.500000
vt 0.625000 0.250000
vt 0.875000 0.500000
vt 0.375000 0.750000
vt 0.625000 0.750000
vt 0.375000 0.500000
vt 0.625000 0.500000
vt 0.375000 0.000000
vt 0.375000 1.000000
vt 0.125000 0.750000
vt 0.625000 0.000000
vt 0.625000 1.000000
vt 0.875000 0.750000
vt 0.375000 0.250000
vt 0.125000 0.500000
vt 0.625000 0.250000
vt 0.875000 0.500000
vt 0.375000 0.750000
vt 0.625000 0.750000
vt 0.375000 0.500000
vt 0.625000 0.500000
vt 0.375000 0.000000
vt 0.375000 1.000000
vt 0.125000 0.750000
vt 0.625000 0.000000
vt 0.625000 1.000000
vt 0.875000 0.750000
vt 0.375000 0.250000
vt 0.125000 0.500000
vt 0.625000 0.250000
vt 0.875000 0.500000
vt 0.375000 0.750000
vt 0.625000 0.750000
vt 0.375000 0.500000
vt 0.625000 0.500000
vt 0.375000 0.000000
vt 0.375000 1.000000
vt 0.125000 0.750000
vt 0.625000 0.000000
vt 0.625000 1.000000
vt 0.875000 0.750000
vt 0.375000 0.250000
vt 0.125000 0.500000
vt 0.625000 0.250000
vt 0.875000 0.500000
vt 0.375000 0.750000
vt 0.625000 0.750000
vt 0.375000 0.500000
vt 0.625000 0.500000
vt 0.375000 0.000000
vt 0.375000 1.000000
vt 0.125000 0.750000
vt 0.625000 0.000000
vt 0.625000 1.000000
vt 0.875000 0.750000
vt 0.375000 0.250000
vt 0.125000 0.500000
vt 0.625000 0.250000
vt 0.875000 0.500000
vt 0.375000 0.750000
vt 0.625000 0.750000
vt 0.375000 0.500000
vt 0.625000 0.500000
vt 0.666667 0.500000
vt 0.957846 0.130000
vt 0.666667 1.000000
vt 0.457846 0.130000
vt 0.333333 0.500000
vt 0.542154 0.130000
vt 0.333333 1.000000
vt 0.042154 0.130000
vt 0.116355 0.500000
vt 0.677448 0.364337
vt 0.883645 0.500000
vt 0.822552 0.364337
vt 0.100388 0.500000
vt 0.688512 0.380942
vt 0.085930 0.500000
vt 0.700827 0.394650
vt 0.073277 0.500000
vt 0.714144 0.405183
vt 0.062684 0.500000
vt 0.728190 0.412327
vt 0.054368 0.500000
vt 0.742680 0.415935
vt -0.000000 0.500000
vt 0.945632 0.500000
vt 0.757320 0.415935
vt 0.937316 0.500000
vt 0.771810 0.412327
vt 0.926723 0.500000
vt 0.785856 0.405183
vt 0.914070 0.500000
vt 0.799173 0.394650
vt 0.899612 0.500000
vt 0.811488 0.380942
vt 0.883645 1.000000
vt 0.322552 0.364337
vt 0.116355 1.000000
vt 0.177448 0.364337
vt 0.899612 1.000000
vt 0.311488 0.380942
vt 0.914070 1.000000
vt 0.299173 0.394650
vt 0.926723 1.000000
vt 0.285856 0.405183
vt 0.937316 1.000000
vt 0.271810 0.412327
vt -0.000000 1.000000
vt 0.945632 1.000000
vt 0.257320 0.415935
vt 0.054368 1.000000
vt 0.242680 0.415936
vt 0.062684 1.000000
vt 0.228190 0.412327
vt 0.073277 1.000000
vt 0.214144 0.405183
vt 0.085930 1.000000
vt 0.200827 0.394650
vt 0.100388 1.000000
vt 0.188512 0.380942
vt 0.386668 0.171095
vt 0.287622 0.342648
vt 0.278935 0.355686
vt 0.270938 0.364587
vt 0.263575 0.370411
vt 0.257346 0.373579
vt 0.252280 0.374841
vt 0.247720 0.374841
vt 0.242654 0.373579
vt 0.236425 0.370411
vt 0.229062 0.364587
vt 0.221065 0.355686
vt 0.212378 0.342648
vt 0.113332 0.171095
vt 0.287622 0.342648
vt 0.386668 0.171095
vt 0.113332 0.171095
vt 0.278935 0.355686
vt 0.270938 0.364587
vt 0.263575 0.370411
vt 0.257346 0.373579
vt 0.252280 0.374841
vt 0.247720 0.374841
vt 0.242654 0.373579
vt 0.236425 0.370411
vt 0.229062 0.364587
vt 0.221065 0.355686
vt 0.212378 0.342648
vt 0.666667 0.500000
vt 0.957846 0.130000
vt 0.666667 1.000000
vt 0.457846 0.130000
vt 0.333333 0.500000
vt 0.542154 0.130000
vt 0.333333 1.000000
vt 0.042154 0.130000
vt 0.116355 0.500000
vt 0.677448 0.364337
vt 0.883645 0.500000
vt 0.822552 0.364337
vt 0.100388 0.500000
vt 0.688512 0.380942
vt 0.085930 0.500000
vt 0.700827 0.394650
vt 0.073277 0.500000
vt 0.714144 0.405183
vt 0.062684 0.500000
vt 0.728190 0.412327
vt 0.054368 0.500000
vt 0.742680 0.415935
vt -0.000000 0.500000
vt 0.945632 0.500000
vt 0.757320 0.415935
vt 0.937316 0.500000
vt 0.771810 0.412327
vt 0.926723 0.500000
vt 0.785856 0.405183
vt 0.914070 0.500000
vt 0.799173 0.394650
vt 0.899612 0.500000
vt 0.811488 0.380942
vt 0.883645 1.000000
vt 0.322552 0.364337
vt 0.116355 1.000000
vt 0.177448 0.364337
vt 0.899612 1.000000
vt 0.311488 0.380942
vt 0.914070 1.000000
vt 0.299173 0.394650
vt 0.926723 1.000000
vt 0.285856 0.405183
vt 0.937316 1.000000
vt 0.271810 0.412327
vt -0.000000 1.000000
vt 0.945632 1.000000
vt 0.257320 0.415935
vt 0.054368 1.000000
vt 0.242680 0.415936
vt 0.062684 1.000000
vt 0.228190 0.412327
vt 0.073277 1.000000
vt 0.214144 0.405183
vt 0.085930 1.000000
vt 0.200827 0.394650
vt 0.100388 1.000000
vt 0.188512 0.380942
vt 0.386668 0.171095
vt 0.287622 0.342648
vt 0.278935 0.355686
vt 0.270938 0.364587
vt 0.263575 0.370411
vt 0.257346 0.373579
vt 0.252280 0.374841
vt 0.247720 0.374841
vt 0.242654 0.373579
vt 0.236425 0.370411
vt 0.229062 0.364587
vt 0.221065 0.355686
vt 0.212378 0.342648
vt 0.113332 0.171095
vt 0.287622 0.342648
vt 0.386668 0.171095
vt 0.113332 0.171095
vt 0.278935 0.355686
vt 0.270938 0.364587
vt 0.263575 0.370411
vt 0.257346 0.373579
vt 0.252280 0.374841
vt 0.247720 0.374841
vt 0.242654 0.373579
vt 0.236425 0.370411
vt 0.229062 0.364587
vt 0.221065 0.355686
vt 0.212378 0.342648
vt 0.375000 0.000000
vt 0.375000 1.000000
vt 0.125000 0.750000
vt 0.625000 0.000000
vt 0.625000 1.000000
vt 0.875000 0.750000
vt 0.375000 0.250000
vt 0.125000 0.500000
vt 0.625000 0.250000
vt 0.875000 0.500000
vt 0.375000 0.750000
vt 0.625000 0.750000
vt 0.375000 0.500000
vt 0.625000 0.500000
vt 0.375000 0.000000
vt 0.375000 1.000000
vt 0.125000 0.750000
vt 0.625000 0.000000
vt 0.625000 1.000000
vt 0.875000 0.750000
vt 0.375000 0.250000
vt 0.125000 0.500000
vt 0.625000 0.250000
vt 0.875000 0.500000
vt 0.375000 0.750000
vt 0.625000 0.750000
vt 0.375000 0.500000
vt 0.625000 0.500000
vt 0.375000 0.000000
vt 0.375000 1.000000
vt 0.125000 0.750000
vt 0.625000 0.000000
vt 0.625000 1.000000
vt 0.875000 0.750000
vt 0.375000 0.250000
vt 0.125000 0.500000
vt 0.625000 0.250000
vt 0.875000 0.500000
vt 0.375000 0.750000
vt 0.625000 0.750000
vt 0.375000 0.500000
vt 0.625000 0.500000
vt 0.375000 0.000000
vt 0.375000 1.000000
vt 0.125000 0.750000
vt 0.625000 0.000000
vt 0.625000 1.000000
vt 0.875000 0.750000
vt 0.375000 0.250000
vt 0.125000 0.500000
vt 0.625000 0.250000
vt 0.875000 0.500000
vt 0.375000 0.750000
vt 0.625000 0.750000
vt 0.375000 0.500000
vt 0.625000 0.500000
vt 0.375000 0.000000
vt 0.375000 1.000000
vt 0.125000 0.750000
vt 0.625000 0.000000
vt 0.625000 1.000000
vt 0.875000 0.750000
vt 0.375000 0.250000
vt 0.125000 0.500000
vt 0.625000 0.250000
vt 0.875000 0.500000
vt 0.375000 0.750000
vt 0.625000 0.750000
vt 0.375000 0.500000
vt 0.625000 0.500000
vt 0.375000 0.000000
vt 0.375000 1.000000
vt 0.125000 0.750000
vt 0.625000 0.000000
vt 0.625000 1.000000
vt 0.875000 0.750000
vt 0.375000 0.250000
vt 0.125000 0.500000
vt 0.625000 0.250000
vt 0.875000 0.500000
vt 0.375000 0.750000
vt 0.625000 0.750000
vt 0.375000 0.500000
vt 0.625000 0.500000
vt 0.375000 0.000000
vt 0.375000 1.000000
vt 0.125000 0.750000
vt 0.625000 0.000000
vt 0.625000 1.000000
vt 0.875000 0.750000
vt 0.375000 0.250000
vt 0.125000 0.500000
vt 0.625000 0.250000
vt 0.875000 0.500000
vt 0.375000 0.750000
vt 0.625000 0.750000
vt 0.375000 0.500000
vt 0.625000 0.500000
vt 0.375000 0.000000
vt 0.375000 1.000000
vt 0.125000 0.750000
vt 0.625000 0.000000
vt 0.625000 1.000000
vt 0.875000 0.750000
vt 0.375000 0.250000
vt 0.125000 0.500000
vt 0.625000 0.250000
vt 0.875000 0.500000
vt 0.375000 0.750000
vt 0.625000 0.750000
vt 0.375000 0.500000
vt 0.625000 0.500000
vt 0.375000 0.000000
vt 0.375000 1.000000
vt 0.125000 0.750000
vt 0.625000 0.000000
vt 0.625000 1.000000
vt 0.875000 0.750000
vt 0.375000 0.250000
vt 0.125000 0.500000
vt 0.625000 0.250000
vt 0.875000 0.500000
vt 0.375000 0.750000
vt 0.625000 0.750000
vt 0.375000 0.500000
vt 0.625000 0.500000
vt 0.375000 0.000000
vt 0.375000 1.000000
vt 0.625000 0.760196
vt 0.375000 0.250000
vt 0.625000 0.489804
vt 0.375000 0.750000
vt 0.625000 0.712105
vt 0.375000 0.500000
vt 0.625000 0.537895
vt 0.584044 0.000000
vt 0.584044 1.000000
vt 0.584044 0.250000
vt 0.584044 0.500000
vt 0.584044 0.750000
vt 0.625000 0.500000
vt 0.625000 0.750000
vt 0.584044 0.500000
vt 0.584044 0.750000
vt 0.584044 1.000000
vt 0.584044 0.000000
vt 0.875000 0.750000
vt 0.625000 0.000000
vt 0.625000 1.000000
vt 0.875000 0.500000
vt 0.625000 0.250000
vt 0.584044 0.250000
vt 0.584044 0.743702
vt 0.584044 0.506298
vt 0.584044 0.506298
vt 0.584044 0.743702
vt 0.584044 0.243702
vt 0.584044 0.006298
vt 0.584044 0.006298
vt 0.584044 0.243702
vt 0.584044 0.506298
vt 0.584044 0.743702
vt 0.584044 0.743702
vt 0.584044 0.506298
vt 0.584044 0.006298
vt 0.584044 0.243702
vt 0.584044 0.243702
vt 0.584044 0.006298
vt 0.291667 0.500000
vt 0.375000 0.416667
vt 0.208333 0.500000
vt 0.375000 0.333333
vt 0.625000 0.495324
vt 0.625000 0.532375
vt 0.208333 0.750000
vt 0.375000 0.916667
vt 0.291667 0.750000
vt 0.375000 0.833333
vt 0.625000 0.717625
vt 0.625000 0.754676
vt 0.584044 0.833333
vt 0.584044 0.916667
vt 0.584044 0.333333
vt 0.584044 0.416667
vt 0.125000 0.500000
vt 0.375000 0.250000
vt 0.375000 0.000000
vt 0.125000 0.750000
vt 0.375000 1.000000
vt 0.208333 0.500000
vt 0.375000 0.333333
vt 0.375000 0.750000
vt 0.375000 0.500000
vt 0.375000 0.833333
vt 0.291667 0.750000
vt 0.375000 0.416667
vt 0.291667 0.500000
vt 0.208333 0.750000
vt 0.375000 0.916667
vt 0.426117 0.250000
vt 0.426117 0.500000
vt 0.426117 0.750000
vt 0.426117 0.000000
vt 0.426117 1.000000
vt 0.426117 0.333333
vt 0.426117 0.416667
vt 0.426117 0.833333
vt 0.426117 0.916667
vt 0.584044 0.743702
vt 0.584044 0.506298
vt 0.584044 0.743702
vt 0.584044 0.506298
vt 0.584044 0.243702
vt 0.584044 0.243702
vt 0.584044 0.006298
vt 0.584044 0.006298
vt 0.625000 0.250000
vt 0.875000 0.500000
vt 0.625000 1.000000
vt 0.875000 0.750000
vt 0.584044 0.250000
vt 0.584044 0.000000
vt 0.584044 1.000000
vt 0.584044 0.246851
vt 0.584044 0.006298
vt 0.584044 0.243702
vt 0.584044 0.006298
vt 0.584044 0.006298
vt 0.584044 0.243702
vt 0.625000 0.500000
vt 0.584044 0.500000
vt 0.625000 0.750000
vt 0.584044 0.750000
vt 0.584044 0.746851
vt 0.584044 0.506298
vt 0.584044 0.743702
vt 0.584044 0.506298
vt 0.584044 0.506298
vt 0.584044 0.743702
vt 0.584044 0.506298
vt 0.584044 0.743702
vt 0.584044 0.243702
vt 0.584044 0.243702
vt 0.584044 0.006298
vt 0.584044 0.006298
vt 0.584044 0.743702
vt 0.584044 0.506298
vt 0.875000 0.750000
vt 0.625000 1.000000
vt 0.875000 0.500000
vt 0.625000 0.250000
vt 0.625000 0.416667
vt 0.625000 0.500000
vt 0.625000 0.750000
vt 0.625000 0.916667
vt 0.625000 0.333333
vt 0.625000 0.833333
vt 0.625000 0.754676
vt 0.625000 0.495324
vt 0.625000 0.532375
vt 0.625000 0.717625
vt 0.625000 0.760196
vt 0.625000 0.489804
vt 0.625000 0.537895
vt 0.625000 0.712105
vt 0.375000 0.000000
vt 0.375000 1.000000
vt 0.375000 0.250000
vt 0.375000 0.750000
vt 0.375000 0.500000
vt 0.291667 0.500000
vt 0.375000 0.416667
vt 0.375000 0.333333
vt 0.208333 0.500000
vt 0.208333 0.750000
vt 0.375000 0.916667
vt 0.375000 0.833333
vt 0.291667 0.750000
vt 0.426117 0.250000
vt 0.426117 0.500000
vt 0.426117 0.750000
vt 0.426117 0.000000
vt 0.426117 1.000000
vt 0.426117 0.333333
vt 0.426117 0.416667
vt 0.426117 0.833333
vt 0.426117 0.916667
vt 0.375000 1.000000
vt 0.375000 0.000000
vt 0.375000 0.250000
vt 0.208333 0.500000
vt 0.375000 0.333333
vt 0.375000 0.916667
vt 0.208333 0.750000
vt 0.375000 0.750000
vt 0.375000 0.500000
vt 0.375000 0.416667
vt 0.291667 0.500000
vt 0.291667 0.750000
vt 0.375000 0.833333
vt 0.400558 0.250000
vt 0.400558 0.500000
vt 0.400558 0.750000
vt 0.400558 0.333333
vt 0.400558 0.416667
vt 0.400558 0.833333
vt 0.400558 0.916667
vt 0.400558 1.000000
vt 0.400558 0.000000
vt 0.375000 0.500000
vt 0.291667 0.500000
vt 0.375000 0.416667
vt 0.375000 0.833333
vt 0.291667 0.750000
vt 0.375000 0.750000
vt 0.375000 0.000000
vt 0.375000 1.000000
vt 0.208333 0.750000
vt 0.375000 0.916667
vt 0.375000 0.333333
vt 0.208333 0.500000
vt 0.375000 0.250000
vt 0.189495 0.685505
vt 0.625000 0.000000
vt 0.625000 1.000000
vt 0.875000 0.750000
vt 0.189495 0.564495
vt 0.625000 0.250000
vt 0.875000 0.500000
vt 0.310505 0.685505
vt 0.625000 0.750000
vt 0.310505 0.564495
vt 0.625000 0.500000
vt 0.375000 0.250000
vt 0.125000 0.500000
vt 0.375000 0.000000
vt 0.375000 1.000000
vt 0.125000 0.750000
vt 0.375000 0.500000
vt 0.375000 0.750000
vt 0.189495 0.564495
vt 0.189495 0.685505
vt 0.310505 0.564495
vt 0.310505 0.685505
vt 0.189495 0.685505
vt 0.625000 0.000000
vt 0.625000 1.000000
vt 0.875000 0.750000
vt 0.189495 0.564495
vt 0.625000 0.250000
vt 0.875000 0.500000
vt 0.310505 0.685505
vt 0.625000 0.750000
vt 0.310505 0.564495
vt 0.625000 0.500000
vt 0.375000 0.250000
vt 0.125000 0.500000
vt 0.375000 0.000000
vt 0.375000 1.000000
vt 0.125000 0.750000
vt 0.375000 0.500000
vt 0.375000 0.750000
vt 0.189495 0.564495
vt 0.189495 0.685505
vt 0.310505 0.564495
vt 0.310505 0.685505
vt 0.375000 0.000000
vt 0.375000 1.000000
vt 0.125000 0.750000
vt 0.625000 0.000000
vt 0.625000 1.000000
vt 0.875000 0.750000
vt 0.375000 0.250000
vt 0.125000 0.500000
vt 0.625000 0.250000
vt 0.875000 0.500000
vt 0.375000 0.750000
vt 0.625000 0.750000
vt 0.375000 0.500000
vt 0.625000 0.500000
vt 0.375000 0.000000
vt 0.375000 1.000000
vt 0.125000 0.750000
vt 0.625000 0.000000
vt 0.625000 1.000000
vt 0.875000 0.750000
vt 0.375000 0.250000
vt 0.125000 0.500000
vt 0.625000 0.250000
vt 0.875000 0.500000
vt 0.375000 0.750000
vt 0.625000 0.750000
vt 0.375000 0.500000
vt 0.625000 0.500000
vt 0.375000 0.000000
vt 0.375000 1.000000
vt 0.125000 0.750000
vt 0.625000 0.000000
vt 0.625000 1.000000
vt 0.875000 0.750000
vt 0.375000 0.250000
vt 0.125000 0.500000
vt 0.625000 0.250000
vt 0.875000 0.500000
vt 0.375000 0.750000
vt 0.625000 0.750000
vt 0.375000 0.500000
vt 0.625000 0.500000
vt 0.375000 0.000000
vt 0.375000 1.000000
vt 0.125000 0.750000
vt 0.625000 0.000000
vt 0.625000 1.000000
vt 0.875000 0.750000
vt 0.375000 0.250000
vt 0.125000 0.500000
vt 0.625000 0.250000
vt 0.875000 0.500000
vt 0.375000 0.750000
vt 0.625000 0.750000
vt 0.375000 0.500000
vt 0.625000 0.500000
vt 0.375000 0.000000
vt 0.375000 1.000000
vt 0.125000 0.750000
vt 0.625000 0.000000
vt 0.625000 1.000000
vt 0.875000 0.750000
vt 0.375000 0.250000
vt 0.125000 0.500000
vt 0.625000 0.250000
vt 0.875000 0.500000
vt 0.375000 0.750000
vt 0.625000 0.750000
vt 0.375000 0.500000
vt 0.625000 0.500000
vt 0.375000 0.000000
vt 0.375000 1.000000
vt 0.125000 0.750000
vt 0.625000 0.000000
vt 0.625000 1.000000
vt 0.875000 0.750000
vt 0.375000 0.250000
vt 0.125000 0.500000
vt 0.625000 0.250000
vt 0.875000 0.500000
vt 0.375000 0.750000
vt 0.625000 0.750000
vt 0.375000 0.500000
vt 0.625000 0.500000
vt 0.375000 0.000000
vt 0.375000 1.000000
vt 0.125000 0.750000
vt 0.625000 0.000000
vt 0.625000 1.000000
vt 0.875000 0.750000
vt 0.375000 0.250000
vt 0.125000 0.500000
vt 0.625000 0.250000
vt 0.875000 0.500000
vt 0.375000 0.750000
vt 0.625000 0.750000
vt 0.375000 0.500000
vt 0.625000 0.500000
vt 0.375000 0.000000
vt 0.375000 1.000000
vt 0.125000 0.750000
vt 0.625000 0.000000
vt 0.625000 1.000000
vt 0.875000 0.750000
vt 0.375000 0.250000
vt 0.125000 0.500000
vt 0.625000 0.250000
vt 0.875000 0.500000
vt 0.375000 0.750000
vt 0.625000 0.750000
vt 0.375000 0.500000
vt 0.625000 0.500000
vt 0.375000 0.000000
vt 0.375000 1.000000
vt 0.125000 0.750000
vt 0.625000 0.000000
vt 0.625000 1.000000
vt 0.875000 0.750000
vt 0.375000 0.250000
vt 0.125000 0.500000
vt 0.625000 0.250000
vt 0.875000 0.500000
vt 0.375000 0.750000
vt 0.625000 0.750000
vt 0.375000 0.500000
vt 0.625000 0.500000
vt 0.375000 0.000000
vt 0.375000 1.000000
vt 0.125000 0.750000
vt 0.625000 0.000000
vt 0.625000 1.000000
vt 0.875000 0.750000
vt 0.375000 0.250000
vt 0.125000 0.500000
vt 0.625000 0.250000
vt 0.875000 0.500000
vt 0.375000 0.750000
vt 0.625000 0.750000
vt 0.375000 0.500000
vt 0.625000 0.500000
vt 0.375000 0.000000
vt 0.375000 1.000000
vt 0.125000 0.750000
vt 0.625000 0.000000
vt 0.625000 1.000000
vt 0.875000 0.750000
vt 0.375000 0.250000
vt 0.125000 0.500000
vt 0.625000 0.250000
vt 0.875000 0.500000
vt 0.375000 0.750000
vt 0.625000 0.750000
vt 0.375000 0.500000
vt 0.625000 0.500000
vt 0.375000 0.000000
vt 0.375000 1.000000
vt 0.125000 0.750000
vt 0.625000 0.000000
vt 0.625000 1.000000
vt 0.875000 0.750000
vt 0.375000 0.250000
vt 0.125000 0.500000
vt 0.625000 0.250000
vt 0.875000 0.500000
vt 0.375000 0.750000
vt 0.625000 0.750000
vt 0.375000 0.500000
vt 0.625000 0.500000
vt 0.375000 0.000000
vt 0.375000 1.000000
vt 0.125000 0.750000
vt 0.625000 0.000000
vt 0.625000 1.000000
vt 0.875000 0.750000
vt 0.375000 0.250000
vt 0.125000 0.500000
vt 0.625000 0.250000
vt 0.875000 0.500000
vt 0.375000 0.750000
vt 0.625000 0.750000
vt 0.375000 0.500000
vt 0.625000 0.500000
vt 0.375000 0.000000
vt 0.375000 1.000000
vt 0.125000 0.750000
vt 0.625000 0.000000
vt 0.625000 1.000000
vt 0.875000 0.750000
vt 0.375000 0.250000
vt 0.125000 0.500000
vt 0.625000 0.250000
vt 0.875000 0.500000
vt 0.375000 0.750000
vt 0.625000 0.750000
vt 0.375000 0.500000
vt 0.625000 0.500000
vt 0.375000 0.000000
vt 0.375000 1.000000
vt 0.125000 0.750000
vt 0.625000 0.000000
vt 0.625000 1.000000
vt 0.875000 0.750000
vt 0.375000 0.250000
vt 0.125000 0.500000
vt 0.625000 0.250000
vt 0.875000 0.500000
vt 0.375000 0.750000
vt 0.625000 0.750000
vt 0.375000 0.500000
vt 0.625000 0.500000
vt 0.375000 0.000000
vt 0.375000 1.000000
vt 0.125000 0.750000
vt 0.625000 0.000000
vt 0.625000 1.000000
vt 0.875000 0.750000
vt 0.375000 0.250000
vt 0.125000 0.500000
vt 0.625000 0.250000
vt 0.875000 0.500000
vt 0.375000 0.750000
vt 0.625000 0.750000
vt 0.375000 0.500000
vt 0.625000 0.500000
vt 0.375000 0.000000
vt 0.375000 1.000000
vt 0.125000 0.750000
vt 0.625000 0.000000
vt 0.625000 1.000000
vt 0.875000 0.750000
vt 0.375000 0.250000
vt 0.125000 0.500000
vt 0.625000 0.250000
vt 0.875000 0.500000
vt 0.375000 0.750000
vt 0.625000 0.750000
vt 0.375000 0.500000
vt 0.625000 0.500000
vt 0.375000 0.000000
vt 0.375000 1.000000
vt 0.125000 0.750000
vt 0.625000 0.000000
vt 0.625000 1.000000
vt 0.875000 0.750000
vt 0.375000 0.250000
vt 0.125000 0.500000
vt 0.625000 0.250000
vt 0.875000 0.500000
vt 0.375000 0.750000
vt 0.625000 0.750000
vt 0.375000 0.500000
vt 0.625000 0.500000
vt 0.375000 0.000000
vt 0.375000 1.000000
vt 0.125000 0.750000
vt 0.625000 0.000000
vt 0.625000 1.000000
vt 0.875000 0.750000
vt 0.375000 0.250000
vt 0.125000 0.500000
vt 0.625000 0.250000
vt 0.875000 0.500000
vt 0.375000 0.750000
vt 0.625000 0.750000
vt 0.375000 0.500000
vt 0.625000 0.500000
vt 0.375000 0.000000
vt 0.375000 1.000000
vt 0.125000 0.750000
vt 0.625000 0.000000
vt 0.625000 1.000000
vt 0.875000 0.750000
vt 0.375000 0.250000
vt 0.125000 0.500000
vt 0.625000 0.250000
vt 0.875000 0.500000
vt 0.375000 0.750000
vt 0.625000 0.750000
vt 0.375000 0.500000
vt 0.625000 0.500000
vt 0.375000 0.000000
vt 0.375000 1.000000
vt 0.125000 0.750000
vt 0.625000 0.000000
vt 0.625000 1.000000
vt 0.875000 0.750000
vt 0.375000 0.250000
vt 0.125000 0.500000
vt 0.625000 0.250000
vt 0.875000 0.500000
vt 0.375000 0.750000
vt 0.625000 0.750000
vt 0.375000 0.500000
vt 0.625000 0.500000
vt 0.375000 0.000000
vt 0.375000 1.000000
vt 0.125000 0.750000
vt 0.625000 0.000000
vt 0.625000 1.000000
vt 0.875000 0.750000
vt 0.375000 0.250000
vt 0.125000 0.500000
vt 0.625000 0.250000
vt 0.875000 0.500000
vt 0.375000 0.750000
vt 0.625000 0.750000
vt 0.375000 0.500000
vt 0.625000 0.500000
vt 0.375000 0.000000
vt 0.375000 1.000000
vt 0.125000 0.750000
vt 0.625000 0.000000
vt 0.625000 1.000000
vt 0.875000 0.750000
vt 0.375000 0.250000
vt 0.125000 0.500000
vt 0.625000 0.250000
vt 0.875000 0.500000
vt 0.375000 0.750000
vt 0.625000 0.750000
vt 0.375000 0.500000
vt 0.625000 0.500000
vt 0.375000 0.000000
vt 0.375000 1.000000
vt 0.125000 0.750000
vt 0.625000 0.000000
vt 0.625000 1.000000
vt 0.875000 0.750000
vt 0.375000 0.250000
vt 0.125000 0.500000
vt 0.625000 0.250000
vt 0.875000 0.500000
vt 0.375000 0.750000
vt 0.625000 0.750000
vt 0.375000 0.500000
vt 0.625000 0.500000
vt 0.375000 0.000000
vt 0.375000 1.000000
vt 0.125000 0.750000
vt 0.625000 0.000000
vt 0.625000 1.000000
vt 0.875000 0.750000
vt 0.375000 0.250000
vt 0.125000 0.500000
vt 0.625000 0.250000
vt 0.875000 0.500000
vt 0.375000 0.750000
vt 0.625000 0.750000
vt 0.375000 0.500000
vt 0.625000 0.500000
vt 0.375000 0.000000
vt 0.375000 1.000000
vt 0.125000 0.750000
vt 0.625000 0.000000
vt 0.625000 1.000000
vt 0.875000 0.750000
vt 0.375000 0.250000
vt 0.125000 0.500000
vt 0.625000 0.250000
vt 0.875000 0.500000
vt 0.375000 0.750000
vt 0.625000 0.750000
vt 0.375000 0.500000
vt 0.625000 0.500000
vt 0.375000 0.000000
vt 0.375000 1.000000
vt 0.125000 0.750000
vt 0.625000 0.000000
vt 0.625000 1.000000
vt 0.875000 0.750000
vt 0.375000 0.250000
vt 0.125000 0.500000
vt 0.625000 0.250000
vt 0.875000 0.500000
vt 0.375000 0.750000
vt 0.625000 0.750000
vt 0.375000 0.500000
vt 0.625000 0.500000
vt 0.375000 0.000000
vt 0.375000 1.000000
vt 0.125000 0.750000
vt 0.625000 0.000000
vt 0.625000 1.000000
vt 0.875000 0.750000
vt 0.375000 0.250000
vt 0.125000 0.500000
vt 0.625000 0.250000
vt 0.875000 0.500000
vt 0.375000 0.750000
vt 0.625000 0.750000
vt 0.375000 0.500000
vt 0.625000 0.500000
vt 0.375000 0.000000
vt 0.375000 1.000000
vt 0.125000 0.750000
vt 0.625000 0.000000
vt 0.625000 1.000000
vt 0.875000 0.750000
vt 0.375000 0.250000
vt 0.125000 0.500000
vt 0.625000 0.250000
vt 0.875000 0.500000
vt 0.375000 0.750000
vt 0.625000 0.750000
vt 0.375000 0.500000
vt 0.625000 0.500000
vt 0.375000 0.000000
vt 0.375000 1.000000
vt 0.125000 0.750000
vt 0.625000 0.000000
vt 0.625000 1.000000
vt 0.875000 0.750000
vt 0.375000 0.250000
vt 0.125000 0.500000
vt 0.625000 0.250000
vt 0.875000 0.500000
vt 0.375000 0.750000
vt 0.625000 0.750000
vt 0.375000 0.500000
vt 0.625000 0.500000
vt 0.375000 0.000000
vt 0.375000 1.000000
vt 0.125000 0.750000
vt 0.625000 0.000000
vt 0.625000 1.000000
vt 0.875000 0.750000
vt 0.375000 0.250000
vt 0.125000 0.500000
vt 0.625000 0.250000
vt 0.875000 0.500000
vt 0.375000 0.750000
vt 0.625000 0.750000
vt 0.375000 0.500000
vt 0.625000 0.500000
vt 0.375000 0.000000
vt 0.375000 1.000000
vt 0.125000 0.750000
vt 0.625000 0.000000
vt 0.625000 1.000000
vt 0.875000 0.750000
vt 0.375000 0.250000
vt 0.125000 0.500000
vt 0.625000 0.250000
vt 0.875000 0.500000
vt 0.375000 0.750000
vt 0.625000 0.750000
vt 0.375000 0.500000
vt 0.625000 0.500000
vt 0.375000 0.000000
vt 0.375000 1.000000
vt 0.125000 0.750000
vt 0.625000 0.000000
vt 0.625000 1.000000
vt 0.875000 0.750000
vt 0.375000 0.250000
vt 0.125000 0.500000
vt 0.625000 0.250000
vt 0.875000 0.500000
vt 0.375000 0.750000
vt 0.625000 0.750000
vt 0.375000 0.500000
vt 0.625000 0.500000
vt 0.375000 0.000000
vt 0.375000 1.000000
vt 0.125000 0.750000
vt 0.625000 0.000000
vt 0.625000 1.000000
vt 0.875000 0.750000
vt 0.375000 0.250000
vt 0.125000 0.500000
vt 0.625000 0.250000
vt 0.875000 0.500000
vt 0.375000 0.750000
vt 0.625000 0.750000
vt 0.375000 0.500000
vt 0.625000 0.500000
vt 0.375000 0.000000
vt 0.375000 1.000000
vt 0.125000 0.750000
vt 0.625000 0.000000
vt 0.625000 1.000000
vt 0.875000 0.750000
vt 0.375000 0.250000
vt 0.125000 0.500000
vt 0.625000 0.250000
vt 0.875000 0.500000
vt 0.375000 0.750000
vt 0.625000 0.750000
vt 0.375000 0.500000
vt 0.625000 0.500000
vt 0.375000 0.000000
vt 0.375000 1.000000
vt 0.125000 0.750000
vt 0.625000 0.000000
vt 0.625000 1.000000
vt 0.875000 0.750000
vt 0.375000 0.250000
vt 0.125000 0.500000
vt 0.625000 0.250000
vt 0.875000 0.500000
vt 0.375000 0.750000
vt 0.625000 0.750000
vt 0.375000 0.500000
vt 0.625000 0.500000
vt 0.375000 0.000000
vt 0.375000 1.000000
vt 0.125000 0.750000
vt 0.625000 0.000000
vt 0.625000 1.000000
vt 0.875000 0.750000
vt 0.375000 0.250000
vt 0.125000 0.500000
vt 0.625000 0.250000
vt 0.875000 0.500000
vt 0.375000 0.750000
vt 0.625000 0.750000
vt 0.375000 0.500000
vt 0.625000 0.500000
vt 0.375000 0.000000
vt 0.375000 1.000000
vt 0.125000 0.750000
vt 0.625000 0.000000
vt 0.625000 1.000000
vt 0.875000 0.750000
vt 0.375000 0.250000
vt 0.125000 0.500000
vt 0.625000 0.250000
vt 0.875000 0.500000
vt 0.375000 0.750000
vt 0.625000 0.750000
vt 0.375000 0.500000
vt 0.625000 0.500000
vt 0.375000 0.000000
vt 0.375000 1.000000
vt 0.125000 0.750000
vt 0.625000 0.000000
vt 0.625000 1.000000
vt 0.875000 0.750000
vt 0.375000 0.250000
vt 0.125000 0.500000
vt 0.625000 0.250000
vt 0.875000 0.500000
vt 0.375000 0.750000
vt 0.625000 0.750000
vt 0.375000 0.500000
vt 0.625000 0.500000
vt 0.375000 0.000000
vt 0.375000 1.000000
vt 0.125000 0.750000
vt 0.625000 0.000000
vt 0.625000 1.000000
vt 0.875000 0.750000
vt 0.375000 0.250000
vt 0.125000 0.500000
vt 0.625000 0.250000
vt 0.875000 0.500000
vt 0.375000 0.750000
vt 0.625000 0.750000
vt 0.375000 0.500000
vt 0.625000 0.500000
vt 0.375000 0.000000
vt 0.375000 1.000000
vt 0.125000 0.750000
vt 0.625000 0.000000
vt 0.625000 1.000000
vt 0.875000 0.750000
vt 0.375000 0.250000
vt 0.125000 0.500000
vt 0.625000 0.250000
vt 0.875000 0.500000
vt 0.375000 0.750000
vt 0.625000 0.750000
vt 0.375000 0.500000
vt 0.625000 0.500000
vt 0.375000 0.000000
vt 0.375000 1.000000
vt 0.125000 0.750000
vt 0.625000 0.000000
vt 0.625000 1.000000
vt 0.875000 0.750000
vt 0.375000 0.250000
vt 0.125000 0.500000
vt 0.625000 0.250000
vt 0.875000 0.500000
vt 0.375000 0.750000
vt 0.625000 0.750000
vt 0.375000 0.500000
vt 0.625000 0.500000
vt 0.375000 0.000000
vt 0.375000 1.000000
vt 0.125000 0.750000
vt 0.625000 0.000000
vt 0.625000 1.000000
vt 0.875000 0.750000
vt 0.375000 0.250000
vt 0.125000 0.500000
vt 0.625000 0.250000
vt 0.875000 0.500000
vt 0.375000 0.750000
vt 0.625000 0.750000
vt 0.375000 0.500000
vt 0.625000 0.500000
vt 0.375000 0.000000
vt 0.375000 1.000000
vt 0.125000 0.750000
vt 0.625000 0.000000
vt 0.625000 1.000000
vt 0.875000 0.750000
vt 0.375000 0.250000
vt 0.125000 0.500000
vt 0.625000 0.250000
vt 0.875000 0.500000
vt 0.375000 0.750000
vt 0.625000 0.750000
vt 0.375000 0.500000
vt 0.625000 0.500000
vt 0.375000 0.000000
vt 0.375000 1.000000
vt 0.125000 0.750000
vt 0.625000 0.000000
vt 0.625000 1.000000
vt 0.875000 0.750000
vt 0.375000 0.250000
vt 0.125000 0.500000
vt 0.625000 0.250000
vt 0.875000 0.500000
vt 0.375000 0.750000
vt 0.625000 0.750000
vt 0.375000 0.500000
vt 0.625000 0.500000
vt 0.375000 0.000000
vt 0.375000 1.000000
vt 0.125000 0.750000
vt 0.625000 0.000000
vt 0.625000 1.000000
vt 0.875000 0.750000
vt 0.375000 0.250000
vt 0.125000 0.500000
vt 0.625000 0.250000
vt 0.875000 0.500000
vt 0.375000 0.750000
vt 0.625000 0.750000
vt 0.375000 0.500000
vt 0.625000 0.500000
vt 0.375000 0.000000
vt 0.375000 1.000000
vt 0.125000 0.750000
vt 0.625000 0.000000
vt 0.625000 1.000000
vt 0.875000 0.750000
vt 0.375000 0.250000
vt 0.125000 0.500000
vt 0.625000 0.250000
vt 0.875000 0.500000
vt 0.375000 0.750000
vt 0.625000 0.750000
vt 0.375000 0.500000
vt 0.625000 0.500000
vt 0.375000 0.000000
vt 0.375000 1.000000
vt 0.125000 0.750000
vt 0.625000 0.000000
vt 0.625000 1.000000
vt 0.875000 0.750000
vt 0.375000 0.250000
vt 0.125000 0.500000
vt 0.625000 0.250000
vt 0.875000 0.500000
vt 0.375000 0.750000
vt 0.625000 0.750000
vt 0.375000 0.500000
vt 0.625000 0.500000
vt 0.375000 0.000000
vt 0.375000 1.000000
vt 0.125000 0.750000
vt 0.625000 0.000000
vt 0.625000 1.000000
vt 0.875000 0.750000
vt 0.375000 0.250000
vt 0.125000 0.500000
vt 0.625000 0.250000
vt 0.875000 0.500000
vt 0.375000 0.750000
vt 0.625000 0.750000
vt 0.375000 0.500000
vt 0.625000 0.500000
vt 0.375000 0.000000
vt 0.375000 1.000000
vt 0.125000 0.750000
vt 0.625000 0.000000
vt 0.625000 1.000000
vt 0.875000 0.750000
vt 0.375000 0.250000
vt 0.125000 0.500000
vt 0.625000 0.250000
vt 0.875000 0.500000
vt 0.375000 0.750000
vt 0.625000 0.750000
vt 0.375000 0.500000
vt 0.625000 0.500000
vt 0.375000 0.000000
vt 0.375000 1.000000
vt 0.125000 0.750000
vt 0.625000 0.000000
vt 0.625000 1.000000
vt 0.875000 0.750000
vt 0.375000 0.250000
vt 0.125000 0.500000
vt 0.625000 0.250000
vt 0.875000 0.500000
vt 0.375000 0.750000
vt 0.625000 0.750000
vt 0.375000 0.500000
vt 0.625000 0.500000
vt 0.375000 0.000000
vt 0.375000 1.000000
vt 0.125000 0.750000
vt 0.625000 0.000000
vt 0.625000 1.000000
vt 0.875000 0.750000
vt 0.375000 0.250000
vt 0.125000 0.500000
vt 0.625000 0.250000
vt 0.875000 0.500000
vt 0.375000 0.750000
vt 0.625000 0.750000
vt 0.375000 0.500000
vt 0.625000 0.500000
vt 0.375000 0.000000
vt 0.375000 1.000000
vt 0.125000 0.750000
vt 0.625000 0.000000
vt 0.625000 1.000000
vt 0.875000 0.750000
vt 0.375000 0.250000
vt 0.125000 0.500000
vt 0.625000 0.250000
vt 0.875000 0.500000
vt 0.375000 0.750000
vt 0.625000 0.750000
vt 0.375000 0.500000
vt 0.625000 0.500000
vt 0.375000 0.000000
vt 0.375000 1.000000
vt 0.125000 0.750000
vt 0.625000 0.000000
vt 0.625000 1.000000
vt 0.875000 0.750000
vt 0.375000 0.250000
vt 0.125000 0.500000
vt 0.625000 0.250000
vt 0.875000 0.500000
vt 0.375000 0.750000
vt 0.625000 0.750000
vt 0.375000 0.500000
vt 0.625000 0.500000
vt 0.375000 0.000000
vt 0.375000 1.000000
vt 0.125000 0.750000
vt 0.625000 0.000000
vt 0.625000 1.000000
vt 0.875000 0.750000
vt 0.375000 0.250000
vt 0.125000 0.500000
vt 0.625000 0.250000
vt 0.875000 0.500000
vt 0.375000 0.750000
vt 0.625000 0.750000
vt 0.375000 0.500000
vt 0.625000 0.500000
vt 0.375000 0.000000
vt 0.375000 1.000000
vt 0.125000 0.750000
vt 0.625000 0.000000
vt 0.625000 1.000000
vt 0.875000 0.750000
vt 0.375000 0.250000
vt 0.125000 0.500000
vt 0.625000 0.250000
vt 0.875000 0.500000
vt 0.375000 0.750000
vt 0.625000 0.750000
vt 0.375000 0.500000
vt 0.625000 0.500000
vt 0.375000 0.000000
vt 0.375000 1.000000
vt 0.125000 0.750000
vt 0.625000 0.000000
vt 0.625000 1.000000
vt 0.875000 0.750000
vt 0.375000 0.250000
vt 0.125000 0.500000
vt 0.625000 0.250000
vt 0.875000 0.500000
vt 0.375000 0.750000
vt 0.625000 0.750000
vt 0.375000 0.500000
vt 0.625000 0.500000
vt 0.375000 0.000000
vt 0.375000 1.000000
vt 0.125000 0.750000
vt 0.625000 0.000000
vt 0.625000 1.000000
vt 0.875000 0.750000
vt 0.375000 0.250000
vt 0.125000 0.500000
vt 0.625000 0.250000
vt 0.875000 0.500000
vt 0.375000 0.750000
vt 0.625000 0.750000
vt 0.375000 0.500000
vt 0.625000 0.500000
vt 0.375000 0.000000
vt 0.375000 1.000000
vt 0.125000 0.750000
vt 0.625000 0.000000
vt 0.625000 1.000000
vt 0.875000 0.750000
vt 0.375000 0.250000
vt 0.125000 0.500000
vt 0.625000 0.250000
vt 0.875000 0.500000
vt 0.375000 0.750000
vt 0.625000 0.750000
vt 0.375000 0.500000
vt 0.625000 0.500000
vt 0.375000 0.000000
vt 0.375000 1.000000
vt 0.125000 0.750000
vt 0.625000 0.000000
vt 0.625000 1.000000
vt 0.875000 0.750000
vt 0.375000 0.250000
vt 0.125000 0.500000
vt 0.625000 0.250000
vt 0.875000 0.500000
vt 0.375000 0.750000
vt 0.625000 0.750000
vt 0.375000 0.500000
vt 0.625000 0.500000
vt 0.375000 0.000000
vt 0.375000 1.000000
vt 0.125000 0.750000
vt 0.625000 0.000000
vt 0.625000 1.000000
vt 0.875000 0.750000
vt 0.375000 0.250000
vt 0.125000 0.500000
vt 0.625000 0.250000
vt 0.875000 0.500000
vt 0.375000 0.750000
vt 0.625000 0.750000
vt 0.375000 0.500000
vt 0.625000 0.500000
vt 0.375000 0.000000
vt 0.375000 1.000000
vt 0.125000 0.750000
vt 0.625000 0.000000
vt 0.625000 1.000000
vt 0.875000 0.750000
vt 0.375000 0.250000
vt 0.125000 0.500000
vt 0.625000 0.250000
vt 0.875000 0.500000
vt 0.375000 0.750000
vt 0.625000 0.750000
vt 0.375000 0.500000
vt 0.625000 0.500000
vt 0.375000 0.000000
vt 0.375000 1.000000
vt 0.125000 0.750000
vt 0.625000 0.000000
vt 0.625000 1.000000
vt 0.875000 0.750000
vt 0.375000 0.250000
vt 0.125000 0.500000
vt 0.625000 0.250000
vt 0.875000 0.500000
vt 0.375000 0.750000
vt 0.625000 0.750000
vt 0.375000 0.500000
vt 0.625000 0.500000
vt 0.375000 0.000000
vt 0.375000 1.000000
vt 0.125000 0.750000
vt 0.625000 0.000000
vt 0.625000 1.000000
vt 0.875000 0.750000
vt 0.375000 0.250000
vt 0.125000 0.500000
vt 0.625000 0.250000
vt 0.875000 0.500000
vt 0.375000 0.750000
vt 0.625000 0.750000
vt 0.375000 0.500000
vt 0.625000 0.500000
vt 0.375000 0.000000
vt 0.375000 1.000000
vt 0.125000 0.750000
vt 0.625000 0.000000
vt 0.625000 1.000000
vt 0.875000 0.750000
vt 0.375000 0.250000
vt 0.125000 0.500000
vt 0.625000 0.250000
vt 0.875000 0.500000
vt 0.375000 0.750000
vt 0.625000 0.750000
vt 0.375000 0.500000
vt 0.625000 0.500000
vt 0.375000 0.000000
vt 0.375000 1.000000
vt 0.125000 0.750000
vt 0.625000 0.000000
vt 0.625000 1.000000
vt 0.875000 0.750000
vt 0.375000 0.250000
vt 0.125000 0.500000
vt 0.625000 0.250000
vt 0.875000 0.500000
vt 0.375000 0.750000
vt 0.625000 0.750000
vt 0.375000 0.500000
vt 0.625000 0.500000
vt 0.375000 0.000000
vt 0.375000 1.000000
vt 0.125000 0.750000
vt 0.625000 0.000000
vt 0.625000 1.000000
vt 0.875000 0.750000
vt 0.375000 0.250000
vt 0.125000 0.500000
vt 0.625000 0.250000
vt 0.875000 0.500000
vt 0.375000 0.750000
vt 0.625000 0.750000
vt 0.375000 0.500000
vt 0.625000 0.500000
vt 0.375000 0.000000
vt 0.375000 1.000000
vt 0.125000 0.750000
vt 0.625000 0.000000
vt 0.625000 1.000000
vt 0.875000 0.750000
vt 0.375000 0.250000
vt 0.125000 0.500000
vt 0.625000 0.250000
vt 0.875000 0.500000
vt 0.375000 0.750000
vt 0.625000 0.750000
vt 0.375000 0.500000
vt 0.625000 0.500000
vt 0.375000 0.000000
vt 0.375000 1.000000
vt 0.125000 0.750000
vt 0.625000 0.000000
vt 0.625000 1.000000
vt 0.875000 0.750000
vt 0.375000 0.250000
vt 0.125000 0.500000
vt 0.625000 0.250000
vt 0.875000 0.500000
vt 0.375000 0.750000
vt 0.625000 0.750000
vt 0.375000 0.500000
vt 0.625000 0.500000
vt 0.375000 0.000000
vt 0.375000 1.000000
vt 0.125000 0.750000
vt 0.625000 0.000000
vt 0.625000 1.000000
vt 0.875000 0.750000
vt 0.375000 0.250000
vt 0.125000 0.500000
vt 0.625000 0.250000
vt 0.875000 0.500000
vt 0.375000 0.750000
vt 0.625000 0.750000
vt 0.375000 0.500000
vt 0.625000 0.500000
vt 0.375000 0.000000
vt 0.375000 1.000000
vt 0.125000 0.750000
vt 0.625000 0.000000
vt 0.625000 1.000000
vt 0.875000 0.750000
vt 0.375000 0.250000
vt 0.125000 0.500000
vt 0.625000 0.250000
vt 0.875000 0.500000
vt 0.375000 0.750000
vt 0.625000 0.750000
vt 0.375000 0.500000
vt 0.625000 0.500000
vt 0.375000 0.000000
vt 0.375000 1.000000
vt 0.125000 0.750000
vt 0.625000 0.000000
vt 0.625000 1.000000
vt 0.875000 0.750000
vt 0.375000 0.250000
vt 0.125000 0.500000
vt 0.625000 0.250000
vt 0.875000 0.500000
vt 0.375000 0.750000
vt 0.625000 0.750000
vt 0.375000 0.500000
vt 0.625000 0.500000
vt 0.375000 0.000000
vt 0.375000 1.000000
vt 0.125000 0.750000
vt 0.625000 0.000000
vt 0.625000 1.000000
vt 0.875000 0.750000
vt 0.375000 0.250000
vt 0.125000 0.500000
vt 0.625000 0.250000
vt 0.875000 0.500000
vt 0.375000 0.750000
vt 0.625000 0.750000
vt 0.375000 0.500000
vt 0.625000 0.500000
vt 0.375000 0.000000
vt 0.375000 1.000000
vt 0.125000 0.750000
vt 0.625000 0.000000
vt 0.625000 1.000000
vt 0.875000 0.750000
vt 0.375000 0.250000
vt 0.125000 0.500000
vt 0.625000 0.250000
vt 0.875000 0.500000
vt 0.375000 0.750000
vt 0.625000 0.750000
vt 0.375000 0.500000
vt 0.625000 0.500000
vt 0.375000 0.000000
vt 0.375000 1.000000
vt 0.125000 0.750000
vt 0.625000 0.000000
vt 0.625000 1.000000
vt 0.875000 0.750000
vt 0.375000 0.250000
vt 0.125000 0.500000
vt 0.625000 0.250000
vt 0.875000 0.500000
vt 0.375000 0.750000
vt 0.625000 0.750000
vt 0.375000 0.500000
vt 0.625000 0.500000
vt 0.375000 0.000000
vt 0.375000 1.000000
vt 0.125000 0.750000
vt 0.625000 0.000000
vt 0.625000 1.000000
vt 0.875000 0.750000
vt 0.375000 0.250000
vt 0.125000 0.500000
vt 0.625000 0.250000
vt 0.875000 0.500000
vt 0.375000 0.750000
vt 0.625000 0.750000
vt 0.375000 0.500000
vt 0.625000 0.500000
vt 0.375000 0.000000
vt 0.375000 1.000000
vt 0.125000 0.750000
vt 0.625000 0.000000
vt 0.625000 1.000000
vt 0.875000 0.750000
vt 0.375000 0.250000
vt 0.125000 0.500000
vt 0.625000 0.250000
vt 0.875000 0.500000
vt 0.375000 0.750000
vt 0.625000 0.750000
vt 0.375000 0.500000
vt 0.625000 0.500000
vt 0.375000 0.000000
vt 0.375000 1.000000
vt 0.125000 0.750000
vt 0.625000 0.000000
vt 0.625000 1.000000
vt 0.875000 0.750000
vt 0.375000 0.250000
vt 0.125000 0.500000
vt 0.625000 0.250000
vt 0.875000 0.500000
vt 0.375000 0.750000
vt 0.625000 0.750000
vt 0.375000 0.500000
vt 0.625000 0.500000
vt 0.375000 0.000000
vt 0.375000 1.000000
vt 0.125000 0.750000
vt 0.625000 0.000000
vt 0.625000 1.000000
vt 0.875000 0.750000
vt 0.375000 0.250000
vt 0.125000 0.500000
vt 0.625000 0.250000
vt 0.875000 0.500000
vt 0.375000 0.750000
vt 0.625000 0.750000
vt 0.375000 0.500000
vt 0.625000 0.500000
vt 0.375000 0.000000
vt 0.375000 1.000000
vt 0.125000 0.750000
vt 0.625000 0.000000
vt 0.625000 1.000000
vt 0.875000 0.750000
vt 0.375000 0.250000
vt 0.125000 0.500000
vt 0.625000 0.250000
vt 0.875000 0.500000
vt 0.375000 0.750000
vt 0.625000 0.750000
vt 0.375000 0.500000
vt 0.625000 0.500000
vt 0.375000 0.000000
vt 0.375000 1.000000
vt 0.125000 0.750000
vt 0.625000 0.000000
vt 0.625000 1.000000
vt 0.875000 0.750000
vt 0.375000 0.250000
vt 0.125000 0.500000
vt 0.625000 0.250000
vt 0.875000 0.500000
vt 0.375000 0.750000
vt 0.625000 0.750000
vt 0.375000 0.500000
vt 0.625000 0.500000
vt 0.375000 0.000000
vt 0.375000 1.000000
vt 0.125000 0.750000
vt 0.625000 0.000000
vt 0.625000 1.000000
vt 0.875000 0.750000
vt 0.375000 0.250000
vt 0.125000 0.500000
vt 0.625000 0.250000
vt 0.875000 0.500000
vt 0.375000 0.750000
vt 0.625000 0.750000
vt 0.375000 0.500000
vt 0.625000 0.500000
s 0
usemtl Material.588
f 1/1/1 2/4/1 4/9/1 3/7/1
f 3/7/2 4/9/2 8/14/2 7/13/2
f 7/13/3 8/14/3 6/12/3 5/11/3
f 5/11/4 6/12/4 2/5/4 1/2/4
f 3/8/5 7/13/5 5/11/5 1/3/5
f 8/14/6 4/10/6 2/6/6 6/12/6
f 9/15/1 10/18/1 12/23/1 11/21/1
f 11/21/2 12/23/2 16/28/2 15/27/2
f 15/27/3 16/28/3 14/26/3 13/25/3
f 13/25/4 14/26/4 10/19/4 9/16/4
f 11/22/5 15/27/5 13/25/5 9/17/5
f 16/28/6 12/24/6 10/20/6 14/26/6
f 17/29/1 18/32/1 20/37/1 19/35/1
f 19/35/2 20/37/2 24/42/2 23/41/2
f 23/41/3 24/42/3 22/40/3 21/39/3
f 21/39/4 22/40/4 18/33/4 17/30/4
f 19/36/5 23/41/5 21/39/5 17/31/5
f 24/42/6 20/38/6 18/34/6 22/40/6
f 25/43/1 26/46/1 28/51/1 27/49/1
f 27/49/2 28/51/2 32/56/2 31/55/2
f 31/55/3 32/56/3 30/54/3 29/53/3
f 29/53/4 30/54/4 26/47/4 25/44/4
f 27/50/5 31/55/5 29/53/5 25/45/5
f 32/56/6 28/52/6 26/48/6 30/54/6
f 1749/2875/320 1750/2878/320 1752/2883/320 1751/2881/320
f 1751/2881/13 1752/2883/13 1756/2888/13 1755/2887/13
f 1755/2887/321 1756/2888/321 1754/2886/321 1753/2885/321
f 1753/2885/14 1754/2886/14 1750/2879/14 1749/2876/14
f 1751/2882/322 1755/2887/322 1753/2885/322 1749/2877/322
f 1756/2888/323 1752/2884/323 1750/2880/323 1754/2886/323
f 1757/2889/324 1758/2892/324 1760/2897/324 1759/2895/324
f 1759/2895/13 1760/2897/13 1764/2902/13 1763/2901/13
f 1763/2901/325 1764/2902/325 1762/2900/325 1761/2899/325
f 1761/2899/14 1762/2900/14 1758/2893/14 1757/2890/14
f 1759/2896/326 1763/2901/326 1761/2899/326 1757/2891/326
f 1764/2902/327 1760/2898/327 1758/2894/327 1762/2900/327
f 1765/2903/328 1766/2906/328 1768/2911/328 1767/2909/328
f 1767/2909/13 1768/2911/13 1772/2916/13 1771/2915/13
f 1771/2915/329 1772/2916/329 1770/2914/329 1769/2913/329
f 1769/2913/14 1770/2914/14 1766/2907/14 1765/2904/14
f 1767/2910/330 1771/2915/330 1769/2913/330 1765/2905/330
f 1772/2916/331 1768/2912/331 1766/2908/331 1770/2914/331
f 1773/2917/332 1774/2920/332 1776/2925/332 1775/2923/332
f 1775/2923/13 1776/2925/13 1780/2930/13 1779/2929/13
f 1779/2929/333 1780/2930/333 1778/2928/333 1777/2927/333
f 1777/2927/14 1778/2928/14 1774/2921/14 1773/2918/14
f 1775/2924/334 1779/2929/334 1777/2927/334 1773/2919/334
f 1780/2930/335 1776/2926/335 1774/2922/335 1778/2928/335
f 1781/2931/320 1782/2934/320 1784/2939/320 1783/2937/320
f 1783/2937/13 1784/2939/13 1788/2944/13 1787/2943/13
f 1787/2943/321 1788/2944/321 1786/2942/321 1785/2941/321
f 1785/2941/14 1786/2942/14 1782/2935/14 1781/2932/14
f 1783/2938/322 1787/2943/322 1785/2941/322 1781/2933/322
f 1788/2944/323 1784/2940/323 1782/2936/323 1786/2942/323
f 1789/2945/324 1790/2948/324 1792/2953/324 1791/2951/324
f 1791/2951/13 1792/2953/13 1796/2958/13 1795/2957/13
f 1795/2957/325 1796/2958/325 1794/2956/325 1793/2955/325
f 1793/2955/14 1794/2956/14 1790/2949/14 1789/2946/14
f 1791/2952/326 1795/2957/326 1793/2955/326 1789/2947/326
f 1796/2958/327 1792/2954/327 1790/2950/327 1794/2956/327
f 1797/2959/328 1798/2962/328 1800/2967/328 1799/2965/328
f 1799/2965/13 1800/2967/13 1804/2972/13 1803/2971/13
f 1803/2971/329 1804/2972/329 1802/2970/329 1801/2969/329
f 1801/2969/14 1802/2970/14 1798/2963/14 1797/2960/14
f 1799/2966/330 1803/2971/330 1801/2969/330 1797/2961/330
f 1804/2972/331 1800/2968/331 1798/2964/331 1802/2970/331
f 1805/2973/332 1806/2976/332 1808/2981/332 1807/2979/332
f 1807/2979/13 1808/2981/13 1812/2986/13 1811/2985/13
f 1811/2985/333 1812/2986/333 1810/2984/333 1809/2983/333
f 1809/2983/14 1810/2984/14 1806/2977/14 1805/2974/14
f 1807/2980/334 1811/2985/334 1809/2983/334 1805/2975/334
f 1812/2986/335 1808/2982/335 1806/2978/335 1810/2984/335
f 1813/2987/320 1814/2990/320 1816/2995/320 1815/2993/320
f 1815/2993/13 1816/2995/13 1820/3000/13 1819/2999/13
f 1819/2999/321 1820/3000/321 1818/2998/321 1817/2997/321
f 1817/2997/14 1818/2998/14 1814/2991/14 1813/2988/14
f 1815/2994/322 1819/2999/322 1817/2997/322 1813/2989/322
f 1820/3000/323 1816/2996/323 1814/2992/323 1818/2998/323
f 1821/3001/324 1822/3004/324 1824/3009/324 1823/3007/324
f 1823/3007/13 1824/3009/13 1828/3014/13 1827/3013/13
f 1827/3013/325 1828/3014/325 1826/3012/325 1825/3011/325
f 1825/3011/14 1826/3012/14 1822/3005/14 1821/3002/14
f 1823/3008/326 1827/3013/326 1825/3011/326 1821/3003/326
f 1828/3014/327 1824/3010/327 1822/3006/327 1826/3012/327
f 1829/3015/328 1830/3018/328 1832/3023/328 1831/3021/328
f 1831/3021/13 1832/3023/13 1836/3028/13 1835/3027/13
f 1835/3027/329 1836/3028/329 1834/3026/329 1833/3025/329
f 1833/3025/14 1834/3026/14 1830/3019/14 1829/3016/14
f 1831/3022/330 1835/3027/330 1833/3025/330 1829/3017/330
f 1836/3028/331 1832/3024/331 1830/3020/331 1834/3026/331
f 1837/3029/332 1838/3032/332 1840/3037/332 1839/3035/332
f 1839/3035/13 1840/3037/13 1844/3042/13 1843/3041/13
f 1843/3041/333 1844/3042/333 1842/3040/333 1841/3039/333
f 1841/3039/14 1842/3040/14 1838/3033/14 1837/3030/14
f 1839/3036/334 1843/3041/334 1841/3039/334 1837/3031/334
f 1844/3042/335 1840/3038/335 1838/3034/335 1842/3040/335
f 1845/3043/320 1846/3046/320 1848/3051/320 1847/3049/320
f 1847/3049/13 1848/3051/13 1852/3056/13 1851/3055/13
f 1851/3055/321 1852/3056/321 1850/3054/321 1849/3053/321
f 1849/3053/14 1850/3054/14 1846/3047/14 1845/3044/14
f 1847/3050/322 1851/3055/322 1849/3053/322 1845/3045/322
f 1852/3056/323 1848/3052/323 1846/3048/323 1850/3054/323
f 1853/3057/324 1854/3060/324 1856/3065/324 1855/3063/324
f 1855/3063/13 1856/3065/13 1860/3070/13 1859/3069/13
f 1859/3069/325 1860/3070/325 1858/3068/325 1857/3067/325
f 1857/3067/14 1858/3068/14 1854/3061/14 1853/3058/14
f 1855/3064/326 1859/3069/326 1857/3067/326 1853/3059/326
f 1860/3070/327 1856/3066/327 1854/3062/327 1858/3068/327
f 1861/3071/328 1862/3074/328 1864/3079/328 1863/3077/328
f 1863/3077/13 1864/3079/13 1868/3084/13 1867/3083/13
f 1867/3083/329 1868/3084/329 1866/3082/329 1865/3081/329
f 1865/3081/14 1866/3082/14 1862/3075/14 1861/3072/14
f 1863/3078/330 1867/3083/330 1865/3081/330 1861/3073/330
f 1868/3084/331 1864/3080/331 1862/3076/331 1866/3082/331
f 1869/3085/332 1870/3088/332 1872/3093/332 1871/3091/332
f 1871/3091/13 1872/3093/13 1876/3098/13 1875/3097/13
f 1875/3097/333 1876/3098/333 1874/3096/333 1873/3095/333
f 1873/3095/14 1874/3096/14 1870/3089/14 1869/3086/14
f 1871/3092/334 1875/3097/334 1873/3095/334 1869/3087/334
f 1876/3098/335 1872/3094/335 1870/3090/335 1874/3096/335
f 1877/3099/1 1878/3102/1 1880/3107/1 1879/3105/1
f 1879/3105/2 1880/3107/2 1884/3112/2 1883/3111/2
f 1883/3111/3 1884/3112/3 1882/3110/3 1881/3109/3
f 1881/3109/4 1882/3110/4 1878/3103/4 1877/3100/4
f 1879/3106/5 1883/3111/5 1881/3109/5 1877/3101/5
f 1884/3112/6 1880/3108/6 1878/3104/6 1882/3110/6
f 1885/3113/1 1886/3116/1 1888/3121/1 1887/3119/1
f 1887/3119/2 1888/3121/2 1892/3126/2 1891/3125/2
f 1891/3125/3 1892/3126/3 1890/3124/3 1889/3123/3
f 1889/3123/4 1890/3124/4 1886/3117/4 1885/3114/4
f 1887/3120/5 1891/3125/5 1889/3123/5 1885/3115/5
f 1892/3126/6 1888/3122/6 1886/3118/6 1890/3124/6
f 1893/3127/1 1894/3130/1 1896/3135/1 1895/3133/1
f 1895/3133/2 1896/3135/2 1900/3140/2 1899/3139/2
f 1899/3139/3 1900/3140/3 1898/3138/3 1897/3137/3
f 1897/3137/4 1898/3138/4 1894/3131/4 1893/3128/4
f 1895/3134/5 1899/3139/5 1897/3137/5 1893/3129/5
f 1900/3140/6 1896/3136/6 1894/3132/6 1898/3138/6
f 1901/3141/1 1902/3144/1 1904/3149/1 1903/3147/1
f 1903/3147/2 1904/3149/2 1908/3154/2 1907/3153/2
f 1907/3153/3 1908/3154/3 1906/3152/3 1905/3151/3
f 1905/3151/4 1906/3152/4 1902/3145/4 1901/3142/4
f 1903/3148/5 1907/3153/5 1905/3151/5 1901/3143/5
f 1908/3154/6 1904/3150/6 1902/3146/6 1906/3152/6
usemtl Material.589
f 33/57/7 34/60/7 36/65/7 35/63/7
f 35/63/8 36/65/8 40/70/8 39/69/8
f 39/69/9 40/70/9 38/68/9 37/67/9
f 37/67/10 38/68/10 34/61/10 33/58/10
f 35/64/11 39/69/11 37/67/11 33/59/11
f 40/70/12 36/66/12 34/62/12 38/68/12
f 41/71/7 42/74/7 44/79/7 43/77/7
f 43/77/8 44/79/8 48/84/8 47/83/8
f 47/83/9 48/84/9 46/82/9 45/81/9
f 45/81/10 46/82/10 42/75/10 41/72/10
f 43/78/11 47/83/11 45/81/11 41/73/11
f 48/84/12 44/80/12 42/76/12 46/82/12
f 49/85/7 50/88/7 52/93/7 51/91/7
f 51/91/8 52/93/8 56/98/8 55/97/8
f 55/97/9 56/98/9 54/96/9 53/95/9
f 53/95/10 54/96/10 50/89/10 49/86/10
f 51/92/11 55/97/11 53/95/11 49/87/11
f 56/98/12 52/94/12 50/90/12 54/96/12
f 57/99/7 58/102/7 60/107/7 59/105/7
f 59/105/8 60/107/8 64/112/8 63/111/8
f 63/111/9 64/112/9 62/110/9 61/109/9
f 61/109/10 62/110/10 58/103/10 57/100/10
f 59/106/11 63/111/11 61/109/11 57/101/11
f 64/112/12 60/108/12 58/104/12 62/110/12
f 65/113/7 66/116/7 68/121/7 67/119/7
f 67/119/8 68/121/8 72/126/8 71/125/8
f 71/125/9 72/126/9 70/124/9 69/123/9
f 69/123/10 70/124/10 66/117/10 65/114/10
f 67/120/11 71/125/11 69/123/11 65/115/11
f 72/126/12 68/122/12 66/118/12 70/124/12
f 73/127/7 74/130/7 76/135/7 75/133/7
f 75/133/8 76/135/8 80/140/8 79/139/8
f 79/139/9 80/140/9 78/138/9 77/137/9
f 77/137/10 78/138/10 74/131/10 73/128/10
f 75/134/11 79/139/11 77/137/11 73/129/11
f 80/140/12 76/136/12 74/132/12 78/138/12
f 81/141/7 82/144/7 84/149/7 83/147/7
f 83/147/8 84/149/8 88/154/8 87/153/8
f 87/153/9 88/154/9 86/152/9 85/151/9
f 85/151/10 86/152/10 82/145/10 81/142/10
f 83/148/11 87/153/11 85/151/11 81/143/11
f 88/154/12 84/150/12 82/146/12 86/152/12
f 89/155/7 90/158/7 92/163/7 91/161/7
f 91/161/8 92/163/8 96/168/8 95/167/8
f 95/167/9 96/168/9 94/166/9 93/165/9
f 93/165/10 94/166/10 90/159/10 89/156/10
f 91/162/11 95/167/11 93/165/11 89/157/11
f 96/168/12 92/164/12 90/160/12 94/166/12
f 97/169/7 98/172/7 100/177/7 99/175/7
f 99/175/8 100/177/8 104/182/8 103/181/8
f 103/181/9 104/182/9 102/180/9 101/179/9
f 101/179/10 102/180/10 98/173/10 97/170/10
f 99/176/11 103/181/11 101/179/11 97/171/11
f 104/182/12 100/178/12 98/174/12 102/180/12
f 105/183/7 106/186/7 108/191/7 107/189/7
f 107/189/8 108/191/8 112/196/8 111/195/8
f 111/195/9 112/196/9 110/194/9 109/193/9
f 109/193/10 110/194/10 106/187/10 105/184/10
f 107/190/11 111/195/11 109/193/11 105/185/11
f 112/196/12 108/192/12 106/188/12 110/194/12
f 527/867/175 528/870/175 530/875/175 529/873/175
f 529/873/13 530/875/13 534/880/13 533/879/13
f 533/879/176 534/880/176 532/878/176 531/877/176
f 531/877/14 532/878/14 528/871/14 527/868/14
f 529/874/177 533/879/177 531/877/177 527/869/177
f 534/880/178 530/876/178 528/872/178 532/878/178
f 535/881/2 536/884/2 538/889/2 537/887/2
f 537/887/13 538/889/13 542/894/13 541/893/13
f 541/893/4 542/894/4 540/892/4 539/891/4
f 539/891/14 540/892/14 536/885/14 535/882/14
f 537/888/10 541/893/10 539/891/10 535/883/10
f 542/894/8 538/890/8 536/886/8 540/892/8
f 543/895/2 544/898/2 546/903/2 545/901/2
f 545/901/13 546/903/13 550/908/13 549/907/13
f 549/907/4 550/908/4 548/906/4 547/905/4
f 547/905/14 548/906/14 544/899/14 543/896/14
f 545/902/10 549/907/10 547/905/10 543/897/10
f 550/908/8 546/904/8 544/900/8 548/906/8
f 551/909/179 552/912/179 554/917/179 553/915/179
f 553/915/13 554/917/13 558/922/13 557/921/13
f 557/921/180 558/922/180 556/920/180 555/919/180
f 555/919/14 556/920/14 552/913/14 551/910/14
f 553/916/181 557/921/181 555/919/181 551/911/181
f 558/922/182 554/918/182 552/914/182 556/920/182
f 559/923/183 560/926/183 562/931/183 561/929/183
f 561/929/13 562/931/13 566/936/13 565/935/13
f 565/935/184 566/936/184 564/934/184 563/933/184
f 563/933/14 564/934/14 560/927/14 559/924/14
f 561/930/185 565/935/185 563/933/185 559/925/185
f 566/936/186 562/932/186 560/928/186 564/934/186
f 567/937/183 568/940/183 570/945/183 569/943/183
f 569/943/13 570/945/13 574/950/13 573/949/13
f 573/949/184 574/950/184 572/948/184 571/947/184
f 571/947/14 572/948/14 568/941/14 567/938/14
f 569/944/185 573/949/185 571/947/185 567/939/185
f 574/950/186 570/946/186 568/942/186 572/948/186
f 575/951/187 576/954/187 578/959/187 577/957/187
f 577/957/13 578/959/13 582/964/13 581/963/13
f 581/963/188 582/964/188 580/962/188 579/961/188
f 579/961/14 580/962/14 576/955/14 575/952/14
f 577/958/189 581/963/189 579/961/189 575/953/189
f 582/964/190 578/960/190 576/956/190 580/962/190
f 583/965/187 584/968/187 586/973/187 585/971/187
f 585/971/13 586/973/13 590/978/13 589/977/13
f 589/977/188 590/978/188 588/976/188 587/975/188
f 587/975/14 588/976/14 584/969/14 583/966/14
f 585/972/189 589/977/189 587/975/189 583/967/189
f 590/978/190 586/974/190 584/970/190 588/976/190
f 591/979/191 592/982/191 594/987/191 593/985/191
f 593/985/13 594/987/13 598/992/13 597/991/13
f 597/991/192 598/992/192 596/990/192 595/989/192
f 595/989/14 596/990/14 592/983/14 591/980/14
f 593/986/193 597/991/193 595/989/193 591/981/193
f 598/992/194 594/988/194 592/984/194 596/990/194
f 599/993/191 600/996/191 602/1001/191 601/999/191
f 601/999/13 602/1001/13 606/1006/13 605/1005/13
f 605/1005/192 606/1006/192 604/1004/192 603/1003/192
f 603/1003/14 604/1004/14 600/997/14 599/994/14
f 601/1000/193 605/1005/193 603/1003/193 599/995/193
f 606/1006/194 602/1002/194 600/998/194 604/1004/194
f 607/1007/195 608/1010/195 610/1015/195 609/1013/195
f 609/1013/13 610/1015/13 614/1020/13 613/1019/13
f 613/1019/196 614/1020/196 612/1018/196 611/1017/196
f 611/1017/14 612/1018/14 608/1011/14 607/1008/14
f 609/1014/197 613/1019/197 611/1017/197 607/1009/197
f 614/1020/198 610/1016/198 608/1012/198 612/1018/198
f 615/1021/199 616/1024/199 618/1029/199 617/1027/199
f 617/1027/200 618/1029/200 622/1034/200 621/1033/200
f 621/1033/201 622/1034/201 620/1032/201 619/1031/201
f 619/1031/202 620/1032/202 616/1025/202 615/1022/202
f 617/1028/203 621/1033/203 619/1031/203 615/1023/203
f 622/1034/204 618/1030/204 616/1026/204 620/1032/204
f 623/1035/205 624/1038/205 626/1043/205 625/1041/205
f 625/1041/2 626/1043/2 630/1048/2 629/1047/2
f 629/1047/206 630/1048/206 628/1046/206 627/1045/206
f 627/1045/4 628/1046/4 624/1039/4 623/1036/4
f 625/1042/207 629/1047/207 627/1045/207 623/1037/207
f 630/1048/208 626/1044/208 624/1040/208 628/1046/208
f 631/1049/205 632/1052/205 634/1057/205 633/1055/205
f 633/1055/2 634/1057/2 638/1062/2 637/1061/2
f 637/1061/206 638/1062/206 636/1060/206 635/1059/206
f 635/1059/4 636/1060/4 632/1053/4 631/1050/4
f 633/1056/207 637/1061/207 635/1059/207 631/1051/207
f 638/1062/208 634/1058/208 632/1054/208 636/1060/208
f 639/1063/205 640/1066/205 642/1071/205 641/1069/205
f 641/1069/2 642/1071/2 646/1076/2 645/1075/2
f 645/1075/206 646/1076/206 644/1074/206 643/1073/206
f 643/1073/4 644/1074/4 640/1067/4 639/1064/4
f 641/1070/207 645/1075/207 643/1073/207 639/1065/207
f 646/1076/208 642/1072/208 640/1068/208 644/1074/208
f 647/1077/205 648/1080/205 650/1085/205 649/1083/205
f 649/1083/2 650/1085/2 654/1090/2 653/1089/2
f 653/1089/206 654/1090/206 652/1088/206 651/1087/206
f 651/1087/4 652/1088/4 648/1081/4 647/1078/4
f 649/1084/207 653/1089/207 651/1087/207 647/1079/207
f 654/1090/208 650/1086/208 648/1082/208 652/1088/208
f 655/1091/205 656/1094/205 658/1099/205 657/1097/205
f 657/1097/2 658/1099/2 662/1104/2 661/1103/2
f 661/1103/206 662/1104/206 660/1102/206 659/1101/206
f 659/1101/4 660/1102/4 656/1095/4 655/1092/4
f 657/1098/207 661/1103/207 659/1101/207 655/1093/207
f 662/1104/208 658/1100/208 656/1096/208 660/1102/208
f 663/1105/205 664/1108/205 666/1113/205 665/1111/205
f 665/1111/2 666/1113/2 670/1118/2 669/1117/2
f 669/1117/206 670/1118/206 668/1116/206 667/1115/206
f 667/1115/4 668/1116/4 664/1109/4 663/1106/4
f 665/1112/207 669/1117/207 667/1115/207 663/1107/207
f 670/1118/208 666/1114/208 664/1110/208 668/1116/208
f 671/1119/205 672/1122/205 674/1127/205 673/1125/205
f 673/1125/2 674/1127/2 678/1132/2 677/1131/2
f 677/1131/206 678/1132/206 676/1130/206 675/1129/206
f 675/1129/4 676/1130/4 672/1123/4 671/1120/4
f 673/1126/207 677/1131/207 675/1129/207 671/1121/207
f 678/1132/208 674/1128/208 672/1124/208 676/1130/208
f 679/1133/205 680/1136/205 682/1141/205 681/1139/205
f 681/1139/2 682/1141/2 686/1146/2 685/1145/2
f 685/1145/206 686/1146/206 684/1144/206 683/1143/206
f 683/1143/4 684/1144/4 680/1137/4 679/1134/4
f 681/1140/207 685/1145/207 683/1143/207 679/1135/207
f 686/1146/208 682/1142/208 680/1138/208 684/1144/208
f 687/1147/205 688/1150/205 690/1155/205 689/1153/205
f 689/1153/2 690/1155/2 694/1160/2 693/1159/2
f 693/1159/206 694/1160/206 692/1158/206 691/1157/206
f 691/1157/4 692/1158/4 688/1151/4 687/1148/4
f 689/1154/207 693/1159/207 691/1157/207 687/1149/207
f 694/1160/208 690/1156/208 688/1152/208 692/1158/208
f 695/1161/205 696/1164/205 698/1169/205 697/1167/205
f 697/1167/2 698/1169/2 702/1174/2 701/1173/2
f 701/1173/206 702/1174/206 700/1172/206 699/1171/206
f 699/1171/4 700/1172/4 696/1165/4 695/1162/4
f 697/1168/207 701/1173/207 699/1171/207 695/1163/207
f 702/1174/208 698/1170/208 696/1166/208 700/1172/208
f 703/1175/205 704/1178/205 706/1183/205 705/1181/205
f 705/1181/2 706/1183/2 710/1188/2 709/1187/2
f 709/1187/206 710/1188/206 708/1186/206 707/1185/206
f 707/1185/4 708/1186/4 704/1179/4 703/1176/4
f 705/1182/207 709/1187/207 707/1185/207 703/1177/207
f 710/1188/208 706/1184/208 704/1180/208 708/1186/208
f 711/1189/205 712/1192/205 714/1197/205 713/1195/205
f 713/1195/2 714/1197/2 718/1202/2 717/1201/2
f 717/1201/206 718/1202/206 716/1200/206 715/1199/206
f 715/1199/4 716/1200/4 712/1193/4 711/1190/4
f 713/1196/207 717/1201/207 715/1199/207 711/1191/207
f 718/1202/208 714/1198/208 712/1194/208 716/1200/208
f 719/1203/205 720/1206/205 722/1211/205 721/1209/205
f 721/1209/2 722/1211/2 726/1216/2 725/1215/2
f 725/1215/206 726/1216/206 724/1214/206 723/1213/206
f 723/1213/4 724/1214/4 720/1207/4 719/1204/4
f 721/1210/207 725/1215/207 723/1213/207 719/1205/207
f 726/1216/208 722/1212/208 720/1208/208 724/1214/208
f 727/1217/205 728/1220/205 730/1225/205 729/1223/205
f 729/1223/2 730/1225/2 734/1230/2 733/1229/2
f 733/1229/206 734/1230/206 732/1228/206 731/1227/206
f 731/1227/4 732/1228/4 728/1221/4 727/1218/4
f 729/1224/207 733/1229/207 731/1227/207 727/1219/207
f 734/1230/208 730/1226/208 728/1222/208 732/1228/208
f 735/1231/205 736/1234/205 738/1239/205 737/1237/205
f 737/1237/2 738/1239/2 742/1244/2 741/1243/2
f 741/1243/206 742/1244/206 740/1242/206 739/1241/206
f 739/1241/4 740/1242/4 736/1235/4 735/1232/4
f 737/1238/207 741/1243/207 739/1241/207 735/1233/207
f 742/1244/208 738/1240/208 736/1236/208 740/1242/208
f 743/1245/205 744/1248/205 746/1253/205 745/1251/205
f 745/1251/2 746/1253/2 750/1258/2 749/1257/2
f 749/1257/206 750/1258/206 748/1256/206 747/1255/206
f 747/1255/4 748/1256/4 744/1249/4 743/1246/4
f 745/1252/207 749/1257/207 747/1255/207 743/1247/207
f 750/1258/208 746/1254/208 744/1250/208 748/1256/208
f 751/1259/205 752/1262/205 754/1267/205 753/1265/205
f 753/1265/2 754/1267/2 758/1272/2 757/1271/2
f 757/1271/206 758/1272/206 756/1270/206 755/1269/206
f 755/1269/4 756/1270/4 752/1263/4 751/1260/4
f 753/1266/207 757/1271/207 755/1269/207 751/1261/207
f 758/1272/208 754/1268/208 752/1264/208 756/1270/208
f 759/1273/205 760/1276/205 762/1281/205 761/1279/205
f 761/1279/2 762/1281/2 766/1286/2 765/1285/2
f 765/1285/206 766/1286/206 764/1284/206 763/1283/206
f 763/1283/4 764/1284/4 760/1277/4 759/1274/4
f 761/1280/207 765/1285/207 763/1283/207 759/1275/207
f 766/1286/208 762/1282/208 760/1278/208 764/1284/208
f 767/1287/205 768/1290/205 770/1295/205 769/1293/205
f 769/1293/2 770/1295/2 774/1300/2 773/1299/2
f 773/1299/206 774/1300/206 772/1298/206 771/1297/206
f 771/1297/4 772/1298/4 768/1291/4 767/1288/4
f 769/1294/207 773/1299/207 771/1297/207 767/1289/207
f 774/1300/208 770/1296/208 768/1292/208 772/1298/208
f 775/1301/205 776/1304/205 778/1309/205 777/1307/205
f 777/1307/2 778/1309/2 782/1314/2 781/1313/2
f 781/1313/206 782/1314/206 780/1312/206 779/1311/206
f 779/1311/4 780/1312/4 776/1305/4 775/1302/4
f 777/1308/207 781/1313/207 779/1311/207 775/1303/207
f 782/1314/208 778/1310/208 776/1306/208 780/1312/208
f 783/1315/209 784/1318/209 786/1323/209 785/1321/209
f 785/1321/14 786/1323/14 790/1328/14 789/1327/14
f 789/1327/210 790/1328/210 788/1326/210 787/1325/210
f 787/1325/13 788/1326/13 784/1319/13 783/1316/13
f 785/1322/211 789/1327/211 787/1325/211 783/1317/211
f 790/1328/212 786/1324/212 784/1320/212 788/1326/212
f 791/1329/209 792/1332/209 794/1337/209 793/1335/209
f 793/1335/14 794/1337/14 798/1342/14 797/1341/14
f 797/1341/210 798/1342/210 796/1340/210 795/1339/210
f 795/1339/13 796/1340/13 792/1333/13 791/1330/13
f 793/1336/211 797/1341/211 795/1339/211 791/1331/211
f 798/1342/212 794/1338/212 792/1334/212 796/1340/212
f 799/1343/209 800/1346/209 802/1351/209 801/1349/209
f 801/1349/14 802/1351/14 806/1356/14 805/1355/14
f 805/1355/210 806/1356/210 804/1354/210 803/1353/210
f 803/1353/13 804/1354/13 800/1347/13 799/1344/13
f 801/1350/211 805/1355/211 803/1353/211 799/1345/211
f 806/1356/212 802/1352/212 800/1348/212 804/1354/212
f 807/1357/209 808/1360/209 810/1365/209 809/1363/209
f 809/1363/14 810/1365/14 814/1370/14 813/1369/14
f 813/1369/210 814/1370/210 812/1368/210 811/1367/210
f 811/1367/13 812/1368/13 808/1361/13 807/1358/13
f 809/1364/211 813/1369/211 811/1367/211 807/1359/211
f 814/1370/212 810/1366/212 808/1362/212 812/1368/212
f 815/1371/209 816/1374/209 818/1379/209 817/1377/209
f 817/1377/14 818/1379/14 822/1384/14 821/1383/14
f 821/1383/210 822/1384/210 820/1382/210 819/1381/210
f 819/1381/13 820/1382/13 816/1375/13 815/1372/13
f 817/1378/211 821/1383/211 819/1381/211 815/1373/211
f 822/1384/212 818/1380/212 816/1376/212 820/1382/212
f 823/1385/209 824/1388/209 826/1393/209 825/1391/209
f 825/1391/14 826/1393/14 830/1398/14 829/1397/14
f 829/1397/210 830/1398/210 828/1396/210 827/1395/210
f 827/1395/13 828/1396/13 824/1389/13 823/1386/13
f 825/1392/211 829/1397/211 827/1395/211 823/1387/211
f 830/1398/212 826/1394/212 824/1390/212 828/1396/212
f 831/1399/209 832/1402/209 834/1407/209 833/1405/209
f 833/1405/14 834/1407/14 838/1412/14 837/1411/14
f 837/1411/210 838/1412/210 836/1410/210 835/1409/210
f 835/1409/13 836/1410/13 832/1403/13 831/1400/13
f 833/1406/211 837/1411/211 835/1409/211 831/1401/211
f 838/1412/212 834/1408/212 832/1404/212 836/1410/212
f 839/1413/209 840/1416/209 842/1421/209 841/1419/209
f 841/1419/14 842/1421/14 846/1426/14 845/1425/14
f 845/1425/210 846/1426/210 844/1424/210 843/1423/210
f 843/1423/13 844/1424/13 840/1417/13 839/1414/13
f 841/1420/211 845/1425/211 843/1423/211 839/1415/211
f 846/1426/212 842/1422/212 840/1418/212 844/1424/212
f 847/1427/209 848/1430/209 850/1435/209 849/1433/209
f 849/1433/14 850/1435/14 854/1440/14 853/1439/14
f 853/1439/210 854/1440/210 852/1438/210 851/1437/210
f 851/1437/13 852/1438/13 848/1431/13 847/1428/13
f 849/1434/211 853/1439/211 851/1437/211 847/1429/211
f 854/1440/212 850/1436/212 848/1432/212 852/1438/212
f 855/1441/209 856/1444/209 858/1449/209 857/1447/209
f 857/1447/14 858/1449/14 862/1454/14 861/1453/14
f 861/1453/210 862/1454/210 860/1452/210 859/1451/210
f 859/1451/13 860/1452/13 856/1445/13 855/1442/13
f 857/1448/211 861/1453/211 859/1451/211 855/1443/211
f 862/1454/212 858/1450/212 856/1446/212 860/1452/212
f 983/1641/179 984/1644/179 986/1649/179 985/1647/179
f 985/1647/13 986/1649/13 990/1654/13 989/1653/13
f 989/1653/180 990/1654/180 988/1652/180 987/1651/180
f 987/1651/14 988/1652/14 984/1645/14 983/1642/14
f 985/1648/181 989/1653/181 987/1651/181 983/1643/181
f 990/1654/182 986/1650/182 984/1646/182 988/1652/182
f 991/1655/179 992/1658/179 994/1663/179 993/1661/179
f 993/1661/13 994/1663/13 998/1668/13 997/1667/13
f 997/1667/180 998/1668/180 996/1666/180 995/1665/180
f 995/1665/14 996/1666/14 992/1659/14 991/1656/14
f 993/1662/181 997/1667/181 995/1665/181 991/1657/181
f 998/1668/182 994/1664/182 992/1660/182 996/1666/182
f 999/1669/179 1000/1672/179 1002/1677/179 1001/1675/179
f 1001/1675/13 1002/1677/13 1006/1682/13 1005/1681/13
f 1005/1681/180 1006/1682/180 1004/1680/180 1003/1679/180
f 1003/1679/14 1004/1680/14 1000/1673/14 999/1670/14
f 1001/1676/181 1005/1681/181 1003/1679/181 999/1671/181
f 1006/1682/182 1002/1678/182 1000/1674/182 1004/1680/182
f 1007/1683/179 1008/1686/179 1010/1691/179 1009/1689/179
f 1009/1689/13 1010/1691/13 1014/1696/13 1013/1695/13
f 1013/1695/180 1014/1696/180 1012/1694/180 1011/1693/180
f 1011/1693/14 1012/1694/14 1008/1687/14 1007/1684/14
f 1009/1690/181 1013/1695/181 1011/1693/181 1007/1685/181
f 1014/1696/182 1010/1692/182 1008/1688/182 1012/1694/182
f 1015/1697/239 1016/1700/239 1018/1705/239 1017/1703/239
f 1017/1703/13 1018/1705/13 1022/1710/13 1021/1709/13
f 1021/1709/240 1022/1710/240 1020/1708/240 1019/1707/240
f 1019/1707/14 1020/1708/14 1016/1701/14 1015/1698/14
f 1017/1704/241 1021/1709/241 1019/1707/241 1015/1699/241
f 1022/1710/242 1018/1706/242 1016/1702/242 1020/1708/242
f 1023/1711/243 1024/1714/243 1026/1719/243 1025/1717/243
f 1025/1717/13 1026/1719/13 1030/1724/13 1029/1723/13
f 1029/1723/244 1030/1724/244 1028/1722/244 1027/1721/244
f 1027/1721/14 1028/1722/14 1024/1715/14 1023/1712/14
f 1025/1718/245 1029/1723/245 1027/1721/245 1023/1713/245
f 1030/1724/246 1026/1720/246 1024/1716/246 1028/1722/246
f 1031/1725/247 1032/1728/247 1034/1733/247 1033/1731/247
f 1033/1731/248 1034/1733/248 1038/1738/248 1037/1737/248
f 1037/1737/249 1038/1738/249 1036/1736/249 1035/1735/249
f 1035/1735/250 1036/1736/250 1032/1729/250 1031/1726/250
f 1033/1732/251 1037/1737/251 1035/1735/251 1031/1727/251
f 1038/1738/252 1034/1734/252 1032/1730/252 1036/1736/252
f 1039/1739/247 1040/1742/247 1042/1747/247 1041/1745/247
f 1041/1745/248 1042/1747/248 1046/1752/248 1045/1751/248
f 1045/1751/249 1046/1752/249 1044/1750/249 1043/1749/249
f 1043/1749/250 1044/1750/250 1040/1743/250 1039/1740/250
f 1041/1746/251 1045/1751/251 1043/1749/251 1039/1741/251
f 1046/1752/252 1042/1748/252 1040/1744/252 1044/1750/252
f 1047/1753/253 1048/1756/253 1050/1761/253 1049/1759/253
f 1049/1759/254 1050/1761/254 1054/1766/254 1053/1765/254
f 1053/1765/255 1054/1766/255 1052/1764/255 1051/1763/255
f 1051/1763/256 1052/1764/256 1048/1757/256 1047/1754/256
f 1049/1760/257 1053/1765/257 1051/1763/257 1047/1755/257
f 1054/1766/258 1050/1762/258 1048/1758/258 1052/1764/258
usemtl Material.590
f 113/197/2 114/200/2 116/205/2 115/203/2
f 115/203/13 116/205/13 120/210/13 119/209/13
f 119/209/4 120/210/4 118/208/4 117/207/4
f 117/207/14 118/208/14 114/201/14 113/198/14
f 115/204/10 119/209/10 117/207/10 113/199/10
f 120/210/8 116/206/8 114/202/8 118/208/8
f 121/211/2 122/214/2 124/219/2 123/217/2
f 123/217/13 124/219/13 128/224/13 127/223/13
f 127/223/4 128/224/4 126/222/4 125/221/4
f 125/221/14 126/222/14 122/215/14 121/212/14
f 123/218/10 127/223/10 125/221/10 121/213/10
f 128/224/8 124/220/8 122/216/8 126/222/8
f 129/225/2 130/228/2 132/233/2 131/231/2
f 131/231/13 132/233/13 136/238/13 135/237/13
f 135/237/4 136/238/4 134/236/4 133/235/4
f 133/235/14 134/236/14 130/229/14 129/226/14
f 131/232/10 135/237/10 133/235/10 129/227/10
f 136/238/8 132/234/8 130/230/8 134/236/8
f 137/239/2 138/242/2 140/247/2 139/245/2
f 139/245/13 140/247/13 144/252/13 143/251/13
f 143/251/4 144/252/4 142/250/4 141/249/4
f 141/249/14 142/250/14 138/243/14 137/240/14
f 139/246/10 143/251/10 141/249/10 137/241/10
f 144/252/8 140/248/8 138/244/8 142/250/8
f 145/253/2 146/256/2 148/261/2 147/259/2
f 147/259/13 148/261/13 152/266/13 151/265/13
f 151/265/4 152/266/4 150/264/4 149/263/4
f 149/263/14 150/264/14 146/257/14 145/254/14
f 147/260/10 151/265/10 149/263/10 145/255/10
f 152/266/8 148/262/8 146/258/8 150/264/8
f 153/267/4 154/270/4 156/275/4 155/273/4
f 155/273/14 156/275/14 160/280/14 159/279/14
f 159/279/2 160/280/2 158/278/2 157/277/2
f 157/277/13 158/278/13 154/271/13 153/268/13
f 155/274/10 159/279/10 157/277/10 153/269/10
f 160/280/8 156/276/8 154/272/8 158/278/8
f 161/281/4 162/284/4 164/289/4 163/287/4
f 163/287/14 164/289/14 168/294/14 167/293/14
f 167/293/2 168/294/2 166/292/2 165/291/2
f 165/291/13 166/292/13 162/285/13 161/282/13
f 163/288/10 167/293/10 165/291/10 161/283/10
f 168/294/8 164/290/8 162/286/8 166/292/8
f 873/1473/213 874/1475/213 888/1504/213 875/1477/213
f 871/1469/10 872/1471/10 874/1475/10 873/1473/10
f 901/1529/214 902/1530/214 917/1545/214 916/1544/214
f 876/1479/215 887/1502/215 872/1471/215 871/1469/215
f 875/1477/216 888/1504/216 898/1525/216 877/1481/216
f 877/1481/217 898/1525/217 897/1523/217 878/1483/217
f 878/1483/218 897/1523/218 896/1521/218 879/1485/218
f 879/1485/219 896/1521/219 895/1519/219 880/1487/219
f 880/1487/220 895/1519/220 894/1517/220 881/1489/220
f 881/1489/8 894/1517/8 893/1514/8 882/1491/8
f 882/1492/221 893/1515/221 892/1512/221 883/1494/221
f 883/1494/222 892/1512/222 891/1510/222 884/1496/222
f 884/1496/223 891/1510/223 890/1508/223 885/1498/223
f 885/1498/224 890/1508/224 889/1506/224 886/1500/224
f 886/1500/225 889/1506/225 887/1502/225 876/1479/225
f 875/1478/13 877/1482/13 878/1484/13 879/1486/13 880/1488/13 881/1490/13 882/1493/13 883/1495/13 884/1497/13 885/1499/13 886/1501/13 876/1480/13 871/1470/13 873/1474/13
f 872/1472/14 887/1503/14 900/1528/14 899/1527/14
f 887/1503/14 889/1507/14 901/1529/14 900/1528/14
f 889/1507/14 890/1509/14 902/1530/14 901/1529/14
f 890/1509/14 891/1511/14 903/1531/14 902/1530/14
f 891/1511/14 892/1513/14 904/1532/14 903/1531/14
f 892/1513/14 893/1516/14 905/1533/14 904/1532/14
f 893/1516/14 894/1518/14 906/1534/14 905/1533/14
f 894/1518/14 895/1520/14 907/1535/14 906/1534/14
f 895/1520/14 896/1522/14 908/1536/14 907/1535/14
f 896/1522/14 897/1524/14 909/1537/14 908/1536/14
f 897/1524/14 898/1526/14 910/1538/14 909/1537/14
f 898/1526/14 888/1505/14 911/1539/14 910/1538/14
f 888/1505/14 874/1476/14 912/1540/14 911/1539/14
f 874/1476/14 872/1472/14 899/1527/14 912/1540/14
f 909/1537/226 910/1538/226 925/1553/226 924/1552/226
f 902/1530/227 903/1531/227 918/1546/227 917/1545/227
f 910/1538/228 911/1539/228 926/1554/228 925/1553/228
f 903/1531/229 904/1532/229 919/1547/229 918/1546/229
f 911/1539/230 912/1540/230 915/1543/230 926/1554/230
f 904/1532/231 905/1533/231 920/1548/231 919/1547/231
f 905/1533/10 906/1534/10 921/1549/10 920/1548/10
f 899/1527/232 900/1528/232 913/1541/232 914/1542/232
f 906/1534/233 907/1535/233 922/1550/233 921/1549/233
f 912/1540/8 899/1527/8 914/1542/8 915/1543/8
f 907/1535/234 908/1536/234 923/1551/234 922/1550/234
f 900/1528/235 901/1529/235 916/1544/235 913/1541/235
f 908/1536/236 909/1537/236 924/1552/236 923/1551/236
f 929/1559/213 930/1561/213 944/1590/213 931/1563/213
f 927/1555/10 928/1557/10 930/1561/10 929/1559/10
f 963/1621/234 964/1622/234 979/1637/234 978/1636/234
f 932/1565/215 943/1588/215 928/1557/215 927/1555/215
f 931/1563/216 944/1590/216 954/1611/216 933/1567/216
f 933/1567/217 954/1611/217 953/1609/217 934/1569/217
f 934/1569/218 953/1609/218 952/1607/218 935/1571/218
f 935/1571/219 952/1607/219 951/1605/219 936/1573/219
f 936/1573/220 951/1605/220 950/1603/220 937/1575/220
f 937/1575/8 950/1603/8 949/1600/8 938/1577/8
f 938/1578/221 949/1601/221 948/1598/221 939/1580/221
f 939/1580/222 948/1598/222 947/1596/222 940/1582/222
f 940/1582/223 947/1596/223 946/1594/223 941/1584/223
f 941/1584/224 946/1594/224 945/1592/224 942/1586/224
f 942/1586/225 945/1592/225 943/1588/225 932/1565/225
f 931/1564/13 933/1568/13 934/1570/13 935/1572/13 936/1574/13 937/1576/13 938/1579/13 939/1581/13 940/1583/13 941/1585/13 942/1587/13 932/1566/13 927/1556/13 929/1560/13
f 928/1558/14 943/1589/14 956/1614/14 955/1613/14
f 943/1589/14 945/1593/14 957/1615/14 956/1614/14
f 945/1593/14 946/1595/14 958/1616/14 957/1615/14
f 946/1595/14 947/1597/14 959/1617/14 958/1616/14
f 947/1597/14 948/1599/14 960/1618/14 959/1617/14
f 948/1599/14 949/1602/14 961/1619/14 960/1618/14
f 949/1602/14 950/1604/14 962/1620/14 961/1619/14
f 950/1604/14 951/1606/14 963/1621/14 962/1620/14
f 951/1606/14 952/1608/14 964/1622/14 963/1621/14
f 952/1608/14 953/1610/14 965/1623/14 964/1622/14
f 953/1610/14 954/1612/14 966/1624/14 965/1623/14
f 954/1612/14 944/1591/14 967/1625/14 966/1624/14
f 944/1591/14 930/1562/14 968/1626/14 967/1625/14
f 930/1562/14 928/1558/14 955/1613/14 968/1626/14
f 956/1614/235 957/1615/235 972/1630/235 969/1627/235
f 964/1622/236 965/1623/236 980/1638/236 979/1637/236
f 957/1615/214 958/1616/214 973/1631/214 972/1630/214
f 965/1623/226 966/1624/226 981/1639/226 980/1638/226
f 958/1616/227 959/1617/227 974/1632/227 973/1631/227
f 966/1624/228 967/1625/228 982/1640/228 981/1639/228
f 959/1617/237 960/1618/237 975/1633/237 974/1632/237
f 967/1625/230 968/1626/230 971/1629/230 982/1640/230
f 960/1618/238 961/1619/238 976/1634/238 975/1633/238
f 961/1619/10 962/1620/10 977/1635/10 976/1634/10
f 955/1613/232 956/1614/232 969/1627/232 970/1628/232
f 962/1620/233 963/1621/233 978/1636/233 977/1635/233
f 968/1626/8 955/1613/8 970/1628/8 971/1629/8
f 1128/1860/8 1127/1858/8 1073/1790/8 1072/1787/8
f 1102/1824/13 1157/1892/13 1158/1893/13 1065/1779/13
f 1138/1871/13 1137/1870/13 1067/1781/13 1069/1783/13
f 1100/1822/14 1160/1895/14 1155/1889/14 1063/1777/14
f 1061/1774/4 1059/1772/4 1106/1832/4 1107/1833/4
f 1118/1848/14 1100/1822/14 1063/1777/14 1114/1844/14
f 1112/1841/4 1065/1779/4 1066/1780/4 1113/1842/4
f 1116/1846/13 1102/1824/13 1065/1779/13 1112/1841/13
f 1114/1843/2 1063/1776/2 1064/1778/2 1111/1840/2
f 1069/1783/4 1067/1781/4 1068/1782/4 1070/1784/4
f 1137/1870/8 1139/1872/8 1068/1782/8 1067/1781/8
f 1120/1850/4 1119/1849/4 1085/1803/4 1086/1804/4
f 1139/1872/14 1140/1873/14 1070/1784/14 1068/1782/14
f 1071/1786/2 1072/1788/2 1073/1791/2 1074/1792/2
f 1127/1857/13 1129/1861/13 1074/1792/13 1073/1791/13
f 1130/1863/14 1128/1859/14 1072/1789/14 1071/1785/14
f 1136/1869/13 1123/1853/13 1088/1806/13 1133/1866/13
f 1066/1780/10 1065/1779/10 1076/1794/10 1075/1793/10
f 1138/1871/259 1069/1783/259 1077/1795/259 1142/1875/259
f 1069/1783/10 1070/1784/10 1078/1796/10 1077/1795/10
f 1140/1873/260 1066/1780/260 1075/1793/260 1141/1874/260
f 1064/1778/10 1063/1776/10 1080/1798/10 1079/1797/10
f 1130/1862/5 1071/1786/5 1081/1799/5 1132/1865/5
f 1071/1786/8 1074/1792/8 1082/1800/8 1081/1799/8
f 1129/1861/261 1064/1778/261 1079/1797/261 1131/1864/261
f 1086/1804/4 1085/1803/4 1148/1881/4 1147/1880/4
f 1089/1807/13 1133/1866/13 1149/1882/13 1150/1883/13
f 1146/1879/14 1121/1851/14 1084/1802/14 1143/1876/14
f 1135/1868/14 1125/1855/14 1090/1808/14 1134/1867/14
f 1123/1853/4 1126/1856/4 1087/1805/4 1088/1806/4
f 1145/1878/13 1120/1850/13 1086/1804/13 1144/1877/13
f 1125/1855/2 1124/1854/2 1089/1807/2 1090/1808/2
f 1121/1851/2 1122/1852/2 1083/1801/2 1084/1802/2
f 1058/1771/2 1056/1769/2 1167/1902/2 1168/1903/2
f 1060/1773/4 1062/1775/4 1169/1904/4 1170/1905/4
f 1111/1840/13 1064/1778/13 1101/1823/13 1115/1845/13
f 1115/1845/13 1101/1823/13 1102/1824/13 1116/1846/13
f 1113/1842/14 1066/1780/14 1099/1821/14 1117/1847/14
f 1117/1847/14 1099/1821/14 1100/1822/14 1118/1848/14
f 1093/1813/13 1058/1771/13 1168/1903/13 1164/1899/13
f 1055/1767/2 1057/1770/2 1103/1826/2 1104/1827/2
f 1092/1811/10 1091/1809/10 1096/1817/10 1095/1815/10
f 1066/1780/14 1159/1894/14 1162/1897/14 1099/1821/14
f 1099/1821/14 1162/1897/14 1160/1895/14 1100/1822/14
f 1064/1778/13 1156/1891/13 1161/1896/13 1101/1823/13
f 1101/1823/13 1161/1896/13 1157/1892/13 1102/1824/13
f 1109/1837/10 1107/1833/10 1106/1832/10 1108/1835/10
f 1103/1825/10 1105/1830/10 1110/1838/10 1104/1828/10
f 1092/1811/4 1095/1815/4 1110/1838/4 1105/1830/4
f 1095/1816/14 1055/1768/14 1104/1829/14 1110/1839/14
f 1091/1810/13 1061/1774/13 1107/1833/13 1109/1836/13
f 1059/1772/14 1096/1818/14 1108/1834/14 1106/1832/14
f 1096/1817/2 1091/1809/2 1109/1837/2 1108/1835/2
f 1057/1770/13 1092/1812/13 1105/1831/13 1103/1826/13
f 1096/1818/14 1117/1847/14 1118/1848/14 1095/1816/14
f 1059/1772/14 1113/1842/14 1117/1847/14 1096/1818/14
f 1092/1812/13 1115/1845/13 1116/1846/13 1091/1810/13
f 1057/1770/13 1111/1840/13 1115/1845/13 1092/1812/13
f 1055/1767/2 1114/1843/2 1111/1840/2 1057/1770/2
f 1091/1810/13 1116/1846/13 1112/1841/13 1061/1774/13
f 1061/1774/4 1112/1841/4 1113/1842/4 1059/1772/4
f 1095/1816/14 1118/1848/14 1114/1844/14 1055/1768/14
f 1075/1793/2 1076/1794/2 1122/1852/2 1121/1851/2
f 1142/1875/13 1077/1795/13 1120/1850/13 1145/1878/13
f 1141/1874/14 1075/1793/14 1121/1851/14 1146/1879/14
f 1077/1795/4 1078/1796/4 1119/1849/4 1120/1850/4
f 1081/1799/2 1082/1800/2 1124/1854/2 1125/1855/2
f 1079/1797/4 1080/1798/4 1126/1856/4 1123/1853/4
f 1132/1865/14 1081/1799/14 1125/1855/14 1135/1868/14
f 1131/1864/13 1079/1797/13 1123/1853/13 1136/1869/13
f 1082/1800/13 1131/1864/13 1136/1869/13 1124/1854/13
f 1080/1798/14 1132/1865/14 1135/1868/14 1126/1856/14
f 1126/1856/14 1135/1868/14 1134/1867/14 1087/1805/14
f 1088/1806/10 1087/1805/10 1134/1867/10 1133/1866/10
f 1074/1792/262 1129/1861/262 1131/1864/262 1082/1800/262
f 1063/1776/263 1130/1862/263 1132/1865/263 1080/1798/263
f 1124/1854/13 1136/1869/13 1133/1866/13 1089/1807/13
f 1063/1777/14 1155/1889/14 1128/1859/14 1130/1863/14
f 1156/1891/13 1064/1778/13 1129/1861/13 1127/1857/13
f 1155/1888/8 1156/1890/8 1127/1858/8 1128/1860/8
f 1078/1796/14 1141/1874/14 1146/1879/14 1119/1849/14
f 1076/1794/13 1142/1875/13 1145/1878/13 1122/1852/13
f 1122/1852/13 1145/1878/13 1144/1877/13 1083/1801/13
f 1119/1849/14 1146/1879/14 1143/1876/14 1085/1803/14
f 1084/1802/10 1083/1801/10 1144/1877/10 1143/1876/10
f 1070/1784/5 1140/1873/5 1141/1874/5 1078/1796/5
f 1065/1779/264 1138/1871/264 1142/1875/264 1076/1794/264
f 1159/1894/14 1066/1780/14 1140/1873/14 1139/1872/14
f 1158/1893/8 1159/1894/8 1139/1872/8 1137/1870/8
f 1065/1779/13 1158/1893/13 1137/1870/13 1138/1871/13
f 1153/1886/10 1154/1887/10 1147/1880/10 1148/1881/10
f 1149/1882/10 1152/1885/10 1151/1884/10 1150/1883/10
f 1134/1867/14 1090/1808/14 1151/1884/14 1152/1885/14
f 1144/1877/13 1086/1804/13 1147/1880/13 1154/1887/13
f 1143/1876/2 1144/1877/2 1154/1887/2 1153/1886/2
f 1085/1803/14 1143/1876/14 1153/1886/14 1148/1881/14
f 1133/1866/4 1134/1867/4 1152/1885/4 1149/1882/4
f 1090/1808/2 1089/1807/2 1150/1883/2 1151/1884/2
f 1056/1769/8 1058/1771/8 1156/1891/8 1155/1889/8
f 1094/1814/8 1062/1775/8 1158/1893/8 1157/1892/8
f 1062/1775/8 1060/1773/8 1159/1894/8 1158/1893/8
f 1098/1820/8 1056/1769/8 1155/1889/8 1160/1895/8
f 1058/1771/8 1093/1813/8 1161/1896/8 1156/1891/8
f 1093/1813/8 1094/1814/8 1157/1892/8 1161/1896/8
f 1060/1773/8 1097/1819/8 1162/1897/8 1159/1894/8
f 1097/1819/8 1098/1820/8 1160/1895/8 1162/1897/8
f 1168/1903/8 1167/1902/8 1163/1898/8 1164/1899/8
f 1164/1899/8 1163/1898/8 1166/1901/8 1165/1900/8
f 1165/1900/8 1166/1901/8 1170/1905/8 1169/1904/8
f 1098/1820/14 1097/1819/14 1166/1901/14 1163/1898/14
f 1094/1814/13 1093/1813/13 1164/1899/13 1165/1900/13
f 1056/1769/14 1098/1820/14 1163/1898/14 1167/1902/14
f 1062/1775/13 1094/1814/13 1165/1900/13 1169/1904/13
f 1097/1819/14 1060/1773/14 1170/1905/14 1166/1901/14
usemtl Material.591
f 169/295/2 170/298/2 172/303/2 171/301/2
f 171/301/13 172/303/13 176/308/13 175/307/13
f 175/307/4 176/308/4 174/306/4 173/305/4
f 173/305/14 174/306/14 170/299/14 169/296/14
f 171/302/10 175/307/10 173/305/10 169/297/10
f 176/308/8 172/304/8 170/300/8 174/306/8
f 177/309/2 178/312/2 180/317/2 179/315/2
f 179/315/13 180/317/13 184/322/13 183/321/13
f 183/321/4 184/322/4 182/320/4 181/319/4
f 181/319/14 182/320/14 178/313/14 177/310/14
f 179/316/10 183/321/10 181/319/10 177/311/10
f 184/322/8 180/318/8 178/314/8 182/320/8
usemtl Material.592
f 185/323/15 186/326/15 188/331/15 187/329/15
f 187/329/10 188/331/10 190/336/10 189/333/10
f 188/332/14 186/327/14 190/335/14
f 189/333/16 190/336/16 186/328/16 185/324/16
f 185/325/13 187/330/13 189/334/13
usemtl Material.593
f 191/337/17 192/340/17 194/345/17 193/343/17
f 193/343/10 194/345/10 196/350/10 195/347/10
f 194/346/14 192/341/14 196/349/14
f 195/347/18 196/350/18 192/342/18 191/338/18
f 191/339/13 193/344/13 195/348/13
f 197/351/17 198/354/17 200/359/17 199/357/17
f 199/357/10 200/359/10 202/364/10 201/361/10
f 200/360/14 198/355/14 202/363/14
f 201/361/18 202/364/18 198/356/18 197/352/18
f 197/353/13 199/358/13 201/362/13
f 203/365/14 204/368/14 206/373/14 205/371/14
f 205/371/2 206/373/2 210/378/2 209/377/2
f 209/377/13 210/378/13 208/376/13 207/375/13
f 207/375/4 208/376/4 204/369/4 203/366/4
f 205/372/10 209/377/10 207/375/10 203/367/10
f 210/378/8 206/374/8 204/370/8 208/376/8
usemtl Material.594
f 211/379/19 212/382/19 214/387/19 213/385/19
f 213/385/8 214/387/8 216/392/8 215/389/8
f 214/388/14 212/383/14 216/391/14
f 215/389/20 216/392/20 212/384/20 211/380/20
f 211/381/13 213/386/13 215/390/13
f 217/393/19 218/396/19 220/401/19 219/399/19
f 219/399/8 220/401/8 222/406/8 221/403/8
f 220/402/14 218/397/14 222/405/14
f 221/403/20 222/406/20 218/398/20 217/394/20
f 217/395/13 219/400/13 221/404/13
f 223/407/14 224/410/14 226/415/14 225/413/14
f 225/413/2 226/415/2 230/420/2 229/419/2
f 229/419/13 230/420/13 228/418/13 227/417/13
f 227/417/4 228/418/4 224/411/4 223/408/4
f 225/414/10 229/419/10 227/417/10 223/409/10
f 230/420/8 226/416/8 224/412/8 228/418/8
usemtl Material.595
f 231/421/2 232/424/2 234/430/2 233/428/2
f 239/436/13 240/438/13 238/434/13 237/433/13
f 236/432/14 235/431/14 243/443/14 244/444/14
f 241/440/14 242/442/14 232/425/14 231/422/14
f 239/435/21 237/433/21 235/431/21 241/439/21
f 240/437/22 234/429/22 232/426/22 242/441/22
f 238/434/23 240/437/23 242/441/23 236/432/23
f 233/427/24 239/435/24 241/439/24 231/423/24
f 235/431/14 236/432/14 242/442/14 241/440/14
f 233/428/13 234/430/13 240/438/13 239/436/13
f 246/446/25 244/444/25 248/448/25 250/450/25
f 235/431/26 237/433/26 245/445/26 243/443/26
f 238/434/27 236/432/27 244/444/27 246/446/27
f 237/433/13 238/434/13 246/446/13 245/445/13
f 248/448/14 247/447/14 251/451/14 252/452/14
f 245/445/13 246/446/13 250/450/13 249/449/13
f 244/444/14 243/443/14 247/447/14 248/448/14
f 243/443/28 245/445/28 249/449/28 247/447/28
f 253/453/29 254/454/29 252/452/29 251/451/29
f 247/447/30 249/449/30 253/453/30 251/451/30
f 250/450/31 248/448/31 252/452/31 254/454/31
f 249/449/13 250/450/13 254/454/13 253/453/13
f 255/455/32 256/458/32 258/464/32 257/462/32
f 263/470/13 264/472/13 262/468/13 261/467/13
f 260/466/14 259/465/14 267/477/14 268/478/14
f 265/474/14 266/476/14 256/459/14 255/456/14
f 263/469/33 261/467/33 259/465/33 265/473/33
f 264/471/34 258/463/34 256/460/34 266/475/34
f 262/468/35 264/471/35 266/475/35 260/466/35
f 257/461/36 263/469/36 265/473/36 255/457/36
f 259/465/14 260/466/14 266/476/14 265/474/14
f 257/462/13 258/464/13 264/472/13 263/470/13
f 270/480/37 268/478/37 272/482/37 274/484/37
f 259/465/38 261/467/38 269/479/38 267/477/38
f 262/468/39 260/466/39 268/478/39 270/480/39
f 261/467/13 262/468/13 270/480/13 269/479/13
f 272/482/14 271/481/14 275/485/14 276/486/14
f 269/479/13 270/480/13 274/484/13 273/483/13
f 268/478/14 267/477/14 271/481/14 272/482/14
f 267/477/40 269/479/40 273/483/40 271/481/40
f 277/487/41 278/488/41 276/486/41 275/485/41
f 271/481/42 273/483/42 277/487/42 275/485/42
f 274/484/43 272/482/43 276/486/43 278/488/43
f 273/483/13 274/484/13 278/488/13 277/487/13
f 279/489/44 280/492/44 282/498/44 281/496/44
f 287/504/13 288/506/13 286/502/13 285/501/13
f 284/500/45 283/499/45 291/511/45 292/512/45
f 289/508/14 290/510/14 280/493/14 279/490/14
f 287/503/46 285/501/46 283/499/46 289/507/46
f 288/505/47 282/497/47 280/494/47 290/509/47
f 286/502/48 288/505/48 290/509/48 284/500/48
f 281/495/49 287/503/49 289/507/49 279/491/49
f 283/499/14 284/500/14 290/510/14 289/508/14
f 281/496/13 282/498/13 288/506/13 287/504/13
f 294/514/50 292/512/50 296/516/50 298/518/50
f 283/499/51 285/501/51 293/513/51 291/511/51
f 286/502/52 284/500/52 292/512/52 294/514/52
f 285/501/53 286/502/53 294/514/53 293/513/53
f 296/516/54 295/515/54 299/519/54 300/520/54
f 293/513/55 294/514/55 298/518/55 297/517/55
f 292/512/56 291/511/56 295/515/56 296/516/56
f 291/511/57 293/513/57 297/517/57 295/515/57
f 301/521/58 302/522/58 300/520/58 299/519/58
f 295/515/59 297/517/59 301/521/59 299/519/59
f 298/518/60 296/516/60 300/520/60 302/522/60
f 297/517/61 298/518/61 302/522/61 301/521/61
f 303/523/4 304/526/4 306/532/4 305/530/4
f 311/538/14 312/540/14 310/536/14 309/535/14
f 308/534/13 307/533/13 315/545/13 316/546/13
f 313/542/13 314/544/13 304/527/13 303/524/13
f 311/537/62 309/535/62 307/533/62 313/541/62
f 312/539/63 306/531/63 304/528/63 314/543/63
f 310/536/64 312/539/64 314/543/64 308/534/64
f 305/529/65 311/537/65 313/541/65 303/525/65
f 307/533/13 308/534/13 314/544/13 313/542/13
f 305/530/14 306/532/14 312/540/14 311/538/14
f 318/548/66 316/546/66 320/550/66 322/552/66
f 307/533/67 309/535/67 317/547/67 315/545/67
f 310/536/68 308/534/68 316/546/68 318/548/68
f 309/535/14 310/536/14 318/548/14 317/547/14
f 320/550/13 319/549/13 323/553/13 324/554/13
f 317/547/14 318/548/14 322/552/14 321/551/14
f 316/546/13 315/545/13 319/549/13 320/550/13
f 315/545/69 317/547/69 321/551/69 319/549/69
f 325/555/70 326/556/70 324/554/70 323/553/70
f 319/549/71 321/551/71 325/555/71 323/553/71
f 322/552/72 320/550/72 324/554/72 326/556/72
f 321/551/14 322/552/14 326/556/14 325/555/14
f 327/557/73 328/560/73 330/566/73 329/564/73
f 335/572/14 336/574/14 334/570/14 333/569/14
f 332/568/13 331/567/13 339/579/13 340/580/13
f 337/576/13 338/578/13 328/561/13 327/558/13
f 335/571/74 333/569/74 331/567/74 337/575/74
f 336/573/75 330/565/75 328/562/75 338/577/75
f 334/570/76 336/573/76 338/577/76 332/568/76
f 329/563/77 335/571/77 337/575/77 327/559/77
f 331/567/13 332/568/13 338/578/13 337/576/13
f 329/564/14 330/566/14 336/574/14 335/572/14
f 342/582/78 340/580/78 344/584/78 346/586/78
f 331/567/79 333/569/79 341/581/79 339/579/79
f 334/570/80 332/568/80 340/580/80 342/582/80
f 333/569/14 334/570/14 342/582/14 341/581/14
f 344/584/13 343/583/13 347/587/13 348/588/13
f 341/581/14 342/582/14 346/586/14 345/585/14
f 340/580/13 339/579/13 343/583/13 344/584/13
f 339/579/81 341/581/81 345/585/81 343/583/81
f 349/589/82 350/590/82 348/588/82 347/587/82
f 343/583/83 345/585/83 349/589/83 347/587/83
f 346/586/84 344/584/84 348/588/84 350/590/84
f 345/585/14 346/586/14 350/590/14 349/589/14
f 351/591/85 352/594/85 354/600/85 353/598/85
f 359/606/14 360/608/14 358/604/14 357/603/14
f 356/602/86 355/601/86 363/613/86 364/614/86
f 361/610/13 362/612/13 352/595/13 351/592/13
f 359/605/87 357/603/87 355/601/87 361/609/87
f 360/607/88 354/599/88 352/596/88 362/611/88
f 358/604/89 360/607/89 362/611/89 356/602/89
f 353/597/90 359/605/90 361/609/90 351/593/90
f 355/601/13 356/602/13 362/612/13 361/610/13
f 353/598/14 354/600/14 360/608/14 359/606/14
f 366/616/91 364/614/91 368/618/91 370/620/91
f 355/601/92 357/603/92 365/615/92 363/613/92
f 358/604/93 356/602/93 364/614/93 366/616/93
f 357/603/94 358/604/94 366/616/94 365/615/94
f 368/618/95 367/617/95 371/621/95 372/622/95
f 365/615/96 366/616/96 370/620/96 369/619/96
f 364/614/97 363/613/97 367/617/97 368/618/97
f 363/613/98 365/615/98 369/619/98 367/617/98
f 373/623/99 374/624/99 372/622/99 371/621/99
f 367/617/100 369/619/100 373/623/100 371/621/100
f 370/620/101 368/618/101 372/622/101 374/624/101
f 369/619/102 370/620/102 374/624/102 373/623/102
usemtl Material.596
f 375/625/2 376/628/2 378/633/2 377/631/2
f 377/631/13 378/633/13 382/638/13 381/637/13
f 381/637/4 382/638/4 380/636/4 379/635/4
f 379/635/14 380/636/14 376/629/14 375/626/14
f 377/632/10 381/637/10 379/635/10 375/627/10
f 382/638/8 378/634/8 376/630/8 380/636/8
f 391/654/103 384/642/103 386/647/103 392/655/103
f 392/655/13 386/647/13 390/652/13 393/656/13
f 393/656/104 390/652/104 388/650/104 394/657/104
f 394/657/14 388/650/14 384/643/14 391/653/14
f 385/645/105 389/651/105 387/649/105 383/639/105
f 390/652/106 386/648/106 384/644/106 388/650/106
f 387/649/14 394/657/14 391/653/14 383/640/14
f 389/651/107 393/656/107 394/657/107 387/649/107
f 385/646/13 392/655/13 393/656/13 389/651/13
f 383/641/108 391/654/108 392/655/108 385/646/108
f 403/673/109 396/661/109 398/666/109 404/674/109
f 404/674/13 398/666/13 402/671/13 405/675/13
f 405/675/110 402/671/110 400/669/110 406/676/110
f 406/676/14 400/669/14 396/662/14 403/672/14
f 397/664/111 401/670/111 399/668/111 395/658/111
f 402/671/112 398/667/112 396/663/112 400/669/112
f 399/668/14 406/676/14 403/672/14 395/659/14
f 401/670/113 405/675/113 406/676/113 399/668/113
f 397/665/13 404/674/13 405/675/13 401/670/13
f 395/660/114 403/673/114 404/674/114 397/665/114
f 415/692/115 408/680/115 410/685/115 416/693/115
f 416/693/14 410/685/14 414/690/14 417/694/14
f 417/694/116 414/690/116 412/688/116 418/695/116
f 418/695/13 412/688/13 408/681/13 415/691/13
f 409/683/117 413/689/117 411/687/117 407/677/117
f 414/690/118 410/686/118 408/682/118 412/688/118
f 411/687/13 418/695/13 415/691/13 407/678/13
f 413/689/119 417/694/119 418/695/119 411/687/119
f 409/684/14 416/693/14 417/694/14 413/689/14
f 407/679/120 415/692/120 416/693/120 409/684/120
f 427/711/121 420/699/121 422/704/121 428/712/121
f 428/712/14 422/704/14 426/709/14 429/713/14
f 429/713/122 426/709/122 424/707/122 430/714/122
f 430/714/13 424/707/13 420/700/13 427/710/13
f 421/702/123 425/708/123 423/706/123 419/696/123
f 426/709/124 422/705/124 420/701/124 424/707/124
f 423/706/13 430/714/13 427/710/13 419/697/13
f 425/708/125 429/713/125 430/714/125 423/706/125
f 421/703/14 428/712/14 429/713/14 425/708/14
f 419/698/126 427/711/126 428/712/126 421/703/126
f 439/730/127 432/718/127 434/723/127 440/731/127
f 440/731/14 434/723/14 438/728/14 441/732/14
f 441/732/128 438/728/128 436/726/128 442/733/128
f 442/733/13 436/726/13 432/719/13 439/729/13
f 433/721/129 437/727/129 435/725/129 431/715/129
f 438/728/130 434/724/130 432/720/130 436/726/130
f 435/725/13 442/733/13 439/729/13 431/716/13
f 437/727/131 441/732/131 442/733/131 435/725/131
f 433/722/14 440/731/14 441/732/14 437/727/14
f 431/717/132 439/730/132 440/731/132 433/722/132
f 451/749/133 444/737/133 446/742/133 452/750/133
f 452/750/13 446/742/13 450/747/13 453/751/13
f 453/751/134 450/747/134 448/745/134 454/752/134
f 454/752/14 448/745/14 444/738/14 451/748/14
f 445/740/135 449/746/135 447/744/135 443/734/135
f 450/747/136 446/743/136 444/739/136 448/745/136
f 447/744/14 454/752/14 451/748/14 443/735/14
f 449/746/137 453/751/137 454/752/137 447/744/137
f 445/741/13 452/750/13 453/751/13 449/746/13
f 443/736/138 451/749/138 452/750/138 445/741/138
usemtl Material.597
f 463/768/139 456/756/139 458/761/139 464/769/139
f 464/769/13 458/761/13 462/766/13 465/770/13
f 465/770/140 462/766/140 460/764/140 466/771/140
f 466/771/14 460/764/14 456/757/14 463/767/14
f 457/759/141 461/765/141 459/763/141 455/753/141
f 462/766/142 458/762/142 456/758/142 460/764/142
f 459/763/14 466/771/14 463/767/14 455/754/14
f 461/765/143 465/770/143 466/771/143 459/763/143
f 457/760/13 464/769/13 465/770/13 461/765/13
f 455/755/144 463/768/144 464/769/144 457/760/144
f 475/787/145 468/775/145 470/780/145 476/788/145
f 476/788/14 470/780/14 474/785/14 477/789/14
f 477/789/146 474/785/146 472/783/146 478/790/146
f 478/790/13 472/783/13 468/776/13 475/786/13
f 469/778/147 473/784/147 471/782/147 467/772/147
f 474/785/148 470/781/148 468/777/148 472/783/148
f 471/782/13 478/790/13 475/786/13 467/773/13
f 473/784/149 477/789/149 478/790/149 471/782/149
f 469/779/14 476/788/14 477/789/14 473/784/14
f 467/774/150 475/787/150 476/788/150 469/779/150
f 487/806/151 480/794/151 482/799/151 488/807/151
f 488/807/13 482/799/13 486/804/13 489/808/13
f 489/808/152 486/804/152 484/802/152 490/809/152
f 490/809/14 484/802/14 480/795/14 487/805/14
f 481/797/153 485/803/153 483/801/153 479/791/153
f 486/804/154 482/800/154 480/796/154 484/802/154
f 483/801/14 490/809/14 487/805/14 479/792/14
f 485/803/155 489/808/155 490/809/155 483/801/155
f 481/798/13 488/807/13 489/808/13 485/803/13
f 479/793/156 487/806/156 488/807/156 481/798/156
f 499/825/157 492/813/157 494/818/157 500/826/157
f 500/826/14 494/818/14 498/823/14 501/827/14
f 501/827/158 498/823/158 496/821/158 502/828/158
f 502/828/13 496/821/13 492/814/13 499/824/13
f 493/816/159 497/822/159 495/820/159 491/810/159
f 498/823/160 494/819/160 492/815/160 496/821/160
f 495/820/13 502/828/13 499/824/13 491/811/13
f 497/822/161 501/827/161 502/828/161 495/820/161
f 493/817/14 500/826/14 501/827/14 497/822/14
f 491/812/162 499/825/162 500/826/162 493/817/162
f 511/844/163 504/832/163 506/837/163 512/845/163
f 512/845/13 506/837/13 510/842/13 513/846/13
f 513/846/164 510/842/164 508/840/164 514/847/164
f 514/847/14 508/840/14 504/833/14 511/843/14
f 505/835/165 509/841/165 507/839/165 503/829/165
f 510/842/166 506/838/166 504/834/166 508/840/166
f 507/839/14 514/847/14 511/843/14 503/830/14
f 509/841/167 513/846/167 514/847/167 507/839/167
f 505/836/13 512/845/13 513/846/13 509/841/13
f 503/831/168 511/844/168 512/845/168 505/836/168
f 523/863/169 516/851/169 518/856/169 524/864/169
f 524/864/14 518/856/14 522/861/14 525/865/14
f 525/865/170 522/861/170 520/859/170 526/866/170
f 526/866/13 520/859/13 516/852/13 523/862/13
f 517/854/171 521/860/171 519/858/171 515/848/171
f 522/861/172 518/857/172 516/853/172 520/859/172
f 519/858/13 526/866/13 523/862/13 515/849/13
f 521/860/173 525/865/173 526/866/173 519/858/173
f 517/855/14 524/864/14 525/865/14 521/860/14
f 515/850/174 523/863/174 524/864/174 517/855/174
usemtl Material.598
f 863/1455/2 864/1458/2 866/1463/2 865/1461/2
f 865/1461/13 866/1463/13 870/1468/13 869/1467/13
f 869/1467/4 870/1468/4 868/1466/4 867/1465/4
f 867/1465/14 868/1466/14 864/1459/14 863/1456/14
f 865/1462/10 869/1467/10 867/1465/10 863/1457/10
f 870/1468/8 866/1464/8 864/1460/8 868/1466/8
usemtl Material.599
f 914/1542/14 913/1541/14 916/1544/14 917/1545/14 918/1546/14 919/1547/14 920/1548/14 921/1549/14 922/1550/14 923/1551/14 924/1552/14 925/1553/14 926/1554/14 915/1543/14
f 970/1628/14 969/1627/14 972/1630/14 973/1631/14 974/1632/14 975/1633/14 976/1634/14 977/1635/14 978/1636/14 979/1637/14 980/1638/14 981/1639/14 982/1640/14 971/1629/14
usemtl Material.601
f 1210/1946/14 1193/1926/14 1194/1927/14 1211/1947/14
f 1207/1943/14 1189/1921/14 1193/1926/14 1210/1946/14
f 1208/1944/13 1191/1924/13 1192/1925/13 1209/1945/13
f 1205/1941/13 1187/1919/13 1191/1924/13 1208/1944/13
f 1212/1949/2 1190/1922/2 1187/1919/2 1205/1941/2
f 1209/1945/13 1192/1925/13 1188/1920/13 1206/1942/13
f 1206/1942/4 1188/1920/4 1189/1921/4 1207/1943/4
f 1211/1947/14 1194/1927/14 1190/1923/14 1212/1948/14
usemtl Material.602
f 1185/1916/14 1211/1947/14 1212/1948/14 1179/1907/14
f 1182/1910/4 1206/1942/4 1207/1943/4 1181/1909/4
f 1183/1912/13 1209/1945/13 1206/1942/13 1182/1910/13
f 1179/1906/2 1212/1949/2 1205/1941/2 1180/1908/2
f 1180/1908/13 1205/1941/13 1208/1944/13 1184/1913/13
f 1184/1913/13 1208/1944/13 1209/1945/13 1183/1912/13
f 1181/1909/14 1207/1943/14 1210/1946/14 1186/1917/14
f 1186/1917/14 1210/1946/14 1211/1947/14 1185/1916/14
usemtl Material.603
f 1184/1914/10 1183/1911/10 1186/1918/10 1185/1915/10
f 1182/1910/4 1181/1909/4 1216/1955/4 1213/1950/4
f 1181/1909/14 1186/1917/14 1215/1953/14 1216/1955/14
f 1186/1918/2 1183/1911/2 1214/1951/2 1215/1954/2
f 1183/1912/13 1182/1910/13 1213/1950/13 1214/1952/13
f 1179/1906/2 1180/1908/2 1220/1962/2 1217/1956/2
f 1180/1908/13 1184/1913/13 1219/1960/13 1220/1962/13
f 1184/1914/4 1185/1915/4 1218/1958/4 1219/1961/4
f 1185/1916/14 1179/1907/14 1217/1957/14 1218/1959/14
usemtl Material.604
f 1218/1959/14 1217/1957/14 1197/1928/14 1200/1933/14
f 1219/1961/4 1218/1958/4 1200/1934/4 1199/1931/4
f 1220/1962/13 1219/1960/13 1199/1932/13 1198/1930/13
f 1217/1956/2 1220/1962/2 1198/1930/2 1197/1929/2
f 1214/1952/13 1213/1950/13 1202/1936/13 1203/1937/13
f 1215/1954/2 1214/1951/2 1203/1938/2 1204/1939/2
f 1216/1955/14 1215/1953/14 1204/1940/14 1201/1935/14
f 1213/1950/4 1216/1955/4 1201/1935/4 1202/1936/4
usemtl Material.605
f 1230/1976/2 1222/1964/2 1224/1968/2 1229/1974/2
f 1229/1974/13 1224/1968/13 1228/1973/13 1231/1979/13
f 1231/1979/4 1228/1973/4 1226/1971/4 1232/1980/4
f 1232/1980/14 1226/1971/14 1222/1965/14 1230/1977/14
f 1228/1973/8 1224/1969/8 1222/1966/8 1226/1971/8
f 1223/1967/10 1221/1963/10 1230/1978/10 1229/1975/10
f 1227/1972/10 1223/1967/10 1229/1975/10 1231/1979/10
f 1225/1970/10 1227/1972/10 1231/1979/10 1232/1980/10
f 1221/1963/10 1225/1970/10 1232/1980/10 1230/1978/10
f 1246/1998/2 1238/1986/2 1240/1990/2 1245/1996/2
f 1245/1996/13 1240/1990/13 1244/1995/13 1247/2001/13
f 1247/2001/4 1244/1995/4 1242/1993/4 1248/2002/4
f 1248/2002/14 1242/1993/14 1238/1987/14 1246/1999/14
f 1244/1995/8 1240/1991/8 1238/1988/8 1242/1993/8
f 1239/1989/10 1237/1985/10 1246/2000/10 1245/1997/10
f 1243/1994/10 1239/1989/10 1245/1997/10 1247/2001/10
f 1241/1992/10 1243/1994/10 1247/2001/10 1248/2002/10
f 1237/1985/10 1241/1992/10 1248/2002/10 1246/2000/10
usemtl Material.606
f 1227/1972/4 1225/1970/4 1236/1984/4 1235/1983/4
f 1233/1981/10 1235/1983/10 1236/1984/10 1234/1982/10
f 1221/1963/2 1223/1967/2 1233/1981/2 1234/1982/2
f 1225/1970/14 1221/1963/14 1234/1982/14 1236/1984/14
f 1223/1967/13 1227/1972/13 1235/1983/13 1233/1981/13
f 1243/1994/4 1241/1992/4 1252/2006/4 1251/2005/4
f 1249/2003/10 1251/2005/10 1252/2006/10 1250/2004/10
f 1237/1985/2 1239/1989/2 1249/2003/2 1250/2004/2
f 1241/1992/14 1237/1985/14 1250/2004/14 1252/2006/14
f 1239/1989/13 1243/1994/13 1251/2005/13 1249/2003/13
usemtl Material.607
f 1253/2007/265 1254/2010/265 1256/2015/265 1255/2013/265
f 1255/2013/2 1256/2015/2 1260/2020/2 1259/2019/2
f 1259/2019/266 1260/2020/266 1258/2018/266 1257/2017/266
f 1257/2017/4 1258/2018/4 1254/2011/4 1253/2008/4
f 1255/2014/267 1259/2019/267 1257/2017/267 1253/2009/267
f 1260/2020/268 1256/2016/268 1254/2012/268 1258/2018/268
f 1261/2021/269 1262/2024/269 1264/2029/269 1263/2027/269
f 1263/2027/2 1264/2029/2 1268/2034/2 1267/2033/2
f 1267/2033/270 1268/2034/270 1266/2032/270 1265/2031/270
f 1265/2031/4 1266/2032/4 1262/2025/4 1261/2022/4
f 1263/2028/271 1267/2033/271 1265/2031/271 1261/2023/271
f 1268/2034/272 1264/2030/272 1262/2026/272 1266/2032/272
f 1269/2035/265 1270/2038/265 1272/2043/265 1271/2041/265
f 1271/2041/2 1272/2043/2 1276/2048/2 1275/2047/2
f 1275/2047/266 1276/2048/266 1274/2046/266 1273/2045/266
f 1273/2045/4 1274/2046/4 1270/2039/4 1269/2036/4
f 1271/2042/267 1275/2047/267 1273/2045/267 1269/2037/267
f 1276/2048/268 1272/2044/268 1270/2040/268 1274/2046/268
f 1277/2049/273 1278/2052/273 1280/2057/273 1279/2055/273
f 1279/2055/2 1280/2057/2 1284/2062/2 1283/2061/2
f 1283/2061/274 1284/2062/274 1282/2060/274 1281/2059/274
f 1281/2059/4 1282/2060/4 1278/2053/4 1277/2050/4
f 1279/2056/275 1283/2061/275 1281/2059/275 1277/2051/275
f 1284/2062/276 1280/2058/276 1278/2054/276 1282/2060/276
f 1285/2063/273 1286/2066/273 1288/2071/273 1287/2069/273
f 1287/2069/2 1288/2071/2 1292/2076/2 1291/2075/2
f 1291/2075/274 1292/2076/274 1290/2074/274 1289/2073/274
f 1289/2073/4 1290/2074/4 1286/2067/4 1285/2064/4
f 1287/2070/275 1291/2075/275 1289/2073/275 1285/2065/275
f 1292/2076/276 1288/2072/276 1286/2068/276 1290/2074/276
f 1293/2077/277 1294/2080/277 1296/2085/277 1295/2083/277
f 1295/2083/13 1296/2085/13 1300/2090/13 1299/2089/13
f 1299/2089/278 1300/2090/278 1298/2088/278 1297/2087/278
f 1297/2087/14 1298/2088/14 1294/2081/14 1293/2078/14
f 1295/2084/279 1299/2089/279 1297/2087/279 1293/2079/279
f 1300/2090/280 1296/2086/280 1294/2082/280 1298/2088/280
f 1301/2091/281 1302/2094/281 1304/2099/281 1303/2097/281
f 1303/2097/13 1304/2099/13 1308/2104/13 1307/2103/13
f 1307/2103/282 1308/2104/282 1306/2102/282 1305/2101/282
f 1305/2101/14 1306/2102/14 1302/2095/14 1301/2092/14
f 1303/2098/283 1307/2103/283 1305/2101/283 1301/2093/283
f 1308/2104/284 1304/2100/284 1302/2096/284 1306/2102/284
f 1309/2105/2 1310/2108/2 1312/2113/2 1311/2111/2
f 1311/2111/13 1312/2113/13 1316/2118/13 1315/2117/13
f 1315/2117/4 1316/2118/4 1314/2116/4 1313/2115/4
f 1313/2115/14 1314/2116/14 1310/2109/14 1309/2106/14
f 1311/2112/10 1315/2117/10 1313/2115/10 1309/2107/10
f 1316/2118/8 1312/2114/8 1310/2110/8 1314/2116/8
f 1317/2119/2 1318/2122/2 1320/2127/2 1319/2125/2
f 1319/2125/13 1320/2127/13 1324/2132/13 1323/2131/13
f 1323/2131/4 1324/2132/4 1322/2130/4 1321/2129/4
f 1321/2129/14 1322/2130/14 1318/2123/14 1317/2120/14
f 1319/2126/10 1323/2131/10 1321/2129/10 1317/2121/10
f 1324/2132/8 1320/2128/8 1318/2124/8 1322/2130/8
f 1325/2133/281 1326/2136/281 1328/2141/281 1327/2139/281
f 1327/2139/13 1328/2141/13 1332/2146/13 1331/2145/13
f 1331/2145/282 1332/2146/282 1330/2144/282 1329/2143/282
f 1329/2143/14 1330/2144/14 1326/2137/14 1325/2134/14
f 1327/2140/283 1331/2145/283 1329/2143/283 1325/2135/283
f 1332/2146/284 1328/2142/284 1326/2138/284 1330/2144/284
f 1333/2147/277 1334/2150/277 1336/2155/277 1335/2153/277
f 1335/2153/13 1336/2155/13 1340/2160/13 1339/2159/13
f 1339/2159/278 1340/2160/278 1338/2158/278 1337/2157/278
f 1337/2157/14 1338/2158/14 1334/2151/14 1333/2148/14
f 1335/2154/279 1339/2159/279 1337/2157/279 1333/2149/279
f 1340/2160/280 1336/2156/280 1334/2152/280 1338/2158/280
f 1341/2161/2 1342/2164/2 1344/2169/2 1343/2167/2
f 1343/2167/13 1344/2169/13 1348/2174/13 1347/2173/13
f 1347/2173/4 1348/2174/4 1346/2172/4 1345/2171/4
f 1345/2171/14 1346/2172/14 1342/2165/14 1341/2162/14
f 1343/2168/10 1347/2173/10 1345/2171/10 1341/2163/10
f 1348/2174/8 1344/2170/8 1342/2166/8 1346/2172/8
f 1349/2175/285 1350/2178/285 1352/2183/285 1351/2181/285
f 1351/2181/13 1352/2183/13 1356/2188/13 1355/2187/13
f 1355/2187/286 1356/2188/286 1354/2186/286 1353/2185/286
f 1353/2185/14 1354/2186/14 1350/2179/14 1349/2176/14
f 1351/2182/287 1355/2187/287 1353/2185/287 1349/2177/287
f 1356/2188/288 1352/2184/288 1350/2180/288 1354/2186/288
f 1357/2189/281 1358/2192/281 1360/2197/281 1359/2195/281
f 1359/2195/13 1360/2197/13 1364/2202/13 1363/2201/13
f 1363/2201/282 1364/2202/282 1362/2200/282 1361/2199/282
f 1361/2199/14 1362/2200/14 1358/2193/14 1357/2190/14
f 1359/2196/283 1363/2201/283 1361/2199/283 1357/2191/283
f 1364/2202/284 1360/2198/284 1358/2194/284 1362/2200/284
f 1365/2203/2 1366/2206/2 1368/2211/2 1367/2209/2
f 1367/2209/13 1368/2211/13 1372/2216/13 1371/2215/13
f 1371/2215/4 1372/2216/4 1370/2214/4 1369/2213/4
f 1369/2213/14 1370/2214/14 1366/2207/14 1365/2204/14
f 1367/2210/10 1371/2215/10 1369/2213/10 1365/2205/10
f 1372/2216/8 1368/2212/8 1366/2208/8 1370/2214/8
f 1373/2217/2 1374/2220/2 1376/2225/2 1375/2223/2
f 1375/2223/13 1376/2225/13 1380/2230/13 1379/2229/13
f 1379/2229/4 1380/2230/4 1378/2228/4 1377/2227/4
f 1377/2227/14 1378/2228/14 1374/2221/14 1373/2218/14
f 1375/2224/10 1379/2229/10 1377/2227/10 1373/2219/10
f 1380/2230/8 1376/2226/8 1374/2222/8 1378/2228/8
f 1381/2231/289 1382/2234/289 1384/2239/289 1383/2237/289
f 1383/2237/13 1384/2239/13 1388/2244/13 1387/2243/13
f 1387/2243/290 1388/2244/290 1386/2242/290 1385/2241/290
f 1385/2241/14 1386/2242/14 1382/2235/14 1381/2232/14
f 1383/2238/291 1387/2243/291 1385/2241/291 1381/2233/291
f 1388/2244/292 1384/2240/292 1382/2236/292 1386/2242/292
f 1389/2245/265 1390/2248/265 1392/2253/265 1391/2251/265
f 1391/2251/2 1392/2253/2 1396/2258/2 1395/2257/2
f 1395/2257/266 1396/2258/266 1394/2256/266 1393/2255/266
f 1393/2255/4 1394/2256/4 1390/2249/4 1389/2246/4
f 1391/2252/267 1395/2257/267 1393/2255/267 1389/2247/267
f 1396/2258/268 1392/2254/268 1390/2250/268 1394/2256/268
f 1397/2259/293 1398/2262/293 1400/2267/293 1399/2265/293
f 1399/2265/13 1400/2267/13 1404/2272/13 1403/2271/13
f 1403/2271/294 1404/2272/294 1402/2270/294 1401/2269/294
f 1401/2269/14 1402/2270/14 1398/2263/14 1397/2260/14
f 1399/2266/295 1403/2271/295 1401/2269/295 1397/2261/295
f 1404/2272/296 1400/2268/296 1398/2264/296 1402/2270/296
f 1405/2273/2 1406/2276/2 1408/2281/2 1407/2279/2
f 1407/2279/13 1408/2281/13 1412/2286/13 1411/2285/13
f 1411/2285/4 1412/2286/4 1410/2284/4 1409/2283/4
f 1409/2283/14 1410/2284/14 1406/2277/14 1405/2274/14
f 1407/2280/10 1411/2285/10 1409/2283/10 1405/2275/10
f 1412/2286/8 1408/2282/8 1406/2278/8 1410/2284/8
f 1413/2287/2 1414/2290/2 1416/2295/2 1415/2293/2
f 1415/2293/13 1416/2295/13 1420/2300/13 1419/2299/13
f 1419/2299/4 1420/2300/4 1418/2298/4 1417/2297/4
f 1417/2297/14 1418/2298/14 1414/2291/14 1413/2288/14
f 1415/2294/10 1419/2299/10 1417/2297/10 1413/2289/10
f 1420/2300/8 1416/2296/8 1414/2292/8 1418/2298/8
f 1421/2301/289 1422/2304/289 1424/2309/289 1423/2307/289
f 1423/2307/13 1424/2309/13 1428/2314/13 1427/2313/13
f 1427/2313/297 1428/2314/297 1426/2312/297 1425/2311/297
f 1425/2311/14 1426/2312/14 1422/2305/14 1421/2302/14
f 1423/2308/291 1427/2313/291 1425/2311/291 1421/2303/291
f 1428/2314/292 1424/2310/292 1422/2306/292 1426/2312/292
f 1429/2315/293 1430/2318/293 1432/2323/293 1431/2321/293
f 1431/2321/13 1432/2323/13 1436/2328/13 1435/2327/13
f 1435/2327/294 1436/2328/294 1434/2326/294 1433/2325/294
f 1433/2325/14 1434/2326/14 1430/2319/14 1429/2316/14
f 1431/2322/298 1435/2327/298 1433/2325/298 1429/2317/298
f 1436/2328/299 1432/2324/299 1430/2320/299 1434/2326/299
f 1437/2329/2 1438/2332/2 1440/2337/2 1439/2335/2
f 1439/2335/13 1440/2337/13 1444/2342/13 1443/2341/13
f 1443/2341/4 1444/2342/4 1442/2340/4 1441/2339/4
f 1441/2339/14 1442/2340/14 1438/2333/14 1437/2330/14
f 1439/2336/10 1443/2341/10 1441/2339/10 1437/2331/10
f 1444/2342/8 1440/2338/8 1438/2334/8 1442/2340/8
f 1445/2343/2 1446/2346/2 1448/2351/2 1447/2349/2
f 1447/2349/13 1448/2351/13 1452/2356/13 1451/2355/13
f 1451/2355/4 1452/2356/4 1450/2354/4 1449/2353/4
f 1449/2353/14 1450/2354/14 1446/2347/14 1445/2344/14
f 1447/2350/10 1451/2355/10 1449/2353/10 1445/2345/10
f 1452/2356/8 1448/2352/8 1446/2348/8 1450/2354/8
f 1453/2357/277 1454/2360/277 1456/2365/277 1455/2363/277
f 1455/2363/13 1456/2365/13 1460/2370/13 1459/2369/13
f 1459/2369/278 1460/2370/278 1458/2368/278 1457/2367/278
f 1457/2367/14 1458/2368/14 1454/2361/14 1453/2358/14
f 1455/2364/279 1459/2369/279 1457/2367/279 1453/2359/279
f 1460/2370/280 1456/2366/280 1454/2362/280 1458/2368/280
f 1461/2371/281 1462/2374/281 1464/2379/281 1463/2377/281
f 1463/2377/13 1464/2379/13 1468/2384/13 1467/2383/13
f 1467/2383/282 1468/2384/282 1466/2382/282 1465/2381/282
f 1465/2381/14 1466/2382/14 1462/2375/14 1461/2372/14
f 1463/2378/283 1467/2383/283 1465/2381/283 1461/2373/283
f 1468/2384/284 1464/2380/284 1462/2376/284 1466/2382/284
f 1469/2385/2 1470/2388/2 1472/2393/2 1471/2391/2
f 1471/2391/13 1472/2393/13 1476/2398/13 1475/2397/13
f 1475/2397/4 1476/2398/4 1474/2396/4 1473/2395/4
f 1473/2395/14 1474/2396/14 1470/2389/14 1469/2386/14
f 1471/2392/10 1475/2397/10 1473/2395/10 1469/2387/10
f 1476/2398/8 1472/2394/8 1470/2390/8 1474/2396/8
f 1477/2399/281 1478/2402/281 1480/2407/281 1479/2405/281
f 1479/2405/13 1480/2407/13 1484/2412/13 1483/2411/13
f 1483/2411/282 1484/2412/282 1482/2410/282 1481/2409/282
f 1481/2409/14 1482/2410/14 1478/2403/14 1477/2400/14
f 1479/2406/283 1483/2411/283 1481/2409/283 1477/2401/283
f 1484/2412/284 1480/2408/284 1478/2404/284 1482/2410/284
f 1485/2413/300 1486/2416/300 1488/2421/300 1487/2419/300
f 1487/2419/13 1488/2421/13 1492/2426/13 1491/2425/13
f 1491/2425/301 1492/2426/301 1490/2424/301 1489/2423/301
f 1489/2423/14 1490/2424/14 1486/2417/14 1485/2414/14
f 1487/2420/302 1491/2425/302 1489/2423/302 1485/2415/302
f 1492/2426/303 1488/2422/303 1486/2418/303 1490/2424/303
f 1493/2427/285 1494/2430/285 1496/2435/285 1495/2433/285
f 1495/2433/13 1496/2435/13 1500/2440/13 1499/2439/13
f 1499/2439/286 1500/2440/286 1498/2438/286 1497/2437/286
f 1497/2437/14 1498/2438/14 1494/2431/14 1493/2428/14
f 1495/2434/287 1499/2439/287 1497/2437/287 1493/2429/287
f 1500/2440/288 1496/2436/288 1494/2432/288 1498/2438/288
f 1501/2441/281 1502/2444/281 1504/2449/281 1503/2447/281
f 1503/2447/13 1504/2449/13 1508/2454/13 1507/2453/13
f 1507/2453/282 1508/2454/282 1506/2452/282 1505/2451/282
f 1505/2451/14 1506/2452/14 1502/2445/14 1501/2442/14
f 1503/2448/283 1507/2453/283 1505/2451/283 1501/2443/283
f 1508/2454/284 1504/2450/284 1502/2446/284 1506/2452/284
f 1509/2455/281 1510/2458/281 1512/2463/281 1511/2461/281
f 1511/2461/13 1512/2463/13 1516/2468/13 1515/2467/13
f 1515/2467/282 1516/2468/282 1514/2466/282 1513/2465/282
f 1513/2465/14 1514/2466/14 1510/2459/14 1509/2456/14
f 1511/2462/283 1515/2467/283 1513/2465/283 1509/2457/283
f 1516/2468/284 1512/2464/284 1510/2460/284 1514/2466/284
f 1517/2469/2 1518/2472/2 1520/2477/2 1519/2475/2
f 1519/2475/13 1520/2477/13 1524/2482/13 1523/2481/13
f 1523/2481/4 1524/2482/4 1522/2480/4 1521/2479/4
f 1521/2479/14 1522/2480/14 1518/2473/14 1517/2470/14
f 1519/2476/10 1523/2481/10 1521/2479/10 1517/2471/10
f 1524/2482/8 1520/2478/8 1518/2474/8 1522/2480/8
f 1525/2483/277 1526/2486/277 1528/2491/277 1527/2489/277
f 1527/2489/13 1528/2491/13 1532/2496/13 1531/2495/13
f 1531/2495/278 1532/2496/278 1530/2494/278 1529/2493/278
f 1529/2493/14 1530/2494/14 1526/2487/14 1525/2484/14
f 1527/2490/279 1531/2495/279 1529/2493/279 1525/2485/279
f 1532/2496/280 1528/2492/280 1526/2488/280 1530/2494/280
f 1533/2497/304 1534/2500/304 1536/2505/304 1535/2503/304
f 1535/2503/13 1536/2505/13 1540/2510/13 1539/2509/13
f 1539/2509/305 1540/2510/305 1538/2508/305 1537/2507/305
f 1537/2507/14 1538/2508/14 1534/2501/14 1533/2498/14
f 1535/2504/306 1539/2509/306 1537/2507/306 1533/2499/306
f 1540/2510/307 1536/2506/307 1534/2502/307 1538/2508/307
f 1541/2511/308 1542/2514/308 1544/2519/308 1543/2517/308
f 1543/2517/13 1544/2519/13 1548/2524/13 1547/2523/13
f 1547/2523/309 1548/2524/309 1546/2522/309 1545/2521/309
f 1545/2521/14 1546/2522/14 1542/2515/14 1541/2512/14
f 1543/2518/310 1547/2523/310 1545/2521/310 1541/2513/310
f 1548/2524/311 1544/2520/311 1542/2516/311 1546/2522/311
f 1549/2525/293 1550/2528/293 1552/2533/293 1551/2531/293
f 1551/2531/13 1552/2533/13 1556/2538/13 1555/2537/13
f 1555/2537/294 1556/2538/294 1554/2536/294 1553/2535/294
f 1553/2535/14 1554/2536/14 1550/2529/14 1549/2526/14
f 1551/2532/298 1555/2537/298 1553/2535/298 1549/2527/298
f 1556/2538/299 1552/2534/299 1550/2530/299 1554/2536/299
f 1557/2539/312 1558/2542/312 1560/2547/312 1559/2545/312
f 1559/2545/13 1560/2547/13 1564/2552/13 1563/2551/13
f 1563/2551/313 1564/2552/313 1562/2550/313 1561/2549/313
f 1561/2549/14 1562/2550/14 1558/2543/14 1557/2540/14
f 1559/2546/314 1563/2551/314 1561/2549/314 1557/2541/314
f 1564/2552/315 1560/2548/315 1558/2544/315 1562/2550/315
f 1565/2553/312 1566/2556/312 1568/2561/312 1567/2559/312
f 1567/2559/13 1568/2561/13 1572/2566/13 1571/2565/13
f 1571/2565/313 1572/2566/313 1570/2564/313 1569/2563/313
f 1569/2563/14 1570/2564/14 1566/2557/14 1565/2554/14
f 1567/2560/314 1571/2565/314 1569/2563/314 1565/2555/314
f 1572/2566/315 1568/2562/315 1566/2558/315 1570/2564/315
f 1573/2567/308 1574/2570/308 1576/2575/308 1575/2573/308
f 1575/2573/13 1576/2575/13 1580/2580/13 1579/2579/13
f 1579/2579/309 1580/2580/309 1578/2578/309 1577/2577/309
f 1577/2577/14 1578/2578/14 1574/2571/14 1573/2568/14
f 1575/2574/316 1579/2579/316 1577/2577/316 1573/2569/316
f 1580/2580/317 1576/2576/317 1574/2572/317 1578/2578/317
f 1581/2581/293 1582/2584/293 1584/2589/293 1583/2587/293
f 1583/2587/13 1584/2589/13 1588/2594/13 1587/2593/13
f 1587/2593/294 1588/2594/294 1586/2592/294 1585/2591/294
f 1585/2591/14 1586/2592/14 1582/2585/14 1581/2582/14
f 1583/2588/295 1587/2593/295 1585/2591/295 1581/2583/295
f 1588/2594/296 1584/2590/296 1582/2586/296 1586/2592/296
f 1589/2595/312 1590/2598/312 1592/2603/312 1591/2601/312
f 1591/2601/13 1592/2603/13 1596/2608/13 1595/2607/13
f 1595/2607/318 1596/2608/318 1594/2606/318 1593/2605/318
f 1593/2605/14 1594/2606/14 1590/2599/14 1589/2596/14
f 1591/2602/319 1595/2607/319 1593/2605/319 1589/2597/319
f 1596/2608/315 1592/2604/315 1590/2600/315 1594/2606/315
f 1597/2609/312 1598/2612/312 1600/2617/312 1599/2615/312
f 1599/2615/13 1600/2617/13 1604/2622/13 1603/2621/13
f 1603/2621/318 1604/2622/318 1602/2620/318 1601/2619/318
f 1601/2619/14 1602/2620/14 1598/2613/14 1597/2610/14
f 1599/2616/319 1603/2621/319 1601/2619/319 1597/2611/319
f 1604/2622/315 1600/2618/315 1598/2614/315 1602/2620/315
f 1605/2623/269 1606/2626/269 1608/2631/269 1607/2629/269
f 1607/2629/2 1608/2631/2 1612/2636/2 1611/2635/2
f 1611/2635/270 1612/2636/270 1610/2634/270 1609/2633/270
f 1609/2633/4 1610/2634/4 1606/2627/4 1605/2624/4
f 1607/2630/271 1611/2635/271 1609/2633/271 1605/2625/271
f 1612/2636/272 1608/2632/272 1606/2628/272 1610/2634/272
f 1613/2637/265 1614/2640/265 1616/2645/265 1615/2643/265
f 1615/2643/2 1616/2645/2 1620/2650/2 1619/2649/2
f 1619/2649/266 1620/2650/266 1618/2648/266 1617/2647/266
f 1617/2647/4 1618/2648/4 1614/2641/4 1613/2638/4
f 1615/2644/267 1619/2649/267 1617/2647/267 1613/2639/267
f 1620/2650/268 1616/2646/268 1614/2642/268 1618/2648/268
f 1621/2651/273 1622/2654/273 1624/2659/273 1623/2657/273
f 1623/2657/2 1624/2659/2 1628/2664/2 1627/2663/2
f 1627/2663/274 1628/2664/274 1626/2662/274 1625/2661/274
f 1625/2661/4 1626/2662/4 1622/2655/4 1621/2652/4
f 1623/2658/275 1627/2663/275 1625/2661/275 1621/2653/275
f 1628/2664/276 1624/2660/276 1622/2656/276 1626/2662/276
f 1629/2665/273 1630/2668/273 1632/2673/273 1631/2671/273
f 1631/2671/2 1632/2673/2 1636/2678/2 1635/2677/2
f 1635/2677/274 1636/2678/274 1634/2676/274 1633/2675/274
f 1633/2675/4 1634/2676/4 1630/2669/4 1629/2666/4
f 1631/2672/275 1635/2677/275 1633/2675/275 1629/2667/275
f 1636/2678/276 1632/2674/276 1630/2670/276 1634/2676/276
f 1637/2679/2 1638/2682/2 1640/2687/2 1639/2685/2
f 1639/2685/13 1640/2687/13 1644/2692/13 1643/2691/13
f 1643/2691/4 1644/2692/4 1642/2690/4 1641/2689/4
f 1641/2689/14 1642/2690/14 1638/2683/14 1637/2680/14
f 1639/2686/10 1643/2691/10 1641/2689/10 1637/2681/10
f 1644/2692/8 1640/2688/8 1638/2684/8 1642/2690/8
f 1645/2693/300 1646/2696/300 1648/2701/300 1647/2699/300
f 1647/2699/13 1648/2701/13 1652/2706/13 1651/2705/13
f 1651/2705/301 1652/2706/301 1650/2704/301 1649/2703/301
f 1649/2703/14 1650/2704/14 1646/2697/14 1645/2694/14
f 1647/2700/302 1651/2705/302 1649/2703/302 1645/2695/302
f 1652/2706/303 1648/2702/303 1646/2698/303 1650/2704/303
f 1653/2707/308 1654/2710/308 1656/2715/308 1655/2713/308
f 1655/2713/13 1656/2715/13 1660/2720/13 1659/2719/13
f 1659/2719/309 1660/2720/309 1658/2718/309 1657/2717/309
f 1657/2717/14 1658/2718/14 1654/2711/14 1653/2708/14
f 1655/2714/316 1659/2719/316 1657/2717/316 1653/2709/316
f 1660/2720/317 1656/2716/317 1654/2712/317 1658/2718/317
f 1661/2721/293 1662/2724/293 1664/2729/293 1663/2727/293
f 1663/2727/13 1664/2729/13 1668/2734/13 1667/2733/13
f 1667/2733/294 1668/2734/294 1666/2732/294 1665/2731/294
f 1665/2731/14 1666/2732/14 1662/2725/14 1661/2722/14
f 1663/2728/295 1667/2733/295 1665/2731/295 1661/2723/295
f 1668/2734/296 1664/2730/296 1662/2726/296 1666/2732/296
f 1669/2735/312 1670/2738/312 1672/2743/312 1671/2741/312
f 1671/2741/13 1672/2743/13 1676/2748/13 1675/2747/13
f 1675/2747/318 1676/2748/318 1674/2746/318 1673/2745/318
f 1673/2745/14 1674/2746/14 1670/2739/14 1669/2736/14
f 1671/2742/319 1675/2747/319 1673/2745/319 1669/2737/319
f 1676/2748/315 1672/2744/315 1670/2740/315 1674/2746/315
f 1677/2749/312 1678/2752/312 1680/2757/312 1679/2755/312
f 1679/2755/13 1680/2757/13 1684/2762/13 1683/2761/13
f 1683/2761/318 1684/2762/318 1682/2760/318 1681/2759/318
f 1681/2759/14 1682/2760/14 1678/2753/14 1677/2750/14
f 1679/2756/319 1683/2761/319 1681/2759/319 1677/2751/319
f 1684/2762/315 1680/2758/315 1678/2754/315 1682/2760/315
f 1685/2763/293 1686/2766/293 1688/2771/293 1687/2769/293
f 1687/2769/13 1688/2771/13 1692/2776/13 1691/2775/13
f 1691/2775/294 1692/2776/294 1690/2774/294 1689/2773/294
f 1689/2773/14 1690/2774/14 1686/2767/14 1685/2764/14
f 1687/2770/295 1691/2775/295 1689/2773/295 1685/2765/295
f 1692/2776/296 1688/2772/296 1686/2768/296 1690/2774/296
f 1693/2777/304 1694/2780/304 1696/2785/304 1695/2783/304
f 1695/2783/13 1696/2785/13 1700/2790/13 1699/2789/13
f 1699/2789/305 1700/2790/305 1698/2788/305 1697/2787/305
f 1697/2787/14 1698/2788/14 1694/2781/14 1693/2778/14
f 1695/2784/306 1699/2789/306 1697/2787/306 1693/2779/306
f 1700/2790/307 1696/2786/307 1694/2782/307 1698/2788/307
f 1701/2791/308 1702/2794/308 1704/2799/308 1703/2797/308
f 1703/2797/13 1704/2799/13 1708/2804/13 1707/2803/13
f 1707/2803/309 1708/2804/309 1706/2802/309 1705/2801/309
f 1705/2801/14 1706/2802/14 1702/2795/14 1701/2792/14
f 1703/2798/310 1707/2803/310 1705/2801/310 1701/2793/310
f 1708/2804/311 1704/2800/311 1702/2796/311 1706/2802/311
f 1709/2805/312 1710/2808/312 1712/2813/312 1711/2811/312
f 1711/2811/13 1712/2813/13 1716/2818/13 1715/2817/13
f 1715/2817/313 1716/2818/313 1714/2816/313 1713/2815/313
f 1713/2815/14 1714/2816/14 1710/2809/14 1709/2806/14
f 1711/2812/314 1715/2817/314 1713/2815/314 1709/2807/314
f 1716/2818/315 1712/2814/315 1710/2810/315 1714/2816/315
f 1717/2819/293 1718/2822/293 1720/2827/293 1719/2825/293
f 1719/2825/13 1720/2827/13 1724/2832/13 1723/2831/13
f 1723/2831/294 1724/2832/294 1722/2830/294 1721/2829/294
f 1721/2829/14 1722/2830/14 1718/2823/14 1717/2820/14
f 1719/2826/298 1723/2831/298 1721/2829/298 1717/2821/298
f 1724/2832/299 1720/2828/299 1718/2824/299 1722/2830/299
f 1725/2833/293 1726/2836/293 1728/2841/293 1727/2839/293
f 1727/2839/13 1728/2841/13 1732/2846/13 1731/2845/13
f 1731/2845/294 1732/2846/294 1730/2844/294 1729/2843/294
f 1729/2843/14 1730/2844/14 1726/2837/14 1725/2834/14
f 1727/2840/298 1731/2845/298 1729/2843/298 1725/2835/298
f 1732/2846/299 1728/2842/299 1726/2838/299 1730/2844/299
f 1733/2847/312 1734/2850/312 1736/2855/312 1735/2853/312
f 1735/2853/13 1736/2855/13 1740/2860/13 1739/2859/13
f 1739/2859/313 1740/2860/313 1738/2858/313 1737/2857/313
f 1737/2857/14 1738/2858/14 1734/2851/14 1733/2848/14
f 1735/2854/314 1739/2859/314 1737/2857/314 1733/2849/314
f 1740/2860/315 1736/2856/315 1734/2852/315 1738/2858/315
f 1741/2861/293 1742/2864/293 1744/2869/293 1743/2867/293
f 1743/2867/13 1744/2869/13 1748/2874/13 1747/2873/13
f 1747/2873/294 1748/2874/294 1746/2872/294 1745/2871/294
f 1745/2871/14 1746/2872/14 1742/2865/14 1741/2862/14
f 1743/2868/298 1747/2873/298 1745/2871/298 1741/2863/298
f 1748/2874/299 1744/2870/299 1742/2866/299 1746/2872/299
l 1175 1174
l 1173 1172
